; generated by PrusaSlicer 2.8.0+win64 on 2024-11-09 at 08:22:44 UTC

; 

; external perimeters extrusion width = 0.45mm
; perimeters extrusion width = 0.45mm
; infill extrusion width = 0.45mm
; solid infill extrusion width = 0.45mm
; top infill extrusion width = 0.40mm
; first layer extrusion width = 0.42mm

; external perimeters extrusion width = 0.45mm
; perimeters extrusion width = 0.45mm
; infill extrusion width = 0.45mm
; solid infill extrusion width = 0.45mm
; top infill extrusion width = 0.40mm
; first layer extrusion width = 0.42mm

M73 P0 R9
M201 X9000 Y9000 Z500 E10000 ; sets maximum accelerations, mm/sec^2
M203 X500 Y500 Z12 E120 ; sets maximum feedrates, mm / sec
M204 S2000 T1500 ; sets acceleration (S) and retract acceleration (R), mm/sec^2
M205 X10.00 Y10.00 Z0.20 E2.50 ; sets the jerk limits, mm/sec
M205 S0 T0 ; sets the minimum extruding and travel feed rate, mm/sec

; printing object Scheibe-Radhaenger.stl id:0 copy 0
; stop printing object Scheibe-Radhaenger.stl id:0 copy 0
; printing object Scheibe-Radhaenger.stl id:1 copy 0
; stop printing object Scheibe-Radhaenger.stl id:1 copy 0

;TYPE:Custom
M862.3 P "MK2S" ; printer model check
M862.1 P0.4 ; nozzle diameter check
M115 U3.2.3 ; tell printer latest fw version
G90 ; use absolute coordinates
M83 ; extruder relative mode
M204 S2000 T1500 ; MK2 firmware only supports the old M204 format
M104 S220 ; set extruder temp
M140 S80 ; set bed temp
M190 S80 ; wait for bed temp
M109 S220 ; wait for extruder temp
G28 W ; home all without mesh bed level
G80 ; mesh bed leveling
G1 Z0.2 F720
G1 Y-2 F1000 ; go outside print area
G92 E0
G1 X60 E9 F1000 ; intro line
G1 X100 E12.5 F1000 ; intro line
G92 E0
G21 ; set units to millimeters
G90 ; use absolute coordinates
M83 ; use relative distances for extrusion
M900 K45 ; Filament gcode
M107
;LAYER_CHANGE
;Z:0.2
;HEIGHT:0.2
G1 E-.8 F2100
M73 P1 R9
G1 Z.6 F720
G1 X118.515 Y98.77 F10800
G1 Z.2 F720
G1 E.8 F2100
M204 S800
;TYPE:Skirt/Brim
;WIDTH:0.42
G1 F1200
G1 X118.681 Y98.571 E.00813
G1 X119.943 Y97.537 E.05115
G1 X120.742 Y97.054 E.02927
G1 X121.731 Y96.599 E.03413
G1 X123.451 Y96.119 E.05599
G1 X125.119 Y95.987 E.05246
G1 X126.701 Y96.147 E.04986
G1 X128.124 Y96.544 E.04632
G1 X129.258 Y97.054 E.03899
G1 X130.498 Y97.856 E.0463
G1 X131.429 Y98.681 E.039
G1 X132.375 Y99.815 E.0463
G1 X133.018 Y100.879 E.03898
G1 X133.583 Y102.244 E.04632
G1 X133.881 Y103.451 E.03898
G1 X134.014 Y104.923 E.04634
G1 X133.974 Y123.439 E.58056
G1 X133.812 Y125.134 E.05339
G1 X133.588 Y126.041 E.02929
G1 X133.211 Y127.062 E.03413
G1 X132.422 Y128.49 E.05115
G1 X131.278 Y129.862 E.05601
G1 X130.016 Y130.896 E.05115
G1 X129.217 Y131.379 E.02927
G1 X128.228 Y131.834 E.03413
G1 X126.66 Y132.286 E.05117
G1 X124.881 Y132.447 E.05601
G1 X123.41 Y132.314 E.04631
G1 X122.203 Y132.016 E.03898
G1 X120.838 Y131.451 E.04632
G1 X119.774 Y130.808 E.03898
G1 X118.639 Y129.862 E.04633
G1 X117.815 Y128.931 E.03898
G1 X116.941 Y127.554 E.05114
G1 X116.376 Y126.189 E.04632
G1 X116.078 Y124.982 E.03898
G1 X115.944 Y123.51 E.04634
G1 X115.984 Y104.994 E.58056
G1 X116.147 Y103.299 E.05339
M73 P2 R9
G1 X116.371 Y102.392 E.02929
G1 X116.748 Y101.371 E.03413
G1 X117.537 Y99.943 E.05115
G1 X118.476 Y98.816 E.04599
M204 S1000
G1 X118.476 Y98.816 F10800
G1 X118.76 Y99.057
M204 S800
G1 F1200
G1 X118.939 Y98.846 E.00868
G1 X120.148 Y97.854 E.04903
G1 X120.927 Y97.383 E.02854
G1 X121.875 Y96.947 E.03272
G1 X123.508 Y96.492 E.05315
G1 X125.107 Y96.364 E.0503
G1 X126.622 Y96.516 E.04774
G1 X128.001 Y96.9 E.04488
G1 X129.073 Y97.383 E.03687
G1 X130.275 Y98.16 E.04488
G1 X131.154 Y98.939 E.03683
G1 X132.071 Y100.039 E.0449
G1 X132.679 Y101.044 E.03683
G1 X133.227 Y102.367 E.0449
G1 X133.508 Y103.508 E.03684
G1 X133.638 Y104.934 E.0449
G1 X133.597 Y123.438 E.58018
G1 X133.443 Y125.055 E.05093
G1 X133.225 Y125.939 E.02855
G1 X132.862 Y126.918 E.03274
G1 X132.03 Y128.394 E.05312
G1 X131.02 Y129.587 E.04901
G1 X129.811 Y130.579 E.04903
G1 X129.031 Y131.05 E.02857
G1 X128.083 Y131.486 E.03272
G1 X126.451 Y131.941 E.05312
G1 X124.893 Y132.07 E.04902
G1 X123.467 Y131.941 E.04489
G1 X122.326 Y131.66 E.03684
G1 X121.003 Y131.112 E.0449
G1 X119.998 Y130.504 E.03683
G1 X118.898 Y129.587 E.0449
G1 X118.119 Y128.708 E.03683
G1 X117.28 Y127.388 E.04904
G1 X116.732 Y126.066 E.04487
G1 X116.451 Y124.925 E.03684
G1 X116.321 Y123.499 E.0449
G1 X116.361 Y104.995 E.58018
G1 X116.516 Y103.378 E.05093
M73 P2 R8
G1 X116.734 Y102.493 E.02858
G1 X117.096 Y101.515 E.0327
G1 X117.929 Y100.039 E.05314
G1 X118.722 Y99.102 E.03849
M204 S1000
;WIPE_START
G1 F8640
G1 X118.76 Y99.057 E-.0136
G1 X118.939 Y98.846 E-.06389
G1 X120.148 Y97.854 E-.36111
G1 X120.927 Y97.383 E-.2102
G1 X121.522 Y97.11 E-.1512
;WIPE_END
G1 Z.6 F720
; printing object Scheibe-Radhaenger.stl id:0 copy 0
G1 X123.694 Y109.642 F10800
G1 Z.2 F720
G1 E.8 F2100
M73 P3 R8
M204 S800
;TYPE:Perimeter
;WIDTH:0.419999
G1 F1200
G1 X123.549 Y109.604 E.0047
G1 X122.73 Y109.27 E.02773
G1 X122.103 Y108.872 E.02329
G1 X121.564 Y108.402 E.02242
G1 X121.02 Y107.746 E.02672
G1 X120.686 Y107.185 E.02047
G1 X120.403 Y106.5 E.02324
G1 X120.244 Y105.851 E.02095
G1 X120.163 Y104.979 E.02746
G1 X120.252 Y104.132 E.0267
G1 X120.298 Y103.872 E.00828
G1 X120.499 Y103.233 E.021
G1 X120.731 Y102.748 E.01686
G1 X121.019 Y102.255 E.0179
G1 X121.486 Y101.678 E.02327
G1 X121.815 Y101.361 E.01432
G1 X122.323 Y100.973 E.02004
G1 X122.73 Y100.73 E.01486
G1 X123.325 Y100.464 E.02044
G1 X123.842 Y100.315 E.01687
G1 X124.122 Y100.245 E.00905
G1 X124.772 Y100.17 E.02052
G1 X125.496 Y100.19 E.02271
G1 X126.163 Y100.311 E.02125
G1 X126.938 Y100.57 E.02562
G1 X127.348 Y100.772 E.01433
G1 X127.885 Y101.119 E.02005
G1 X128.453 Y101.615 E.02364
G1 X128.98 Y102.253 E.02595
G1 X129.314 Y102.815 E.0205
G1 X129.597 Y103.5 E.02324
G1 X129.772 Y104.219 E.0232
G1 X129.836 Y104.956 E.0232
G1 X129.818 Y105.413 E.01434
G1 X129.721 Y106.045 E.02005
G1 X129.597 Y106.5 E.01479
G1 X129.353 Y107.107 E.02051
G1 X128.988 Y107.734 E.02275
G1 X128.515 Y108.321 E.02364
G1 X127.966 Y108.819 E.02324
G1 X127.348 Y109.227 E.02322
G1 X126.675 Y109.536 E.02322
G1 X125.963 Y109.739 E.02321
G1 X125.229 Y109.83 E.02319
G1 X124.772 Y109.83 E.01433
G1 X124.137 Y109.758 E.02004
G1 X123.752 Y109.657 E.01248
M204 S1000
G1 X123.752 Y109.657 F10800
G1 X123.807 Y109.284
M204 S800
;TYPE:External perimeter
G1 F1200
G1 X123.506 Y109.202 E.00978
G1 X122.884 Y108.926 E.02134
G1 X122.308 Y108.555 E.02148
G1 X121.815 Y108.12 E.02061
G1 X121.361 Y107.578 E.02217
G1 X121.035 Y107.034 E.01988
G1 X120.752 Y106.359 E.02295
G1 X120.611 Y105.765 E.01914
G1 X120.54 Y104.993 E.02431
G1 X120.624 Y104.19 E.02531
G1 X120.853 Y103.362 E.02694
G1 X121.159 Y102.734 E.0219
G1 X121.361 Y102.422 E.01165
G1 X121.777 Y101.917 E.02051
G1 X122.044 Y101.661 E.0116
G1 X122.552 Y101.273 E.02004
G1 X122.884 Y101.074 E.01214
G1 X123.479 Y100.808 E.02044
G1 X124.137 Y100.625 E.02141
G1 X124.774 Y100.549 E.02011
G1 X125.482 Y100.567 E.02221
G1 X126.092 Y100.682 E.01946
G1 X126.811 Y100.925 E.0238
G1 X127.143 Y101.089 E.01161
G1 X127.68 Y101.436 E.02005
G1 X128.203 Y101.897 E.02186
G1 X128.639 Y102.422 E.0214
G1 X128.965 Y102.966 E.01988
G1 X129.248 Y103.641 E.02295
G1 X129.405 Y104.305 E.02139
G1 X129.46 Y104.985 E.02139
G1 X129.445 Y105.356 E.01164
G1 X129.348 Y105.987 E.02002
G1 X129.247 Y106.359 E.01209
G1 X129.003 Y106.966 E.02051
G1 X128.664 Y107.541 E.02093
G1 X128.223 Y108.082 E.02188
G1 X127.715 Y108.538 E.0214
G1 X127.143 Y108.911 E.02141
G1 X126.521 Y109.192 E.0214
G1 X125.863 Y109.375 E.02141
G1 X125.186 Y109.456 E.02138
G1 X124.473 Y109.417 E.02239
G1 X124.152 Y109.378 E.01014
G1 X123.865 Y109.3 E.00933
M204 S1000
;WIPE_START
G1 F8640
G1 X123.807 Y109.284 E-.01389
G1 X123.506 Y109.202 E-.07203
G1 X122.884 Y108.926 E-.15713
G1 X122.308 Y108.555 E-.1582
G1 X121.815 Y108.12 E-.15181
G1 X121.361 Y107.578 E-.16325
G1 X121.174 Y107.267 E-.08369
;WIPE_END
G1 Z.6 F720
G1 X124.984 Y99.36 F10800
G1 Z.2 F720
G1 E.8 F2100
M204 S800
;TYPE:Perimeter
G1 F1200
G1 X125.691 Y99.381 E.02218
G1 X126.347 Y99.501 E.02091
G1 X127.323 Y99.838 E.03237
G1 X128.223 Y100.346 E.0324
G1 X128.748 Y100.757 E.02091
G1 X129.456 Y101.509 E.03238
G1 X129.992 Y102.338 E.03095
G1 X130.423 Y103.403 E.03602
G1 X130.623 Y104.357 E.03056
G1 X130.661 Y104.992 E.01995
G1 X130.567 Y106.029 E.03265
G1 X130.405 Y106.685 E.02119
G1 X130.163 Y107.323 E.02139
G1 X129.845 Y107.929 E.02146
G1 X129.457 Y108.492 E.02144
G1 X129.009 Y108.997 E.02117
G1 X128.215 Y109.659 E.03241
G1 X127.316 Y110.166 E.03236
G1 X126.684 Y110.405 E.02119
G1 X126.029 Y110.567 E.02116
G1 X124.991 Y110.661 E.03268
G1 X124.326 Y110.621 E.02089
G1 X123.316 Y110.404 E.03239
G1 X122.369 Y110.012 E.03214
G1 X121.502 Y109.451 E.03238
G1 X120.997 Y109.003 E.02117
G1 X120.549 Y108.498 E.02117
G1 X119.988 Y107.63 E.0324
G1 X119.593 Y106.676 E.03237
G1 X119.431 Y106.021 E.02116
G1 X119.349 Y105.342 E.02144
G1 X119.349 Y104.658 E.02145
G1 X119.43 Y103.988 E.02116
G1 X119.71 Y102.984 E.03268
G1 X119.987 Y102.369 E.02115
G1 X120.336 Y101.791 E.02117
G1 X120.998 Y100.997 E.03241
G1 X121.791 Y100.336 E.03237
G1 X122.369 Y99.987 E.02117
G1 X122.992 Y99.706 E.02143
G1 X123.637 Y99.505 E.02118
G1 X124.659 Y99.35 E.03241
G1 X124.924 Y99.358 E.00831
M204 S1000
G1 X124.924 Y99.358 F10800
G1 X124.995 Y98.983
M204 S800
;TYPE:External perimeter
G1 F1200
G1 X125.731 Y99.005 E.02309
G1 X126.443 Y99.136 E.0227
G1 X127.479 Y99.493 E.03436
G1 X128.433 Y100.031 E.03434
G1 X129.003 Y100.478 E.02271
G1 X129.754 Y101.276 E.03436
G1 X130.309 Y102.133 E.03201
G1 X130.45 Y102.442 E.01065
G1 X130.792 Y103.324 E.02966
M73 P4 R8
G1 X130.999 Y104.335 E.03236
G1 X131.039 Y104.997 E.02079
G1 X130.94 Y106.091 E.03444
G1 X130.766 Y106.797 E.0228
G1 X130.508 Y107.478 E.02283
G1 X130.169 Y108.124 E.02287
G1 X129.754 Y108.725 E.0229
G1 X129.272 Y109.269 E.02279
G1 X128.43 Y109.97 E.03435
G1 X127.476 Y110.508 E.03434
G1 X126.797 Y110.766 E.02277
G1 X126.091 Y110.94 E.0228
G1 X124.997 Y111.039 E.03444
G1 X124.275 Y110.996 E.02268
G1 X123.203 Y110.766 E.03438
G1 X122.193 Y110.347 E.03428
G1 X121.273 Y109.752 E.03435
G1 X120.729 Y109.271 E.02277
G1 X120.247 Y108.727 E.02279
G1 X119.653 Y107.806 E.03436
G1 X119.233 Y106.794 E.03435
G1 X119.059 Y106.089 E.02277
G1 X118.971 Y105.364 E.0229
G1 X118.971 Y104.636 E.02283
G1 X119.059 Y103.914 E.02281
G1 X119.354 Y102.856 E.03444
G1 X119.652 Y102.193 E.02279
G1 X120.028 Y101.571 E.02279
G1 X120.73 Y100.729 E.03437
G1 X121.572 Y100.028 E.03435
G1 X122.193 Y99.652 E.02276
G1 X122.858 Y99.353 E.02286
G1 X123.552 Y99.137 E.02279
G1 X124.636 Y98.972 E.03438
G1 X124.935 Y98.981 E.00938
M204 S1000
;WIPE_START
G1 F8640
G1 X124.995 Y98.983 E-.01386
G1 X125.731 Y99.005 E-.17002
G1 X126.443 Y99.136 E-.16716
G1 X127.479 Y99.493 E-.25302
G1 X128.218 Y99.91 E-.19594
;WIPE_END
G1 Z.6 F720
G1 X129.685 Y102.177 F10800
G1 Z.2 F720
G1 E.8 F2100
M204 S800
;TYPE:Solid infill
;WIDTH:0.422574
G1 F1200
G1 X128.512 Y101.003 E.05239
G1 X128.034 Y100.629 E.01916
G1 X127.184 Y100.149 E.03082
G1 X127.088 Y100.116 E.0032
G1 X127.379 Y100.407 E.01299
G1 X128.078 Y100.84 E.02596
G1 X128.687 Y101.368 E.02544
G1 X129.251 Y102.046 E.02784
G1 X129.576 Y102.605 E.02041
G1 X130.173 Y103.201 E.02663
M204 S1000
G1 X130.173 Y103.201 F10800
G1 X129.672 Y103.237
M204 S800
G1 F1200
G1 X130.141 Y103.706 E.02094
G1 X130.284 Y104.372 E.0215
G1 X130.285 Y104.387 E.00047
G1 X130.111 Y104.213 E.00777
G1 X130.162 Y104.801 E.01863
G1 X130.319 Y104.958 E.00701
G1 X130.278 Y105.454 E.01571
G1 X130.163 Y105.339 E.00513
G1 X130.1 Y105.812 E.01506
G1 X130.234 Y105.946 E.00598
G1 X130.231 Y105.973 E.00086
G1 X130.131 Y106.38 E.01323
G1 X130.012 Y106.262 E.00529
G1 X129.891 Y106.678 E.01368
G1 X130.003 Y106.789 E.00498
G1 X129.855 Y107.179 E.01317
G1 X129.735 Y107.059 E.00536
G1 X129.631 Y107.314 E.00869
G1 X129.565 Y107.425 E.00408
G1 X129.671 Y107.531 E.00473
G1 X129.473 Y107.871 E.01242
G1 X129.365 Y107.763 E.00482
G1 X129.275 Y107.916 E.0056
G1 X129.144 Y108.079 E.0066
G1 X129.254 Y108.188 E.00489
G1 X129.189 Y108.282 E.00361
G1 X129.011 Y108.483 E.00848
G1 X128.905 Y108.376 E.00475
G1 X128.752 Y108.566 E.0077
G1 X128.65 Y108.658 E.00434
G1 X128.757 Y108.765 E.00478
G1 X128.464 Y109.009 E.01204
G1 X128.368 Y108.913 E.00429
G1 X128.164 Y109.097 E.00867
G1 X128.073 Y109.155 E.00341
G1 X128.171 Y109.253 E.00438
G1 X128.022 Y109.378 E.00614
G1 X127.854 Y109.473 E.00609
G1 X127.746 Y109.365 E.00482
G1 X127.419 Y109.575 E.01227
G1 X127.511 Y109.666 E.00409
G1 X127.171 Y109.858 E.01233
G1 X127.048 Y109.74 E.00538
G1 X126.665 Y109.895 E.01304
G1 X126.778 Y110.007 E.00502
G1 X126.583 Y110.081 E.00658
G1 X126.368 Y110.134 E.00699
G1 X126.246 Y110.012 E.00545
G1 X126.043 Y110.069 E.00666
G1 X125.795 Y110.099 E.00789
G1 X125.932 Y110.235 E.00609
G1 X125.439 Y110.28 E.01563
G1 X125.316 Y110.156 E.00551
G1 X125.173 Y110.174 E.00455
G1 X124.795 Y110.172 E.01193
G1 X124.941 Y110.318 E.00652
G1 X124.369 Y110.283 E.01809
G1 X124.191 Y110.105 E.00795
G1 X124.087 Y110.094 E.0033
G1 X123.479 Y109.93 E.01988
G1 X123.906 Y110.357 E.01906
M204 S1000
;WIPE_START
G1 F8640
G1 X123.479 Y109.93 E-.13944
G1 X124.087 Y110.094 E-.14541
G1 X124.191 Y110.105 E-.02415
G1 X124.369 Y110.283 E-.05813
G1 X124.941 Y110.318 E-.13232
G1 X124.795 Y110.172 E-.04768
G1 X125.173 Y110.174 E-.08728
G1 X125.316 Y110.156 E-.03328
G1 X125.439 Y110.28 E-.04033
G1 X125.835 Y110.244 E-.09198
;WIPE_END
G1 Z.6 F720
G1 X126.76 Y100.325 F10800
G1 Z.2 F720
G1 E.8 F2100
M204 S800
G1 F1200
G1 X126.268 Y99.833 E.02197
G1 X125.655 Y99.72 E.01968
G1 X125.616 Y99.718 E.00123
G1 X125.795 Y99.897 E.00799
G1 X125.629 Y99.863 E.00535
G1 X125.209 Y99.848 E.01327
G1 X125.063 Y99.702 E.00652
G1 X124.699 Y99.691 E.0115
G1 X124.539 Y99.714 E.0051
G1 X124.664 Y99.84 E.0056
G1 X124.183 Y99.896 E.01529
G1 X124.071 Y99.784 E.005
G1 X123.713 Y99.837 E.01142
G1 X123.617 Y99.867 E.00318
G1 X123.743 Y99.993 E.00563
G1 X123.32 Y100.106 E.01382
G1 X123.208 Y99.994 E.005
G1 X122.829 Y100.152 E.01296
G1 X122.944 Y100.267 E.00513
G1 X122.571 Y100.431 E.01286
G1 X122.465 Y100.325 E.00473
G1 X122.13 Y100.528 E.01237
G1 X122.235 Y100.632 E.00467
G1 X121.92 Y100.854 E.01217
G1 X121.82 Y100.754 E.00446
G1 X121.527 Y100.998 E.01204
G1 X121.616 Y101.087 E.00397
G1 X121.337 Y101.345 E.012
G1 X121.235 Y101.243 E.00455
G1 X120.991 Y101.536 E.01204
G1 X121.089 Y101.634 E.00438
G1 X120.846 Y101.928 E.01204
G1 X120.747 Y101.828 E.00444
G1 X120.613 Y101.988 E.00659
G1 X120.521 Y102.14 E.00561
G1 X120.625 Y102.244 E.00464
G1 X120.432 Y102.588 E.01245
G1 X120.319 Y102.475 E.00504
G1 X120.288 Y102.527 E.00191
G1 X120.147 Y102.84 E.01084
G1 X120.254 Y102.947 E.00478
G1 X120.115 Y103.344 E.01328
G1 X119.995 Y103.225 E.00534
G1 X119.878 Y103.644 E.01373
G1 X119.988 Y103.754 E.00491
G1 X119.945 Y103.893 E.00459
G1 X119.898 Y104.201 E.00984
G1 X119.762 Y104.066 E.00605
G1 X119.704 Y104.545 E.01523
G1 X119.838 Y104.678 E.00596
G1 X119.837 Y105.214 E.01692
G1 X119.688 Y105.065 E.00665
G1 X119.688 Y105.321 E.00808
G1 X119.727 Y105.641 E.01018
G1 X119.889 Y105.803 E.00723
G1 X120.047 Y106.498 E.0225
G1 X119.85 Y106.301 E.00879
G1 X119.916 Y106.57 E.00874
G1 X120.152 Y107.14 E.01948
G1 X120.446 Y107.434 E.01313
G1 X120.749 Y107.954 E.019
G1 X121.323 Y108.642 E.02829
G1 X121.909 Y109.151 E.0245
G1 X122.477 Y109.519 E.02137
G1 X122.576 Y109.564 E.00343
G1 X122.86 Y109.848 E.01268
G1 X122.528 Y109.71 E.01135
G1 X121.708 Y109.18 E.03082
G1 X121.248 Y108.773 E.01939
G1 X120.344 Y107.869 E.04036
M204 S1000
;WIPE_START
G1 F8640
G1 X121.248 Y108.773 E-.2952
G1 X121.708 Y109.18 E-.14182
G1 X122.528 Y109.71 E-.22545
G1 X122.86 Y109.848 E-.08302
G1 X122.693 Y109.681 E-.05451
;WIPE_END
G1 Z.6 F720
; stop printing object Scheibe-Radhaenger.stl id:0 copy 0
; printing object Scheibe-Radhaenger.stl id:1 copy 0
G1 X123.652 Y128.075 F10800
G1 Z.2 F720
M73 P5 R8
G1 E.8 F2100
M204 S800
;TYPE:Perimeter
;WIDTH:0.419999
G1 F1200
G1 X123.508 Y128.037 E.00467
G1 X122.689 Y127.703 E.02773
G1 X122.061 Y127.305 E.02331
G1 X121.523 Y126.834 E.02242
G1 X120.978 Y126.179 E.02672
G1 X120.645 Y125.618 E.02046
G1 X120.361 Y124.933 E.02325
G1 X120.203 Y124.284 E.02094
G1 X120.122 Y123.412 E.02746
G1 X120.21 Y122.565 E.0267
G1 X120.257 Y122.305 E.00828
G1 X120.457 Y121.666 E.02099
G1 X120.69 Y121.181 E.01687
G1 X120.977 Y120.688 E.01789
G1 X121.444 Y120.111 E.02327
G1 X121.774 Y119.794 E.01435
G1 X122.282 Y119.406 E.02004
G1 X122.689 Y119.163 E.01486
G1 X123.284 Y118.896 E.02045
G1 X123.8 Y118.748 E.01683
G1 X124.081 Y118.677 E.00909
G1 X124.73 Y118.602 E.02048
G1 X125.455 Y118.623 E.02274
G1 X126.122 Y118.744 E.02125
G1 X126.897 Y119.002 E.02561
G1 X127.307 Y119.205 E.01434
G1 X127.843 Y119.552 E.02002
G1 X128.412 Y120.048 E.02367
G1 X128.939 Y120.686 E.02595
G1 X129.273 Y121.248 E.0205
G1 X129.556 Y121.933 E.02324
G1 X129.731 Y122.652 E.0232
G1 X129.794 Y123.389 E.02319
G1 X129.777 Y123.846 E.01434
G1 X129.68 Y124.478 E.02005
G1 X129.556 Y124.933 E.01479
G1 X129.311 Y125.54 E.02052
G1 X128.947 Y126.167 E.02273
G1 X128.474 Y126.754 E.02364
G1 X127.925 Y127.252 E.02324
G1 X127.307 Y127.66 E.02322
G1 X126.634 Y127.969 E.02322
G1 X125.922 Y128.172 E.02321
G1 X125.188 Y128.263 E.02319
G1 X124.73 Y128.263 E.01436
G1 X124.096 Y128.191 E.02001
G1 X123.71 Y128.09 E.01251
M204 S1000
G1 X123.71 Y128.09 F10800
G1 X123.766 Y127.717
M204 S800
;TYPE:External perimeter
G1 F1200
G1 X123.465 Y127.635 E.00978
G1 X122.843 Y127.359 E.02134
G1 X122.266 Y126.988 E.02151
G1 X121.774 Y126.553 E.02059
G1 X121.319 Y126.01 E.02221
G1 X120.993 Y125.466 E.01988
G1 X120.711 Y124.792 E.02291
G1 X120.57 Y124.198 E.01914
G1 X120.499 Y123.426 E.02431
G1 X120.583 Y122.623 E.02531
G1 X120.812 Y121.795 E.02694
G1 X121.118 Y121.167 E.0219
G1 X121.32 Y120.855 E.01165
G1 X121.736 Y120.35 E.02051
G1 X122.003 Y120.094 E.0116
G1 X122.51 Y119.706 E.02002
G1 X122.843 Y119.507 E.01216
G1 X123.438 Y119.24 E.02045
G1 X124.096 Y119.058 E.02141
G1 X124.733 Y118.982 E.02011
G1 X125.441 Y119 E.02221
G1 X126.051 Y119.114 E.01946
G1 X126.77 Y119.357 E.0238
G1 X127.102 Y119.522 E.01162
G1 X127.639 Y119.869 E.02005
G1 X128.162 Y120.33 E.02186
G1 X128.598 Y120.855 E.0214
G1 X128.924 Y121.399 E.01988
G1 X129.206 Y122.074 E.02294
G1 X129.364 Y122.738 E.0214
G1 X129.418 Y123.418 E.02139
G1 X129.404 Y123.789 E.01164
G1 X129.307 Y124.42 E.02002
G1 X129.206 Y124.792 E.01209
G1 X128.962 Y125.399 E.02051
G1 X128.623 Y125.974 E.02093
G1 X128.182 Y126.515 E.02188
G1 X127.674 Y126.971 E.0214
G1 X127.102 Y127.344 E.02141
G1 X126.479 Y127.625 E.02143
G1 X125.822 Y127.808 E.02138
G1 X125.144 Y127.889 E.02141
G1 X124.432 Y127.85 E.02236
G1 X124.111 Y127.811 E.01014
G1 X123.824 Y127.732 E.00933
M204 S1000
;WIPE_START
G1 F8640
G1 X123.766 Y127.717 E-.01383
G1 X123.465 Y127.635 E-.07203
G1 X122.843 Y127.359 E-.15713
G1 X122.266 Y126.988 E-.15839
G1 X121.774 Y126.553 E-.15164
G1 X121.319 Y126.01 E-.16358
G1 X121.134 Y125.7 E-.0834
;WIPE_END
G1 Z.6 F720
G1 X124.943 Y117.793 F10800
G1 Z.2 F720
G1 E.8 F2100
M204 S800
;TYPE:Perimeter
G1 F1200
G1 X125.65 Y117.814 E.02218
G1 X126.306 Y117.934 E.02091
G1 X127.282 Y118.271 E.03237
G1 X128.182 Y118.779 E.0324
G1 X128.707 Y119.19 E.02091
G1 X129.415 Y119.942 E.03238
G1 X129.951 Y120.771 E.03095
G1 X130.382 Y121.836 E.03602
G1 X130.582 Y122.79 E.03056
G1 X130.62 Y123.425 E.01995
G1 X130.526 Y124.462 E.03265
G1 X130.364 Y125.118 E.02119
G1 X130.122 Y125.756 E.02139
G1 X129.804 Y126.362 E.02146
G1 X129.416 Y126.925 E.02144
G1 X128.968 Y127.43 E.02117
G1 X128.174 Y128.092 E.03241
G1 X127.274 Y128.599 E.03239
G1 X126.643 Y128.838 E.02116
G1 X125.987 Y129 E.02119
G1 X124.95 Y129.094 E.03265
G1 X124.285 Y129.054 E.02089
G1 X123.274 Y128.837 E.03242
G1 X122.328 Y128.445 E.03211
G1 X121.461 Y127.884 E.03238
G1 X120.955 Y127.436 E.02119
G1 X120.507 Y126.931 E.02117
G1 X119.947 Y126.063 E.03239
G1 X119.551 Y125.109 E.03239
G1 X119.39 Y124.453 E.02118
G1 X119.307 Y123.774 E.02145
G1 X119.307 Y123.091 E.02141
G1 X119.389 Y122.421 E.02116
G1 X119.668 Y121.417 E.03267
G1 X119.946 Y120.802 E.02116
G1 X120.295 Y120.224 E.02117
G1 X120.956 Y119.43 E.03239
G1 X121.75 Y118.769 E.03239
G1 X122.328 Y118.42 E.02117
G1 X122.951 Y118.139 E.02143
G1 X123.596 Y117.938 E.02118
G1 X124.617 Y117.783 E.03238
G1 X124.883 Y117.791 E.00834
M204 S1000
G1 X124.883 Y117.791 F10800
G1 X124.954 Y117.416
M204 S800
;TYPE:External perimeter
G1 F1200
G1 X125.69 Y117.438 E.02309
G1 X126.402 Y117.568 E.02269
G1 X127.438 Y117.926 E.03437
G1 X128.392 Y118.464 E.03434
G1 X128.962 Y118.911 E.02271
M73 P6 R8
G1 X129.713 Y119.709 E.03436
G1 X130.267 Y120.566 E.032
G1 X130.409 Y120.875 E.01066
G1 X130.75 Y121.757 E.02965
G1 X130.958 Y122.768 E.03236
G1 X130.998 Y123.43 E.02079
G1 X130.899 Y124.524 E.03444
G1 X130.725 Y125.23 E.0228
G1 X130.466 Y125.911 E.02284
G1 X130.127 Y126.557 E.02287
G1 X129.713 Y127.158 E.02288
G1 X129.231 Y127.702 E.02279
G1 X128.389 Y128.403 E.03435
G1 X127.435 Y128.941 E.03434
G1 X126.756 Y129.199 E.02277
G1 X126.05 Y129.373 E.0228
G1 X124.956 Y129.472 E.03444
G1 X124.233 Y129.429 E.02271
G1 X123.162 Y129.198 E.03435
G1 X122.152 Y128.78 E.03427
G1 X121.232 Y128.185 E.03435
G1 X120.688 Y127.703 E.02279
G1 X120.206 Y127.159 E.02279
G1 X119.611 Y126.239 E.03435
G1 X119.192 Y125.227 E.03434
G1 X119.018 Y124.522 E.02277
G1 X118.93 Y123.797 E.0229
G1 X118.93 Y123.069 E.02283
G1 X119.018 Y122.347 E.02281
G1 X119.313 Y121.289 E.03444
G1 X119.611 Y120.626 E.02279
G1 X119.987 Y120.004 E.02279
G1 X120.689 Y119.162 E.03437
G1 X121.53 Y118.461 E.03433
G1 X122.152 Y118.085 E.02279
G1 X122.817 Y117.786 E.02286
G1 X123.511 Y117.57 E.02279
G1 X124.594 Y117.405 E.03435
G1 X124.894 Y117.414 E.00941
M204 S1000
;WIPE_START
G1 F8640
G1 X124.954 Y117.416 E-.01386
G1 X125.69 Y117.438 E-.17002
G1 X126.402 Y117.568 E-.16712
G1 X127.438 Y117.926 E-.2531
G1 X128.177 Y118.343 E-.1959
;WIPE_END
G1 Z.6 F720
G1 X129.644 Y120.61 F10800
G1 Z.2 F720
G1 E.8 F2100
M204 S800
;TYPE:Solid infill
;WIDTH:0.422574
G1 F1200
G1 X128.471 Y119.436 E.05239
G1 X127.993 Y119.062 E.01916
G1 X127.142 Y118.582 E.03084
G1 X127.047 Y118.549 E.00317
G1 X127.338 Y118.84 E.01299
G1 X128.036 Y119.273 E.02593
G1 X128.645 Y119.801 E.02544
G1 X129.21 Y120.479 E.02786
G1 X129.535 Y121.037 E.02039
G1 X130.132 Y121.634 E.02665
M204 S1000
G1 X130.132 Y121.634 F10800
G1 X129.63 Y121.67
M204 S800
G1 F1200
G1 X130.1 Y122.139 E.02096
G1 X130.243 Y122.805 E.0215
G1 X130.243 Y122.82 E.00047
G1 X130.069 Y122.645 E.00779
G1 X130.121 Y123.234 E.01867
G1 X130.278 Y123.391 E.00701
G1 X130.237 Y123.887 E.01571
G1 X130.122 Y123.772 E.00513
G1 X130.058 Y124.245 E.01507
G1 X130.192 Y124.379 E.00598
G1 X130.19 Y124.405 E.00082
G1 X130.09 Y124.813 E.01326
G1 X129.971 Y124.695 E.00529
G1 X129.85 Y125.111 E.01368
G1 X129.961 Y125.222 E.00496
G1 X129.814 Y125.611 E.01313
G1 X129.694 Y125.492 E.00534
G1 X129.59 Y125.746 E.00866
G1 X129.524 Y125.858 E.0041
G1 X129.63 Y125.964 E.00473
G1 X129.432 Y126.303 E.01239
G1 X129.324 Y126.196 E.0048
G1 X129.234 Y126.349 E.0056
G1 X129.103 Y126.511 E.00658
G1 X129.213 Y126.621 E.00491
G1 X129.148 Y126.715 E.00361
G1 X128.97 Y126.916 E.00848
G1 X128.864 Y126.809 E.00475
G1 X128.711 Y126.999 E.0077
G1 X128.609 Y127.091 E.00434
G1 X128.716 Y127.198 E.00478
G1 X128.423 Y127.442 E.01204
G1 X128.327 Y127.346 E.00429
G1 X128.123 Y127.53 E.00867
G1 X128.032 Y127.588 E.00341
G1 X128.13 Y127.686 E.00438
G1 X127.98 Y127.811 E.00616
G1 X127.813 Y127.906 E.00607
G1 X127.705 Y127.798 E.00482
G1 X127.378 Y128.008 E.01227
G1 X127.469 Y128.099 E.00406
G1 X127.13 Y128.291 E.0123
G1 X127.007 Y128.173 E.00538
G1 X126.624 Y128.328 E.01304
G1 X126.736 Y128.44 E.005
G1 X126.542 Y128.514 E.00655
G1 X126.326 Y128.567 E.00702
G1 X126.205 Y128.445 E.00542
G1 X126.001 Y128.502 E.00669
G1 X125.754 Y128.532 E.00785
G1 X125.89 Y128.668 E.00607
G1 X125.398 Y128.713 E.0156
G1 X125.275 Y128.589 E.00551
G1 X125.132 Y128.606 E.00455
G1 X124.754 Y128.605 E.01193
G1 X124.9 Y128.751 E.00652
G1 X124.328 Y128.716 E.01809
G1 X124.15 Y128.538 E.00795
G1 X124.046 Y128.526 E.0033
G1 X123.438 Y128.363 E.01987
G1 X123.865 Y128.79 E.01906
M204 S1000
;WIPE_START
G1 F8640
G1 X123.438 Y128.363 E-.13944
G1 X124.046 Y128.526 E-.14535
G1 X124.15 Y128.538 E-.02417
G1 X124.328 Y128.716 E-.05813
G1 X124.9 Y128.751 E-.13232
G1 X124.754 Y128.605 E-.04768
G1 X125.132 Y128.606 E-.08728
G1 X125.275 Y128.589 E-.03325
G1 X125.398 Y128.713 E-.04033
G1 X125.795 Y128.677 E-.09205
;WIPE_END
G1 Z.6 F720
G1 X126.719 Y118.758 F10800
G1 Z.2 F720
G1 E.8 F2100
M204 S800
G1 F1200
G1 X126.227 Y118.266 E.02197
G1 X125.614 Y118.152 E.01968
G1 X125.575 Y118.151 E.00123
G1 X125.753 Y118.33 E.00797
G1 X125.588 Y118.296 E.00532
G1 X125.168 Y118.281 E.01327
G1 X125.021 Y118.134 E.00656
G1 X124.658 Y118.123 E.01146
G1 X124.497 Y118.147 E.00514
G1 X124.623 Y118.273 E.00563
G1 X124.142 Y118.329 E.01529
G1 X124.03 Y118.217 E.005
G1 X123.672 Y118.27 E.01142
G1 X123.576 Y118.3 E.00318
G1 X123.702 Y118.426 E.00563
G1 X123.278 Y118.539 E.01385
G1 X123.167 Y118.427 E.00498
G1 X122.787 Y118.585 E.01299
G1 X122.903 Y118.7 E.00516
G1 X122.53 Y118.864 E.01286
G1 X122.424 Y118.758 E.00473
G1 X122.089 Y118.96 E.01235
G1 X122.194 Y119.065 E.00469
G1 X121.879 Y119.287 E.01217
G1 X121.778 Y119.187 E.00449
G1 X121.486 Y119.431 E.01201
G1 X121.575 Y119.52 E.00397
G1 X121.296 Y119.778 E.012
G1 X121.194 Y119.676 E.00455
G1 X120.949 Y119.969 E.01206
G1 X121.048 Y120.067 E.0044
G1 X120.805 Y120.361 E.01204
G1 X120.705 Y120.261 E.00446
G1 X120.572 Y120.421 E.00657
G1 X120.48 Y120.573 E.00561
G1 X120.584 Y120.676 E.00462
G1 X120.391 Y121.021 E.01248
G1 X120.278 Y120.908 E.00504
G1 X120.247 Y120.96 E.00191
G1 X120.106 Y121.273 E.01084
G1 X120.213 Y121.38 E.00478
G1 X120.074 Y121.777 E.01328
G1 X119.954 Y121.657 E.00536
G1 X119.837 Y122.077 E.01376
G1 X119.947 Y122.187 E.00491
G1 X119.904 Y122.326 E.00459
G1 X119.857 Y122.634 E.00984
G1 X119.721 Y122.499 E.00605
G1 X119.663 Y122.977 E.0152
G1 X119.797 Y123.111 E.00598
G1 X119.796 Y123.647 E.01692
G1 X119.647 Y123.498 E.00665
G1 X119.647 Y123.754 E.00808
G1 X119.686 Y124.074 E.01018
G1 X119.847 Y124.236 E.00721
G1 X120.006 Y124.931 E.02251
G1 X119.808 Y124.733 E.00884
G1 X119.875 Y125.003 E.00878
G1 X120.111 Y125.573 E.01948
G1 X120.405 Y125.867 E.01313
G1 X120.707 Y126.386 E.01896
G1 X121.282 Y127.075 E.02833
G1 X121.868 Y127.584 E.0245
G1 X122.436 Y127.952 E.02137
G1 X122.535 Y127.997 E.00343
G1 X122.819 Y128.281 E.01268
G1 X122.486 Y128.143 E.01138
G1 X121.666 Y127.613 E.03082
G1 X121.207 Y127.206 E.01937
G1 X120.303 Y126.302 E.04036
M204 S1000
;LAYER_CHANGE
;Z:0.4
;HEIGHT:0.2
;BEFORE_LAYER_CHANGE
G92 E0.0
;0.4


;WIPE_START
G1 F8640
G1 X121.207 Y127.206 E-.2952
G1 X121.666 Y127.613 E-.14165
G1 X122.486 Y128.143 E-.22545
G1 X122.819 Y128.281 E-.08323
G1 X122.652 Y128.114 E-.05447
;WIPE_END
G1 Z.4 F720
;AFTER_LAYER_CHANGE
;0.4
M104 S225 ; set temperature
M140 S85 ; set bed temperature
; stop printing object Scheibe-Radhaenger.stl id:1 copy 0
G1 Z.8
G1 X121.207 Y131.603 F10800
M73 P7 R8
G1 Z.4 F720
G1 E.8 F2100
;TYPE:Skirt/Brim
;WIDTH:0.42
G1 F2408
G1 X120.838 Y131.451 E.01251
G1 X119.774 Y130.808 E.03898
G1 X118.639 Y129.862 E.04633
G1 X117.815 Y128.931 E.03898
G1 X116.941 Y127.554 E.05114
G1 X116.376 Y126.189 E.04632
G1 X116.078 Y124.982 E.03898
G1 X115.944 Y123.51 E.04634
G1 X115.984 Y104.994 E.58056
G1 X116.147 Y103.299 E.05339
G1 X116.371 Y102.392 E.02929
G1 X116.748 Y101.371 E.03413
G1 X117.537 Y99.943 E.05115
G1 X118.681 Y98.571 E.05601
G1 X119.943 Y97.537 E.05115
G1 X120.742 Y97.054 E.02927
G1 X121.731 Y96.599 E.03413
G1 X123.451 Y96.119 E.05599
G1 X125.119 Y95.987 E.05246
G1 X126.701 Y96.147 E.04986
G1 X128.124 Y96.544 E.04632
G1 X129.258 Y97.054 E.03899
G1 X130.498 Y97.856 E.0463
G1 X131.429 Y98.681 E.039
G1 X132.375 Y99.815 E.0463
G1 X133.018 Y100.879 E.03898
G1 X133.583 Y102.244 E.04632
G1 X133.881 Y103.451 E.03898
G1 X134.014 Y104.923 E.04634
G1 X133.974 Y123.439 E.58056
G1 X133.812 Y125.134 E.05339
G1 X133.588 Y126.041 E.02929
G1 X133.211 Y127.062 E.03413
G1 X132.422 Y128.49 E.05115
G1 X131.278 Y129.862 E.05601
G1 X130.016 Y130.896 E.05115
G1 X129.217 Y131.379 E.02927
G1 X128.228 Y131.834 E.03413
G1 X126.66 Y132.286 E.05117
G1 X124.881 Y132.447 E.05601
G1 X123.41 Y132.314 E.04631
G1 X122.203 Y132.016 E.03898
G1 X121.262 Y131.626 E.03194
G1 X121.262 Y131.626 F10800
G1 X121.406 Y131.279
G1 F2408
G1 X121.003 Y131.112 E.01368
G1 X119.998 Y130.504 E.03683
G1 X118.898 Y129.587 E.0449
G1 X118.119 Y128.708 E.03683
G1 X117.28 Y127.388 E.04904
G1 X116.732 Y126.066 E.04487
G1 X116.451 Y124.925 E.03684
G1 X116.321 Y123.499 E.0449
G1 X116.361 Y104.995 E.58018
G1 X116.516 Y103.378 E.05093
G1 X116.734 Y102.493 E.02858
G1 X117.096 Y101.515 E.0327
G1 X117.929 Y100.039 E.05314
G1 X118.939 Y98.846 E.04901
G1 X120.148 Y97.854 E.04903
G1 X120.927 Y97.383 E.02854
G1 X121.875 Y96.947 E.03272
G1 X123.508 Y96.492 E.05315
G1 X125.107 Y96.364 E.0503
G1 X126.622 Y96.516 E.04774
G1 X128.001 Y96.9 E.04488
G1 X129.073 Y97.383 E.03687
G1 X130.275 Y98.16 E.04488
G1 X131.154 Y98.939 E.03683
G1 X132.071 Y100.039 E.0449
G1 X132.679 Y101.044 E.03683
G1 X133.227 Y102.367 E.0449
G1 X133.508 Y103.508 E.03684
G1 X133.638 Y104.934 E.0449
G1 X133.597 Y123.438 E.58018
G1 X133.443 Y125.055 E.05093
G1 X133.225 Y125.939 E.02855
G1 X132.862 Y126.918 E.03274
G1 X132.03 Y128.394 E.05312
G1 X131.02 Y129.587 E.04901
G1 X129.811 Y130.579 E.04903
G1 X129.031 Y131.05 E.02857
G1 X128.083 Y131.486 E.03272
G1 X126.451 Y131.941 E.05312
G1 X124.893 Y132.07 E.04902
G1 X123.467 Y131.941 E.04489
G1 X122.326 Y131.66 E.03684
G1 X121.462 Y131.302 E.02932
;WIPE_START
G1 F8640
G1 X121.406 Y131.279 E-.01398
G1 X121.003 Y131.112 E-.10073
G1 X119.998 Y130.504 E-.27122
G1 X118.898 Y129.587 E-.33067
G1 X118.658 Y129.317 E-.0834
;WIPE_END
G1 Z.8 F720
; printing object Scheibe-Radhaenger.stl id:0 copy 0
G1 X123.79 Y109.491 F10800
G1 Z.4 F720
G1 E.8 F2100
M204 S800
;TYPE:Perimeter
;WIDTH:0.449999
G1 F1500
G1 X123.316 Y109.35 E.01674
G1 X123.022 Y109.24 E.01063
G1 X122.219 Y108.763 E.03161
G1 X121.712 Y108.297 E.02331
G1 X121.346 Y107.922 E.01774
G1 X120.836 Y107.134 E.03177
G1 X120.552 Y106.456 E.02488
M73 P8 R8
G1 X120.394 Y105.815 E.02235
G1 X120.338 Y105.27 E.01854
G1 X120.343 Y104.75 E.0176
G1 X120.429 Y104.002 E.02549
G1 X120.656 Y103.322 E.02427
G1 X120.839 Y102.861 E.01679
G1 X121.346 Y102.078 E.03157
G1 X121.717 Y101.676 E.01852
G1 X122.114 Y101.327 E.01789
G1 X122.399 Y101.109 E.01215
G1 X123.041 Y100.749 E.02491
G1 X123.632 Y100.529 E.02135
G1 X124.144 Y100.422 E.0177
G1 X124.757 Y100.327 E.021
G1 X125.605 Y100.378 E.02876
G1 X126.064 Y100.454 E.01575
G1 X126.85 Y100.703 E.02791
G1 X127.505 Y101.046 E.02503
G1 X128.079 Y101.475 E.02426
G1 X128.567 Y101.97 E.02353
G1 X128.998 Y102.567 E.02492
G1 X129.459 Y103.573 E.03746
G1 X129.614 Y104.219 E.02249
G1 X129.68 Y104.952 E.02491
G1 X129.583 Y105.897 E.03216
G1 X129.46 Y106.387 E.0171
G1 X129.278 Y106.878 E.01772
G1 X128.866 Y107.634 E.02914
G1 X128.109 Y108.501 E.03896
G1 X127.648 Y108.854 E.01965
G1 X126.959 Y109.251 E.02692
G1 X126.172 Y109.529 E.02825
G1 X125.249 Y109.672 E.03162
G1 X124.178 Y109.606 E.03632
G1 X123.847 Y109.508 E.01168
M204 S1000
G1 X123.847 Y109.508 F10800
G1 X123.882 Y109.097
M204 S800
;TYPE:External perimeter
G1 F1500
G1 X123.23 Y108.89 E.02315
G1 X122.427 Y108.413 E.03161
G1 X121.688 Y107.701 E.03474
G1 X121.18 Y106.916 E.03165
G1 X120.929 Y106.304 E.02239
G1 X120.79 Y105.722 E.02025
G1 X120.726 Y105.016 E.024
G1 X120.844 Y104.003 E.03452
G1 X121.16 Y103.124 E.03162
G1 X121.712 Y102.268 E.03448
G1 X122.145 Y101.819 E.02111
G1 X122.647 Y101.432 E.02146
G1 X123.237 Y101.106 E.02282
G1 X123.77 Y100.912 E.0192
G1 X124.813 Y100.73 E.03584
G1 X125.574 Y100.783 E.02582
G1 X125.941 Y100.842 E.01258
G1 X126.727 Y101.091 E.02791
G1 X127.31 Y101.404 E.0224
G1 X127.832 Y101.799 E.02216
G1 X128.274 Y102.253 E.02145
G1 X128.666 Y102.802 E.02283
G1 X129.068 Y103.689 E.03296
G1 X129.218 Y104.312 E.02169
G1 X129.274 Y104.984 E.02283
G1 X129.178 Y105.85 E.02949
G1 X128.97 Y106.583 E.02579
G1 X128.482 Y107.478 E.03451
G1 X127.861 Y108.175 E.0316
G1 X127.401 Y108.531 E.01969
G1 X126.763 Y108.894 E.02485
G1 X126.247 Y109.082 E.01859
G1 X125.463 Y109.227 E.02699
G1 X125.093 Y109.268 E.0126
G1 X124.206 Y109.2 E.03011
G1 X123.939 Y109.115 E.00948
M204 S1000
;WIPE_START
G1 F8640
G1 X123.882 Y109.097 E-.0138
G1 X123.23 Y108.89 E-.15795
G1 X122.427 Y108.413 E-.21566
G1 X121.688 Y107.701 E-.23695
G1 X121.274 Y107.062 E-.17564
;WIPE_END
G1 Z.8 F720
G1 X124.989 Y99.205 F10800
G1 Z.4 F720
G1 E.8 F2100
M204 S800
;TYPE:Perimeter
G1 F1500
G1 X125.71 Y99.227 E.02442
G1 X126.383 Y99.351 E.02316
G1 X127.387 Y99.697 E.03595
G1 X128.304 Y100.214 E.03563
G1 X129.112 Y100.888 E.03562
G1 X129.786 Y101.697 E.03564
G1 X130.303 Y102.614 E.03563
G1 X130.657 Y103.66 E.03738
G1 X130.776 Y104.333 E.02313
G1 X130.816 Y104.991 E.02231
G1 X130.719 Y106.057 E.03623
G1 X130.553 Y106.731 E.0235
G1 X130.304 Y107.387 E.02375
G1 X129.982 Y108.001 E.02347
G1 X129.347 Y108.864 E.03627
G1 X128.857 Y109.354 E.02346
G1 X128.311 Y109.782 E.02348
G1 X127.379 Y110.308 E.03622
G1 X126.739 Y110.55 E.02316
G1 X125.692 Y110.775 E.03625
G1 X125.009 Y110.816 E.02316
G1 X123.951 Y110.72 E.03596
G1 X122.938 Y110.437 E.0356
G1 X121.983 Y109.973 E.03594
G1 X121.413 Y109.579 E.02345
G1 X120.894 Y109.119 E.02347
G1 X120.208 Y108.296 E.03627
G1 X119.854 Y107.711 E.02314
G1 X119.444 Y106.722 E.03624
G1 X119.279 Y106.049 E.02345
G1 X119.194 Y105.351 E.0238
G1 X119.194 Y104.649 E.02376
G1 X119.277 Y103.96 E.02349
G1 X119.565 Y102.929 E.03623
G1 X119.85 Y102.297 E.02347
G1 X120.208 Y101.703 E.02348
G1 X120.894 Y100.881 E.03624
G1 X121.413 Y100.421 E.02347
G1 X121.991 Y100.022 E.02377
G1 X122.613 Y99.696 E.02377
G1 X123.269 Y99.447 E.02375
G1 X123.952 Y99.279 E.02381
G1 X124.64 Y99.195 E.02346
G1 X124.929 Y99.204 E.00979
M204 S1000
G1 X124.929 Y99.204 F10800
G1 X125.001 Y98.799
M204 S800
;TYPE:External perimeter
G1 F1500
G1 X125.753 Y98.821 E.02547
G1 X126.487 Y98.956 E.02526
G1 X127.555 Y99.324 E.03824
G1 X128.536 Y99.878 E.03813
G1 X129.401 Y100.599 E.03812
G1 X130.123 Y101.465 E.03816
G1 X130.676 Y102.446 E.03812
G1 X130.894 Y103.078 E.02263
G1 X131.058 Y103.586 E.01807
G1 X131.183 Y104.309 E.02484
G1 X131.224 Y104.997 E.02333
G1 X131.122 Y106.125 E.03834
G1 X130.943 Y106.852 E.02534
G1 X130.676 Y107.555 E.02545
G1 X130.328 Y108.218 E.02535
G1 X129.657 Y109.13 E.03833
G1 X129.128 Y109.659 E.02532
G1 X128.538 Y110.121 E.02536
G1 X127.552 Y110.677 E.03832
G1 X126.854 Y110.942 E.02527
G1 X125.747 Y111.179 E.03832
G1 X125.003 Y111.224 E.02523
G1 X123.878 Y111.122 E.03824
G1 X122.793 Y110.82 E.03812
G1 X121.777 Y110.325 E.03825
G1 X121.161 Y109.9 E.02533
G1 X120.601 Y109.403 E.02534
G1 X119.876 Y108.533 E.03833
G1 X119.49 Y107.895 E.02524
G1 X119.057 Y106.849 E.03832
G1 X118.877 Y106.122 E.02535
G1 X118.787 Y105.375 E.02547
G1 X118.787 Y104.625 E.02539
G1 X118.877 Y103.881 E.02537
G1 X119.181 Y102.79 E.03834
G1 X119.488 Y102.107 E.02535
G1 X119.876 Y101.466 E.02536
G1 X120.601 Y100.596 E.03833
G1 X121.161 Y100.1 E.02532
G1 X121.78 Y99.673 E.02545
G1 X122.446 Y99.324 E.02545
G1 X123.148 Y99.057 E.02542
G1 X123.878 Y98.877 E.02545
M73 P9 R8
G1 X124.621 Y98.787 E.02533
G1 X124.941 Y98.797 E.01084
M204 S1000
;WIPE_START
G1 F8640
G1 X125.001 Y98.799 E-.01386
G1 X125.753 Y98.821 E-.17371
G1 X126.487 Y98.956 E-.17233
G1 X127.555 Y99.324 E-.26083
G1 X128.231 Y99.706 E-.17927
;WIPE_END
G1 Z.8 F720
G1 X124.499 Y99.996 F10800
G1 Z.4 F720
G1 E.8 F2100
M204 S2000
;TYPE:Solid infill
;WIDTH:0.460224
G1 F2408
G1 X124.088 Y100.057 E.01442
G1 X123.51 Y100.187 E.02056
;WIDTH:0.453
G1 X122.875 Y100.425 E.02312
;WIDTH:0.446149
G1 X122.176 Y100.822 E.02695
;WIDTH:0.443868
G1 X121.635 Y101.242 E.02283
;WIDTH:0.442747
G1 X121.152 Y101.746 E.02321
;WIDTH:0.460357
G1 X120.858 Y102.153 E.01743
G1 X120.532 Y102.674 E.02133
;WIDTH:0.459924
G1 X120.308 Y103.198 E.01976
G1 X120.123 Y103.741 E.01989
;WIDTH:0.462054
G1 X119.977 Y104.712 E.03422
;WIDTH:0.459272
G1 X119.981 Y105.301 E.02039
G1 X120.037 Y105.899 E.02079
;WIDTH:0.449414
G1 X120.186 Y106.508 E.02119
;WIDTH:0.449711
G1 X120.534 Y107.342 E.03057
G1 X121.1 Y108.193 E.03457
;WIDTH:0.460785
G1 X121.457 Y108.564 E.01789
G1 X121.886 Y108.966 E.02043
;WIDTH:0.464489
G1 X122.833 Y109.547 E.03895
;WIDTH:0.455728
G1 X123.203 Y109.7 E.01374
G1 X124.1 Y109.963 E.03209
;WIDTH:0.454811
G1 X125.032 Y110.035 E.03202
;WIDTH:0.459509
G1 X125.582 Y109.993 E.01911
G1 X126.508 Y109.805 E.03273
;WIDTH:0.453187
G1 X127.072 Y109.601 E.02046
;WIDTH:0.453334
G1 X127.867 Y109.14 E.03136
G1 X128.407 Y108.719 E.02337
;WIDTH:0.461004
G1 X129.099 Y107.932 E.03643
;WIDTH:0.46123
G1 X129.596 Y107.051 E.03518
;WIDTH:0.456657
G1 X129.809 Y106.498 E.02039
;WIDTH:0.457217
G1 X129.943 Y105.939 E.0198
G1 X130.044 Y104.934 E.0348
;WIDTH:0.445942
G1 X129.975 Y104.169 E.02574
;WIDTH:0.443518
G1 X129.766 Y103.372 E.02745
;WIDTH:0.437949
G1 X129.369 Y102.493 E.03168
;WIDTH:0.437824
G1 X128.863 Y101.763 E.02917
;WIDTH:0.438503
G1 X128.388 Y101.268 E.02257
;WIDTH:0.438708
G1 X127.683 Y100.733 E.02913
;WIDTH:0.443037
G1 X126.975 Y100.362 E.02659
;WIDTH:0.456271
G1 X126.175 Y100.107 E.02886
;WIDTH:0.458393
G1 X125.632 Y100.011 E.01905
G1 X124.7 Y99.967 E.03223
;WIDTH:0.447382
G1 X124.74 Y99.566 E.01355
G1 X124.646 Y99.566 E.00316
;WIDTH:0.460224
G1 X124.031 Y99.643 E.02151
G1 X123.391 Y99.796 E.02283
;WIDTH:0.453
G1 X122.775 Y100.025 E.02241
;WIDTH:0.454457
G1 X122.193 Y100.332 E.02252
G1 X121.65 Y100.704 E.02252
;WIDTH:0.453046
G1 X121.17 Y101.127 E.02182
;WIDTH:0.45249
G1 X120.748 Y101.619 E.02207
;WIDTH:0.460357
G1 X120.504 Y101.933 E.0138
G1 X120.183 Y102.458 E.02136
;WIDTH:0.459924
G1 X119.922 Y103.041 E.02215
G1 X119.746 Y103.621 E.02102
;WIDTH:0.462054
G1 X119.642 Y104.049 E.01535
G1 X119.566 Y104.659 E.02142
;WIDTH:0.459272
G1 X119.565 Y105.316 E.02275
G1 X119.625 Y105.875 E.01946
;WIDTH:0.446619
G1 X119.784 Y106.576 E.02413
G1 X120.084 Y107.323 E.02702
;WIDTH:0.460611
G1 X120.503 Y108.067 E.02966
G1 X120.813 Y108.462 E.01744
;WIDTH:0.460785
G1 X121.151 Y108.847 E.0178
G1 X121.577 Y109.236 E.02004
;WIDTH:0.464489
G1 X122.159 Y109.64 E.02483
G1 X122.642 Y109.892 E.0191
;WIDTH:0.455728
G1 X123.087 Y110.096 E.0168
G1 X123.952 Y110.343 E.03088
;WIDTH:0.454811
G1 X124.999 Y110.445 E.03603
;WIDTH:0.459509
G1 X125.626 Y110.407 E.02176
G1 X126.341 Y110.267 E.02524
;WIDTH:0.446249
G1 X127.181 Y109.993 E.02963
G1 X127.894 Y109.602 E.02727
;WIDTH:0.44938
G1 X128.605 Y109.087 E.02967
;WIDTH:0.461004
G1 X129.053 Y108.632 E.0222
G1 X129.405 Y108.179 E.01994
;WIDTH:0.46123
G1 X129.673 Y107.789 E.01646
G1 X129.961 Y107.246 E.02138
;WIDTH:0.456657
G1 X130.197 Y106.632 E.02263
;WIDTH:0.457217
G1 X130.35 Y106.011 E.02203
G1 X130.447 Y105.014 E.03451
;WIDTH:0.45285
G1 X130.409 Y104.356 E.02247
;WIDTH:0.455746
G1 X130.294 Y103.726 E.02198
G1 X130.133 Y103.226 E.01803
;WIDTH:0.458959
G1 X129.954 Y102.75 E.01759
G1 X129.704 Y102.285 E.01826
;WIDTH:0.456364
G1 X129.469 Y101.893 E.01571
G1 X129.156 Y101.502 E.01722
;WIDTH:0.439568
G1 X128.681 Y100.999 E.02282
;WIDTH:0.452624
G1 X128.108 Y100.53 E.02523
G1 X127.252 Y100.041 E.03358
;WIDTH:0.456271
G1 X126.304 Y99.714 E.03447
;WIDTH:0.458393
G1 X125.686 Y99.6 E.02171
G1 X124.944 Y99.566 E.02566
M204 S1000
;WIPE_START
G1 F8640
G1 X125.686 Y99.6 E-.17151
G1 X126.304 Y99.714 E-.14511
G1 X127.252 Y100.041 E-.23155
G1 X128.108 Y100.53 E-.22763
G1 X128.189 Y100.596 E-.0242
;WIPE_END
G1 Z.8 F720
; stop printing object Scheibe-Radhaenger.stl id:0 copy 0
; printing object Scheibe-Radhaenger.stl id:1 copy 0
G1 X123.749 Y127.923 F10800
G1 Z.4 F720
G1 E.8 F2100
M204 S800
;TYPE:Perimeter
;WIDTH:0.449999
G1 F1500
G1 X123.274 Y127.783 E.01676
G1 X122.981 Y127.673 E.01059
G1 X122.178 Y127.195 E.03163
G1 X121.671 Y126.73 E.02329
G1 X121.305 Y126.355 E.01774
G1 X120.795 Y125.567 E.03177
G1 X120.511 Y124.889 E.02488
G1 X120.352 Y124.248 E.02235
G1 X120.296 Y123.703 E.01854
G1 X120.301 Y123.183 E.0176
G1 X120.388 Y122.435 E.02549
G1 X120.615 Y121.755 E.02427
G1 X120.798 Y121.294 E.01679
G1 X121.305 Y120.511 E.03157
G1 X121.676 Y120.109 E.01852
G1 X122.073 Y119.76 E.01789
G1 X122.358 Y119.542 E.01215
G1 X123 Y119.182 E.02491
G1 X123.591 Y118.962 E.02135
G1 X124.103 Y118.855 E.0177
G1 X124.716 Y118.76 E.021
G1 X125.564 Y118.81 E.02875
G1 X126.023 Y118.887 E.01575
G1 X126.809 Y119.136 E.02791
G1 X127.464 Y119.479 E.02503
G1 X128.038 Y119.908 E.02426
G1 X128.526 Y120.403 E.02353
G1 X128.957 Y121 E.02492
G1 X129.418 Y122.006 E.03746
G1 X129.573 Y122.652 E.02249
G1 X129.639 Y123.384 E.02488
G1 X129.541 Y124.329 E.03216
G1 X129.418 Y124.82 E.01713
G1 X129.237 Y125.311 E.01771
G1 X128.825 Y126.067 E.02914
G1 X128.068 Y126.934 E.03896
G1 X127.607 Y127.287 E.01965
G1 X126.918 Y127.684 E.02692
G1 X126.131 Y127.962 E.02825
G1 X125.208 Y128.105 E.03162
G1 X124.136 Y128.039 E.03635
G1 X123.806 Y127.941 E.01165
M204 S1000
G1 X123.806 Y127.941 F10800
G1 X123.841 Y127.53
M204 S800
;TYPE:External perimeter
G1 F1500
G1 X123.189 Y127.323 E.02315
G1 X122.386 Y126.846 E.03161
G1 X121.647 Y126.134 E.03474
G1 X121.138 Y125.349 E.03167
G1 X120.888 Y124.737 E.02238
G1 X120.749 Y124.155 E.02025
G1 X120.684 Y123.449 E.024
G1 X120.803 Y122.436 E.03452
G1 X121.119 Y121.557 E.03162
G1 X121.671 Y120.701 E.03448
G1 X122.104 Y120.252 E.02111
G1 X122.605 Y119.865 E.02143
G1 X123.196 Y119.539 E.02285
G1 X123.728 Y119.345 E.01917
G1 X124.772 Y119.163 E.03587
G1 X125.533 Y119.216 E.02582
G1 X125.9 Y119.275 E.01258
G1 X126.686 Y119.524 E.02791
G1 X127.269 Y119.837 E.0224
G1 X127.791 Y120.231 E.02214
G1 X128.233 Y120.686 E.02147
G1 X128.625 Y121.235 E.02283
G1 X129.026 Y122.122 E.03295
G1 X129.177 Y122.745 E.0217
G1 X129.233 Y123.417 E.02283
G1 X129.137 Y124.283 E.02949
G1 X128.929 Y125.016 E.02579
G1 X128.441 Y125.911 E.03451
G1 X127.819 Y126.608 E.03162
G1 X127.36 Y126.964 E.01966
G1 X126.722 Y127.327 E.02485
G1 X126.205 Y127.515 E.01862
G1 X125.422 Y127.66 E.02695
G1 X125.051 Y127.701 E.01263
G1 X124.165 Y127.633 E.03008
G1 X123.898 Y127.548 E.00948
M204 S1000
;WIPE_START
G1 F8640
G1 X123.841 Y127.53 E-.0138
G1 X123.189 Y127.323 E-.15795
G1 X122.386 Y126.846 E-.21566
G1 X121.647 Y126.134 E-.23695
G1 X121.233 Y125.496 E-.17564
;WIPE_END
G1 Z.8 F720
G1 X124.947 Y117.638 F10800
G1 Z.4 F720
G1 E.8 F2100
M204 S800
;TYPE:Perimeter
G1 F1500
G1 X125.669 Y117.66 E.02445
G1 X126.342 Y117.784 E.02316
G1 X127.346 Y118.13 E.03595
G1 X128.263 Y118.647 E.03563
G1 X129.071 Y119.321 E.03562
M73 P10 R8
G1 X129.745 Y120.13 E.03564
G1 X130.262 Y121.046 E.0356
G1 X130.616 Y122.092 E.03738
G1 X130.735 Y122.766 E.02317
G1 X130.775 Y123.424 E.02231
G1 X130.678 Y124.49 E.03623
G1 X130.512 Y125.163 E.02346
G1 X130.263 Y125.82 E.02378
G1 X129.941 Y126.434 E.02347
G1 X129.306 Y127.297 E.03627
G1 X128.816 Y127.787 E.02346
G1 X128.27 Y128.214 E.02346
G1 X127.337 Y128.74 E.03625
G1 X126.698 Y128.983 E.02314
G1 X125.651 Y129.208 E.03625
G1 X124.968 Y129.249 E.02316
G1 X123.91 Y129.153 E.03596
G1 X122.896 Y128.87 E.03563
G1 X121.942 Y128.405 E.03592
G1 X121.371 Y128.012 E.02346
G1 X120.852 Y127.552 E.02347
G1 X120.167 Y126.729 E.03624
G1 X119.813 Y126.144 E.02314
G1 X119.403 Y125.154 E.03627
G1 X119.237 Y124.481 E.02346
G1 X119.153 Y123.784 E.02376
G1 X119.153 Y123.082 E.02376
G1 X119.236 Y122.393 E.02349
G1 X119.524 Y121.362 E.03623
G1 X119.808 Y120.73 E.02345
G1 X120.167 Y120.136 E.02349
G1 X120.853 Y119.314 E.03624
G1 X121.371 Y118.854 E.02345
G1 X121.95 Y118.455 E.0238
G1 X122.572 Y118.128 E.02379
G1 X123.228 Y117.88 E.02374
G1 X123.91 Y117.711 E.02378
G1 X124.599 Y117.628 E.02349
G1 X124.887 Y117.637 E.00975
M204 S1000
G1 X124.887 Y117.637 F10800
G1 X124.96 Y117.231
M204 S800
;TYPE:External perimeter
G1 F1500
G1 X125.712 Y117.254 E.02547
G1 X126.446 Y117.389 E.02526
G1 X127.513 Y117.757 E.0382
G1 X128.495 Y118.311 E.03816
G1 X129.36 Y119.032 E.03812
G1 X130.081 Y119.897 E.03812
G1 X130.635 Y120.879 E.03816
G1 X130.853 Y121.511 E.02263
G1 X131.016 Y122.019 E.01806
G1 X131.142 Y122.742 E.02484
G1 X131.183 Y123.43 E.02333
G1 X131.081 Y124.558 E.03834
G1 X130.902 Y125.285 E.02534
G1 X130.635 Y125.988 E.02545
G1 X130.287 Y126.651 E.02535
G1 X129.616 Y127.563 E.03833
G1 X129.087 Y128.092 E.02532
G1 X128.497 Y128.554 E.02536
G1 X127.511 Y129.11 E.03832
G1 X126.813 Y129.375 E.02527
G1 X125.706 Y129.612 E.03832
G1 X124.962 Y129.657 E.02523
G1 X123.837 Y129.555 E.03824
G1 X122.751 Y129.252 E.03816
G1 X121.736 Y128.758 E.03821
G1 X121.12 Y128.333 E.02533
G1 X120.559 Y127.836 E.02537
G1 X119.834 Y126.966 E.03833
G1 X119.449 Y126.328 E.02522
G1 X119.015 Y125.282 E.03833
G1 X118.836 Y124.555 E.02534
G1 X118.745 Y123.808 E.02547
G1 X118.745 Y123.057 E.02542
G1 X118.836 Y122.314 E.02534
G1 X119.14 Y121.223 E.03834
G1 X119.447 Y120.54 E.02535
G1 X119.835 Y119.899 E.02536
G1 X120.56 Y119.029 E.03833
G1 X121.12 Y118.533 E.02532
G1 X121.739 Y118.106 E.02545
G1 X122.404 Y117.757 E.02542
G1 X123.107 Y117.49 E.02545
G1 X123.837 Y117.31 E.02545
G1 X124.58 Y117.22 E.02533
G1 X124.9 Y117.23 E.01084
M204 S1000
;WIPE_START
G1 F8640
G1 X124.96 Y117.231 E-.01386
G1 X125.712 Y117.254 E-.17372
G1 X126.446 Y117.389 E-.17233
G1 X127.513 Y117.757 E-.26061
G1 X128.19 Y118.139 E-.17948
;WIPE_END
G1 Z.8 F720
G1 X124.458 Y118.429 F10800
G1 Z.4 F720
G1 E.8 F2100
M204 S2000
;TYPE:Solid infill
;WIDTH:0.460224
G1 F2408
G1 X124.046 Y118.489 E.01445
G1 X123.469 Y118.62 E.02053
;WIDTH:0.453
G1 X122.833 Y118.858 E.02316
;WIDTH:0.446149
G1 X122.135 Y119.255 E.02692
;WIDTH:0.443868
G1 X121.594 Y119.675 E.02283
;WIDTH:0.442747
G1 X121.111 Y120.179 E.02321
;WIDTH:0.460357
G1 X120.817 Y120.586 E.01743
G1 X120.49 Y121.107 E.02135
;WIDTH:0.459924
G1 X120.267 Y121.631 E.01975
G1 X120.081 Y122.174 E.0199
;WIDTH:0.462054
G1 X119.936 Y123.145 E.03422
;WIDTH:0.459272
G1 X119.939 Y123.733 E.02036
G1 X119.996 Y124.332 E.02083
;WIDTH:0.449414
G1 X120.144 Y124.941 E.02118
;WIDTH:0.449711
G1 X120.493 Y125.774 E.03055
G1 X121.059 Y126.626 E.0346
;WIDTH:0.460785
G1 X121.416 Y126.997 E.01789
G1 X121.845 Y127.399 E.02043
;WIDTH:0.464489
G1 X122.791 Y127.98 E.03892
;WIDTH:0.455728
G1 X123.162 Y128.132 E.01376
G1 X124.058 Y128.396 E.03206
;WIDTH:0.454811
G1 X124.991 Y128.467 E.03205
;WIDTH:0.459509
G1 X125.541 Y128.426 E.0191
G1 X126.467 Y128.238 E.03273
;WIDTH:0.453187
G1 X127.03 Y128.033 E.02044
;WIDTH:0.453334
G1 X127.826 Y127.573 E.03137
G1 X128.366 Y127.152 E.02337
;WIDTH:0.461004
G1 X129.058 Y126.365 E.03643
;WIDTH:0.46123
G1 X129.555 Y125.484 E.03518
;WIDTH:0.456657
G1 X129.768 Y124.931 E.02039
;WIDTH:0.457217
G1 X129.901 Y124.372 E.01979
G1 X130.003 Y123.366 E.03483
;WIDTH:0.445942
G1 X129.933 Y122.602 E.02571
;WIDTH:0.443518
G1 X129.725 Y121.804 E.02747
;WIDTH:0.437949
G1 X129.328 Y120.926 E.03165
;WIDTH:0.437824
G1 X128.822 Y120.196 E.02917
;WIDTH:0.438503
G1 X128.347 Y119.701 E.02257
;WIDTH:0.438708
G1 X127.642 Y119.165 E.02915
;WIDTH:0.443037
G1 X126.934 Y118.795 E.02658
;WIDTH:0.456271
G1 X126.134 Y118.54 E.02886
;WIDTH:0.458393
G1 X125.591 Y118.444 E.01905
G1 X124.659 Y118.399 E.03224
;WIDTH:0.447382
G1 X124.699 Y117.999 E.01352
G1 X124.605 Y117.999 E.00316
;WIDTH:0.460224
G1 X123.99 Y118.076 E.02151
G1 X123.35 Y118.228 E.02283
;WIDTH:0.453
G1 X122.734 Y118.458 E.02242
;WIDTH:0.454457
G1 X122.152 Y118.765 E.02252
G1 X121.609 Y119.137 E.02252
;WIDTH:0.453046
G1 X121.129 Y119.56 E.02182
;WIDTH:0.45249
G1 X120.706 Y120.052 E.0221
;WIDTH:0.460357
G1 X120.462 Y120.366 E.0138
G1 X120.141 Y120.89 E.02133
;WIDTH:0.459924
G1 X119.88 Y121.474 E.02218
G1 X119.705 Y122.053 E.02097
;WIDTH:0.462054
G1 X119.601 Y122.482 E.01538
G1 X119.524 Y123.092 E.02143
;WIDTH:0.459272
G1 X119.524 Y123.749 E.02275
G1 X119.584 Y124.308 E.01946
;WIDTH:0.446619
G1 X119.743 Y125.009 E.02413
G1 X120.043 Y125.756 E.02702
;WIDTH:0.460611
G1 X120.462 Y126.499 E.02963
G1 X120.772 Y126.895 E.01747
;WIDTH:0.460785
G1 X121.11 Y127.28 E.0178
G1 X121.535 Y127.669 E.02002
;WIDTH:0.464489
G1 X122.118 Y128.073 E.02486
G1 X122.601 Y128.325 E.0191
;WIDTH:0.455728
G1 X123.046 Y128.529 E.0168
G1 X123.911 Y128.776 E.03088
;WIDTH:0.454811
G1 X124.958 Y128.878 E.03603
;WIDTH:0.459509
G1 X125.585 Y128.84 E.02176
G1 X126.3 Y128.7 E.02524
;WIDTH:0.446249
G1 X127.14 Y128.426 E.02963
G1 X127.853 Y128.035 E.02727
;WIDTH:0.44938
G1 X128.563 Y127.52 E.02964
;WIDTH:0.461004
G1 X129.012 Y127.065 E.02222
G1 X129.363 Y126.612 E.01992
;WIDTH:0.46123
G1 X129.632 Y126.222 E.01648
G1 X129.92 Y125.679 E.02138
;WIDTH:0.456657
G1 X130.156 Y125.065 E.02263
;WIDTH:0.457217
G1 X130.308 Y124.444 E.02202
G1 X130.406 Y123.446 E.03455
;WIDTH:0.45285
G1 X130.368 Y122.789 E.02243
;WIDTH:0.455746
G1 X130.253 Y122.159 E.02198
G1 X130.092 Y121.659 E.01803
;WIDTH:0.458959
G1 X129.913 Y121.183 E.01759
G1 X129.663 Y120.718 E.01826
;WIDTH:0.456364
G1 X129.427 Y120.326 E.01573
G1 X129.115 Y119.935 E.0172
;WIDTH:0.439568
G1 X128.64 Y119.432 E.02282
;WIDTH:0.452624
G1 X128.067 Y118.963 E.02523
G1 X127.211 Y118.474 E.03358
;WIDTH:0.456271
G1 X126.263 Y118.147 E.03447
;WIDTH:0.458393
G1 X125.645 Y118.033 E.02171
G1 X124.903 Y117.999 E.02566
M204 S1000
;LAYER_CHANGE
;Z:0.6
;HEIGHT:0.2
;BEFORE_LAYER_CHANGE
G92 E0.0
;0.6


;WIPE_START
G1 F8640
G1 X125.645 Y118.033 E-.17151
G1 X126.263 Y118.147 E-.14511
G1 X127.211 Y118.474 E-.23155
G1 X128.067 Y118.963 E-.22763
G1 X128.148 Y119.029 E-.0242
;WIPE_END
G1 Z.6 F720
;AFTER_LAYER_CHANGE
;0.6
; stop printing object Scheibe-Radhaenger.stl id:1 copy 0
G1 Z1
G1 X133.984 Y119.042 F10800
G1 Z.6 F720
G1 E.8 F2100
;TYPE:Skirt/Brim
;WIDTH:0.42
G1 F2429
G1 X133.974 Y123.439 E.13787
G1 X133.812 Y125.134 E.05339
G1 X133.588 Y126.041 E.02929
G1 X133.211 Y127.062 E.03413
G1 X132.422 Y128.49 E.05115
M73 P11 R8
G1 X131.278 Y129.862 E.05601
G1 X130.016 Y130.896 E.05115
G1 X129.217 Y131.379 E.02927
G1 X128.228 Y131.834 E.03413
G1 X126.66 Y132.286 E.05117
G1 X124.881 Y132.447 E.05601
G1 X123.41 Y132.314 E.04631
G1 X122.203 Y132.016 E.03898
G1 X120.838 Y131.451 E.04632
G1 X119.774 Y130.808 E.03898
G1 X118.639 Y129.862 E.04633
G1 X117.815 Y128.931 E.03898
G1 X116.941 Y127.554 E.05114
G1 X116.376 Y126.189 E.04632
G1 X116.078 Y124.982 E.03898
G1 X115.944 Y123.51 E.04634
G1 X115.984 Y104.994 E.58056
G1 X116.147 Y103.299 E.05339
G1 X116.371 Y102.392 E.02929
G1 X116.748 Y101.371 E.03413
G1 X117.537 Y99.943 E.05115
G1 X118.681 Y98.571 E.05601
G1 X119.943 Y97.537 E.05115
G1 X120.742 Y97.054 E.02927
G1 X121.731 Y96.599 E.03413
G1 X123.451 Y96.119 E.05599
G1 X125.119 Y95.987 E.05246
G1 X126.701 Y96.147 E.04986
G1 X128.124 Y96.544 E.04632
G1 X129.258 Y97.054 E.03899
G1 X130.498 Y97.856 E.0463
G1 X131.429 Y98.681 E.039
G1 X132.375 Y99.815 E.0463
G1 X133.018 Y100.879 E.03898
G1 X133.583 Y102.244 E.04632
G1 X133.881 Y103.451 E.03898
G1 X134.014 Y104.923 E.04634
G1 X133.984 Y118.982 E.44081
G1 X133.984 Y118.982 F10800
G1 X133.607 Y118.981
G1 F2429
G1 X133.597 Y123.438 E.13975
G1 X133.443 Y125.055 E.05093
G1 X133.225 Y125.939 E.02855
G1 X132.862 Y126.918 E.03274
G1 X132.03 Y128.394 E.05312
G1 X131.02 Y129.587 E.04901
G1 X129.811 Y130.579 E.04903
G1 X129.031 Y131.05 E.02857
G1 X128.083 Y131.486 E.03272
G1 X126.451 Y131.941 E.05312
G1 X124.893 Y132.07 E.04902
G1 X123.467 Y131.941 E.04489
G1 X122.326 Y131.66 E.03684
G1 X121.003 Y131.112 E.0449
G1 X119.998 Y130.504 E.03683
G1 X118.898 Y129.587 E.0449
G1 X118.119 Y128.708 E.03683
G1 X117.28 Y127.388 E.04904
G1 X116.732 Y126.066 E.04487
G1 X116.451 Y124.925 E.03684
G1 X116.321 Y123.499 E.0449
G1 X116.361 Y104.995 E.58018
G1 X116.516 Y103.378 E.05093
G1 X116.734 Y102.493 E.02858
G1 X117.096 Y101.515 E.0327
G1 X117.929 Y100.039 E.05314
G1 X118.939 Y98.846 E.04901
G1 X120.148 Y97.854 E.04903
G1 X120.927 Y97.383 E.02854
G1 X121.875 Y96.947 E.03272
G1 X123.508 Y96.492 E.05315
G1 X125.107 Y96.364 E.0503
G1 X126.622 Y96.516 E.04774
G1 X128.001 Y96.9 E.04488
G1 X129.073 Y97.383 E.03687
G1 X130.275 Y98.16 E.04488
G1 X131.154 Y98.939 E.03683
G1 X132.071 Y100.039 E.0449
G1 X132.679 Y101.044 E.03683
G1 X133.227 Y102.367 E.0449
G1 X133.508 Y103.508 E.03684
G1 X133.638 Y104.934 E.0449
G1 X133.607 Y118.921 E.43855
;WIPE_START
G1 F8640
G1 X133.607 Y118.981 E-.01385
G1 X133.6 Y122.385 E-.78615
;WIPE_END
G1 Z1 F720
; printing object Scheibe-Radhaenger.stl id:0 copy 0
G1 X123.786 Y109.506 F10800
G1 Z.6 F720
G1 E.8 F2100
M204 S800
;TYPE:Perimeter
;WIDTH:0.449999
G1 F1500
G1 X123.462 Y109.421 E.01134
G1 X122.416 Y108.903 E.03951
G1 X121.921 Y108.525 E.02108
G1 X121.419 Y108.014 E.02425
G1 X120.838 Y107.138 E.03558
G1 X120.524 Y106.368 E.02815
G1 X120.382 Y105.76 E.02113
G1 X120.321 Y105.082 E.02304
G1 X120.367 Y104.335 E.02533
G1 X120.524 Y103.633 E.02435
G1 X120.785 Y102.965 E.02428
G1 X121.346 Y102.078 E.03552
G1 X121.705 Y101.689 E.01792
G1 X122.086 Y101.358 E.01708
G1 X122.704 Y100.924 E.02556
G1 X123.356 Y100.619 E.02436
G1 X124.029 Y100.422 E.02374
G1 X124.734 Y100.33 E.02407
G1 X125.605 Y100.378 E.02953
G1 X126.086 Y100.455 E.01649
G1 X126.575 Y100.591 E.01718
G1 X127.484 Y101.036 E.03426
G1 X128.079 Y101.475 E.02503
M73 P12 R8
G1 X128.581 Y101.986 E.02425
G1 X128.999 Y102.568 E.02425
G1 X129.465 Y103.59 E.03802
G1 X129.612 Y104.205 E.0214
G1 X129.68 Y104.95 E.02532
G1 X129.585 Y105.879 E.03161
G1 X129.539 Y106.135 E.0088
G1 X129.223 Y107.013 E.03159
G1 X128.833 Y107.645 E.02514
G1 X128.581 Y108.014 E.01512
G1 X128.149 Y108.463 E.02109
G1 X127.195 Y109.134 E.03948
G1 X126.626 Y109.389 E.02111
G1 X125.606 Y109.639 E.03555
G1 X124.996 Y109.674 E.02068
G1 X124.155 Y109.604 E.02857
G1 X123.844 Y109.522 E.01089
M204 S1000
G1 X123.844 Y109.522 F10800
G1 X123.878 Y109.112
M204 S800
;TYPE:External perimeter
G1 F1500
G1 X123.57 Y109.028 E.01081
G1 X122.663 Y108.579 E.03426
G1 X122.168 Y108.201 E.02108
G1 X121.712 Y107.732 E.02214
G1 X121.18 Y106.917 E.03294
G1 X120.93 Y106.305 E.02238
G1 X120.787 Y105.706 E.02085
G1 X120.727 Y105.05 E.0223
G1 X120.773 Y104.364 E.02327
G1 X120.92 Y103.726 E.02216
G1 X121.163 Y103.117 E.02219
G1 X121.688 Y102.299 E.0329
G1 X122.145 Y101.819 E.02243
G1 X122.938 Y101.257 E.0329
G1 X123.522 Y100.991 E.02172
G1 X124.138 Y100.814 E.02169
G1 X124.783 Y100.734 E.022
G1 X125.574 Y100.783 E.02683
G1 X125.979 Y100.848 E.01388
G1 X126.467 Y100.986 E.01717
G1 X127.304 Y101.4 E.03161
G1 X127.832 Y101.798 E.02238
G1 X128.288 Y102.269 E.02219
G1 X128.666 Y102.802 E.02212
G1 X129.08 Y103.725 E.03424
G1 X129.215 Y104.299 E.01996
G1 X129.274 Y104.984 E.02327
G1 X129.156 Y105.997 E.03452
G1 X128.84 Y106.876 E.03162
G1 X128.288 Y107.732 E.03448
G1 X127.855 Y108.181 E.02111
G1 X127.028 Y108.763 E.03423
G1 X126.459 Y109.018 E.02111
G1 X125.513 Y109.243 E.03291
G1 X124.98 Y109.267 E.01806
G1 X124.201 Y109.199 E.02647
G1 X123.936 Y109.127 E.0093
M204 S1000
;WIPE_START
G1 F8640
G1 X123.878 Y109.112 E-.01383
G1 X123.57 Y109.028 E-.07372
G1 X122.663 Y108.579 E-.23369
G1 X122.168 Y108.201 E-.14381
G1 X121.712 Y107.732 E-.15104
G1 X121.277 Y107.065 E-.18391
;WIPE_END
G1 Z1 F720
G1 X124.989 Y99.205 F10800
G1 Z.6 F720
G1 E.8 F2100
M204 S800
;TYPE:Perimeter
G1 F1500
G1 X125.71 Y99.227 E.02442
G1 X126.383 Y99.351 E.02316
G1 X127.387 Y99.697 E.03595
G1 X128.304 Y100.214 E.03563
G1 X129.112 Y100.888 E.03562
G1 X129.786 Y101.697 E.03564
G1 X130.323 Y102.662 E.03738
G1 X130.576 Y103.383 E.02586
G1 X130.778 Y104.351 E.03347
G1 X130.816 Y104.991 E.0217
G1 X130.72 Y106.049 E.03596
G1 X130.435 Y107.071 E.03591
G1 X130.15 Y107.703 E.02347
G1 X129.792 Y108.297 E.02348
G1 X129.112 Y109.112 E.03593
G1 X128.303 Y109.786 E.03564
G1 X127.379 Y110.308 E.03592
G1 X126.739 Y110.55 E.02316
G1 X125.692 Y110.775 E.03625
G1 X125.009 Y110.816 E.02316
G1 X123.951 Y110.72 E.03596
G1 X122.929 Y110.435 E.03591
G1 X122.305 Y110.154 E.02316
G1 X121.406 Y109.573 E.03623
G1 X120.887 Y109.113 E.02347
G1 X120.427 Y108.594 E.02347
G1 X119.846 Y107.695 E.03623
G1 X119.565 Y107.071 E.02316
G1 X119.277 Y106.039 E.03627
G1 X119.194 Y105.351 E.02346
G1 X119.194 Y104.649 E.02376
G1 X119.277 Y103.96 E.02349
G1 X119.565 Y102.929 E.03623
G1 X119.846 Y102.305 E.02316
G1 X120.427 Y101.406 E.03623
G1 X120.887 Y100.887 E.02347
G1 X121.406 Y100.427 E.02347
G1 X122.305 Y99.846 E.03623
G1 X122.929 Y99.565 E.02316
G1 X123.961 Y99.277 E.03627
G1 X124.64 Y99.195 E.02315
G1 X124.929 Y99.204 E.00979
M204 S1000
G1 X124.929 Y99.204 F10800
G1 X125.001 Y98.799
M204 S800
;TYPE:External perimeter
G1 F1500
G1 X125.753 Y98.821 E.02547
G1 X126.487 Y98.956 E.02526
G1 X127.555 Y99.324 E.03824
G1 X128.536 Y99.878 E.03813
G1 X129.401 Y100.599 E.03812
G1 X130.123 Y101.465 E.03816
G1 X130.406 Y101.968 E.01954
G1 X130.704 Y102.518 E.02117
G1 X130.974 Y103.298 E.02794
G1 X131.184 Y104.327 E.03555
G1 X131.224 Y104.997 E.02272
G1 X131.122 Y106.122 E.03824
G1 X130.819 Y107.21 E.03823
G1 X130.512 Y107.893 E.02535
G1 X130.124 Y108.534 E.02536
G1 X129.401 Y109.401 E.03821
G1 X128.535 Y110.123 E.03816
G1 X127.552 Y110.677 E.03819
G1 X126.854 Y110.942 E.02527
G1 X125.747 Y111.179 E.03832
G1 X125.003 Y111.224 E.02523
G1 X123.878 Y111.122 E.03824
G1 X122.79 Y110.819 E.03823
G1 X122.11 Y110.513 E.02524
G1 X121.159 Y109.898 E.03833
G1 X120.599 Y109.401 E.02534
G1 X120.102 Y108.841 E.02534
G1 X119.487 Y107.89 E.03833
G1 X119.181 Y107.21 E.02524
G1 X118.877 Y106.119 E.03834
G1 X118.787 Y105.375 E.02537
G1 X118.787 Y104.625 E.02539
G1 X118.877 Y103.881 E.02537
G1 X119.181 Y102.79 E.03834
G1 X119.487 Y102.11 E.02524
G1 X120.102 Y101.159 E.03833
G1 X120.599 Y100.599 E.02534
G1 X121.159 Y100.102 E.02534
G1 X122.11 Y99.487 E.03833
G1 X122.79 Y99.181 E.02524
G1 X123.881 Y98.877 E.03834
G1 X124.621 Y98.787 E.02523
G1 X124.941 Y98.797 E.01084
M204 S1000
;WIPE_START
G1 F8640
G1 X125.001 Y98.799 E-.01386
G1 X125.753 Y98.821 E-.17371
G1 X126.487 Y98.956 E-.17233
G1 X127.555 Y99.324 E-.26083
G1 X128.231 Y99.706 E-.17927
;WIPE_END
G1 Z1 F720
G1 X119.562 Y105.316 F10800
G1 Z.6 F720
G1 E.8 F2100
M204 S2000
;TYPE:Solid infill
;WIDTH:0.454241
G1 F2429
G1 X119.564 Y104.659 E.02247
G1 X119.643 Y104.017 E.02212
M73 P13 R8
;WIDTH:0.455617
G1 X119.92 Y103.041 E.03482
G1 X120.185 Y102.454 E.0221
;WIDTH:0.448187
G1 X120.795 Y101.54 E.03703
;WIDTH:0.453324
G1 X121.157 Y101.139 E.01844
;WIDTH:0.457702
G1 X121.644 Y100.714 E.02229
G1 X122.494 Y100.161 E.03497
;WIDTH:0.447867
G1 X123.139 Y99.884 E.02364
;WIDTH:0.45393
G1 X124.048 Y99.638 E.03218
G1 X124.944 Y99.566 E.03072
;WIDTH:0.458391
G1 X125.686 Y99.6 E.02566
G1 X126.304 Y99.712 E.0217
;WIDTH:0.459536
G1 X127.25 Y100.046 E.03475
G1 X128.108 Y100.53 E.03413
;WIDTH:0.45264
G1 X128.864 Y101.163 E.03359
;WIDTH:0.4557
G1 X129.481 Y101.907 E.03317
G1 X129.741 Y102.351 E.01766
;WIDTH:0.462957
G1 X129.975 Y102.795 E.01753
G1 X130.222 Y103.463 E.02487
;WIDTH:0.455729
G1 X130.409 Y104.374 E.03192
G1 X130.438 Y105.143 E.02641
;WIDTH:0.46089
G1 X130.355 Y105.962 E.02861
G1 X130.254 Y106.379 E.01491
;WIDTH:0.459923
G1 X130.078 Y106.959 E.02102
G1 X129.817 Y107.542 E.02215
;WIDTH:0.462473
G1 X129.496 Y108.066 E.02144
G1 X129.217 Y108.425 E.01586
;WIDTH:0.452944
G1 X128.863 Y108.837 E.01852
G1 X128.555 Y109.108 E.01399
;WIDTH:0.460557
G1 X128.075 Y109.488 E.02126
G1 X127.208 Y109.979 E.0346
;WIDTH:0.456219
G1 X126.619 Y110.198 E.0216
G1 X125.534 Y110.42 E.03806
;WIDTH:0.44532
G1 X124.689 Y110.425 E.02827
;WIDTH:0.444565
G1 X123.95 Y110.342 E.02484
;WIDTH:0.44878
G1 X123.014 Y110.072 E.03288
;WIDTH:0.460743
G1 X122.483 Y109.827 E.02032
G1 X122.047 Y109.56 E.01776
;WIDTH:0.452357
G1 X121.617 Y109.269 E.01768
;WIDTH:0.455226
G1 X121.14 Y108.842 E.02195
G1 X120.712 Y108.358 E.02215
;WIDTH:0.452568
G1 X120.135 Y107.449 E.03667
;WIDTH:0.455603
G1 X119.919 Y106.959 E.01838
G1 X119.8 Y106.573 E.01386
;WIDTH:0.452546
G1 X119.637 Y105.952 E.02187
;WIDTH:0.452757
G1 X119.586 Y105.518 E.01489
;WIDTH:0.449999
G1 X119.995 Y105.503 E.01385
;WIDTH:0.452748
G1 X120.04 Y105.883 E.01304
;WIDTH:0.452546
G1 X120.181 Y106.478 E.02083
;WIDTH:0.455603
G1 X120.524 Y107.324 E.03133
;WIDTH:0.448205
G1 X121.138 Y108.245 E.0373
;WIDTH:0.443857
G1 X121.704 Y108.816 E.0268
G1 X122.248 Y109.223 E.02265
;WIDTH:0.460743
G1 X122.677 Y109.456 E.01696
G1 X123.223 Y109.719 E.02106
;WIDTH:0.447172
G1 X124.091 Y109.963 E.03031
;WIDTH:0.453973
G1 X125.012 Y110.035 E.03158
G1 X125.569 Y110.012 E.01905
;WIDTH:0.449042
G1 X126.734 Y109.737 E.04042
;WIDTH:0.442896
G1 X127.421 Y109.421 E.02515
;WIDTH:0.460557
G1 X127.852 Y109.135 E.01796
G1 X128.345 Y108.771 E.02128
;WIDTH:0.437107
G1 X128.875 Y108.223 E.02499
;WIDTH:0.462473
G1 X129.469 Y107.325 E.03756
;WIDTH:0.459923
G1 X129.692 Y106.802 E.01971
G1 X129.877 Y106.259 E.01989
;WIDTH:0.46089
G1 X129.939 Y105.916 E.01211
G1 X130.041 Y104.998 E.0321
;WIDTH:0.45086
G1 X129.965 Y104.136 E.02935
;WIDTH:0.449376
G1 X129.816 Y103.503 E.02198
;WIDTH:0.462957
G1 X129.369 Y102.493 E.03858
;WIDTH:0.437762
G1 X128.877 Y101.779 E.02847
;WIDTH:0.438566
G1 X128.388 Y101.269 E.02324
;WIDTH:0.43903
G1 X127.679 Y100.73 E.02933
G1 X126.679 Y100.247 E.03658
;WIDTH:0.452483
G1 X126.183 Y100.103 E.01759
;WIDTH:0.458391
G1 X125.632 Y100.011 E.0193
G1 X124.716 Y99.975 E.03167
;WIDTH:0.454194
G1 X123.928 Y100.075 E.02716
;WIDTH:0.448316
G1 X123.206 Y100.286 E.02536
G1 X122.493 Y100.629 E.02667
;WIDTH:0.457702
G1 X121.876 Y101.058 E.02592
G1 X121.44 Y101.436 E.0199
;WIDTH:0.453324
G1 X121.055 Y101.866 E.0197
;WIDTH:0.452563
G1 X120.506 Y102.71 E.0343
;WIDTH:0.446915
G1 X120.181 Y103.523 E.02941
;WIDTH:0.452894
G1 X120.041 Y104.117 E.0208
;WIDTH:0.454241
G1 X119.973 Y104.698 E.02001
G1 X119.971 Y105.301 E.02062
M204 S1000
;WIPE_START
G1 F8640
G1 X119.973 Y104.698 E-.13924
G1 X120.041 Y104.117 E-.13507
G1 X120.181 Y103.523 E-.14091
G1 X120.506 Y102.71 E-.20217
G1 X120.938 Y102.047 E-.18261
;WIPE_END
G1 Z1 F720
; stop printing object Scheibe-Radhaenger.stl id:0 copy 0
; printing object Scheibe-Radhaenger.stl id:1 copy 0
G1 X123.745 Y127.939 F10800
G1 Z.6 F720
G1 E.8 F2100
M204 S800
;TYPE:Perimeter
;WIDTH:0.449999
G1 F1500
G1 X123.421 Y127.854 E.01134
G1 X122.375 Y127.336 E.03951
G1 X121.88 Y126.958 E.02108
G1 X121.378 Y126.447 E.02425
G1 X120.797 Y125.571 E.03558
G1 X120.483 Y124.801 E.02815
G1 X120.34 Y124.193 E.02114
G1 X120.28 Y123.514 E.02307
G1 X120.326 Y122.768 E.0253
G1 X120.482 Y122.066 E.02434
G1 X120.744 Y121.398 E.02429
G1 X121.305 Y120.511 E.03552
G1 X121.663 Y120.122 E.01789
G1 X122.045 Y119.791 E.01711
G1 X122.662 Y119.357 E.02553
G1 X123.314 Y119.052 E.02436
G1 X123.988 Y118.855 E.02377
G1 X124.693 Y118.763 E.02407
G1 X125.564 Y118.81 E.02953
G1 X126.045 Y118.888 E.01649
G1 X126.534 Y119.024 E.01718
G1 X127.443 Y119.468 E.03424
G1 X128.038 Y119.907 E.02503
G1 X128.54 Y120.419 E.02427
G1 X128.958 Y121.001 E.02425
G1 X129.424 Y122.023 E.03802
G1 X129.57 Y122.638 E.0214
G1 X129.639 Y123.383 E.02533
G1 X129.543 Y124.312 E.03161
G1 X129.498 Y124.567 E.00876
G1 X129.182 Y125.446 E.03162
G1 X128.792 Y126.078 E.02514
G1 X128.54 Y126.447 E.01512
G1 X128.107 Y126.896 E.02111
G1 X127.154 Y127.567 E.03945
G1 X126.584 Y127.822 E.02114
G1 X125.565 Y128.072 E.03551
G1 X124.955 Y128.107 E.02068
G1 X124.114 Y128.037 E.02857
G1 X123.803 Y127.954 E.0109
M204 S1000
G1 X123.803 Y127.954 F10800
G1 X123.837 Y127.545
M204 S800
;TYPE:External perimeter
G1 F1500
G1 X123.529 Y127.461 E.01081
G1 X122.622 Y127.012 E.03426
G1 X122.126 Y126.634 E.02111
G1 X121.671 Y126.165 E.02212
G1 X121.139 Y125.35 E.03294
G1 X120.888 Y124.738 E.02239
G1 X120.746 Y124.139 E.02084
G1 X120.686 Y123.482 E.02233
G1 X120.732 Y122.797 E.02324
M73 P13 R7
G1 X120.879 Y122.158 E.02219
G1 X121.121 Y121.55 E.02215
G1 X121.647 Y120.732 E.03292
G1 X122.104 Y120.252 E.02243
G1 X122.897 Y119.69 E.0329
G1 X123.481 Y119.424 E.02172
G1 X124.097 Y119.247 E.02169
G1 X124.742 Y119.167 E.022
G1 X125.533 Y119.216 E.02683
G1 X125.937 Y119.281 E.01385
G1 X126.425 Y119.419 E.01717
G1 X127.263 Y119.833 E.03164
G1 X127.791 Y120.231 E.02238
G1 X128.247 Y120.702 E.02219
G1 X128.625 Y121.235 E.02212
G1 X129.039 Y122.158 E.03424
G1 X129.174 Y122.732 E.01996
G1 X129.233 Y123.417 E.02327
G1 X129.115 Y124.43 E.03452
G1 X128.799 Y125.309 E.03162
G1 X128.247 Y126.164 E.03445
G1 X127.814 Y126.614 E.02114
G1 X126.987 Y127.195 E.03421
G1 X126.418 Y127.451 E.02112
G1 X125.472 Y127.676 E.03291
G1 X124.939 Y127.7 E.01806
G1 X124.16 Y127.632 E.02647
G1 X123.895 Y127.56 E.0093
M204 S1000
;WIPE_START
G1 F8640
G1 X123.837 Y127.545 E-.01383
G1 X123.529 Y127.461 E-.07372
G1 X122.622 Y127.012 E-.23369
G1 X122.126 Y126.634 E-.144
G1 X121.671 Y126.165 E-.15088
G1 X121.236 Y125.498 E-.18388
;WIPE_END
G1 Z1 F720
G1 X124.947 Y117.638 F10800
G1 Z.6 F720
G1 E.8 F2100
M204 S800
;TYPE:Perimeter
G1 F1500
G1 X125.669 Y117.66 E.02445
G1 X126.342 Y117.784 E.02316
G1 X127.346 Y118.13 E.03595
G1 X128.263 Y118.647 E.03563
G1 X129.071 Y119.321 E.03562
G1 X129.745 Y120.13 E.03564
G1 X130.282 Y121.095 E.03738
G1 X130.535 Y121.816 E.02586
G1 X130.736 Y122.784 E.03346
G1 X130.775 Y123.424 E.0217
G1 X130.679 Y124.481 E.03593
G1 X130.394 Y125.504 E.03595
G1 X130.109 Y126.136 E.02347
G1 X129.751 Y126.729 E.02345
G1 X129.071 Y127.545 E.03595
G1 X128.262 Y128.219 E.03564
G1 X127.337 Y128.74 E.03593
M73 P14 R7
G1 X126.698 Y128.983 E.02314
G1 X125.651 Y129.208 E.03625
G1 X124.968 Y129.249 E.02316
G1 X123.91 Y129.153 E.03596
G1 X122.888 Y128.868 E.03591
G1 X122.264 Y128.587 E.02316
G1 X121.365 Y128.006 E.03623
G1 X120.846 Y127.546 E.02347
G1 X120.386 Y127.027 E.02347
G1 X119.804 Y126.128 E.03625
G1 X119.524 Y125.504 E.02315
G1 X119.236 Y124.472 E.03627
G1 X119.153 Y123.784 E.02346
G1 X119.153 Y123.082 E.02376
G1 X119.236 Y122.393 E.02349
G1 X119.524 Y121.362 E.03623
G1 X119.805 Y120.738 E.02316
G1 X120.386 Y119.839 E.03623
G1 X120.846 Y119.32 E.02347
G1 X121.365 Y118.86 E.02347
G1 X122.264 Y118.279 E.03623
G1 X122.888 Y117.998 E.02316
G1 X123.919 Y117.71 E.03623
G1 X124.599 Y117.628 E.02318
G1 X124.887 Y117.637 E.00975
M204 S1000
G1 X124.887 Y117.637 F10800
G1 X124.96 Y117.231
M204 S800
;TYPE:External perimeter
G1 F1500
G1 X125.712 Y117.254 E.02547
G1 X126.446 Y117.389 E.02526
G1 X127.513 Y117.757 E.0382
G1 X128.495 Y118.311 E.03816
G1 X129.36 Y119.032 E.03812
G1 X130.081 Y119.897 E.03812
G1 X130.365 Y120.401 E.01958
G1 X130.663 Y120.951 E.02117
G1 X130.933 Y121.731 E.02794
G1 X131.143 Y122.76 E.03555
G1 X131.183 Y123.43 E.02272
G1 X131.081 Y124.555 E.03824
G1 X130.778 Y125.643 E.03823
G1 X130.47 Y126.326 E.02536
G1 X130.083 Y126.966 E.02532
G1 X129.36 Y127.834 E.03824
G1 X128.494 Y128.555 E.03814
G1 X127.511 Y129.11 E.03821
G1 X126.813 Y129.375 E.02527
G1 X125.706 Y129.612 E.03832
G1 X124.962 Y129.657 E.02523
G1 X123.837 Y129.555 E.03824
G1 X122.749 Y129.252 E.03823
G1 X122.069 Y128.946 E.02524
G1 X121.118 Y128.331 E.03833
G1 X120.557 Y127.834 E.02537
G1 X120.061 Y127.274 E.02532
G1 X119.446 Y126.323 E.03833
G1 X119.14 Y125.643 E.02524
G1 X118.836 Y124.552 E.03834
G1 X118.745 Y123.808 E.02537
G1 X118.745 Y123.057 E.02542
G1 X118.836 Y122.314 E.02534
G1 X119.14 Y121.223 E.03834
G1 X119.446 Y120.543 E.02524
G1 X120.061 Y119.592 E.03833
G1 X120.557 Y119.031 E.02535
G1 X121.118 Y118.535 E.02535
G1 X122.069 Y117.92 E.03833
G1 X122.749 Y117.614 E.02524
G1 X123.84 Y117.31 E.03834
G1 X124.58 Y117.22 E.02523
G1 X124.9 Y117.23 E.01084
M204 S1000
;WIPE_START
G1 F8640
G1 X124.96 Y117.231 E-.01386
G1 X125.712 Y117.254 E-.17372
G1 X126.446 Y117.389 E-.17233
G1 X127.513 Y117.757 E-.26061
G1 X128.19 Y118.139 E-.17948
;WIPE_END
G1 Z1 F720
G1 X119.52 Y123.749 F10800
G1 Z.6 F720
G1 E.8 F2100
M204 S2000
;TYPE:Solid infill
;WIDTH:0.454241
G1 F2429
G1 X119.523 Y123.092 E.02247
G1 X119.602 Y122.45 E.02212
;WIDTH:0.455617
G1 X119.878 Y121.474 E.03481
G1 X120.144 Y120.887 E.02212
;WIDTH:0.448187
G1 X120.753 Y119.973 E.03701
;WIDTH:0.453324
G1 X121.116 Y119.572 E.01846
;WIDTH:0.457702
G1 X121.602 Y119.147 E.02227
G1 X122.453 Y118.594 E.035
;WIDTH:0.447867
G1 X123.098 Y118.317 E.02364
;WIDTH:0.45393
G1 X124.007 Y118.071 E.03218
G1 X124.903 Y117.999 E.03072
;WIDTH:0.458391
G1 X125.645 Y118.033 E.02566
G1 X126.263 Y118.145 E.0217
;WIDTH:0.459536
G1 X127.209 Y118.479 E.03475
G1 X128.067 Y118.963 E.03413
;WIDTH:0.45264
G1 X128.822 Y119.596 E.03357
;WIDTH:0.4557
G1 X129.44 Y120.34 E.0332
G1 X129.7 Y120.784 E.01766
;WIDTH:0.462957
G1 X129.933 Y121.228 E.01751
G1 X130.181 Y121.896 E.02489
;WIDTH:0.455729
G1 X130.368 Y122.807 E.03192
G1 X130.397 Y123.576 E.02641
;WIDTH:0.46089
G1 X130.313 Y124.395 E.02861
G1 X130.212 Y124.812 E.01491
;WIDTH:0.459923
G1 X130.037 Y125.392 E.02101
G1 X129.776 Y125.975 E.02215
;WIDTH:0.462473
G1 X129.454 Y126.499 E.02146
G1 X129.175 Y126.858 E.01586
;WIDTH:0.452944
G1 X128.821 Y127.27 E.01852
G1 X128.514 Y127.541 E.01396
;WIDTH:0.460557
G1 X128.034 Y127.921 E.02126
G1 X127.166 Y128.412 E.03463
;WIDTH:0.456219
G1 X126.577 Y128.631 E.0216
G1 X125.492 Y128.853 E.03806
;WIDTH:0.44532
G1 X124.647 Y128.858 E.02827
;WIDTH:0.444565
G1 X123.909 Y128.775 E.0248
;WIDTH:0.44878
G1 X122.972 Y128.505 E.03291
;WIDTH:0.460743
G1 X122.442 Y128.26 E.02029
G1 X122.006 Y127.993 E.01776
;WIDTH:0.452357
G1 X121.576 Y127.702 E.01768
;WIDTH:0.455226
G1 X121.099 Y127.275 E.02195
G1 X120.671 Y126.791 E.02215
;WIDTH:0.452568
G1 X120.094 Y125.882 E.03667
;WIDTH:0.455603
G1 X119.878 Y125.392 E.01838
G1 X119.758 Y125.006 E.01387
;WIDTH:0.452546
G1 X119.596 Y124.385 E.02186
;WIDTH:0.452757
G1 X119.544 Y123.951 E.0149
;WIDTH:0.449999
G1 X119.954 Y123.936 E.01389
;WIDTH:0.452748
G1 X119.999 Y124.316 E.01304
;WIDTH:0.452546
G1 X120.14 Y124.911 E.02083
;WIDTH:0.455603
G1 X120.483 Y125.757 E.03133
;WIDTH:0.448205
G1 X121.097 Y126.678 E.0373
;WIDTH:0.443857
G1 X121.662 Y127.249 E.02678
G1 X122.206 Y127.656 E.02265
;WIDTH:0.460743
G1 X122.636 Y127.889 E.01699
G1 X123.182 Y128.151 E.02104
;WIDTH:0.447172
G1 X124.05 Y128.395 E.03031
;WIDTH:0.453973
G1 X124.971 Y128.468 E.03158
G1 X125.528 Y128.445 E.01905
;WIDTH:0.449042
G1 X126.693 Y128.17 E.04042
;WIDTH:0.442896
G1 X127.38 Y127.854 E.02515
;WIDTH:0.460557
G1 X127.811 Y127.568 E.01796
G1 X128.304 Y127.204 E.02128
;WIDTH:0.437107
G1 X128.834 Y126.656 E.02499
;WIDTH:0.462473
G1 X129.427 Y125.758 E.03754
;WIDTH:0.459923
G1 X129.651 Y125.235 E.01973
G1 X129.836 Y124.692 E.01989
;WIDTH:0.46089
G1 X129.898 Y124.348 E.01215
G1 X129.999 Y123.431 E.03206
;WIDTH:0.45086
G1 X129.924 Y122.569 E.02935
;WIDTH:0.449376
G1 X129.775 Y121.936 E.02198
;WIDTH:0.462957
G1 X129.328 Y120.926 E.03858
;WIDTH:0.437762
G1 X128.836 Y120.212 E.02847
;WIDTH:0.438566
G1 X128.347 Y119.702 E.02324
;WIDTH:0.43903
G1 X127.638 Y119.163 E.02933
G1 X126.638 Y118.68 E.03658
;WIDTH:0.452483
G1 X126.142 Y118.536 E.01759
;WIDTH:0.458391
G1 X125.591 Y118.444 E.0193
G1 X124.675 Y118.408 E.03167
;WIDTH:0.454194
G1 X123.886 Y118.508 E.0272
;WIDTH:0.448316
G1 X123.165 Y118.719 E.02532
G1 X122.452 Y119.062 E.02667
;WIDTH:0.457702
G1 X121.835 Y119.49 E.0259
G1 X121.399 Y119.869 E.01992
;WIDTH:0.453324
G1 X121.014 Y120.299 E.0197
;WIDTH:0.452563
G1 X120.465 Y121.143 E.0343
;WIDTH:0.446915
G1 X120.14 Y121.956 E.02941
;WIDTH:0.452894
G1 X120 Y122.55 E.0208
;WIDTH:0.454241
G1 X119.932 Y123.131 E.02001
G1 X119.93 Y123.734 E.02062
M204 S1000
M106 S76.5
;LAYER_CHANGE
;Z:0.8
;HEIGHT:0.2
;BEFORE_LAYER_CHANGE
G92 E0.0
;0.8


;WIPE_START
G1 F8640
G1 X119.932 Y123.131 E-.13924
G1 X120 Y122.55 E-.13507
G1 X120.14 Y121.956 E-.14091
G1 X120.465 Y121.143 E-.20217
G1 X120.896 Y120.48 E-.18261
;WIPE_END
G1 Z.8 F720
;AFTER_LAYER_CHANGE
;0.8
G1 Z1.2
; stop printing object Scheibe-Radhaenger.stl id:1 copy 0
; printing object Scheibe-Radhaenger.stl id:0 copy 0
G1 X123.783 Y109.517 F10800
G1 Z.8 F720
G1 E.8 F2100
M204 S800
;TYPE:Perimeter
;WIDTH:0.449999
G1 F1261
G1 X123.315 Y109.359 E.01672
G1 X122.834 Y109.135 E.01796
G1 X122.379 Y108.875 E.01774
G1 X121.921 Y108.525 E.01951
G1 X121.419 Y108.014 E.02425
G1 X120.978 Y107.397 E.02567
G1 X120.524 Y106.369 E.03804
G1 X120.39 Y105.803 E.01969
G1 X120.322 Y104.929 E.02967
G1 X120.429 Y104.002 E.03159
G1 X120.65 Y103.339 E.02366
G1 X120.839 Y102.861 E.0174
G1 X121.347 Y102.076 E.03165
G1 X121.92 Y101.476 E.02808
G1 X122.379 Y101.124 E.01958
G1 X122.842 Y100.86 E.01804
M73 P15 R7
G1 X123.318 Y100.642 E.01772
G1 X123.805 Y100.475 E.01743
G1 X124.416 Y100.356 E.02107
G1 X125.133 Y100.321 E.0243
G1 X126.151 Y100.467 E.03481
G1 X126.872 Y100.71 E.02575
G1 X127.463 Y101.021 E.02261
G1 X128.075 Y101.472 E.02573
G1 X128.581 Y101.986 E.02441
G1 X128.999 Y102.568 E.02425
G1 X129.465 Y103.59 E.03802
G1 X129.644 Y104.495 E.03123
G1 X129.67 Y105.312 E.02767
G1 X129.481 Y106.345 E.03555
G1 X129.215 Y107.035 E.02503
G1 X128.881 Y107.614 E.02263
G1 X128.481 Y108.118 E.02178
G1 X128.096 Y108.497 E.01829
G1 X127.682 Y108.828 E.01794
G1 X127.239 Y109.108 E.01774
G1 X126.63 Y109.387 E.02267
G1 X126.085 Y109.547 E.01923
G1 X125.561 Y109.634 E.01798
G1 X125.038 Y109.675 E.01776
G1 X124.524 Y109.656 E.01741
G1 X123.841 Y109.532 E.0235
M204 S1000
G1 X123.841 Y109.532 F10800
G1 X123.876 Y109.123
M204 S800
;TYPE:External perimeter
G1 F1261
G1 X123.31 Y108.925 E.0203
G1 X122.691 Y108.597 E.02371
G1 X122.168 Y108.202 E.02218
G1 X121.712 Y107.731 E.02219
G1 X121.326 Y107.186 E.02261
G1 X120.92 Y106.275 E.03376
G1 X120.787 Y105.712 E.01958
G1 X120.726 Y105.017 E.02362
G1 X120.844 Y104.003 E.03455
G1 X121.16 Y103.124 E.03162
G1 X121.688 Y102.299 E.03315
G1 X122.145 Y101.819 E.02243
G1 X122.625 Y101.448 E.02053
G1 X123.236 Y101.107 E.02368
G1 X123.852 Y100.882 E.0222
G1 X124.494 Y100.756 E.02215
G1 X125.149 Y100.728 E.02219
G1 X126.089 Y100.87 E.03218
G1 X126.735 Y101.093 E.02313
G1 X127.27 Y101.38 E.02055
G1 X127.831 Y101.798 E.02368
G1 X128.288 Y102.268 E.02219
G1 X128.666 Y102.803 E.02217
G1 X129.082 Y103.733 E.03449
G1 X129.259 Y104.649 E.03158
G1 X129.263 Y105.312 E.02244
G1 X129.082 Y106.267 E.0329
G1 X128.837 Y106.883 E.02244
G1 X128.531 Y107.407 E.02054
G1 X128.165 Y107.861 E.01974
G1 X127.604 Y108.39 E.0261
G1 X127.096 Y108.723 E.02056
G1 X126.461 Y109.017 E.02369
G1 X125.976 Y109.155 E.01707
G1 X125.181 Y109.271 E.02719
G1 X124.573 Y109.252 E.02059
G1 X123.934 Y109.135 E.02199
M204 S1000
;WIPE_START
G1 F8640
G1 X123.876 Y109.123 E-.01368
G1 X123.31 Y108.925 E-.13846
G1 X122.691 Y108.597 E-.16175
G1 X122.168 Y108.202 E-.15133
G1 X121.712 Y107.731 E-.15137
G1 X121.326 Y107.186 E-.15421
G1 X121.275 Y107.071 E-.0292
;WIPE_END
G1 Z1.2 F720
G1 X124.989 Y99.205 F10800
G1 Z.8 F720
G1 E.8 F2100
M204 S800
;TYPE:Perimeter
G1 F1261
G1 X125.71 Y99.227 E.02442
G1 X126.383 Y99.351 E.02316
G1 X127.387 Y99.697 E.03595
G1 X128.304 Y100.214 E.03563
G1 X129.112 Y100.888 E.03562
G1 X129.786 Y101.697 E.03564
G1 X130.323 Y102.662 E.03738
G1 X130.586 Y103.43 E.02748
G1 X130.778 Y104.351 E.03184
G1 X130.816 Y104.991 E.0217
G1 X130.72 Y106.049 E.03596
G1 X130.435 Y107.071 E.03591
G1 X130.15 Y107.703 E.02347
G1 X129.787 Y108.304 E.02377
G1 X129.354 Y108.857 E.02377
G1 X128.857 Y109.354 E.02379
G1 X128.311 Y109.782 E.02348
G1 X127.387 Y110.303 E.03591
G1 X126.383 Y110.649 E.03595
G1 X125.701 Y110.774 E.02347
G1 X125.009 Y110.816 E.02347
G1 X123.951 Y110.72 E.03596
G1 X122.929 Y110.435 E.03591
G1 X122.297 Y110.15 E.02347
G1 X121.703 Y109.792 E.02348
G1 X120.888 Y109.112 E.03593
G1 X120.208 Y108.296 E.03595
G1 X119.85 Y107.703 E.02345
G1 X119.565 Y107.071 E.02347
G1 X119.277 Y106.039 E.03627
G1 X119.194 Y105.351 E.02346
G1 X119.194 Y104.649 E.02376
G1 X119.277 Y103.96 E.02349
G1 X119.563 Y102.938 E.03592
G1 X120.027 Y101.983 E.03594
G1 X120.421 Y101.413 E.02345
G1 X120.881 Y100.894 E.02347
G1 X121.704 Y100.208 E.03627
G1 X122.297 Y99.85 E.02345
G1 X122.929 Y99.565 E.02347
G1 X123.961 Y99.277 E.03627
G1 X124.64 Y99.195 E.02315
G1 X124.929 Y99.204 E.00979
M204 S1000
G1 X124.929 Y99.204 F10800
G1 X125.001 Y98.799
M204 S800
;TYPE:External perimeter
G1 F1261
G1 X125.753 Y98.821 E.02547
G1 X126.487 Y98.956 E.02526
G1 X127.555 Y99.324 E.03824
G1 X128.536 Y99.878 E.03813
G1 X129.401 Y100.599 E.03812
G1 X130.123 Y101.465 E.03816
G1 X130.406 Y101.968 E.01954
G1 X130.704 Y102.518 E.02117
G1 X130.984 Y103.345 E.02955
G1 X131.184 Y104.327 E.03392
G1 X131.224 Y104.997 E.02272
G1 X131.122 Y106.122 E.03824
G1 X130.819 Y107.21 E.03823
G1 X130.512 Y107.893 E.02535
G1 X130.123 Y108.536 E.02544
G1 X129.659 Y109.128 E.02546
G1 X129.128 Y109.659 E.02542
G1 X128.538 Y110.121 E.02536
G1 X127.554 Y110.676 E.03824
G1 X126.487 Y111.044 E.0382
G1 X125.75 Y111.179 E.02536
G1 X125.003 Y111.224 E.02533
G1 X123.878 Y111.122 E.03824
G1 X122.79 Y110.819 E.03823
G1 X122.107 Y110.512 E.02535
G1 X121.466 Y110.124 E.02536
G1 X120.599 Y109.401 E.03821
G1 X119.876 Y108.533 E.03824
M73 P16 R7
G1 X119.488 Y107.893 E.02533
G1 X119.181 Y107.21 E.02535
G1 X118.877 Y106.119 E.03834
G1 X118.787 Y105.375 E.02537
G1 X118.787 Y104.625 E.02539
G1 X118.877 Y103.881 E.02537
G1 X119.18 Y102.793 E.03823
G1 X119.675 Y101.777 E.03825
G1 X120.1 Y101.161 E.02533
G1 X120.597 Y100.601 E.02534
G1 X121.467 Y99.876 E.03833
G1 X122.107 Y99.488 E.02533
G1 X122.79 Y99.181 E.02535
G1 X123.881 Y98.877 E.03834
G1 X124.621 Y98.787 E.02523
G1 X124.941 Y98.797 E.01084
M204 S1000
G1 X124.941 Y98.797 F10800
G1 X124.699 Y99.566
M204 S2000
;TYPE:Solid infill
;WIDTH:0.458678
G1 F1261
G1 X125.686 Y99.6 E.03414
G1 X126.388 Y99.737 E.02473
;WIDTH:0.448534
G1 X127.252 Y100.041 E.03089
;WIDTH:0.454706
G1 X128.108 Y100.531 E.03377
G1 X128.864 Y101.163 E.03374
;WIDTH:0.455737
G1 X129.481 Y101.907 E.03318
G1 X129.74 Y102.349 E.01758
;WIDTH:0.461117
G1 X129.975 Y102.794 E.0175
G1 X130.212 Y103.421 E.02331
;WIDTH:0.447695
G1 X130.417 Y104.448 E.03525
;WIDTH:0.453046
G1 X130.446 Y104.97 E.01783
G1 X130.412 Y105.473 E.01719
;WIDTH:0.459871
G1 X130.348 Y106 E.01841
G1 X130.082 Y106.96 E.03454
;WIDTH:0.452071
G1 X129.819 Y107.543 E.02176
;WIDTH:0.451122
G1 X129.477 Y108.105 E.02233
;WIDTH:0.454303
G1 X129.069 Y108.621 E.0225
;WIDTH:0.455351
G1 X128.603 Y109.085 E.02255
G1 X128.094 Y109.483 E.02216
;WIDTH:0.45338
G1 X127.251 Y109.957 E.03301
G1 X126.874 Y110.099 E.01375
;WIDTH:0.45285
G1 X126.274 Y110.295 E.02152
;WIDTH:0.456848
G1 X125.644 Y110.407 E.02202
G1 X124.999 Y110.447 E.02224
;WIDTH:0.453663
G1 X124.037 Y110.358 E.033
G1 X123.603 Y110.249 E.01528
;WIDTH:0.452156
G1 X123.04 Y110.082 E.01998
;WIDTH:0.45667
G1 X122.458 Y109.816 E.02201
G1 X121.905 Y109.482 E.02223
;WIDTH:0.451723
G1 X121.148 Y108.851 E.0335
;WIDTH:0.451381
G1 X120.813 Y108.462 E.01744
;WIDTH:0.453258
G1 X120.501 Y108.069 E.01712
;WIDTH:0.457624
G1 X120.178 Y107.531 E.02164
G1 X119.92 Y106.959 E.02164
;WIDTH:0.456293
G1 X119.792 Y106.546 E.01486
;WIDTH:0.445021
G1 X119.617 Y105.816 E.0251
;WIDTH:0.454435
G1 X119.562 Y105.316 E.01721
;WIDTH:0.459653
G1 X119.565 Y104.672 E.02232
G1 X119.64 Y104.049 E.02174
;WIDTH:0.459101
G1 X119.731 Y103.676 E.01329
;WIDTH:0.460381
G1 X119.906 Y103.088 E.0213
G1 X120.11 Y102.635 E.01725
;WIDTH:0.460563
G1 X120.358 Y102.158 E.01867
G1 X120.761 Y101.58 E.02447
;WIDTH:0.447859
G1 X121.363 Y100.961 E.02907
;WIDTH:0.444754
G1 X122.038 Y100.431 E.02868
;WIDTH:0.456633
G1 X122.48 Y100.172 E.01762
G1 X123.07 Y99.907 E.02225
;WIDTH:0.452071
G1 X123.556 Y99.763 E.01724
;WIDTH:0.452488
G1 X124.048 Y99.637 E.0173
;WIDTH:0.455084
G1 X124.497 Y99.588 E.01548
;WIDTH:0.449999
G1 X125.066 Y99.977 E.02333
;WIDTH:0.442958
G1 X124.344 Y100 E.02403
G1 X123.675 Y100.137 E.02271
;WIDTH:0.452071
G1 X123.193 Y100.297 E.01728
;WIDTH:0.456633
G1 X122.663 Y100.543 E.0201
G1 X122.161 Y100.835 E.01998
;WIDTH:0.454124
G1 X121.433 Y101.447 E.03252
G1 X121.038 Y101.88 E.02004
;WIDTH:0.449858
G1 X120.49 Y102.749 E.03476
;WIDTH:0.460381
G1 X120.304 Y103.215 E.01742
G1 X120.106 Y103.796 E.02131
;WIDTH:0.459101
G1 X120.054 Y104.098 E.0106
G1 X119.956 Y104.977 E.03061
;WIDTH:0.454435
G1 X120.037 Y105.882 E.03109
;WIDTH:0.450122
G1 X120.173 Y106.449 E.01974
;WIDTH:0.456293
G1 X120.296 Y106.788 E.0124
G1 X120.676 Y107.597 E.03072
;WIDTH:0.442727
G1 X121.123 Y108.221 E.02552
;WIDTH:0.438535
G1 X121.611 Y108.731 E.02322
;WIDTH:0.451723
G1 X122.161 Y109.163 E.02377
;WIDTH:0.45667
G1 X122.661 Y109.456 E.01994
G1 X123.19 Y109.702 E.02007
;WIDTH:0.452156
G1 X123.747 Y109.881 E.01991
;WIDTH:0.437299
G1 X124.503 Y110.015 E.02518
;WIDTH:0.450011
G1 X125.025 Y110.041 E.01769
;WIDTH:0.456848
G1 X125.608 Y109.995 E.02013
G1 X126.18 Y109.897 E.01997
;WIDTH:0.45285
G1 X126.783 Y109.713 E.02149
;WIDTH:0.43793
G1 X127.448 Y109.405 E.02407
;WIDTH:0.450897
G1 X127.882 Y109.134 E.01736
;WIDTH:0.455351
G1 X128.34 Y108.767 E.02013
G1 X128.763 Y108.347 E.02044
;WIDTH:0.454303
G1 X129.193 Y107.803 E.02372
;WIDTH:0.446313
G1 X129.54 Y107.198 E.02339
;WIDTH:0.443688
G1 X129.836 Y106.411 E.02802
;WIDTH:0.438043
G1 X130.023 Y105.418 E.0332
;WIDTH:0.453046
G1 X130.037 Y104.981 E.01491
G1 X130.005 Y104.426 E.01896
;WIDTH:0.452784
G1 X129.805 Y103.461 E.03359
;WIDTH:0.461117
G1 X129.37 Y102.494 E.03687
;WIDTH:0.437775
G1 X128.877 Y101.778 E.02854
;WIDTH:0.43864
G1 X128.388 Y101.269 E.02322
G1 X127.643 Y100.709 E.03067
;WIDTH:0.442935
G1 X126.989 Y100.367 E.02455
;WIDTH:0.450328
G1 X126.207 Y100.105 E.02794
G1 X125.27 Y99.97 E.03207
M204 S1000
;WIPE_START
G1 F8640
G1 X126.207 Y100.105 E-.21859
G1 X126.989 Y100.367 E-.19043
G1 X127.643 Y100.709 E-.17041
G1 X128.388 Y101.269 E-.2152
G1 X128.404 Y101.286 E-.00537
;WIPE_END
G1 Z1.2 F720
; stop printing object Scheibe-Radhaenger.stl id:0 copy 0
; printing object Scheibe-Radhaenger.stl id:1 copy 0
G1 X123.742 Y127.95 F10800
G1 Z.8 F720
G1 E.8 F2100
M204 S800
;TYPE:Perimeter
;WIDTH:0.449999
G1 F1261
G1 X123.274 Y127.791 E.01673
G1 X122.793 Y127.568 E.01795
G1 X122.338 Y127.308 E.01774
G1 X121.88 Y126.958 E.01951
G1 X121.377 Y126.446 E.02429
G1 X120.936 Y125.829 E.02567
G1 X120.483 Y124.802 E.03799
G1 X120.348 Y124.235 E.01973
G1 X120.281 Y123.362 E.02964
G1 X120.388 Y122.435 E.03159
G1 X120.609 Y121.772 E.02366
G1 X120.798 Y121.294 E.0174
G1 X121.306 Y120.509 E.03165
G1 X121.879 Y119.909 E.02808
G1 X122.337 Y119.557 E.01955
G1 X122.8 Y119.293 E.01804
G1 X123.276 Y119.075 E.01772
G1 X123.764 Y118.907 E.01747
G1 X124.375 Y118.789 E.02106
G1 X125.092 Y118.754 E.0243
G1 X126.11 Y118.9 E.03481
G1 X126.831 Y119.143 E.02575
G1 X127.422 Y119.454 E.02261
G1 X128.034 Y119.905 E.02573
G1 X128.54 Y120.419 E.02441
G1 X128.958 Y121.001 E.02425
G1 X129.424 Y122.023 E.03802
G1 X129.603 Y122.928 E.03123
G1 X129.629 Y123.745 E.02767
G1 X129.44 Y124.777 E.03551
G1 X129.174 Y125.468 E.02506
G1 X128.84 Y126.046 E.0226
M73 P17 R7
G1 X128.44 Y126.55 E.02178
G1 X128.055 Y126.929 E.01829
G1 X127.641 Y127.261 E.01796
G1 X127.198 Y127.541 E.01774
G1 X126.589 Y127.82 E.02267
G1 X126.044 Y127.98 E.01923
G1 X125.52 Y128.067 E.01798
G1 X124.996 Y128.108 E.01779
G1 X124.483 Y128.089 E.01738
G1 X123.8 Y127.965 E.0235
M204 S1000
G1 X123.834 Y127.556 F10800
M204 S800
;TYPE:External perimeter
G1 F1261
G1 X123.268 Y127.357 E.02031
G1 X122.649 Y127.03 E.0237
G1 X122.127 Y126.635 E.02216
G1 X121.671 Y126.164 E.02219
G1 X121.285 Y125.619 E.02261
G1 X120.879 Y124.708 E.03376
G1 X120.745 Y124.145 E.01959
G1 X120.684 Y123.45 E.02362
G1 X120.803 Y122.436 E.03456
G1 X121.119 Y121.557 E.03162
G1 X121.647 Y120.732 E.03315
G1 X122.104 Y120.252 E.02243
G1 X122.583 Y119.881 E.02051
G1 X123.195 Y119.539 E.02373
G1 X123.811 Y119.315 E.02219
G1 X124.453 Y119.188 E.02215
G1 X125.107 Y119.161 E.02216
G1 X126.048 Y119.302 E.03221
G1 X126.693 Y119.526 E.02311
G1 X127.228 Y119.812 E.02053
G1 X127.79 Y120.231 E.02373
G1 X128.246 Y120.701 E.02217
G1 X128.625 Y121.236 E.02219
G1 X129.04 Y122.166 E.03447
G1 X129.218 Y123.082 E.03159
G1 X129.222 Y123.745 E.02244
G1 X129.04 Y124.7 E.03291
G1 X128.796 Y125.316 E.02243
G1 X128.49 Y125.84 E.02054
G1 X128.124 Y126.294 E.01974
G1 X127.562 Y126.823 E.02612
G1 X127.055 Y127.156 E.02053
G1 X126.419 Y127.45 E.02372
G1 X125.935 Y127.587 E.01703
G1 X125.139 Y127.703 E.02723
G1 X124.531 Y127.685 E.02059
G1 X123.893 Y127.568 E.02196
M204 S1000
;WIPE_START
G1 F8640
G1 X123.834 Y127.556 E-.0139
G1 X123.268 Y127.357 E-.13853
G1 X122.649 Y127.03 E-.16165
G1 X122.127 Y126.635 E-.15115
G1 X121.671 Y126.164 E-.15137
G1 X121.285 Y125.619 E-.15421
G1 X121.234 Y125.504 E-.02919
;WIPE_END
G1 Z1.2 F720
G1 X124.947 Y117.638 F10800
G1 Z.8 F720
G1 E.8 F2100
M204 S800
;TYPE:Perimeter
G1 F1261
G1 X125.669 Y117.66 E.02445
G1 X126.342 Y117.784 E.02316
G1 X127.346 Y118.13 E.03595
G1 X128.263 Y118.647 E.03563
G1 X129.071 Y119.321 E.03562
G1 X129.745 Y120.13 E.03564
G1 X130.282 Y121.095 E.03738
G1 X130.545 Y121.863 E.02748
G1 X130.736 Y122.784 E.03184
G1 X130.775 Y123.424 E.0217
G1 X130.679 Y124.481 E.03593
G1 X130.394 Y125.504 E.03595
G1 X130.109 Y126.136 E.02347
G1 X129.746 Y126.737 E.02377
G1 X129.312 Y127.29 E.02379
G1 X128.816 Y127.787 E.02377
G1 X128.27 Y128.214 E.02346
G1 X127.345 Y128.736 E.03595
G1 X126.342 Y129.082 E.03591
G1 X125.66 Y129.207 E.02347
G1 X124.968 Y129.249 E.02347
G1 X123.91 Y129.153 E.03596
G1 X122.888 Y128.868 E.03591
G1 X122.256 Y128.583 E.02347
G1 X121.662 Y128.225 E.02348
G1 X120.846 Y127.545 E.03595
G1 X120.167 Y126.729 E.03593
G1 X119.808 Y126.136 E.02346
G1 X119.524 Y125.504 E.02345
G1 X119.236 Y124.472 E.03627
G1 X119.153 Y123.784 E.02346
G1 X119.153 Y123.082 E.02376
G1 X119.236 Y122.393 E.02349
G1 X119.521 Y121.37 E.03595
G1 X119.986 Y120.416 E.03592
G1 X120.38 Y119.846 E.02345
G1 X120.84 Y119.326 E.0235
G1 X121.662 Y118.641 E.03622
G1 X122.256 Y118.282 E.02349
G1 X122.888 Y117.998 E.02345
G1 X123.919 Y117.71 E.03623
G1 X124.599 Y117.628 E.02318
G1 X124.887 Y117.637 E.00975
M204 S1000
G1 X124.887 Y117.637 F10800
G1 X124.96 Y117.231
M204 S800
;TYPE:External perimeter
G1 F1261
G1 X125.712 Y117.254 E.02547
G1 X126.446 Y117.389 E.02526
G1 X127.513 Y117.757 E.0382
G1 X128.495 Y118.311 E.03816
G1 X129.36 Y119.032 E.03812
G1 X130.081 Y119.897 E.03812
G1 X130.365 Y120.401 E.01958
G1 X130.663 Y120.951 E.02117
G1 X130.943 Y121.777 E.02952
G1 X131.143 Y122.76 E.03396
G1 X131.183 Y123.43 E.02272
G1 X131.081 Y124.555 E.03824
G1 X130.778 Y125.643 E.03823
G1 X130.47 Y126.326 E.02536
G1 X130.082 Y126.969 E.02542
G1 X129.618 Y127.561 E.02546
G1 X129.087 Y128.092 E.02542
G1 X128.497 Y128.554 E.02536
G1 X127.513 Y129.109 E.03824
G1 X126.445 Y129.477 E.03824
G1 X125.709 Y129.612 E.02533
G1 X124.962 Y129.657 E.02533
G1 X123.837 Y129.555 E.03824
G1 X122.749 Y129.252 E.03823
G1 X122.066 Y128.944 E.02536
G1 X121.425 Y128.557 E.02534
G1 X120.557 Y127.834 E.03824
G1 X119.834 Y126.966 E.03824
G1 X119.447 Y126.326 E.02532
G1 X119.14 Y125.643 E.02535
G1 X118.836 Y124.552 E.03834
G1 X118.745 Y123.808 E.02537
G1 X118.745 Y123.057 E.02542
G1 X118.836 Y122.314 E.02534
G1 X119.139 Y121.225 E.03826
G1 X119.634 Y120.21 E.03822
G1 X120.059 Y119.594 E.02533
G1 X120.555 Y119.033 E.02535
G1 X121.425 Y118.309 E.03831
G1 X122.066 Y117.921 E.02536
G1 X122.749 Y117.614 E.02535
G1 X123.84 Y117.31 E.03834
M73 P18 R7
G1 X124.58 Y117.22 E.02523
G1 X124.9 Y117.23 E.01084
M204 S1000
G1 X124.9 Y117.23 F10800
G1 X124.658 Y117.999
M204 S2000
;TYPE:Solid infill
;WIDTH:0.458678
G1 F1261
G1 X125.645 Y118.033 E.03414
G1 X126.347 Y118.17 E.02473
;WIDTH:0.448534
G1 X127.211 Y118.474 E.03089
;WIDTH:0.454706
G1 X128.067 Y118.964 E.03377
G1 X128.822 Y119.596 E.03371
;WIDTH:0.455737
G1 X129.44 Y120.34 E.0332
G1 X129.699 Y120.781 E.01756
;WIDTH:0.461117
G1 X129.934 Y121.227 E.01753
G1 X130.171 Y121.854 E.02331
;WIDTH:0.447695
G1 X130.376 Y122.881 E.03525
;WIDTH:0.453046
G1 X130.405 Y123.403 E.01783
G1 X130.37 Y123.906 E.01719
;WIDTH:0.459871
G1 X130.307 Y124.432 E.01837
G1 X130.041 Y125.393 E.03457
;WIDTH:0.452071
G1 X129.777 Y125.976 E.02177
;WIDTH:0.451122
G1 X129.436 Y126.538 E.02231
;WIDTH:0.454303
G1 X129.027 Y127.054 E.02252
;WIDTH:0.455351
G1 X128.561 Y127.518 E.02255
G1 X128.052 Y127.916 E.02216
;WIDTH:0.45338
G1 X127.21 Y128.39 E.03298
G1 X126.833 Y128.532 E.01375
;WIDTH:0.45285
G1 X126.233 Y128.728 E.02152
;WIDTH:0.456848
G1 X125.603 Y128.84 E.02202
G1 X124.958 Y128.88 E.02224
;WIDTH:0.453663
G1 X123.995 Y128.791 E.03303
G1 X123.562 Y128.682 E.01525
;WIDTH:0.452156
G1 X122.999 Y128.515 E.01998
;WIDTH:0.45667
G1 X122.417 Y128.249 E.02201
G1 X121.864 Y127.915 E.02223
;WIDTH:0.451723
G1 X121.107 Y127.284 E.0335
;WIDTH:0.451381
G1 X120.772 Y126.895 E.01744
;WIDTH:0.453258
G1 X120.459 Y126.502 E.01714
;WIDTH:0.457624
G1 X120.137 Y125.964 E.02162
G1 X119.879 Y125.392 E.02164
;WIDTH:0.456293
G1 X119.751 Y124.979 E.01486
;WIDTH:0.445021
G1 X119.576 Y124.249 E.0251
;WIDTH:0.454435
G1 X119.521 Y123.749 E.01721
;WIDTH:0.459653
G1 X119.524 Y123.104 E.02235
G1 X119.599 Y122.481 E.02174
;WIDTH:0.459101
G1 X119.689 Y122.108 E.01328
;WIDTH:0.460381
G1 X119.865 Y121.521 E.02127
G1 X120.069 Y121.068 E.01725
;WIDTH:0.460563
G1 X120.317 Y120.591 E.01867
G1 X120.72 Y120.013 E.02447
;WIDTH:0.447859
G1 X121.322 Y119.394 E.02907
;WIDTH:0.444754
G1 X121.997 Y118.864 E.02868
;WIDTH:0.456633
G1 X122.439 Y118.605 E.01762
G1 X123.028 Y118.34 E.02222
;WIDTH:0.452071
G1 X123.514 Y118.196 E.01724
;WIDTH:0.452488
G1 X124.007 Y118.07 E.01733
;WIDTH:0.455084
G1 X124.455 Y118.021 E.01545
;WIDTH:0.449999
G1 X125.025 Y118.409 E.02334
;WIDTH:0.442958
G1 X124.303 Y118.433 E.02403
G1 X123.634 Y118.569 E.02271
;WIDTH:0.452071
G1 X123.152 Y118.73 E.01729
;WIDTH:0.456633
G1 X122.622 Y118.976 E.0201
G1 X122.12 Y119.268 E.01998
;WIDTH:0.454124
G1 X121.391 Y119.879 E.03252
G1 X120.997 Y120.313 E.02004
;WIDTH:0.449858
G1 X120.449 Y121.182 E.03476
;WIDTH:0.460381
G1 X120.262 Y121.648 E.01743
G1 X120.065 Y122.228 E.02126
;WIDTH:0.459101
G1 X120.012 Y122.531 E.01064
G1 X119.915 Y123.409 E.03057
;WIDTH:0.454435
G1 X119.995 Y124.315 E.03112
;WIDTH:0.450122
G1 X120.132 Y124.882 E.01975
;WIDTH:0.456293
G1 X120.255 Y125.221 E.0124
G1 X120.634 Y126.03 E.03071
;WIDTH:0.442727
G1 X121.082 Y126.654 E.02554
;WIDTH:0.438535
G1 X121.57 Y127.164 E.02322
;WIDTH:0.451723
G1 X122.12 Y127.596 E.02377
;WIDTH:0.45667
G1 X122.62 Y127.888 E.01992
G1 X123.149 Y128.135 E.02009
;WIDTH:0.452156
G1 X123.706 Y128.314 E.01991
;WIDTH:0.437299
G1 X124.462 Y128.448 E.02518
;WIDTH:0.450011
G1 X124.984 Y128.474 E.01769
;WIDTH:0.456848
G1 X125.567 Y128.428 E.02013
G1 X126.139 Y128.33 E.01997
;WIDTH:0.45285
G1 X126.742 Y128.146 E.02149
;WIDTH:0.43793
G1 X127.407 Y127.838 E.02407
;WIDTH:0.450897
G1 X127.841 Y127.567 E.01736
;WIDTH:0.455351
G1 X128.298 Y127.2 E.0201
G1 X128.722 Y126.78 E.02047
;WIDTH:0.454303
G1 X129.152 Y126.235 E.02375
;WIDTH:0.446313
G1 X129.499 Y125.631 E.02336
;WIDTH:0.443688
G1 X129.794 Y124.844 E.02801
;WIDTH:0.438043
G1 X129.982 Y123.851 E.0332
;WIDTH:0.453046
G1 X129.995 Y123.414 E.01491
G1 X129.964 Y122.859 E.01896
;WIDTH:0.452784
G1 X129.763 Y121.893 E.03363
;WIDTH:0.461117
G1 X129.328 Y120.927 E.03684
;WIDTH:0.437775
G1 X128.835 Y120.211 E.02854
;WIDTH:0.43864
G1 X128.347 Y119.702 E.0232
G1 X127.602 Y119.142 E.03067
;WIDTH:0.442935
G1 X126.948 Y118.8 E.02455
;WIDTH:0.450328
G1 X126.166 Y118.538 E.02794
G1 X125.229 Y118.403 E.03207
M204 S1000
;LAYER_CHANGE
;Z:1
;HEIGHT:0.2
;BEFORE_LAYER_CHANGE
G92 E0.0
;1


;WIPE_START
G1 F8640
G1 X126.166 Y118.538 E-.21859
G1 X126.948 Y118.8 E-.19043
G1 X127.602 Y119.142 E-.17041
G1 X128.347 Y119.702 E-.2152
G1 X128.363 Y119.719 E-.00537
;WIPE_END
G1 Z1 F720
;AFTER_LAYER_CHANGE
;1
G1 Z1.4
; stop printing object Scheibe-Radhaenger.stl id:1 copy 0
; printing object Scheibe-Radhaenger.stl id:0 copy 0
G1 X123.787 Y109.504 F10800
G1 Z1 F720
G1 E.8 F2100
M204 S800
;TYPE:Perimeter
;WIDTH:0.449999
G1 F1128
G1 X123.467 Y109.422 E.01118
G1 X122.806 Y109.134 E.02441
G1 X122.347 Y108.846 E.01834
G1 X121.705 Y108.322 E.02805
G1 X121.202 Y107.735 E.02617
G1 X120.827 Y107.119 E.02441
G1 X120.552 Y106.456 E.0243
G1 X120.394 Y105.822 E.02212
G1 X120.322 Y104.93 E.03029
G1 X120.429 Y104.002 E.03162
G1 X120.777 Y102.987 E.03632
G1 X121.346 Y102.078 E.0363
G1 X121.919 Y101.476 E.02813
G1 X122.366 Y101.133 E.01907
G1 X122.843 Y100.86 E.0186
G1 X123.318 Y100.642 E.01769
G1 X123.828 Y100.471 E.01821
G1 X124.757 Y100.327 E.03182
G1 X125.605 Y100.378 E.02876
G1 X126.086 Y100.455 E.01649
G1 X126.575 Y100.591 E.01718
G1 X127.194 Y100.866 E.02293
G1 X127.892 Y101.322 E.02822
G1 X128.564 Y101.969 E.03158
G1 X128.999 Y102.568 E.02506
G1 X129.459 Y103.573 E.03741
G1 X129.606 Y104.178 E.02107
G1 X129.68 Y104.948 E.02618
G1 X129.546 Y106.112 E.03966
G1 X129.359 Y106.706 E.02108
G1 X128.967 Y107.45 E.02847
G1 X128.786 Y107.749 E.01183
G1 X128.164 Y108.446 E.03162
G1 X127.634 Y108.867 E.02291
G1 X126.962 Y109.249 E.02616
G1 X126.285 Y109.501 E.02445
G1 X125.645 Y109.634 E.02213
G1 X124.99 Y109.673 E.02221
G1 X124.217 Y109.613 E.02624
G1 X123.845 Y109.518 E.013
M204 S1000
G1 X123.845 Y109.518 F10800
G1 X123.879 Y109.109
M204 S800
;TYPE:External perimeter
G1 F1128
G1 X123.571 Y109.029 E.01077
G1 X122.972 Y108.763 E.02218
G1 X122.421 Y108.409 E.02217
G1 X121.975 Y108.017 E.0201
G1 X121.514 Y107.473 E.02414
G1 X121.177 Y106.911 E.02218
G1 X120.929 Y106.304 E.02219
M73 P19 R7
G1 X120.79 Y105.728 E.02006
G1 X120.726 Y105.017 E.02416
G1 X120.82 Y104.168 E.02891
G1 X120.92 Y103.791 E.0132
G1 X121.16 Y103.124 E.02399
G1 X121.688 Y102.299 E.03315
G1 X122.145 Y101.819 E.02243
G1 X122.614 Y101.456 E.02007
G1 X123.236 Y101.107 E.02414
G1 X123.852 Y100.882 E.0222
G1 X124.813 Y100.73 E.03293
G1 X125.574 Y100.783 E.02582
G1 X125.979 Y100.848 E.01388
G1 X126.459 Y100.982 E.01687
G1 X127.028 Y101.237 E.02111
G1 X127.579 Y101.591 E.02217
G1 X128.308 Y102.292 E.03423
G1 X128.666 Y102.803 E.02112
G1 X129.068 Y103.689 E.03293
G1 X129.21 Y104.272 E.02031
G1 X129.274 Y104.983 E.02416
G1 X129.18 Y105.832 E.02891
G1 X128.976 Y106.566 E.02579
G1 X128.609 Y107.255 E.02642
G1 X128.392 Y107.579 E.0132
G1 X127.861 Y108.175 E.02702
G1 X127.386 Y108.544 E.02036
G1 X126.764 Y108.893 E.02414
G1 X126.148 Y109.118 E.0222
G1 X125.566 Y109.235 E.02009
G1 X124.97 Y109.266 E.0202
G1 X124.262 Y109.208 E.02405
G1 X123.937 Y109.124 E.01136
M204 S1000
;WIPE_START
G1 F8640
G1 X123.879 Y109.109 E-.01383
G1 X123.571 Y109.029 E-.07348
G1 X122.972 Y108.763 E-.15134
G1 X122.421 Y108.409 E-.15122
G1 X121.975 Y108.017 E-.13711
G1 X121.514 Y107.473 E-.16465
G1 X121.272 Y107.07 E-.10837
;WIPE_END
G1 Z1.4 F720
G1 X124.989 Y99.205 F10800
G1 Z1 F720
G1 E.8 F2100
M204 S800
;TYPE:Perimeter
G1 F1128
G1 X125.71 Y99.227 E.02442
G1 X126.383 Y99.351 E.02316
G1 X127.387 Y99.697 E.03595
G1 X128.304 Y100.214 E.03563
G1 X129.112 Y100.888 E.03562
G1 X129.786 Y101.697 E.03564
G1 X130.303 Y102.614 E.03563
G1 X130.657 Y103.66 E.03738
G1 X130.776 Y104.333 E.02313
G1 X130.816 Y104.991 E.02231
G1 X130.72 Y106.049 E.03596
G1 X130.437 Y107.062 E.0356
G1 X129.973 Y108.017 E.03594
G1 X129.579 Y108.587 E.02345
G1 X129.119 Y109.106 E.02347
G1 X128.303 Y109.786 E.03595
G1 X127.386 Y110.303 E.03563
G1 X126.383 Y110.649 E.03591
G1 X125.701 Y110.774 E.02347
G1 X125.009 Y110.816 E.02347
G1 X123.951 Y110.72 E.03596
G1 X122.929 Y110.435 E.03591
G1 X122.297 Y110.15 E.02347
G1 X121.703 Y109.792 E.02348
G1 X120.888 Y109.112 E.03593
G1 X120.208 Y108.296 E.03595
G1 X119.854 Y107.711 E.02314
G1 X119.444 Y106.722 E.03624
G1 X119.279 Y106.049 E.02345
G1 X119.194 Y105.351 E.0238
G1 X119.194 Y104.649 E.02376
G1 X119.279 Y103.952 E.02377
G1 X119.444 Y103.278 E.02349
G1 X119.851 Y102.297 E.03595
G1 X120.427 Y101.406 E.03591
G1 X120.881 Y100.894 E.02316
G1 X121.704 Y100.208 E.03627
G1 X122.297 Y99.85 E.02345
G1 X122.929 Y99.565 E.02347
G1 X123.961 Y99.277 E.03627
G1 X124.64 Y99.195 E.02315
G1 X124.929 Y99.204 E.00979
M204 S1000
G1 X124.929 Y99.204 F10800
G1 X125.001 Y98.799
M204 S800
;TYPE:External perimeter
G1 F1128
G1 X125.753 Y98.821 E.02547
G1 X126.487 Y98.956 E.02526
G1 X127.555 Y99.324 E.03824
G1 X128.536 Y99.878 E.03813
G1 X129.401 Y100.599 E.03812
G1 X130.123 Y101.465 E.03816
G1 X130.676 Y102.446 E.03812
G1 X130.894 Y103.078 E.02263
G1 X131.058 Y103.586 E.01807
G1 X131.183 Y104.309 E.02484
G1 X131.224 Y104.997 E.02333
G1 X131.122 Y106.122 E.03824
G1 X130.82 Y107.207 E.03812
G1 X130.325 Y108.223 E.03825
G1 X129.9 Y108.839 E.02533
G1 X129.403 Y109.399 E.02534
G1 X128.535 Y110.123 E.03826
G1 X127.554 Y110.676 E.03812
G1 X126.487 Y111.044 E.0382
G1 X125.75 Y111.179 E.02536
G1 X125.003 Y111.224 E.02533
G1 X123.878 Y111.122 E.03824
G1 X122.79 Y110.819 E.03823
G1 X122.107 Y110.512 E.02535
G1 X121.466 Y110.124 E.02536
G1 X120.599 Y109.401 E.03821
G1 X119.876 Y108.533 E.03824
G1 X119.49 Y107.895 E.02524
G1 X119.057 Y106.849 E.03832
G1 X118.877 Y106.122 E.02535
G1 X118.787 Y105.375 E.02547
G1 X118.787 Y104.625 E.02539
G1 X118.877 Y103.878 E.02547
G1 X119.057 Y103.151 E.02535
G1 X119.489 Y102.107 E.03824
G1 X120.102 Y101.159 E.03821
G1 X120.597 Y100.601 E.02525
G1 X121.467 Y99.876 E.03833
G1 X122.107 Y99.488 E.02533
G1 X122.79 Y99.181 E.02535
M73 P20 R7
G1 X123.881 Y98.877 E.03834
G1 X124.621 Y98.787 E.02523
G1 X124.941 Y98.797 E.01084
M204 S1000
;WIPE_START
G1 F8640
G1 X125.001 Y98.799 E-.01386
G1 X125.753 Y98.821 E-.17371
G1 X126.487 Y98.956 E-.17233
G1 X127.555 Y99.324 E-.26083
G1 X128.231 Y99.706 E-.17927
;WIPE_END
G1 Z1.4 F720
G1 X119.56 Y105.24 F10800
G1 Z1 F720
G1 E.8 F2100
M204 S2000
;TYPE:Internal infill
;WIDTH:0.45
G1 F1128
G1 X119.593 Y105.6 E.01224
G1 X119.992 Y105.494 E.01397
G1 X119.56 Y105.037 E.02129
G1 X119.642 Y104.007 E.03497
G1 X120.08 Y103.89 E.01535
G1 X120.2 Y103.518 E.01323
G1 X119.876 Y103.194 E.01551
G1 X120.321 Y102.245 E.03548
G1 X120.918 Y102.077 E.02099
G1 X120.621 Y101.78 E.01422
G1 X121.137 Y101.157 E.02738
G1 X121.693 Y100.693 E.02451
G1 X121.973 Y100.973 E.0134
G1 X122.236 Y100.788 E.01088
G1 X122.387 Y100.223 E.0198
G1 X123.054 Y99.91 E.02494
G1 X123.389 Y100.23 E.01568
G1 X124.007 Y100.076 E.02156
G1 X124.127 Y99.627 E.01573
G1 X124.684 Y99.563 E.01898
G1 X124.887 Y99.569 E.00687
G1 X125.307 Y99.989 E.02011
G1 X125.604 Y100.013 E.01009
G1 X125.715 Y99.601 E.01444
G1 X126.29 Y99.706 E.01978
G1 X127.184 Y100.015 E.03202
G1 X127.077 Y100.415 E.01402
G1 X127.668 Y100.276 E.02055
G1 X128.095 Y100.517 E.0166
G1 X128.532 Y100.882 E.01927
G1 X128.415 Y101.321 E.01538
G1 X128.686 Y101.584 E.01278
G1 X129.118 Y101.468 E.01514
G1 X129.483 Y101.906 E.0193
G1 X129.724 Y102.332 E.01657
G1 X129.567 Y102.919 E.02057
G1 X129.985 Y102.816 E.01457
G1 X130.294 Y103.71 E.03202
G1 X130.399 Y104.285 E.01978
G1 X129.997 Y104.393 E.01409
G1 X130.019 Y104.701 E.01045
G1 X130.437 Y105.119 E.02001
G1 X130.368 Y105.874 E.02566
G1 X129.932 Y105.991 E.01528
G1 X129.768 Y106.609 E.02164
G1 X130.093 Y106.934 E.01556
G1 X129.76 Y107.618 E.02575
G1 X129.208 Y107.765 E.01934
G1 X129.023 Y108.023 E.01075
G1 X129.319 Y108.319 E.01417
G1 X129.29 Y108.361 E.00173
G1 X128.863 Y108.843 E.0218
G1 X128.22 Y109.379 E.02834
G1 X127.908 Y109.111 E.01392
G1 X127.757 Y109.674 E.01973
G1 X127.235 Y109.968 E.02028
G1 X126.8 Y110.118 E.01558
G1 X126.496 Y109.814 E.01455
G1 X126.114 Y109.908 E.01332
G1 X125.996 Y110.348 E.01542
G1 X125.657 Y110.41 E.01167
G1 X124.968 Y110.445 E.02335
G1 X124.505 Y110.013 E.02143
G1 X124.403 Y110.393 E.01332
G1 X124.018 Y110.358 E.01309
G1 X122.92 Y110.029 E.0388
G1 X123.028 Y109.627 E.01409
G1 X122.739 Y109.499 E.0107
G1 X122.176 Y109.649 E.01972
G1 X121.917 Y109.493 E.01023
G1 X121.563 Y109.198 E.0156
G1 X121.674 Y108.783 E.01454
G1 X121.223 Y108.325 E.02176
G1 X120.802 Y108.437 E.01475
G1 X120.507 Y108.083 E.0156
G1 X120.351 Y107.824 E.01023
G1 X120.497 Y107.276 E.0192
G1 X120.373 Y106.972 E.01111
G1 X119.987 Y107.075 E.01352
G1 X119.793 Y106.607 E.01715
G1 X119.618 Y105.802 E.02788
M204 S1000
;WIPE_START
G1 F8640
G1 X119.793 Y106.607 E-.19022
G1 X119.987 Y107.075 E-.11698
G1 X120.373 Y106.972 E-.09225
G1 X120.497 Y107.276 E-.07581
G1 X120.351 Y107.824 E-.13095
G1 X120.507 Y108.083 E-.06981
G1 X120.802 Y108.437 E-.1064
G1 X120.876 Y108.417 E-.01758
;WIPE_END
G1 Z1.4 F720
; stop printing object Scheibe-Radhaenger.stl id:0 copy 0
; printing object Scheibe-Radhaenger.stl id:1 copy 0
G1 X123.746 Y127.936 F10800
G1 Z1 F720
G1 E.8 F2100
M204 S800
;TYPE:Perimeter
;WIDTH:0.449999
G1 F1128
G1 X123.426 Y127.855 E.01117
G1 X122.764 Y127.567 E.02444
G1 X122.305 Y127.278 E.01836
G1 X121.664 Y126.755 E.028
G1 X121.161 Y126.168 E.02617
G1 X120.785 Y125.552 E.02443
G1 X120.511 Y124.889 E.02428
G1 X120.352 Y124.255 E.02212
G1 X120.281 Y123.362 E.03032
G1 X120.388 Y122.435 E.03159
G1 X120.736 Y121.419 E.03635
G1 X121.305 Y120.511 E.03627
G1 X121.878 Y119.909 E.02813
G1 X122.324 Y119.566 E.01904
G1 X122.802 Y119.292 E.01865
G1 X123.276 Y119.075 E.01765
G1 X123.787 Y118.903 E.01825
G1 X124.716 Y118.76 E.03182
G1 X125.564 Y118.81 E.02875
G1 X126.045 Y118.888 E.01649
G1 X126.534 Y119.024 E.01718
G1 X127.153 Y119.299 E.02293
G1 X127.851 Y119.755 E.02822
G1 X128.523 Y120.402 E.03158
G1 X128.958 Y121.001 E.02506
G1 X129.418 Y122.006 E.03741
G1 X129.565 Y122.611 E.02107
G1 X129.639 Y123.38 E.02615
G1 X129.505 Y124.545 E.03969
G1 X129.317 Y125.139 E.02109
G1 X128.926 Y125.883 E.02845
G1 X128.745 Y126.182 E.01183
G1 X128.123 Y126.879 E.03162
G1 X127.593 Y127.3 E.02291
G1 X126.921 Y127.682 E.02616
G1 X126.244 Y127.934 E.02445
G1 X125.604 Y128.067 E.02213
G1 X124.949 Y128.106 E.02221
G1 X124.175 Y128.046 E.02628
G1 X123.804 Y127.951 E.01296
M204 S1000
G1 X123.804 Y127.951 F10800
G1 X123.838 Y127.542
M204 S800
;TYPE:External perimeter
G1 F1128
G1 X123.53 Y127.461 E.01078
G1 X122.931 Y127.196 E.02217
G1 X122.38 Y126.842 E.02217
G1 X121.934 Y126.45 E.0201
G1 X121.473 Y125.906 E.02414
G1 X121.135 Y125.344 E.0222
G1 X120.888 Y124.737 E.02218
G1 X120.748 Y124.16 E.0201
G1 X120.685 Y123.45 E.02413
G1 X120.778 Y122.601 E.02891
G1 X120.879 Y122.224 E.01321
G1 X121.119 Y121.557 E.02399
G1 X121.647 Y120.732 E.03315
G1 X122.104 Y120.252 E.02243
M73 P21 R7
G1 X122.573 Y119.889 E.02007
G1 X123.195 Y119.54 E.02414
G1 X123.811 Y119.315 E.0222
G1 X124.772 Y119.163 E.03293
G1 X125.533 Y119.216 E.02582
G1 X125.937 Y119.281 E.01385
G1 X126.418 Y119.415 E.0169
G1 X126.987 Y119.67 E.02111
G1 X127.538 Y120.024 E.02217
G1 X128.266 Y120.725 E.03421
G1 X128.625 Y121.236 E.02114
G1 X129.026 Y122.122 E.03292
G1 X129.169 Y122.705 E.02032
G1 X129.233 Y123.416 E.02416
G1 X129.139 Y124.265 E.02891
G1 X128.935 Y124.999 E.02579
G1 X128.568 Y125.688 E.02642
G1 X128.351 Y126.011 E.01317
G1 X127.819 Y126.608 E.02707
G1 X127.345 Y126.977 E.02033
G1 X126.723 Y127.326 E.02414
G1 X126.106 Y127.55 E.02222
G1 X125.525 Y127.668 E.02007
G1 X124.929 Y127.699 E.0202
G1 X124.22 Y127.641 E.02408
G1 X123.896 Y127.557 E.01133
M204 S1000
;WIPE_START
G1 F8640
G1 X123.838 Y127.542 E-.01383
G1 X123.53 Y127.461 E-.07354
G1 X122.931 Y127.196 E-.15124
G1 X122.38 Y126.842 E-.15122
G1 X121.934 Y126.45 E-.13711
G1 X121.473 Y125.906 E-.16465
G1 X121.231 Y125.504 E-.10841
;WIPE_END
G1 Z1.4 F720
G1 X124.947 Y117.638 F10800
G1 Z1 F720
G1 E.8 F2100
M204 S800
;TYPE:Perimeter
G1 F1128
G1 X125.669 Y117.66 E.02445
G1 X126.342 Y117.784 E.02316
G1 X127.346 Y118.13 E.03595
G1 X128.263 Y118.647 E.03563
G1 X129.071 Y119.321 E.03562
G1 X129.745 Y120.13 E.03564
G1 X130.262 Y121.046 E.0356
G1 X130.616 Y122.092 E.03738
G1 X130.735 Y122.766 E.02317
G1 X130.775 Y123.424 E.02231
G1 X130.679 Y124.481 E.03593
G1 X130.396 Y125.495 E.03563
G1 X129.931 Y126.45 E.03595
G1 X129.538 Y127.02 E.02344
G1 X129.078 Y127.539 E.02347
G1 X128.262 Y128.219 E.03595
G1 X127.345 Y128.736 E.03563
G1 X126.342 Y129.082 E.03591
G1 X125.66 Y129.207 E.02347
G1 X124.968 Y129.249 E.02347
G1 X123.91 Y129.153 E.03596
G1 X122.888 Y128.868 E.03591
G1 X122.256 Y128.583 E.02347
G1 X121.662 Y128.225 E.02348
G1 X120.846 Y127.545 E.03595
G1 X120.167 Y126.729 E.03593
G1 X119.813 Y126.144 E.02314
G1 X119.403 Y125.154 E.03627
G1 X119.237 Y124.481 E.02346
G1 X119.153 Y123.784 E.02376
G1 X119.153 Y123.082 E.02376
G1 X119.237 Y122.384 E.0238
G1 X119.403 Y121.711 E.02346
G1 X119.81 Y120.73 E.03595
G1 X120.386 Y119.839 E.03591
G1 X120.84 Y119.326 E.02319
G1 X121.662 Y118.641 E.03622
G1 X122.256 Y118.282 E.02349
G1 X122.888 Y117.998 E.02345
G1 X123.919 Y117.71 E.03623
G1 X124.599 Y117.628 E.02318
G1 X124.887 Y117.637 E.00975
M204 S1000
G1 X124.887 Y117.637 F10800
G1 X124.96 Y117.231
M204 S800
;TYPE:External perimeter
G1 F1128
G1 X125.712 Y117.254 E.02547
G1 X126.446 Y117.389 E.02526
G1 X127.513 Y117.757 E.0382
G1 X128.495 Y118.311 E.03816
G1 X129.36 Y119.032 E.03812
G1 X130.081 Y119.897 E.03812
G1 X130.635 Y120.879 E.03816
G1 X130.853 Y121.511 E.02263
G1 X131.016 Y122.019 E.01806
G1 X131.142 Y122.742 E.02484
G1 X131.183 Y123.43 E.02333
G1 X131.081 Y124.555 E.03824
G1 X130.778 Y125.64 E.03813
G1 X130.284 Y126.656 E.03824
G1 X129.859 Y127.272 E.02533
G1 X129.362 Y127.832 E.02534
G1 X128.494 Y128.555 E.03824
G1 X127.513 Y129.109 E.03813
G1 X126.445 Y129.477 E.03824
G1 X125.709 Y129.612 E.02533
G1 X124.962 Y129.657 E.02533
G1 X123.837 Y129.555 E.03824
G1 X122.749 Y129.252 E.03823
G1 X122.066 Y128.944 E.02536
G1 X121.425 Y128.557 E.02534
G1 X120.557 Y127.834 E.03824
G1 X119.834 Y126.966 E.03824
G1 X119.449 Y126.328 E.02522
G1 X119.015 Y125.282 E.03833
G1 X118.836 Y124.555 E.02534
G1 X118.745 Y123.808 E.02547
G1 X118.745 Y123.057 E.02542
G1 X118.836 Y122.311 E.02544
G1 X119.015 Y121.584 E.02534
G1 X119.448 Y120.54 E.03826
G1 X120.061 Y119.592 E.03821
G1 X120.555 Y119.033 E.02525
G1 X121.425 Y118.309 E.03831
G1 X122.066 Y117.921 E.02536
G1 X122.749 Y117.614 E.02535
G1 X123.84 Y117.31 E.03834
G1 X124.58 Y117.22 E.02523
G1 X124.9 Y117.23 E.01084
M204 S1000
;WIPE_START
G1 F8640
G1 X124.96 Y117.231 E-.01386
G1 X125.712 Y117.254 E-.17372
G1 X126.446 Y117.389 E-.17233
G1 X127.513 Y117.757 E-.26061
G1 X128.19 Y118.139 E-.17948
;WIPE_END
G1 Z1.4 F720
M73 P22 R7
G1 X119.519 Y123.673 F10800
G1 Z1 F720
G1 E.8 F2100
M204 S2000
;TYPE:Internal infill
;WIDTH:0.45
G1 F1128
G1 X119.552 Y124.033 E.01224
G1 X119.951 Y123.926 E.01398
G1 X119.519 Y123.47 E.02126
G1 X119.601 Y122.44 E.03497
G1 X120.039 Y122.322 E.01535
G1 X120.159 Y121.951 E.0132
G1 X119.835 Y121.627 E.01551
G1 X120.28 Y120.677 E.03551
G1 X120.877 Y120.51 E.02098
G1 X120.58 Y120.213 E.01422
G1 X121.096 Y119.59 E.02738
G1 X121.652 Y119.126 E.02451
G1 X121.932 Y119.406 E.0134
G1 X122.195 Y119.221 E.01088
G1 X122.346 Y118.656 E.0198
G1 X123.013 Y118.343 E.02494
G1 X123.347 Y118.663 E.01566
G1 X123.966 Y118.509 E.02159
G1 X124.086 Y118.06 E.01573
G1 X124.642 Y117.996 E.01894
G1 X124.845 Y118.002 E.00687
G1 X125.265 Y118.422 E.02011
G1 X125.563 Y118.446 E.01012
G1 X125.673 Y118.033 E.01447
G1 X126.249 Y118.139 E.01982
G1 X127.143 Y118.448 E.03202
G1 X127.036 Y118.848 E.01402
G1 X127.626 Y118.709 E.02052
G1 X128.054 Y118.95 E.01663
G1 X128.491 Y119.314 E.01925
G1 X128.373 Y119.754 E.01542
G1 X128.645 Y120.017 E.01281
G1 X129.077 Y119.901 E.01514
G1 X129.442 Y120.339 E.0193
G1 X129.683 Y120.765 E.01657
G1 X129.525 Y121.352 E.02058
G1 X129.944 Y121.249 E.0146
G1 X130.253 Y122.143 E.03202
G1 X130.358 Y122.718 E.01978
G1 X129.956 Y122.826 E.01409
G1 X129.978 Y123.134 E.01045
G1 X130.395 Y123.552 E.01999
G1 X130.327 Y124.307 E.02566
G1 X129.891 Y124.424 E.01528
G1 X129.727 Y125.042 E.02164
G1 X130.051 Y125.367 E.01553
G1 X129.718 Y126.05 E.02572
G1 X129.166 Y126.198 E.01934
G1 X128.982 Y126.456 E.01073
G1 X129.278 Y126.752 E.01417
G1 X129.249 Y126.794 E.00173
G1 X128.822 Y127.276 E.0218
G1 X128.179 Y127.812 E.02834
G1 X127.866 Y127.544 E.01395
G1 X127.716 Y128.107 E.01972
G1 X127.194 Y128.401 E.02028
G1 X126.759 Y128.551 E.01558
G1 X126.455 Y128.247 E.01455
G1 X126.072 Y128.341 E.01335
G1 X125.955 Y128.781 E.01541
G1 X125.616 Y128.843 E.01167
G1 X124.927 Y128.877 E.02335
G1 X124.464 Y128.446 E.02141
G1 X124.362 Y128.826 E.01332
G1 X123.977 Y128.791 E.01309
G1 X122.879 Y128.462 E.0388
G1 X122.987 Y128.06 E.01409
G1 X122.698 Y127.931 E.01071
G1 X122.135 Y128.082 E.01973
G1 X121.875 Y127.925 E.01028
G1 X121.522 Y127.631 E.01555
G1 X121.633 Y127.216 E.01454
G1 X121.182 Y126.757 E.02178
G1 X120.761 Y126.87 E.01475
G1 X120.466 Y126.516 E.0156
G1 X120.309 Y126.257 E.01025
G1 X120.456 Y125.709 E.0192
G1 X120.332 Y125.405 E.01111
G1 X119.946 Y125.508 E.01352
G1 X119.752 Y125.04 E.01715
G1 X119.576 Y124.235 E.02789
M204 S1000
;LAYER_CHANGE
;Z:1.2
;HEIGHT:0.2
;BEFORE_LAYER_CHANGE
G92 E0.0
;1.2


;WIPE_START
G1 F8640
G1 X119.752 Y125.04 E-.19027
G1 X119.946 Y125.508 E-.11698
G1 X120.332 Y125.405 E-.09225
G1 X120.456 Y125.709 E-.07581
G1 X120.309 Y126.257 E-.13101
G1 X120.466 Y126.516 E-.06993
G1 X120.761 Y126.87 E-.1064
G1 X120.833 Y126.851 E-.01735
;WIPE_END
G1 Z1.2 F720
;AFTER_LAYER_CHANGE
;1.2
G1 Z1.6
; stop printing object Scheibe-Radhaenger.stl id:1 copy 0
; printing object Scheibe-Radhaenger.stl id:0 copy 0
G1 X123.784 Y109.513 F10800
G1 Z1.2 F720
G1 E.8 F2100
M204 S800
;TYPE:Perimeter
;WIDTH:0.449999
G1 F1134
G1 X122.827 Y109.143 E.03473
G1 X122.108 Y108.678 E.02898
G1 X121.435 Y108.03 E.03162
G1 X120.839 Y107.139 E.03628
G1 X120.552 Y106.456 E.02508
G1 X120.396 Y105.836 E.02164
G1 X120.32 Y105.054 E.02659
G1 X120.415 Y104.121 E.03174
G1 X120.461 Y103.866 E.00877
G1 X120.777 Y102.987 E.03162
G1 X121.104 Y102.41 E.02245
G1 X121.591 Y101.794 E.02658
G1 X122.397 Y101.112 E.03574
G1 X123.353 Y100.621 E.03638
G1 X124.155 Y100.396 E.02819
G1 X124.774 Y100.325 E.02109
G1 X125.605 Y100.378 E.02819
G1 X126.103 Y100.46 E.01708
G1 X126.625 Y100.61 E.01838
G1 X127.619 Y101.124 E.03788
G1 X128.079 Y101.475 E.01959
G1 X128.581 Y101.986 E.02425
G1 X128.999 Y102.568 E.02425
G1 X129.459 Y103.573 E.03741
G1 X129.604 Y104.164 E.0206
G1 X129.68 Y104.946 E.02659
G1 X129.546 Y106.112 E.03973
G1 X129.359 Y106.706 E.02108
G1 X128.866 Y107.634 E.03557
G1 X128.485 Y108.086 E.02001
G1 X128.14 Y108.472 E.01752
G1 X127.195 Y109.134 E.03905
G1 X126.626 Y109.389 E.02111
G1 X125.606 Y109.639 E.03555
G1 X124.75 Y109.672 E.029
G1 X123.841 Y109.531 E.03114
M204 S1000
G1 X123.841 Y109.531 F10800
G1 X123.877 Y109.12
M204 S800
;TYPE:External perimeter
G1 F1134
G1 X123.845 Y109.115 E.0011
G1 X122.979 Y108.766 E.0316
G1 X122.39 Y108.384 E.02376
G1 X121.718 Y107.737 E.03158
G1 X121.181 Y106.917 E.03318
G1 X120.929 Y106.304 E.02243
G1 X120.792 Y105.741 E.01961
G1 X120.726 Y105.018 E.02457
G1 X120.844 Y104.003 E.03459
G1 X121.16 Y103.124 E.03162
G1 X121.455 Y102.616 E.01988
G1 X121.908 Y102.049 E.02457
G1 X122.656 Y101.426 E.03295
G1 X123.534 Y100.986 E.03324
G1 X124.171 Y100.807 E.0224
G1 X124.795 Y100.732 E.02127
G1 X125.574 Y100.783 E.02642
G1 X125.996 Y100.852 E.01447
G1 X126.467 Y100.986 E.01658
M73 P23 R7
G1 X127.304 Y101.4 E.03161
G1 X127.832 Y101.798 E.02238
G1 X128.288 Y102.269 E.02219
G1 X128.666 Y102.802 E.02212
G1 X129.068 Y103.689 E.03296
G1 X129.208 Y104.259 E.01987
G1 X129.274 Y104.982 E.02457
G1 X129.18 Y105.832 E.02895
G1 X128.97 Y106.583 E.0264
G1 X128.509 Y107.44 E.03294
G1 X127.861 Y108.175 E.03317
G1 X127.028 Y108.763 E.03451
G1 X126.459 Y109.018 E.02111
G1 X125.513 Y109.243 E.03291
G1 X124.98 Y109.267 E.01806
G1 X124.207 Y109.176 E.02635
G1 X123.936 Y109.13 E.0093
M204 S1000
;WIPE_START
G1 F8640
G1 X123.877 Y109.12 E-.01382
G1 X123.845 Y109.115 E-.00748
G1 X122.979 Y108.766 E-.21559
G1 X122.39 Y108.384 E-.1621
G1 X121.718 Y107.737 E-.2154
G1 X121.277 Y107.065 E-.18561
;WIPE_END
G1 Z1.6 F720
G1 X124.989 Y99.205 F10800
G1 Z1.2 F720
G1 E.8 F2100
M204 S800
;TYPE:Perimeter
G1 F1134
G1 X125.71 Y99.227 E.02442
G1 X126.392 Y99.352 E.02347
G1 X127.06 Y99.56 E.02368
G1 X127.779 Y99.892 E.02681
G1 X128.296 Y100.207 E.02049
G1 X129.112 Y100.888 E.03598
G1 X129.786 Y101.697 E.03564
G1 X130.303 Y102.614 E.03563
G1 X130.657 Y103.66 E.03738
G1 X130.776 Y104.333 E.02313
G1 X130.816 Y104.991 E.02231
G1 X130.72 Y106.049 E.03596
G1 X130.435 Y107.071 E.03591
G1 X130.15 Y107.703 E.02347
G1 X129.787 Y108.304 E.02377
G1 X129.354 Y108.857 E.02377
G1 X128.857 Y109.354 E.02379
G1 X128.311 Y109.782 E.02348
G1 X127.386 Y110.303 E.03593
G1 X126.383 Y110.649 E.03591
G1 X125.701 Y110.774 E.02347
G1 X125.009 Y110.816 E.02347
G1 X123.951 Y110.72 E.03596
G1 X122.929 Y110.435 E.03591
G1 X122.297 Y110.15 E.02347
G1 X121.703 Y109.792 E.02348
G1 X120.888 Y109.112 E.03593
G1 X120.214 Y108.303 E.03564
G1 X119.697 Y107.387 E.0356
G1 X119.351 Y106.383 E.03595
G1 X119.226 Y105.701 E.02347
G1 X119.184 Y105.009 E.02347
G1 X119.28 Y103.951 E.03596
G1 X119.563 Y102.938 E.0356
G1 X120.027 Y101.983 E.03594
G1 X120.421 Y101.413 E.02345
G1 X120.881 Y100.894 E.02347
G1 X121.704 Y100.208 E.03627
G1 X122.297 Y99.85 E.02345
G1 X122.937 Y99.561 E.02377
G1 X123.599 Y99.355 E.02347
G1 X124.649 Y99.195 E.03595
G1 X124.929 Y99.204 E.00948
M204 S1000
G1 X124.929 Y99.204 F10800
G1 X125.001 Y98.799
M204 S800
;TYPE:External perimeter
G1 F1134
G1 X125.753 Y98.821 E.02547
G1 X126.49 Y98.956 E.02536
G1 X127.207 Y99.18 E.02543
G1 X127.971 Y99.532 E.02847
G1 X128.533 Y99.876 E.0223
G1 X129.401 Y100.599 E.03824
G1 X130.122 Y101.464 E.03812
G1 X130.676 Y102.446 E.03816
G1 X130.894 Y103.078 E.02263
G1 X131.058 Y103.586 E.01807
G1 X131.183 Y104.309 E.02484
G1 X131.224 Y104.997 E.02333
G1 X131.122 Y106.122 E.03824
G1 X130.819 Y107.21 E.03823
G1 X130.512 Y107.893 E.02535
G1 X130.123 Y108.536 E.02544
G1 X129.659 Y109.128 E.02546
G1 X129.128 Y109.659 E.02542
G1 X128.538 Y110.121 E.02536
G1 X127.554 Y110.676 E.03824
G1 X126.487 Y111.044 E.0382
G1 X125.75 Y111.179 E.02536
G1 X125.003 Y111.224 E.02533
G1 X123.878 Y111.122 E.03824
G1 X122.79 Y110.819 E.03823
G1 X122.107 Y110.512 E.02535
G1 X121.466 Y110.124 E.02536
G1 X120.599 Y109.401 E.03821
G1 X119.878 Y108.536 E.03812
G1 X119.324 Y107.554 E.03816
G1 X118.956 Y106.487 E.0382
G1 X118.821 Y105.75 E.02536
G1 X118.776 Y105.003 E.02533
G1 X118.878 Y103.878 E.03824
G1 X119.18 Y102.793 E.03812
G1 X119.675 Y101.777 E.03825
G1 X120.1 Y101.161 E.02533
G1 X120.597 Y100.601 E.02534
G1 X121.467 Y99.876 E.03833
G1 X122.107 Y99.488 E.02533
G1 X122.793 Y99.18 E.02545
G1 X123.508 Y98.957 E.02535
G1 X124.624 Y98.787 E.03821
G1 X124.941 Y98.797 E.01074
M204 S1000
;WIPE_START
G1 F8640
G1 X125.001 Y98.799 E-.01386
G1 X125.753 Y98.821 E-.17371
G1 X126.49 Y98.956 E-.17301
G1 X127.207 Y99.18 E-.17345
G1 X127.971 Y99.532 E-.19423
G1 X128.236 Y99.694 E-.07174
;WIPE_END
G1 Z1.6 F720
G1 X122.522 Y109.85 F10800
G1 Z1.2 F720
G1 E.8 F2100
M73 P24 R7
M204 S2000
;TYPE:Internal infill
;WIDTH:0.45
G1 F1134
G1 X122.79 Y109.971 E.00995
G1 X122.898 Y109.565 E.01422
G1 X122.955 Y109.587 E.00207
G1 X122.344 Y109.751 E.02141
G1 X121.917 Y109.493 E.01689
G1 X121.443 Y109.098 E.02089
G1 X121.562 Y108.656 E.01549
G1 X121.339 Y108.44 E.01051
G1 X120.902 Y108.557 E.01531
G1 X120.517 Y108.094 E.02038
G1 X120.256 Y107.631 E.01799
G1 X120.408 Y107.061 E.01997
G1 X120.426 Y107.104 E.00158
G1 X120.024 Y107.212 E.01409
G1 X119.706 Y106.29 E.03301
G1 X119.606 Y105.743 E.01882
G1 X120.007 Y105.636 E.01405
G1 X119.97 Y105.247 E.01323
G1 X119.567 Y104.843 E.01932
G1 X119.629 Y104.157 E.02331
G1 X120.064 Y104.04 E.01525
G1 X120.251 Y103.369 E.02358
G1 X119.921 Y103.039 E.0158
G1 X120.224 Y102.417 E.02342
G1 X120.764 Y102.272 E.01893
G1 X120.994 Y101.953 E.01331
G1 X120.698 Y101.657 E.01417
G1 X121.137 Y101.157 E.02252
G1 X121.803 Y100.603 E.02932
G1 X122.097 Y100.897 E.01407
G1 X122.05 Y100.936 E.00207
G1 X122.212 Y100.329 E.02127
G1 X123.067 Y99.904 E.03232
G1 X123.217 Y99.858 E.00531
G1 X123.544 Y100.185 E.01565
G1 X123.855 Y100.098 E.01093
G1 X123.969 Y99.671 E.01496
G1 X124.704 Y99.563 E.02515
G1 X125.093 Y99.575 E.01317
G1 X125.524 Y100.007 E.02066
G1 X125.461 Y100.001 E.00214
G1 X125.571 Y99.59 E.0144
G1 X126.304 Y99.709 E.02514
G1 X126.928 Y99.903 E.02212
G1 X127.052 Y99.96 E.00462
G1 X126.943 Y100.368 E.01429
G1 X127.272 Y100.528 E.01238
G1 X127.86 Y100.371 E.0206
G1 X128.413 Y100.782 E.02332
G1 X128.302 Y101.195 E.01448
G1 X128.809 Y101.697 E.02415
G1 X129.218 Y101.587 E.01434
G1 X129.625 Y102.156 E.02368
G1 X129.475 Y102.714 E.01956
G1 X129.625 Y103.059 E.01273
G1 X130.032 Y102.95 E.01426
G1 X130.294 Y103.71 E.02721
G1 X130.415 Y104.427 E.02461
G1 X130.009 Y104.536 E.01423
G1 X130.005 Y104.487 E.00166
G1 X130.449 Y104.986 E.02261
G1 X130.346 Y106.026 E.03537
G1 X129.907 Y106.144 E.01539
G1 X129.815 Y106.456 E.01101
G1 X130.136 Y106.778 E.01539
G1 X130.09 Y106.946 E.0059
G1 X129.671 Y107.788 E.03183
G1 X129.097 Y107.942 E.02012
G1 X129.402 Y108.202 E.01357
G1 X129.079 Y108.614 E.01772
G1 X128.337 Y109.296 E.03411
G1 X128.038 Y108.997 E.01431
G1 X127.734 Y109.211 E.01258
G1 X127.584 Y109.771 E.01962
G1 X127.235 Y109.968 E.01357
G1 X126.949 Y110.067 E.01024
G1 X126.649 Y109.767 E.01436
G1 X125.963 Y109.923 E.02381
G1 X125.842 Y110.376 E.01587
G1 X125.163 Y110.44 E.02309
G1 X124.766 Y110.042 E.01903
G1 X124.367 Y109.98 E.01367
G1 X124.26 Y110.38 E.01402
G1 X124.018 Y110.358 E.00823
G1 X122.975 Y110.054 E.03677
M204 S1000
;WIPE_START
G1 F8640
G1 X124.018 Y110.358 E-.25085
G1 X124.26 Y110.38 E-.05611
G1 X124.367 Y109.98 E-.09561
G1 X124.766 Y110.042 E-.09324
G1 X125.163 Y110.44 E-.1298
G1 X125.842 Y110.376 E-.15748
G1 X125.861 Y110.305 E-.01691
;WIPE_END
G1 Z1.6 F720
M73 P24 R6
; stop printing object Scheibe-Radhaenger.stl id:0 copy 0
; printing object Scheibe-Radhaenger.stl id:1 copy 0
G1 X123.743 Y127.945 F10800
G1 Z1.2 F720
G1 E.8 F2100
M204 S800
;TYPE:Perimeter
;WIDTH:0.449999
G1 F1134
G1 X122.786 Y127.576 E.03472
G1 X122.067 Y127.111 E.02898
G1 X121.394 Y126.463 E.03162
G1 X120.798 Y125.572 E.03628
G1 X120.511 Y124.889 E.02508
G1 X120.355 Y124.268 E.02167
G1 X120.279 Y123.487 E.02656
G1 X120.374 Y122.554 E.03174
G1 X120.42 Y122.298 E.0088
G1 X120.736 Y121.419 E.03162
G1 X121.062 Y120.843 E.0224
G1 X121.55 Y120.226 E.02663
G1 X122.356 Y119.545 E.03572
G1 X123.312 Y119.054 E.03638
G1 X124.114 Y118.829 E.02819
G1 X124.733 Y118.758 E.02109
G1 X125.564 Y118.81 E.02818
G1 X126.062 Y118.893 E.01709
G1 X126.584 Y119.043 E.01838
G1 X127.577 Y119.557 E.03785
G1 X128.038 Y119.907 E.01959
G1 X128.54 Y120.419 E.02427
G1 X128.958 Y121.001 E.02425
G1 X129.418 Y122.006 E.03741
G1 X129.562 Y122.597 E.02059
G1 X129.638 Y123.379 E.02659
G1 X129.505 Y124.545 E.03972
G1 X129.317 Y125.139 E.02109
G1 X128.825 Y126.067 E.03555
G1 X128.444 Y126.519 E.02001
G1 X128.099 Y126.904 E.0175
G1 X127.154 Y127.567 E.03907
G1 X126.584 Y127.822 E.02114
G1 X125.565 Y128.072 E.03551
G1 X124.709 Y128.105 E.029
G1 X123.8 Y127.964 E.03114
M204 S1000
G1 X123.8 Y127.964 F10800
G1 X123.835 Y127.553
M204 S800
;TYPE:External perimeter
G1 F1134
G1 X123.803 Y127.548 E.0011
G1 X122.938 Y127.199 E.03157
G1 X122.349 Y126.817 E.02376
G1 X121.676 Y126.17 E.0316
G1 X121.139 Y125.35 E.03318
G1 X120.888 Y124.737 E.02242
G1 X120.751 Y124.174 E.01961
G1 X120.685 Y123.451 E.02457
G1 X120.803 Y122.436 E.03459
G1 X121.119 Y121.557 E.03162
G1 X121.413 Y121.049 E.01987
G1 X121.867 Y120.482 E.02459
G1 X122.615 Y119.859 E.03295
G1 X123.493 Y119.418 E.03326
G1 X124.13 Y119.24 E.02239
G1 X124.754 Y119.165 E.02127
G1 X125.533 Y119.216 E.02642
G1 X125.954 Y119.285 E.01444
G1 X126.425 Y119.419 E.01658
G1 X127.263 Y119.833 E.03164
G1 X127.791 Y120.231 E.02238
G1 X128.247 Y120.702 E.02219
G1 X128.625 Y121.235 E.02212
G1 X129.026 Y122.122 E.03295
G1 X129.167 Y122.692 E.01988
G1 X129.233 Y123.415 E.02457
M73 P25 R6
G1 X129.139 Y124.265 E.02895
G1 X128.929 Y125.016 E.0264
G1 X128.468 Y125.873 E.03294
G1 X127.819 Y126.608 E.03319
G1 X126.987 Y127.195 E.03447
G1 X126.418 Y127.451 E.02112
G1 X125.472 Y127.676 E.03291
G1 X124.939 Y127.7 E.01806
G1 X124.165 Y127.609 E.02638
G1 X123.895 Y127.563 E.00927
M204 S1000
;WIPE_START
G1 F8640
G1 X123.835 Y127.553 E-.01405
G1 X123.803 Y127.548 E-.00748
G1 X122.938 Y127.199 E-.21537
G1 X122.349 Y126.817 E-.1621
G1 X121.676 Y126.17 E-.21556
G1 X121.236 Y125.498 E-.18544
;WIPE_END
G1 Z1.6 F720
G1 X124.947 Y117.638 F10800
G1 Z1.2 F720
G1 E.8 F2100
M204 S800
;TYPE:Perimeter
G1 F1134
G1 X125.669 Y117.66 E.02445
G1 X126.351 Y117.785 E.02347
G1 X127.019 Y117.993 E.02368
G1 X127.737 Y118.325 E.02678
G1 X128.254 Y118.64 E.02049
G1 X129.071 Y119.321 E.036
G1 X129.745 Y120.13 E.03564
G1 X130.262 Y121.046 E.0356
G1 X130.616 Y122.092 E.03738
G1 X130.735 Y122.766 E.02317
G1 X130.775 Y123.424 E.02231
G1 X130.679 Y124.481 E.03593
G1 X130.394 Y125.504 E.03595
G1 X130.109 Y126.136 E.02347
G1 X129.746 Y126.737 E.02377
G1 X129.312 Y127.29 E.02379
G1 X128.816 Y127.787 E.02377
G1 X128.27 Y128.214 E.02346
G1 X127.345 Y128.736 E.03595
G1 X126.342 Y129.082 E.03591
G1 X125.66 Y129.207 E.02347
G1 X124.968 Y129.249 E.02347
G1 X123.91 Y129.153 E.03596
G1 X122.888 Y128.868 E.03591
G1 X122.256 Y128.583 E.02347
G1 X121.662 Y128.225 E.02348
G1 X120.847 Y127.545 E.03593
G1 X120.173 Y126.736 E.03564
G1 X119.656 Y125.819 E.03563
G1 X119.309 Y124.816 E.03592
G1 X119.184 Y124.134 E.02347
G1 X119.143 Y123.442 E.02346
G1 X119.239 Y122.384 E.03596
G1 X119.521 Y121.37 E.03563
G1 X119.986 Y120.416 E.03592
G1 X120.38 Y119.846 E.02345
G1 X120.84 Y119.326 E.0235
G1 X121.662 Y118.641 E.03622
G1 X122.256 Y118.282 E.02349
G1 X122.896 Y117.994 E.02376
G1 X123.558 Y117.788 E.02347
G1 X124.608 Y117.628 E.03595
G1 X124.887 Y117.637 E.00945
M204 S1000
G1 X124.887 Y117.637 F10800
G1 X124.96 Y117.231
M204 S800
;TYPE:External perimeter
G1 F1134
G1 X125.712 Y117.254 E.02547
G1 X126.448 Y117.389 E.02533
G1 X127.165 Y117.613 E.02543
G1 X127.929 Y117.965 E.02847
G1 X128.492 Y118.308 E.02231
G1 X129.36 Y119.032 E.03826
G1 X130.081 Y119.897 E.03812
G1 X130.635 Y120.879 E.03816
G1 X130.853 Y121.511 E.02263
G1 X131.016 Y122.019 E.01806
G1 X131.142 Y122.742 E.02484
G1 X131.183 Y123.43 E.02333
G1 X131.081 Y124.555 E.03824
G1 X130.778 Y125.643 E.03823
G1 X130.47 Y126.326 E.02536
G1 X130.082 Y126.969 E.02542
G1 X129.618 Y127.561 E.02546
G1 X129.087 Y128.092 E.02542
G1 X128.497 Y128.554 E.02536
G1 X127.513 Y129.109 E.03824
G1 X126.445 Y129.477 E.03824
G1 X125.709 Y129.612 E.02533
G1 X124.962 Y129.657 E.02533
G1 X123.837 Y129.555 E.03824
G1 X122.749 Y129.252 E.03823
G1 X122.066 Y128.944 E.02536
G1 X121.425 Y128.557 E.02534
G1 X120.558 Y127.834 E.03821
G1 X119.836 Y126.968 E.03816
G1 X119.283 Y125.987 E.03812
G1 X118.915 Y124.92 E.0382
G1 X118.78 Y124.183 E.02536
G1 X118.734 Y123.436 E.02533
G1 X118.837 Y122.311 E.03824
G1 X119.139 Y121.225 E.03815
G1 X119.634 Y120.21 E.03822
G1 X120.059 Y119.594 E.02533
G1 X120.555 Y119.033 E.02535
G1 X121.425 Y118.309 E.03831
G1 X122.066 Y117.921 E.02536
G1 X122.752 Y117.613 E.02545
G1 X123.466 Y117.39 E.02532
G1 X124.583 Y117.22 E.03824
G1 X124.9 Y117.23 E.01074
M204 S1000
;WIPE_START
G1 F8640
G1 X124.96 Y117.231 E-.01386
G1 X125.712 Y117.254 E-.17372
G1 X126.448 Y117.389 E-.17278
G1 X127.165 Y117.613 E-.17345
G1 X127.929 Y117.965 E-.19423
G1 X128.195 Y118.127 E-.07196
;WIPE_END
G1 Z1.6 F720
G1 X122.48 Y128.283 F10800
G1 Z1.2 F720
G1 E.8 F2100
M204 S2000
;TYPE:Internal infill
;WIDTH:0.45
G1 F1134
G1 X122.748 Y128.403 E.00994
G1 X122.857 Y127.998 E.0142
G1 X122.913 Y128.02 E.00204
G1 X122.303 Y128.184 E.02138
G1 X121.875 Y127.925 E.01693
G1 X121.402 Y127.531 E.02084
G1 X121.52 Y127.089 E.01549
G1 X121.297 Y126.873 E.01051
G1 X120.861 Y126.99 E.01528
G1 X120.475 Y126.527 E.0204
M73 P26 R6
G1 X120.214 Y126.064 E.01799
G1 X120.367 Y125.494 E.01998
G1 X120.385 Y125.537 E.00158
G1 X119.983 Y125.645 E.01409
G1 X119.665 Y124.723 E.03301
G1 X119.565 Y124.176 E.01882
G1 X119.965 Y124.069 E.01402
G1 X119.929 Y123.68 E.01322
G1 X119.525 Y123.276 E.01934
G1 X119.588 Y122.59 E.02332
G1 X120.023 Y122.473 E.01525
G1 X120.21 Y121.802 E.02358
G1 X119.88 Y121.472 E.0158
G1 X120.182 Y120.85 E.0234
G1 X120.723 Y120.705 E.01896
G1 X120.953 Y120.386 E.01331
G1 X120.657 Y120.09 E.01417
G1 X121.096 Y119.59 E.02252
G1 X121.761 Y119.035 E.02932
G1 X122.056 Y119.33 E.01412
G1 X122.009 Y119.369 E.00207
G1 X122.171 Y118.762 E.02127
G1 X123.026 Y118.337 E.03232
G1 X123.176 Y118.291 E.00531
G1 X123.503 Y118.618 E.01565
G1 X123.813 Y118.531 E.0109
G1 X123.928 Y118.104 E.01497
G1 X124.663 Y117.996 E.02515
G1 X125.052 Y118.008 E.01317
G1 X125.483 Y118.439 E.02063
G1 X125.42 Y118.434 E.00214
G1 X125.53 Y118.023 E.0144
G1 X126.263 Y118.142 E.02514
G1 X126.887 Y118.336 E.02212
G1 X127.011 Y118.393 E.00462
G1 X126.902 Y118.801 E.01429
G1 X127.231 Y118.961 E.01238
G1 X127.819 Y118.804 E.0206
G1 X128.371 Y119.215 E.02329
G1 X128.261 Y119.628 E.01447
G1 X128.768 Y120.13 E.02415
G1 X129.177 Y120.02 E.01434
G1 X129.583 Y120.589 E.02366
G1 X129.434 Y121.147 E.01955
G1 X129.583 Y121.492 E.01272
G1 X129.99 Y121.383 E.01426
G1 X130.253 Y122.143 E.02722
G1 X130.374 Y122.86 E.02461
G1 X129.968 Y122.969 E.01423
G1 X129.964 Y122.92 E.00166
G1 X130.408 Y123.418 E.02258
G1 X130.305 Y124.459 E.03541
G1 X129.865 Y124.577 E.01542
G1 X129.773 Y124.889 E.01101
G1 X130.095 Y125.21 E.01539
G1 X130.048 Y125.379 E.00594
G1 X129.63 Y126.22 E.03179
G1 X129.055 Y126.374 E.02015
G1 X129.361 Y126.635 E.01361
G1 X129.038 Y127.047 E.01772
G1 X128.296 Y127.729 E.03411
G1 X127.997 Y127.43 E.01431
G1 X127.693 Y127.644 E.01258
G1 X127.543 Y128.204 E.01962
G1 X127.194 Y128.401 E.01357
G1 X126.908 Y128.499 E.01023
G1 X126.608 Y128.2 E.01434
G1 X125.922 Y128.356 E.02381
G1 X125.801 Y128.809 E.01587
G1 X125.122 Y128.873 E.02309
G1 X124.725 Y128.475 E.01903
G1 X124.326 Y128.413 E.01367
G1 X124.219 Y128.813 E.01402
G1 X123.977 Y128.791 E.00823
G1 X122.934 Y128.487 E.03677
M204 S1000
;LAYER_CHANGE
;Z:1.4
;HEIGHT:0.2
;BEFORE_LAYER_CHANGE
G92 E0.0
;1.4


;WIPE_START
G1 F8640
G1 X123.977 Y128.791 E-.25085
G1 X124.219 Y128.813 E-.05611
G1 X124.326 Y128.413 E-.09561
G1 X124.725 Y128.475 E-.09324
G1 X125.122 Y128.873 E-.1298
G1 X125.801 Y128.809 E-.15748
G1 X125.82 Y128.738 E-.01691
;WIPE_END
G1 Z1.4 F720
;AFTER_LAYER_CHANGE
;1.4
G1 Z1.8
; stop printing object Scheibe-Radhaenger.stl id:1 copy 0
; printing object Scheibe-Radhaenger.stl id:0 copy 0
G1 X123.783 Y109.517 F10800
G1 Z1.4 F720
G1 E.8 F2100
M204 S800
;TYPE:Perimeter
;WIDTH:0.449999
G1 F1229
G1 X123.313 Y109.359 E.01678
G1 X122.848 Y109.14 E.0174
G1 X122.419 Y108.905 E.01656
G1 X121.991 Y108.582 E.01815
G1 X121.425 Y108.02 E.027
G1 X120.839 Y107.139 E.03582
G1 X120.524 Y106.371 E.0281
G1 X120.399 Y105.849 E.01817
G1 X120.322 Y104.93 E.03122
G1 X120.429 Y104.002 E.03162
G1 X120.656 Y103.322 E.02427
G1 X120.839 Y102.861 E.01679
G1 X121.346 Y102.078 E.03157
G1 X121.94 Y101.461 E.02899
G1 X122.704 Y100.924 E.03161
G1 X123.356 Y100.619 E.02436
G1 X124.205 Y100.405 E.02964
G1 X124.688 Y100.338 E.01651
G1 X125.223 Y100.325 E.01811
G1 X125.756 Y100.383 E.01815
G1 X126.53 Y100.577 E.02701
G1 X127.264 Y100.926 E.02751
G1 X127.602 Y101.112 E.01306
G1 X128.325 Y101.708 E.03172
G1 X128.852 Y102.374 E.02875
G1 X129.057 Y102.67 E.01219
G1 X129.439 Y103.522 E.03161
G1 X129.601 Y104.151 E.02199
G1 X129.68 Y104.945 E.02701
G1 X129.546 Y106.112 E.03976
G1 X129.359 Y106.706 E.02108
G1 X128.866 Y107.634 E.03557
G1 X128.405 Y108.212 E.02503
G1 X127.616 Y108.876 E.03491
G1 X126.957 Y109.252 E.02568
G1 X126.285 Y109.501 E.02426
G1 X125.543 Y109.627 E.02548
G1 X125.036 Y109.676 E.01724
G1 X124.511 Y109.652 E.01779
G1 X123.841 Y109.532 E.02304
M204 S1000
G1 X123.841 Y109.532 F10800
G1 X123.876 Y109.123
M204 S800
;TYPE:External perimeter
G1 F1229
G1 X123.347 Y108.94 E.01895
G1 X122.692 Y108.597 E.02503
G1 X122.235 Y108.257 E.01928
G1 X121.714 Y107.733 E.02501
G1 X121.181 Y106.917 E.03299
G1 X120.929 Y106.304 E.02243
G1 X120.795 Y105.754 E.01916
G1 X120.745 Y105.227 E.01792
G1 X120.747 Y104.797 E.01456
G1 X120.833 Y104.049 E.02549
G1 X121.181 Y103.082 E.03479
G1 X121.688 Y102.299 E.03157
G1 X122.145 Y101.819 E.02243
G1 X122.972 Y101.238 E.03421
G1 X123.541 Y100.982 E.02112
G1 X124.297 Y100.801 E.02631
G1 X124.703 Y100.745 E.01387
G1 X125.178 Y100.729 E.01609
G1 X125.712 Y100.787 E.01818
G1 X126.428 Y100.971 E.02502
G1 X127.343 Y101.426 E.03459
G1 X128.064 Y102.02 E.03162
G1 X128.686 Y102.836 E.03473
G1 X129.068 Y103.689 E.03164
G1 X129.205 Y104.246 E.01942
G1 X129.274 Y104.982 E.02502
G1 X129.18 Y105.832 E.02895
G1 X128.97 Y106.583 E.0264
G1 X128.509 Y107.44 E.03294
G1 X128.091 Y107.953 E.0224
G1 X127.357 Y108.562 E.03228
G1 X126.763 Y108.894 E.02303
G1 X126.148 Y109.118 E.02215
G1 X125.481 Y109.224 E.02286
G1 X125.049 Y109.269 E.0147
G1 X124.583 Y109.252 E.01578
G1 X123.934 Y109.135 E.02232
M204 S1000
;WIPE_START
G1 F8640
M73 P27 R6
G1 X123.876 Y109.123 E-.01368
G1 X123.347 Y108.94 E-.12925
G1 X122.692 Y108.597 E-.17072
G1 X122.235 Y108.257 E-.13152
G1 X121.714 Y107.733 E-.17062
G1 X121.277 Y107.065 E-.18421
;WIPE_END
G1 Z1.8 F720
G1 X124.989 Y99.205 F10800
G1 Z1.4 F720
G1 E.8 F2100
M204 S800
;TYPE:Perimeter
G1 F1229
G1 X125.71 Y99.227 E.02442
G1 X126.392 Y99.352 E.02347
G1 X127.06 Y99.56 E.02368
G1 X127.792 Y99.9 E.02732
G1 X128.295 Y100.207 E.01995
G1 X129.112 Y100.888 E.036
G1 X129.786 Y101.697 E.03564
G1 X130.303 Y102.614 E.03563
G1 X130.657 Y103.66 E.03738
G1 X130.776 Y104.334 E.02317
G1 X130.816 Y104.991 E.02228
G1 X130.72 Y106.049 E.03596
G1 X130.435 Y107.071 E.03591
G1 X130.154 Y107.695 E.02316
G1 X129.573 Y108.594 E.03623
G1 X129.119 Y109.106 E.02316
G1 X128.303 Y109.786 E.03595
G1 X127.386 Y110.303 E.03563
G1 X126.383 Y110.649 E.03591
G1 X125.701 Y110.774 E.02347
G1 X125.009 Y110.816 E.02347
G1 X123.951 Y110.72 E.03596
G1 X122.929 Y110.435 E.03591
G1 X122.305 Y110.154 E.02316
G1 X121.406 Y109.573 E.03623
G1 X120.894 Y109.119 E.02316
G1 X120.208 Y108.296 E.03627
G1 X119.85 Y107.703 E.02345
G1 X119.565 Y107.071 E.02347
G1 X119.277 Y106.039 E.03627
G1 X119.194 Y105.351 E.02346
G1 X119.194 Y104.649 E.02376
G1 X119.277 Y103.96 E.02349
G1 X119.565 Y102.929 E.03623
G1 X119.846 Y102.305 E.02316
G1 X120.427 Y101.406 E.03623
G1 X120.881 Y100.894 E.02316
G1 X121.704 Y100.208 E.03627
G1 X122.297 Y99.85 E.02345
G1 X122.929 Y99.565 E.02347
G1 X123.961 Y99.277 E.03627
G1 X124.64 Y99.195 E.02315
G1 X124.929 Y99.204 E.00979
M204 S1000
G1 X124.929 Y99.204 F10800
G1 X125.001 Y98.799
M204 S800
;TYPE:External perimeter
G1 F1229
G1 X125.753 Y98.821 E.02547
G1 X126.49 Y98.956 E.02536
G1 X127.207 Y99.18 E.02543
G1 X127.985 Y99.54 E.02902
G1 X128.533 Y99.875 E.02174
G1 X129.401 Y100.599 E.03826
G1 X130.123 Y101.465 E.03816
G1 X130.676 Y102.446 E.03812
G1 X130.894 Y103.078 E.02263
G1 X131.058 Y103.586 E.01807
G1 X131.183 Y104.309 E.02484
G1 X131.224 Y104.997 E.02333
G1 X131.122 Y106.122 E.03824
G1 X130.819 Y107.21 E.03823
G1 X130.513 Y107.89 E.02524
G1 X129.898 Y108.841 E.03833
G1 X129.403 Y109.399 E.02525
G1 X128.535 Y110.123 E.03826
G1 X127.554 Y110.676 E.03812
G1 X126.487 Y111.044 E.0382
G1 X125.75 Y111.179 E.02536
G1 X125.003 Y111.224 E.02533
G1 X123.878 Y111.122 E.03824
G1 X122.79 Y110.819 E.03823
G1 X122.11 Y110.513 E.02524
G1 X121.159 Y109.898 E.03833
G1 X120.601 Y109.403 E.02525
G1 X119.876 Y108.533 E.03833
G1 X119.488 Y107.893 E.02533
G1 X119.181 Y107.21 E.02535
G1 X118.877 Y106.119 E.03834
G1 X118.787 Y105.375 E.02537
G1 X118.787 Y104.625 E.02539
G1 X118.877 Y103.881 E.02537
G1 X119.181 Y102.79 E.03834
G1 X119.487 Y102.11 E.02524
G1 X120.102 Y101.159 E.03833
G1 X120.597 Y100.601 E.02525
G1 X121.467 Y99.876 E.03833
G1 X122.107 Y99.488 E.02533
G1 X122.79 Y99.181 E.02535
G1 X123.881 Y98.877 E.03834
G1 X124.621 Y98.787 E.02523
G1 X124.941 Y98.797 E.01084
M204 S1000
G1 X124.941 Y98.797 F10800
G1 X125.034 Y99.573
M204 S2000
;TYPE:Internal infill
;WIDTH:0.45
G1 F1229
G1 X125.299 Y99.581 E.00897
G1 X125.733 Y100.015 E.02078
G1 X125.322 Y99.974 E.01398
G1 X125.426 Y99.585 E.01363
G1 X121.878 Y100.54 E.12437
G1 X121.912 Y100.512 E.00149
G1 X122.218 Y100.818 E.01465
G1 X121.869 Y101.063 E.01443
G1 X122.038 Y100.434 E.02205
G1 X122.223 Y100.322 E.00732
M204 S1000
G1 X122.223 Y100.322 F10800
G1 X121.721 Y100.67
M204 S2000
G1 F1229
G1 X121.138 Y101.157 E.02571
G1 X120.794 Y101.553 E.01776
G1 X121.074 Y101.833 E.0134
G1 X120.682 Y102.441 E.02449
G1 X120.119 Y102.592 E.01973
G1 X119.981 Y102.898 E.01136
G1 X120.305 Y103.223 E.01553
G1 X120.092 Y103.816 E.02133
G1 X120.047 Y104.191 E.01278
G1 X119.604 Y104.31 E.01553
G1 X119.564 Y104.641 E.01129
G1 X119.954 Y105.03 E.01865
G1 X120.026 Y105.777 E.0254
G1 X119.628 Y105.884 E.01395
G1 X119.991 Y107.124 E.04373
M204 S1000
G1 X119.991 Y107.124 F10800
G1 X120.262 Y107.677
M204 S2000
G1 F1229
G1 X120.15 Y107.479 E.0077
G1 X120.319 Y106.85 E.02205
G1 X120.477 Y107.237 E.01415
G1 X120.088 Y107.341 E.01363
G1 X122.659 Y109.912 E.12307
G1 X122.768 Y109.504 E.01429
G1 X123.137 Y109.685 E.01391
G1 X122.521 Y109.85 E.02159
G1 X122.331 Y109.735 E.00752
M204 S1000
G1 X122.331 Y109.735 F10800
G1 X122.876 Y110.009
M204 S2000
G1 F1229
G1 X124.117 Y110.367 E.04372
G1 X124.224 Y109.971 E.01388
G1 X124.963 Y110.039 E.02512
G1 X125.352 Y110.428 E.01862
M73 P28 R6
G1 X125.688 Y110.404 E.0114
G1 X125.809 Y109.951 E.01587
G1 X126.246 Y109.889 E.01494
G1 X126.785 Y109.703 E.0193
G1 X127.098 Y110.015 E.01496
G1 X127.412 Y109.868 E.01174
G1 X127.552 Y109.345 E.01833
G1 X128.149 Y108.907 E.02506
G1 X128.438 Y109.197 E.01386
G1 X128.863 Y108.843 E.01872
G1 X129.363 Y108.244 E.02641
M204 S1000
G1 X129.363 Y108.244 F10800
G1 X129.697 Y107.728
M204 S2000
G1 F1229
G1 X129.541 Y107.969 E.00972
G1 X128.944 Y108.129 E.02092
G1 X129.194 Y107.794 E.01415
G1 X129.473 Y108.073 E.01336
G1 X130.424 Y104.572 E.1228
G1 X130.021 Y104.68 E.01412
G1 X129.983 Y104.265 E.01411
G1 X130.432 Y104.715 E.02152
G1 X130.447 Y104.949 E.00794
M204 S1000
G1 X130.447 Y104.949 F10800
G1 X130.408 Y104.331
M204 S2000
G1 F1229
G1 X130.294 Y103.71 E.02137
G1 X130.078 Y103.084 E.02242
G1 X129.69 Y103.188 E.0136
G1 X129.383 Y102.51 E.02519
G1 X129.525 Y101.98 E.01857
G1 X129.483 Y101.906 E.00288
G1 X129.318 Y101.707 E.00875
G1 X128.889 Y101.822 E.01503
G1 X128.581 Y101.445 E.01648
G1 X128.177 Y101.116 E.01764
G1 X128.293 Y100.682 E.01521
G1 X128.027 Y100.473 E.01145
G1 X127.469 Y100.622 E.01955
G1 X126.816 Y100.296 E.0247
G1 X126.922 Y99.901 E.01384
G1 X126.304 Y99.709 E.0219
G1 X125.642 Y99.592 E.02276
M204 S1000
;WIPE_START
G1 F8640
G1 X126.304 Y99.709 E-.15523
G1 X126.922 Y99.901 E-.14943
G1 X126.816 Y100.296 E-.09443
G1 X127.469 Y100.622 E-.16853
G1 X128.027 Y100.473 E-.13336
G1 X128.293 Y100.682 E-.07811
G1 X128.27 Y100.769 E-.02091
;WIPE_END
G1 Z1.8 F720
G1 X123.815 Y99.698 F10800
G1 Z1.4 F720
G1 E.8 F2100
M204 S2000
G1 F1229
G1 X123.694 Y100.15 E.01584
M204 S1000
G1 X123.694 Y100.15 F10800
G1 X123.706 Y100.147
M204 S2000
G1 F1229
G1 X123.379 Y99.82 E.01565
M204 S1000
;WIPE_START
G1 F8640
G1 X123.706 Y100.147 E-.10678
;WIPE_END
G1 E-.69322 F2100
G1 Z1.8 F720
G1 X121.002 Y108.677 F10800
G1 Z1.4 F720
G1 E.8 F2100
M204 S2000
G1 F1229
G1 X121.444 Y108.558 E.01549
M204 S1000
G1 X121.444 Y108.558 F10800
G1 X121.442 Y108.556
M204 S2000
G1 F1229
G1 X121.321 Y109.008 E.01584
M204 S1000
;WIPE_START
G1 F8640
G1 X121.442 Y108.556 E-.10804
;WIPE_END
G1 E-.69196 F2100
G1 Z1.8 F720
G1 X130.18 Y106.621 F10800
G1 Z1.4 F720
G1 E.8 F2100
M204 S2000
G1 F1229
G1 X129.867 Y106.308 E.01498
M204 S1000
G1 X129.867 Y106.308 F10800
G1 X129.87 Y106.3
M204 S2000
G1 F1229
G1 X130.302 Y106.185 E.01513
M204 S1000
;WIPE_START
G1 F8640
G1 X129.87 Y106.3 E-.10322
;WIPE_END
G1 E-.69678 F2100
G1 Z1.8 F720
; stop printing object Scheibe-Radhaenger.stl id:0 copy 0
; printing object Scheibe-Radhaenger.stl id:1 copy 0
G1 X123.742 Y127.95 F10800
G1 Z1.4 F720
G1 E.8 F2100
M204 S800
;TYPE:Perimeter
;WIDTH:0.449999
G1 F1229
G1 X123.272 Y127.792 E.01678
G1 X122.807 Y127.572 E.01741
G1 X122.378 Y127.338 E.01654
G1 X121.949 Y127.015 E.01818
G1 X121.383 Y126.453 E.027
G1 X120.798 Y125.572 E.0358
G1 X120.483 Y124.804 E.0281
G1 X120.358 Y124.282 E.01817
G1 X120.281 Y123.362 E.03125
G1 X120.388 Y122.435 E.03159
G1 X120.615 Y121.755 E.02427
G1 X120.798 Y121.294 E.01679
G1 X121.305 Y120.511 E.03157
G1 X121.899 Y119.894 E.02899
G1 X122.662 Y119.357 E.03158
G1 X123.314 Y119.052 E.02436
G1 X124.163 Y118.838 E.02964
G1 X124.646 Y118.771 E.01651
G1 X125.181 Y118.757 E.01812
G1 X125.715 Y118.816 E.01819
G1 X126.489 Y119.01 E.02701
G1 X127.223 Y119.359 E.02751
G1 X127.561 Y119.545 E.01306
G1 X128.283 Y120.141 E.03169
G1 X128.811 Y120.807 E.02877
G1 X129.016 Y121.103 E.01219
G1 X129.398 Y121.955 E.03161
G1 X129.56 Y122.584 E.02199
G1 X129.638 Y123.378 E.02701
G1 X129.505 Y124.545 E.03976
G1 X129.317 Y125.139 E.02109
G1 X128.825 Y126.067 E.03555
G1 X128.363 Y126.645 E.02505
G1 X127.575 Y127.309 E.03488
G1 X126.916 Y127.685 E.02568
G1 X126.244 Y127.934 E.02426
G1 X125.502 Y128.059 E.02547
G1 X124.995 Y128.108 E.01724
G1 X124.47 Y128.085 E.01779
G1 X123.8 Y127.965 E.02304
M204 S1000
G1 X123.8 Y127.965 F10800
G1 X123.835 Y127.556
M204 S800
;TYPE:External perimeter
G1 F1229
G1 X123.306 Y127.372 E.01896
G1 X122.651 Y127.03 E.02501
G1 X122.194 Y126.69 E.01928
G1 X121.673 Y126.166 E.02501
G1 X121.139 Y125.35 E.03301
G1 X120.888 Y124.737 E.02242
G1 X120.754 Y124.187 E.01916
G1 X120.704 Y123.66 E.01792
G1 X120.706 Y123.23 E.01456
G1 X120.792 Y122.482 E.02549
G1 X121.139 Y121.515 E.03478
G1 X121.647 Y120.732 E.03159
G1 X122.104 Y120.252 E.02243
G1 X122.93 Y119.67 E.0342
G1 X123.5 Y119.415 E.02114
G1 X124.256 Y119.234 E.02631
G1 X124.662 Y119.178 E.01387
G1 X125.137 Y119.162 E.01609
G1 X125.671 Y119.22 E.01818
G1 X126.387 Y119.404 E.02502
G1 X127.302 Y119.859 E.03459
G1 X128.023 Y120.453 E.03162
G1 X128.644 Y121.269 E.03471
G1 X129.026 Y122.122 E.03164
G1 X129.164 Y122.679 E.01942
G1 X129.233 Y123.415 E.02502
G1 X129.139 Y124.265 E.02895
G1 X128.929 Y125.016 E.0264
G1 X128.468 Y125.873 E.03294
M73 P29 R6
G1 X128.049 Y126.386 E.02242
G1 X127.316 Y126.995 E.03226
G1 X126.722 Y127.327 E.02303
G1 X126.107 Y127.55 E.02214
G1 X125.44 Y127.657 E.02287
G1 X125.008 Y127.702 E.0147
G1 X124.542 Y127.684 E.01579
G1 X123.893 Y127.568 E.02232
M204 S1000
;WIPE_START
G1 F8640
G1 X123.835 Y127.556 E-.01368
G1 X123.306 Y127.372 E-.12933
G1 X122.651 Y127.03 E-.17062
G1 X122.194 Y126.69 E-.13152
G1 X121.673 Y126.166 E-.17062
G1 X121.236 Y125.499 E-.18423
;WIPE_END
G1 Z1.8 F720
G1 X124.947 Y117.638 F10800
G1 Z1.4 F720
G1 E.8 F2100
M204 S800
;TYPE:Perimeter
G1 F1229
G1 X125.669 Y117.66 E.02445
G1 X126.351 Y117.785 E.02347
G1 X127.019 Y117.993 E.02368
G1 X127.751 Y118.333 E.02732
G1 X128.254 Y118.64 E.01995
G1 X129.071 Y119.321 E.036
G1 X129.745 Y120.13 E.03564
G1 X130.262 Y121.046 E.0356
G1 X130.616 Y122.092 E.03738
G1 X130.735 Y122.766 E.02317
G1 X130.775 Y123.424 E.02231
G1 X130.679 Y124.481 E.03593
G1 X130.394 Y125.504 E.03595
G1 X130.113 Y126.128 E.02316
G1 X129.532 Y127.027 E.03623
G1 X129.078 Y127.539 E.02316
G1 X128.262 Y128.219 E.03595
G1 X127.345 Y128.736 E.03563
G1 X126.342 Y129.082 E.03591
G1 X125.66 Y129.207 E.02347
G1 X124.968 Y129.249 E.02347
G1 X123.91 Y129.153 E.03596
G1 X122.888 Y128.868 E.03591
G1 X122.264 Y128.587 E.02316
G1 X121.365 Y128.006 E.03623
G1 X120.852 Y127.552 E.02319
G1 X120.167 Y126.729 E.03624
G1 X119.808 Y126.136 E.02346
G1 X119.524 Y125.504 E.02345
G1 X119.236 Y124.472 E.03627
G1 X119.153 Y123.784 E.02346
G1 X119.153 Y123.082 E.02376
G1 X119.236 Y122.393 E.02349
G1 X119.524 Y121.362 E.03623
G1 X119.805 Y120.738 E.02316
G1 X120.386 Y119.839 E.03623
G1 X120.84 Y119.326 E.02319
G1 X121.662 Y118.641 E.03622
G1 X122.256 Y118.282 E.02349
G1 X122.888 Y117.998 E.02345
G1 X123.919 Y117.71 E.03623
G1 X124.599 Y117.628 E.02318
G1 X124.887 Y117.637 E.00975
M204 S1000
G1 X124.887 Y117.637 F10800
G1 X124.96 Y117.231
M204 S800
;TYPE:External perimeter
G1 F1229
G1 X125.712 Y117.254 E.02547
G1 X126.448 Y117.389 E.02533
G1 X127.165 Y117.613 E.02543
G1 X127.943 Y117.973 E.02902
G1 X128.492 Y118.308 E.02177
G1 X129.36 Y119.032 E.03826
G1 X130.081 Y119.897 E.03812
G1 X130.635 Y120.879 E.03816
G1 X130.853 Y121.511 E.02263
G1 X131.016 Y122.019 E.01806
G1 X131.142 Y122.742 E.02484
G1 X131.183 Y123.43 E.02333
G1 X131.081 Y124.555 E.03824
G1 X130.778 Y125.643 E.03823
G1 X130.472 Y126.323 E.02524
G1 X129.857 Y127.274 E.03833
G1 X129.362 Y127.832 E.02525
G1 X128.494 Y128.555 E.03824
G1 X127.513 Y129.109 E.03813
G1 X126.445 Y129.477 E.03824
G1 X125.709 Y129.612 E.02533
G1 X124.962 Y129.657 E.02533
G1 X123.837 Y129.555 E.03824
G1 X122.749 Y129.252 E.03823
G1 X122.069 Y128.946 E.02524
G1 X121.118 Y128.331 E.03833
G1 X120.559 Y127.836 E.02527
G1 X119.834 Y126.966 E.03833
G1 X119.447 Y126.326 E.02532
G1 X119.14 Y125.643 E.02535
G1 X118.836 Y124.552 E.03834
G1 X118.745 Y123.808 E.02537
G1 X118.745 Y123.057 E.02542
G1 X118.836 Y122.314 E.02534
G1 X119.14 Y121.223 E.03834
G1 X119.446 Y120.543 E.02524
G1 X120.061 Y119.592 E.03833
G1 X120.555 Y119.033 E.02525
G1 X121.425 Y118.309 E.03831
G1 X122.066 Y117.921 E.02536
G1 X122.749 Y117.614 E.02535
G1 X123.84 Y117.31 E.03834
G1 X124.58 Y117.22 E.02523
G1 X124.9 Y117.23 E.01084
M204 S1000
G1 X124.9 Y117.23 F10800
G1 X124.993 Y118.006
M204 S2000
;TYPE:Internal infill
;WIDTH:0.45
G1 F1229
G1 X125.258 Y118.014 E.00897
G1 X125.691 Y118.448 E.02075
G1 X125.281 Y118.407 E.01395
G1 X125.385 Y118.018 E.01363
G1 X121.837 Y118.973 E.12437
G1 X121.87 Y118.945 E.00146
G1 X122.177 Y119.251 E.01467
G1 X121.828 Y119.496 E.01443
G1 X121.996 Y118.867 E.02204
G1 X122.182 Y118.755 E.00735
M204 S1000
G1 X122.182 Y118.755 F10800
G1 X121.68 Y119.103
M204 S2000
G1 F1229
G1 X121.096 Y119.59 E.02574
G1 X120.753 Y119.986 E.01773
G1 X121.033 Y120.266 E.0134
G1 X120.641 Y120.874 E.02449
G1 X120.077 Y121.025 E.01976
G1 X119.939 Y121.331 E.01136
G1 X120.264 Y121.656 E.01556
G1 X120.051 Y122.249 E.02133
G1 X120.006 Y122.624 E.01278
G1 X119.563 Y122.743 E.01553
G1 X119.523 Y123.073 E.01125
G1 X119.913 Y123.463 E.01867
G1 X119.985 Y124.21 E.0254
G1 X119.586 Y124.317 E.01398
G1 X119.949 Y125.557 E.04373
M204 S1000
G1 X119.949 Y125.557 F10800
G1 X120.22 Y126.11
M204 S2000
G1 F1229
G1 X120.109 Y125.911 E.00771
G1 X120.277 Y125.283 E.022
G1 X120.436 Y125.67 E.01416
G1 X120.047 Y125.774 E.01363
G1 X122.618 Y128.345 E.12307
G1 X122.727 Y127.937 E.01429
M73 P30 R6
G1 X123.096 Y128.118 E.01391
G1 X122.48 Y128.283 E.02159
G1 X122.29 Y128.168 E.00752
M204 S1000
G1 X122.29 Y128.168 F10800
G1 X122.835 Y128.442
M204 S2000
G1 F1229
G1 X124.076 Y128.8 E.04372
G1 X124.182 Y128.404 E.01388
G1 X124.922 Y128.472 E.02515
G1 X125.311 Y128.861 E.01862
G1 X125.647 Y128.837 E.0114
G1 X125.768 Y128.383 E.0159
G1 X126.205 Y128.322 E.01494
G1 X126.744 Y128.136 E.0193
G1 X127.056 Y128.448 E.01494
G1 X127.371 Y128.301 E.01177
G1 X127.511 Y127.778 E.01833
G1 X128.107 Y127.34 E.02504
G1 X128.397 Y127.63 E.01388
G1 X128.822 Y127.276 E.01872
G1 X129.321 Y126.677 E.02639
M204 S1000
G1 X129.321 Y126.677 F10800
G1 X129.656 Y126.16
M204 S2000
G1 F1229
G1 X129.499 Y126.402 E.00976
G1 X128.902 Y126.562 E.02092
G1 X129.153 Y126.227 E.01417
G1 X129.432 Y126.506 E.01336
G1 X130.383 Y123.004 E.12283
G1 X129.979 Y123.112 E.01416
G1 X129.941 Y122.698 E.01407
G1 X130.391 Y123.148 E.02154
G1 X130.405 Y123.382 E.00793
M204 S1000
G1 X130.405 Y123.382 F10800
G1 X130.367 Y122.764
M204 S2000
G1 F1229
G1 X130.253 Y122.143 E.02137
G1 X130.037 Y121.517 E.02242
G1 X129.649 Y121.621 E.0136
G1 X129.342 Y120.943 E.02519
G1 X129.484 Y120.413 E.01857
G1 X129.442 Y120.339 E.00288
G1 X129.277 Y120.14 E.00875
G1 X128.848 Y120.255 E.01503
G1 X128.54 Y119.878 E.01648
G1 X128.135 Y119.549 E.01766
G1 X128.252 Y119.115 E.01521
G1 X127.986 Y118.905 E.01147
G1 X127.428 Y119.055 E.01956
G1 X126.775 Y118.729 E.0247
G1 X126.881 Y118.334 E.01384
G1 X126.263 Y118.142 E.0219
G1 X125.601 Y118.025 E.02276
M204 S1000
;WIPE_START
G1 F8640
G1 X126.263 Y118.142 E-.15523
G1 X126.881 Y118.334 E-.14943
G1 X126.775 Y118.729 E-.09443
G1 X127.428 Y119.055 E-.16853
G1 X127.986 Y118.905 E-.13342
G1 X128.252 Y119.115 E-.07825
G1 X128.229 Y119.202 E-.02071
;WIPE_END
G1 Z1.8 F720
G1 X123.774 Y118.131 F10800
G1 Z1.4 F720
G1 E.8 F2100
M204 S2000
G1 F1229
G1 X123.653 Y118.583 E.01584
M204 S1000
G1 X123.653 Y118.583 F10800
G1 X123.665 Y118.58
M204 S2000
G1 F1229
G1 X123.338 Y118.253 E.01565
M204 S1000
;WIPE_START
G1 F8640
G1 X123.665 Y118.58 E-.10678
;WIPE_END
G1 E-.69322 F2100
G1 Z1.8 F720
G1 X120.961 Y127.109 F10800
G1 Z1.4 F720
G1 E.8 F2100
M204 S2000
G1 F1229
G1 X121.403 Y126.991 E.01549
M204 S1000
G1 X121.403 Y126.991 F10800
G1 X121.401 Y126.989
M204 S2000
G1 F1229
G1 X121.28 Y127.441 E.01584
M204 S1000
;WIPE_START
G1 F8640
G1 X121.401 Y126.989 E-.10804
;WIPE_END
G1 E-.69196 F2100
G1 Z1.8 F720
G1 X130.139 Y125.054 F10800
G1 Z1.4 F720
G1 E.8 F2100
M204 S2000
G1 F1229
G1 X129.826 Y124.741 E.01498
M204 S1000
G1 X129.826 Y124.741 F10800
G1 X129.829 Y124.733
M204 S2000
G1 F1229
G1 X130.261 Y124.618 E.01513
M204 S1000
;LAYER_CHANGE
;Z:1.6
;HEIGHT:0.2
;BEFORE_LAYER_CHANGE
G92 E0.0
;1.6


;WIPE_START
G1 F8640
G1 X129.829 Y124.733 E-.10322
;WIPE_END
G1 E-.69678 F2100
G1 Z1.6 F720
;AFTER_LAYER_CHANGE
;1.6
G1 Z2
; stop printing object Scheibe-Radhaenger.stl id:1 copy 0
; printing object Scheibe-Radhaenger.stl id:0 copy 0
G1 X123.787 Y109.502 F10800
G1 Z1.6 F720
G1 E.8 F2100
M204 S800
;TYPE:Perimeter
;WIDTH:0.449999
G1 F1431
G1 X123.471 Y109.423 E.01103
G1 X122.824 Y109.117 E.02423
G1 X122.379 Y108.875 E.01715
G1 X121.921 Y108.525 E.01951
G1 X121.419 Y108.014 E.02425
G1 X121.001 Y107.432 E.02425
G1 X120.525 Y106.372 E.03933
G1 X120.402 Y105.863 E.01772
G1 X120.322 Y104.93 E.0317
G1 X120.429 Y104.002 E.03162
G1 X120.641 Y103.294 E.02502
G1 X121.133 Y102.366 E.03555
G1 X121.725 Y101.678 E.03072
G1 X122.102 Y101.335 E.01725
G1 X122.405 Y101.108 E.01282
G1 X123.035 Y100.753 E.02448
G1 X123.715 Y100.499 E.02457
G1 X124.751 Y100.328 E.03554
G1 X125.584 Y100.376 E.02824
G1 X125.96 Y100.421 E.01282
G1 X126.85 Y100.703 E.0316
G1 X127.415 Y100.993 E.0215
G1 X128.072 Y101.469 E.02746
G1 X128.581 Y101.986 E.02456
G1 X128.999 Y102.568 E.02425
G1 X129.459 Y103.573 E.03741
G1 X129.598 Y104.137 E.01966
G1 X129.68 Y104.944 E.02746
G1 X129.546 Y106.112 E.03979
G1 X129.359 Y106.706 E.02108
G1 X128.967 Y107.45 E.02847
G1 X128.786 Y107.749 E.01183
G1 X128.164 Y108.446 E.03162
G1 X127.668 Y108.843 E.0215
G1 X126.965 Y109.247 E.02745
G1 X126.285 Y109.501 E.02457
G1 X125.686 Y109.628 E.02073
G1 X124.987 Y109.672 E.02371
G1 X124.258 Y109.619 E.02474
G1 X123.845 Y109.516 E.01441
M204 S1000
G1 X123.845 Y109.516 F10800
G1 X123.88 Y109.107
M204 S800
;TYPE:External perimeter
G1 F1431
G1 X123.573 Y109.029 E.01072
G1 X122.626 Y108.551 E.03591
G1 X122.168 Y108.202 E.01949
G1 X121.712 Y107.731 E.02219
G1 X121.334 Y107.198 E.02212
G1 X120.92 Y106.276 E.03421
G1 X120.797 Y105.767 E.01772
G1 X120.745 Y105.226 E.0184
G1 X120.747 Y104.797 E.01452
G1 X120.833 Y104.049 E.02549
G1 X121.03 Y103.417 E.02241
G1 X121.491 Y102.56 E.03294
G1 X122.029 Y101.949 E.02756
G1 X122.351 Y101.657 E.01471
G1 X122.605 Y101.463 E.01082
G1 X123.235 Y101.107 E.02449
G1 X123.852 Y100.882 E.02223
G1 X124.813 Y100.73 E.03293
G1 X125.552 Y100.782 E.02508
G1 X125.967 Y100.85 E.01423
G1 X126.727 Y101.091 E.02699
G1 X127.223 Y101.352 E.01897
G1 X127.83 Y101.797 E.02548
G1 X128.288 Y102.268 E.02224
G1 X128.666 Y102.803 E.02217
G1 X129.068 Y103.689 E.03293
G1 X129.203 Y104.233 E.01897
G1 X129.274 Y104.982 E.02547
G1 X129.18 Y105.832 E.02895
G1 X128.976 Y106.566 E.02579
G1 X128.609 Y107.255 E.02642
G1 X128.392 Y107.579 E.0132
G1 X127.861 Y108.175 E.02702
M73 P31 R6
G1 X127.419 Y108.521 E.019
G1 X126.765 Y108.893 E.02547
G1 X126.148 Y109.118 E.02223
G1 X125.606 Y109.229 E.01873
G1 X124.965 Y109.266 E.02173
G1 X124.301 Y109.215 E.02254
G1 X123.938 Y109.122 E.01268
M204 S1000
;WIPE_START
G1 F8640
G1 X123.88 Y109.107 E-.01383
G1 X123.573 Y109.029 E-.07314
G1 X122.626 Y108.551 E-.24494
G1 X122.168 Y108.202 E-.13296
G1 X121.712 Y107.731 E-.15137
G1 X121.334 Y107.198 E-.15088
G1 X121.276 Y107.068 E-.03288
;WIPE_END
G1 Z2 F720
G1 X124.989 Y99.189 F10800
G1 Z1.6 F720
G1 E.8 F2100
M204 S800
;TYPE:Perimeter
G1 F1431
G1 X125.108 Y99.186 E.00403
G1 X125.699 Y99.225 E.02005
G1 X126.233 Y99.323 E.01838
G1 X126.81 Y99.475 E.0202
G1 X127.293 Y99.659 E.0175
G1 X127.798 Y99.902 E.01897
G1 X128.295 Y100.207 E.01974
G1 X129.112 Y100.888 E.036
G1 X129.786 Y101.697 E.03564
G1 X130.303 Y102.614 E.03563
G1 X130.657 Y103.66 E.03738
G1 X130.776 Y104.334 E.02317
G1 X130.816 Y104.991 E.02228
G1 X130.72 Y106.049 E.03596
G1 X130.437 Y107.062 E.0356
G1 X129.973 Y108.017 E.03594
G1 X129.579 Y108.587 E.02345
G1 X129.119 Y109.106 E.02347
G1 X128.303 Y109.786 E.03595
G1 X127.386 Y110.303 E.03563
G1 X126.383 Y110.649 E.03591
G1 X125.701 Y110.774 E.02347
G1 X125.009 Y110.816 E.02347
G1 X123.951 Y110.72 E.03596
G1 X122.929 Y110.435 E.03591
G1 X122.297 Y110.15 E.02347
G1 X121.703 Y109.792 E.02348
G1 X120.888 Y109.112 E.03593
G1 X120.208 Y108.296 E.03595
G1 X119.941 Y107.855 E.01745
G1 X119.654 Y107.287 E.02154
G1 X119.447 Y106.732 E.02005
G1 X119.279 Y106.049 E.02381
G1 X119.194 Y105.351 E.0238
G1 X119.194 Y104.649 E.02376
G1 X119.277 Y103.96 E.02349
G1 X119.553 Y102.97 E.03479
G1 X119.675 Y102.684 E.01052
G1 X120.081 Y101.9 E.02988
G1 X120.42 Y101.414 E.02006
G1 X120.887 Y100.887 E.02383
G1 X121.406 Y100.427 E.02347
G1 X122.305 Y99.846 E.03623
G1 X122.929 Y99.565 E.02316
G1 X123.961 Y99.277 E.03627
G1 X124.596 Y99.2 E.02165
G1 X124.929 Y99.191 E.01128
M204 S1000
G1 X124.929 Y99.191 F10800
G1 X125.001 Y98.782
M204 S800
;TYPE:External perimeter
G1 F1431
G1 X125.119 Y98.779 E.004
G1 X125.75 Y98.821 E.02141
G1 X126.44 Y98.947 E.02374
G1 X126.964 Y99.096 E.01844
G1 X127.51 Y99.307 E.01981
G1 X127.996 Y99.547 E.01835
G1 X128.533 Y99.875 E.0213
G1 X129.401 Y100.599 E.03826
G1 X130.123 Y101.465 E.03816
G1 X130.676 Y102.446 E.03812
G1 X130.894 Y103.078 E.02263
G1 X131.058 Y103.586 E.01807
G1 X131.183 Y104.309 E.02484
G1 X131.224 Y104.997 E.02333
G1 X131.122 Y106.122 E.03824
G1 X130.82 Y107.207 E.03812
G1 X130.325 Y108.223 E.03825
G1 X129.9 Y108.839 E.02533
G1 X129.403 Y109.399 E.02534
G1 X128.535 Y110.123 E.03826
G1 X127.554 Y110.676 E.03812
G1 X126.487 Y111.044 E.0382
G1 X125.75 Y111.179 E.02536
G1 X125.003 Y111.224 E.02533
G1 X123.878 Y111.122 E.03824
G1 X122.79 Y110.819 E.03823
G1 X122.107 Y110.512 E.02535
G1 X121.466 Y110.124 E.02536
G1 X120.599 Y109.401 E.03821
G1 X119.876 Y108.533 E.03824
G1 X119.514 Y107.936 E.02363
G1 X119.278 Y107.445 E.01844
G1 X119.057 Y106.852 E.02142
G1 X118.877 Y106.122 E.02545
G1 X118.787 Y105.375 E.02547
G1 X118.787 Y104.625 E.02539
G1 X118.877 Y103.881 E.02537
G1 X119.181 Y102.79 E.03834
G1 X119.468 Y102.153 E.02365
G1 X119.737 Y101.68 E.01842
G1 X120.1 Y101.162 E.02141
G1 X120.599 Y100.599 E.02546
G1 X121.159 Y100.102 E.02534
G1 X122.11 Y99.487 E.03833
G1 X122.79 Y99.181 E.02524
G1 X123.881 Y98.877 E.03834
G1 X124.575 Y98.793 E.02366
G1 X124.941 Y98.783 E.01239
M204 S1000
G1 X124.941 Y98.783 F10800
G1 X125.285 Y99.565
M204 S2000
;TYPE:Internal infill
;WIDTH:0.45
G1 F1431
G1 X125.174 Y99.978 E.01448
M204 S1000
;WIPE_START
G1 F8640
G1 X125.285 Y99.565 E-.09875
;WIPE_END
G1 E-.70125 F2100
G1 Z2 F720
G1 X123.087 Y100.338 F10800
G1 Z1.6 F720
G1 E.8 F2100
M204 S2000
G1 F1431
G1 X123.541 Y100.175 E.01633
G1 X123.657 Y99.742 E.01517
G1 X123.535 Y99.776 E.00429
G1 X123.859 Y100.1 E.01551
G1 X124.372 Y100.018 E.01758
G1 X125.842 Y99.624 E.05151
G1 X125.497 Y99.579 E.01178
G1 X125.962 Y100.044 E.02226
G1 X126.677 Y100.267 E.02535
G1 X126.787 Y99.857 E.01437
G1 X127.241 Y100.032 E.01647
G1 X128.007 Y100.46 E.0297
M204 S1000
;WIPE_START
G1 F8640
G1 X127.241 Y100.032 E-.20261
G1 X126.787 Y99.857 E-.11235
G1 X126.677 Y100.267 E-.09802
G1 X125.962 Y100.044 E-.17294
G1 X125.497 Y99.579 E-.15184
G1 X125.765 Y99.614 E-.06224
;WIPE_END
G1 Z2 F720
G1 X126.872 Y100.328 F10800
G1 Z1.6 F720
G1 E.8 F2100
M204 S2000
G1 F1431
G1 X127.663 Y100.717 E.02984
G1 X128.171 Y100.58 E.01781
G1 X128.058 Y101.013 E.01515
G1 X128.404 Y101.274 E.01467
G1 X129.002 Y101.938 E.03025
G1 X129.418 Y101.827 E.01457
G1 X129.284 Y102.336 E.01782
G1 X129.666 Y103.133 E.02992
M204 S1000
;WIPE_START
G1 F8640
G1 X129.284 Y102.336 E-.20408
G1 X129.418 Y101.827 E-.12153
G1 X129.002 Y101.938 E-.09942
G1 X128.404 Y101.274 E-.20633
G1 X128.058 Y101.013 E-.10007
G1 X128.133 Y100.726 E-.06857
;WIPE_END
G1 Z2 F720
G1 X129.534 Y101.996 F10800
G1 Z1.6 F720
G1 E.8 F2100
M204 S2000
G1 F1431
G1 X129.968 Y102.765 E.02989
G1 X130.124 Y103.218 E.01622
M73 P32 R6
G1 X129.749 Y103.318 E.01314
G1 X129.947 Y104.029 E.02498
G1 X130.42 Y104.502 E.02264
G1 X130.41 Y104.343 E.00539
G1 X130.376 Y104.158 E.00637
G1 X129.967 Y105.683 E.05344
G1 X129.912 Y106.153 E.01602
G1 X130.224 Y106.465 E.01494
G1 X130.258 Y106.343 E.00429
G1 X129.817 Y106.461 E.01545
G1 X129.602 Y107.046 E.0211
G1 X129.232 Y108.426 E.04836
G1 X129.29 Y108.361 E.00295
G1 X129.441 Y108.142 E.009
G1 X128.76 Y108.325 E.02387
G1 X128.269 Y108.828 E.02379
G1 X128.547 Y109.106 E.01331
G1 X128.094 Y109.483 E.01995
G1 X127.422 Y109.862 E.02611
M204 S1000
;WIPE_START
G1 F8640
G1 X128.094 Y109.483 E-.17814
G1 X128.547 Y109.106 E-.13608
G1 X128.269 Y108.828 E-.09078
G1 X128.76 Y108.325 E-.16231
G1 X129.441 Y108.142 E-.16282
G1 X129.29 Y108.361 E-.06142
G1 X129.266 Y108.388 E-.00845
;WIPE_END
G1 Z2 F720
G1 X128.111 Y108.956 F10800
G1 Z1.6 F720
G1 E.8 F2100
M204 S2000
G1 F1431
G1 X127.385 Y109.421 E.02918
G1 X127.239 Y109.965 E.01907
G1 X126.938 Y109.656 E.0146
G1 X126.389 Y109.853 E.01974
G1 X125.651 Y109.996 E.02545
G1 X125.538 Y110.417 E.01475
G1 X125.151 Y110.028 E.01857
G1 X124.282 Y109.983 E.02945
M204 S1000
;WIPE_START
G1 F8640
G1 X125.151 Y110.028 E-.20092
G1 X125.538 Y110.417 E-.1267
G1 X125.651 Y109.996 E-.10065
G1 X126.389 Y109.853 E-.17358
G1 X126.938 Y109.656 E-.13468
G1 X127.13 Y109.853 E-.06347
;WIPE_END
G1 Z2 F720
G1 X125.335 Y110.429 F10800
G1 Z1.6 F720
G1 E.8 F2100
M204 S2000
G1 F1431
G1 X125.014 Y110.449 E.01089
G1 X123.976 Y110.347 E.0353
G1 X124.081 Y109.958 E.01364
G1 X123.381 Y109.766 E.02457
G1 X122.725 Y109.942 E.02299
G1 X123.054 Y110.09 E.01221
G1 X122.01 Y109.046 E.04998
G1 X121.548 Y108.677 E.02001
G1 X121.102 Y108.796 E.01562
G1 X121.148 Y108.852 E.00245
G1 X121.204 Y108.898 E.00245
G1 X121.326 Y108.444 E.01591
G1 X120.934 Y107.969 E.02085
G1 X119.922 Y106.957 E.04844
G1 X119.992 Y107.145 E.00679
G1 X120.056 Y107.283 E.00515
G1 X120.23 Y106.635 E.02271
G1 X120.039 Y105.92 E.02505
G1 X119.65 Y106.024 E.01363
G1 X119.56 Y105.329 E.02372
G1 X119.561 Y104.664 E.02251
M204 S1000
;WIPE_START
G1 F8640
G1 X119.56 Y105.329 E-.15355
G1 X119.65 Y106.024 E-.16182
G1 X120.039 Y105.92 E-.09298
G1 X120.23 Y106.635 E-.17088
G1 X120.056 Y107.283 E-.15493
G1 X119.992 Y107.145 E-.03512
G1 X119.946 Y107.021 E-.03072
;WIPE_END
G1 Z2 F720
G1 X120.018 Y105.718 F10800
G1 Z1.6 F720
G1 E.8 F2100
M204 S2000
G1 F1431
G1 X119.969 Y104.845 E.0296
G1 X119.586 Y104.462 E.01833
G1 X120.029 Y104.342 E.01554
G1 X120.092 Y103.818 E.01786
G1 X120.342 Y103.06 E.02702
G1 X120.043 Y102.76 E.01434
G1 X120.586 Y102.613 E.01904
G1 X120.868 Y102.097 E.0199
G1 X121.048 Y101.894 E.00918
M204 S1000
G1 X121.048 Y101.894 F10800
G1 X121.019 Y101.29
M204 S2000
G1 F1431
G1 X121.574 Y100.768 E.02579
G1 X122.899 Y100.413 E.04643
G1 X122.331 Y100.731 E.02203
G1 X122.048 Y100.448 E.01355
G1 X121.854 Y100.574 E.00783
G1 X121.683 Y101.21 E.02229
G1 X121.182 Y101.741 E.02471
G1 X120.884 Y101.443 E.01427
G1 X120.39 Y102.097 E.02774
G1 X120.127 Y102.573 E.01841
M204 S1000
;WIPE_START
G1 F8640
G1 X120.39 Y102.097 E-.12557
G1 X120.884 Y101.443 E-.18925
G1 X121.182 Y101.741 E-.09731
G1 X121.683 Y101.21 E-.16857
G1 X121.854 Y100.574 E-.15207
G1 X122.048 Y100.448 E-.05341
G1 X122.09 Y100.49 E-.01382
;WIPE_END
G1 Z2 F720
G1 X120.145 Y107.472 F10800
G1 Z1.6 F720
G1 E.8 F2100
M204 S2000
G1 F1431
G1 X120.56 Y107.361 E.01454
M204 S1000
;WIPE_START
G1 F8640
G1 X120.145 Y107.472 E-.09919
;WIPE_END
G1 E-.70081 F2100
G1 Z2 F720
G1 X122.641 Y109.433 F10800
G1 Z1.6 F720
G1 E.8 F2100
M204 S2000
G1 F1431
G1 X122.528 Y109.853 E.01472
M204 S1000
;WIPE_START
G1 F8640
G1 X122.641 Y109.433 E-.10043
;WIPE_END
G1 E-.69957 F2100
G1 Z2 F720
G1 X129.564 Y107.964 F10800
G1 Z1.6 F720
G1 E.8 F2100
M204 S2000
G1 F1431
G1 X129.263 Y107.663 E.01441
M204 S1000
;WIPE_START
G1 F8640
G1 X129.564 Y107.964 E-.09829
;WIPE_END
G1 E-.70171 F2100
G1 Z2 F720
G1 X130.034 Y104.823 F10800
G1 Z1.6 F720
G1 E.8 F2100
M204 S2000
G1 F1431
G1 X130.433 Y104.716 E.01398
M204 S1000
;WIPE_START
G1 F8640
G1 X130.034 Y104.823 E-.09539
;WIPE_END
G1 E-.70461 F2100
G1 Z2 F720
; stop printing object Scheibe-Radhaenger.stl id:0 copy 0
; printing object Scheibe-Radhaenger.stl id:1 copy 0
G1 X123.746 Y127.935 F10800
G1 Z1.6 F720
G1 E.8 F2100
M204 S800
;TYPE:Perimeter
;WIDTH:0.449999
G1 F1431
G1 X123.43 Y127.856 E.01103
G1 X122.783 Y127.55 E.02423
G1 X122.338 Y127.308 E.01715
G1 X121.88 Y126.958 E.01951
G1 X121.377 Y126.446 E.02429
G1 X120.96 Y125.865 E.02421
G1 X120.483 Y124.804 E.03938
G1 X120.36 Y124.296 E.01769
G1 X120.281 Y123.362 E.03173
G1 X120.388 Y122.435 E.03159
G1 X120.6 Y121.727 E.02502
G1 X121.092 Y120.799 E.03555
G1 X121.684 Y120.111 E.03072
G1 X122.061 Y119.768 E.01725
M73 P33 R6
G1 X122.364 Y119.541 E.01282
G1 X122.993 Y119.186 E.02445
G1 X123.673 Y118.932 E.02457
G1 X124.71 Y118.761 E.03558
G1 X125.542 Y118.809 E.02821
G1 X125.919 Y118.854 E.01285
G1 X126.809 Y119.136 E.0316
G1 X127.374 Y119.426 E.0215
G1 X128.03 Y119.902 E.02743
G1 X128.54 Y120.419 E.02458
G1 X128.958 Y121.001 E.02425
G1 X129.418 Y122.006 E.03741
G1 X129.557 Y122.57 E.01966
G1 X129.638 Y123.377 E.02745
G1 X129.505 Y124.545 E.03979
G1 X129.317 Y125.139 E.02109
G1 X128.926 Y125.883 E.02845
G1 X128.745 Y126.182 E.01183
G1 X128.123 Y126.879 E.03162
G1 X127.627 Y127.276 E.0215
G1 X126.924 Y127.68 E.02745
G1 X126.244 Y127.934 E.02457
G1 X125.645 Y128.061 E.02073
G1 X124.945 Y128.105 E.02374
G1 X124.217 Y128.052 E.02471
G1 X123.804 Y127.949 E.01441
M204 S1000
G1 X123.804 Y127.949 F10800
G1 X123.838 Y127.54
M204 S800
;TYPE:External perimeter
G1 F1431
G1 X123.531 Y127.462 E.01072
G1 X122.585 Y126.984 E.03588
G1 X122.127 Y126.635 E.01949
G1 X121.671 Y126.164 E.02219
G1 X121.293 Y125.631 E.02212
G1 X120.879 Y124.709 E.03421
G1 X120.756 Y124.2 E.01772
G1 X120.704 Y123.658 E.01843
G1 X120.706 Y123.23 E.01449
G1 X120.792 Y122.482 E.02549
G1 X120.988 Y121.85 E.0224
G1 X121.45 Y120.993 E.03296
G1 X121.987 Y120.382 E.02753
G1 X122.31 Y120.09 E.01474
G1 X122.564 Y119.895 E.01084
G1 X123.194 Y119.54 E.02448
G1 X123.811 Y119.315 E.02223
G1 X124.772 Y119.163 E.03293
G1 X125.511 Y119.215 E.02508
G1 X125.926 Y119.283 E.01423
G1 X126.686 Y119.524 E.02699
G1 X127.182 Y119.785 E.01897
G1 X127.789 Y120.23 E.02548
G1 X128.246 Y120.701 E.02221
G1 X128.625 Y121.236 E.02219
G1 X129.026 Y122.122 E.03292
G1 X129.161 Y122.666 E.01897
G1 X129.233 Y123.415 E.02547
G1 X129.139 Y124.265 E.02895
G1 X128.935 Y124.999 E.02579
G1 X128.568 Y125.688 E.02642
G1 X128.351 Y126.011 E.01317
G1 X127.819 Y126.608 E.02707
G1 X127.378 Y126.954 E.01897
G1 X126.724 Y127.326 E.02547
G1 X126.107 Y127.55 E.02222
G1 X125.564 Y127.662 E.01877
G1 X124.923 Y127.699 E.02173
G1 X124.26 Y127.647 E.02251
G1 X123.897 Y127.555 E.01268
M204 S1000
;WIPE_START
G1 F8640
G1 X123.838 Y127.54 E-.01406
G1 X123.531 Y127.462 E-.07314
G1 X122.585 Y126.984 E-.24474
G1 X122.127 Y126.635 E-.13296
G1 X121.671 Y126.164 E-.15137
G1 X121.293 Y125.631 E-.15088
G1 X121.235 Y125.501 E-.03285
;WIPE_END
G1 Z2 F720
G1 X124.948 Y117.622 F10800
G1 Z1.6 F720
G1 E.8 F2100
M204 S800
;TYPE:Perimeter
G1 F1431
G1 X125.067 Y117.619 E.00403
G1 X125.658 Y117.658 E.02005
G1 X126.192 Y117.756 E.01838
G1 X126.769 Y117.908 E.0202
G1 X127.252 Y118.092 E.0175
G1 X127.757 Y118.335 E.01897
G1 X128.254 Y118.64 E.01974
G1 X129.071 Y119.321 E.036
G1 X129.745 Y120.13 E.03564
G1 X130.262 Y121.046 E.0356
G1 X130.616 Y122.092 E.03738
G1 X130.735 Y122.766 E.02317
G1 X130.775 Y123.424 E.02231
G1 X130.679 Y124.481 E.03593
G1 X130.396 Y125.495 E.03563
G1 X129.931 Y126.45 E.03595
G1 X129.538 Y127.02 E.02344
G1 X129.078 Y127.539 E.02347
G1 X128.262 Y128.219 E.03595
G1 X127.345 Y128.736 E.03563
G1 X126.342 Y129.082 E.03591
G1 X125.66 Y129.207 E.02347
G1 X124.968 Y129.249 E.02347
G1 X123.91 Y129.153 E.03596
G1 X122.888 Y128.868 E.03591
G1 X122.256 Y128.583 E.02347
G1 X121.662 Y128.225 E.02348
G1 X120.846 Y127.545 E.03595
G1 X120.167 Y126.729 E.03593
G1 X119.9 Y126.288 E.01745
G1 X119.613 Y125.72 E.02154
G1 X119.406 Y125.165 E.02005
G1 X119.237 Y124.481 E.02385
G1 X119.153 Y123.784 E.02376
G1 X119.153 Y123.082 E.02376
G1 X119.236 Y122.393 E.02349
G1 X119.512 Y121.403 E.03479
G1 X119.634 Y121.117 E.01052
G1 X120.039 Y120.332 E.0299
G1 X120.379 Y119.847 E.02005
G1 X120.846 Y119.32 E.02383
G1 X121.365 Y118.86 E.02347
G1 X122.264 Y118.279 E.03623
G1 X122.888 Y117.998 E.02316
G1 X123.919 Y117.71 E.03623
G1 X124.554 Y117.633 E.02165
G1 X124.888 Y117.624 E.01131
M204 S1000
G1 X124.888 Y117.624 F10800
G1 X124.96 Y117.215
M204 S800
;TYPE:External perimeter
G1 F1431
G1 X125.077 Y117.212 E.00396
G1 X125.708 Y117.254 E.02141
G1 X126.399 Y117.38 E.02378
G1 X126.923 Y117.529 E.01844
G1 X127.469 Y117.74 E.01981
G1 X127.955 Y117.979 E.01833
G1 X128.492 Y118.308 E.02132
G1 X129.36 Y119.032 E.03826
G1 X130.081 Y119.897 E.03812
G1 X130.635 Y120.879 E.03816
G1 X130.853 Y121.511 E.02263
G1 X131.016 Y122.019 E.01806
G1 X131.142 Y122.742 E.02484
G1 X131.183 Y123.43 E.02333
G1 X131.081 Y124.555 E.03824
G1 X130.778 Y125.64 E.03813
G1 X130.284 Y126.656 E.03824
G1 X129.859 Y127.272 E.02533
G1 X129.362 Y127.832 E.02534
G1 X128.494 Y128.555 E.03824
G1 X127.513 Y129.109 E.03813
G1 X126.445 Y129.477 E.03824
G1 X125.709 Y129.612 E.02533
G1 X124.962 Y129.657 E.02533
G1 X123.837 Y129.555 E.03824
G1 X122.749 Y129.252 E.03823
G1 X122.066 Y128.944 E.02536
G1 X121.425 Y128.557 E.02534
G1 X120.557 Y127.834 E.03824
G1 X119.834 Y126.966 E.03824
G1 X119.473 Y126.368 E.02364
G1 X119.237 Y125.878 E.01841
G1 X119.016 Y125.285 E.02142
G1 X118.836 Y124.555 E.02545
G1 X118.745 Y123.808 E.02547
G1 X118.745 Y123.057 E.02542
G1 X118.836 Y122.314 E.02534
G1 X119.14 Y121.223 E.03834
G1 X119.427 Y120.586 E.02365
G1 X119.696 Y120.113 E.01842
G1 X120.058 Y119.595 E.02139
G1 X120.557 Y119.031 E.02549
G1 X121.118 Y118.535 E.02535
G1 X122.069 Y117.92 E.03833
G1 X122.749 Y117.614 E.02524
G1 X123.84 Y117.31 E.03834
G1 X124.534 Y117.226 E.02366
M73 P34 R6
G1 X124.9 Y117.216 E.01239
M204 S1000
G1 X124.9 Y117.216 F10800
G1 X125.244 Y117.998
M204 S2000
;TYPE:Internal infill
;WIDTH:0.45
G1 F1431
G1 X125.133 Y118.411 E.01448
M204 S1000
;WIPE_START
G1 F8640
G1 X125.244 Y117.998 E-.09875
;WIPE_END
G1 E-.70125 F2100
G1 Z2 F720
G1 X123.046 Y118.771 F10800
G1 Z1.6 F720
G1 E.8 F2100
M204 S2000
G1 F1431
G1 X123.5 Y118.608 E.01633
G1 X123.616 Y118.175 E.01517
G1 X123.494 Y118.209 E.00429
G1 X123.818 Y118.533 E.01551
G1 X124.331 Y118.451 E.01758
G1 X125.801 Y118.057 E.05151
G1 X125.456 Y118.012 E.01178
G1 X125.92 Y118.477 E.02224
G1 X126.636 Y118.7 E.02538
G1 X126.746 Y118.29 E.01437
G1 X127.2 Y118.465 E.01647
G1 X127.966 Y118.893 E.0297
M204 S1000
;WIPE_START
G1 F8640
G1 X127.2 Y118.465 E-.20261
G1 X126.746 Y118.29 E-.11235
G1 X126.636 Y118.7 E-.09802
G1 X125.92 Y118.477 E-.17316
G1 X125.456 Y118.012 E-.15168
G1 X125.723 Y118.047 E-.06218
;WIPE_END
G1 Z2 F720
G1 X126.83 Y118.76 F10800
G1 Z1.6 F720
G1 E.8 F2100
M204 S2000
G1 F1431
G1 X127.622 Y119.149 E.02987
G1 X128.13 Y119.013 E.0178
G1 X128.017 Y119.446 E.01515
G1 X128.363 Y119.707 E.01467
G1 X128.96 Y120.371 E.03022
G1 X129.376 Y120.26 E.01457
G1 X129.242 Y120.769 E.01782
G1 X129.625 Y121.565 E.0299
M204 S1000
;WIPE_START
G1 F8640
G1 X129.242 Y120.769 E-.20397
G1 X129.376 Y120.26 E-.12153
G1 X128.96 Y120.371 E-.09942
G1 X128.363 Y119.707 E-.20618
G1 X128.017 Y119.446 E-.10007
G1 X128.092 Y119.158 E-.06883
;WIPE_END
G1 Z2 F720
G1 X129.493 Y120.429 F10800
G1 Z1.6 F720
G1 E.8 F2100
M204 S2000
G1 F1431
G1 X129.926 Y121.197 E.02984
G1 X130.083 Y121.651 E.01626
G1 X129.708 Y121.751 E.01314
G1 X129.905 Y122.462 E.02497
G1 X130.378 Y122.935 E.02264
G1 X130.369 Y122.776 E.00539
G1 X130.335 Y122.591 E.00637
G1 X129.926 Y124.116 E.05344
G1 X129.871 Y124.586 E.01602
G1 X130.182 Y124.898 E.01491
G1 X130.216 Y124.776 E.00429
G1 X129.776 Y124.894 E.01542
G1 X129.561 Y125.479 E.0211
G1 X129.191 Y126.859 E.04836
G1 X129.249 Y126.794 E.00295
G1 X129.4 Y126.575 E.009
G1 X128.718 Y126.758 E.0239
G1 X128.228 Y127.261 E.02377
G1 X128.506 Y127.539 E.01331
G1 X128.053 Y127.916 E.01995
G1 X127.381 Y128.295 E.02611
M204 S1000
;WIPE_START
G1 F8640
G1 X128.053 Y127.916 E-.17814
G1 X128.506 Y127.539 E-.13608
G1 X128.228 Y127.261 E-.09078
G1 X128.718 Y126.758 E-.16214
G1 X129.4 Y126.575 E-.16305
G1 X129.249 Y126.794 E-.06142
G1 X129.225 Y126.821 E-.00839
;WIPE_END
G1 Z2 F720
G1 X128.07 Y127.389 F10800
G1 Z1.6 F720
G1 E.8 F2100
M204 S2000
G1 F1431
G1 X127.344 Y127.854 E.02918
G1 X127.198 Y128.398 E.01907
G1 X126.897 Y128.088 E.01463
G1 X126.348 Y128.285 E.01974
G1 X125.61 Y128.428 E.02545
G1 X125.497 Y128.85 E.01479
G1 X125.11 Y128.461 E.01857
G1 X124.241 Y128.416 E.02945
M204 S1000
;WIPE_START
G1 F8640
G1 X125.11 Y128.461 E-.20092
G1 X125.497 Y128.85 E-.1267
G1 X125.61 Y128.428 E-.10087
G1 X126.348 Y128.285 E-.17358
G1 X126.897 Y128.088 E-.13468
G1 X127.088 Y128.285 E-.06325
;WIPE_END
G1 Z2 F720
G1 X125.294 Y128.862 F10800
G1 Z1.6 F720
G1 E.8 F2100
M204 S2000
G1 F1431
G1 X124.973 Y128.882 E.01089
G1 X123.935 Y128.78 E.0353
G1 X124.039 Y128.391 E.01363
G1 X123.339 Y128.199 E.02457
G1 X122.684 Y128.374 E.02295
G1 X123.013 Y128.522 E.01221
G1 X121.969 Y127.479 E.04995
G1 X121.507 Y127.109 E.02004
G1 X121.06 Y127.229 E.01567
G1 X121.107 Y127.285 E.00247
G1 X121.163 Y127.331 E.00245
G1 X121.284 Y126.876 E.01594
G1 X120.893 Y126.402 E.0208
G1 X119.881 Y125.39 E.04844
G1 X119.951 Y125.578 E.00679
G1 X120.015 Y125.715 E.00512
G1 X120.189 Y125.068 E.02268
G1 X119.998 Y124.353 E.02505
G1 X119.609 Y124.457 E.01363
G1 X119.519 Y123.762 E.02372
G1 X119.52 Y123.097 E.02251
M204 S1000
;WIPE_START
G1 F8640
G1 X119.519 Y123.762 E-.15355
G1 X119.609 Y124.457 E-.16182
G1 X119.998 Y124.353 E-.09298
G1 X120.189 Y125.068 E-.17088
G1 X120.015 Y125.715 E-.1547
G1 X119.951 Y125.578 E-.03492
G1 X119.904 Y125.452 E-.03115
;WIPE_END
G1 Z2 F720
G1 X119.977 Y124.151 F10800
G1 Z1.6 F720
G1 E.8 F2100
M204 S2000
G1 F1431
G1 X119.928 Y123.278 E.0296
G1 X119.544 Y122.895 E.01836
G1 X119.988 Y122.775 E.01557
G1 X120.05 Y122.251 E.01786
G1 X120.301 Y121.492 E.02706
G1 X120.001 Y121.193 E.01434
G1 X120.545 Y121.046 E.01907
G1 X120.827 Y120.53 E.0199
G1 X121.006 Y120.327 E.00916
M204 S1000
G1 X121.006 Y120.327 F10800
G1 X120.978 Y119.723
M204 S2000
G1 F1431
G1 X121.533 Y119.201 E.02579
G1 X122.857 Y118.846 E.0464
G1 X122.29 Y119.164 E.022
G1 X122.007 Y118.881 E.01355
G1 X121.813 Y119.007 E.00783
G1 X121.642 Y119.643 E.02229
G1 X121.141 Y120.174 E.02471
G1 X120.843 Y119.876 E.01427
G1 X120.348 Y120.53 E.02776
G1 X120.086 Y121.005 E.01836
M204 S1000
;WIPE_START
G1 F8640
G1 X120.348 Y120.53 E-.12526
G1 X120.843 Y119.876 E-.18939
G1 X121.141 Y120.174 E-.09731
G1 X121.642 Y119.643 E-.16857
G1 X121.813 Y119.007 E-.15207
G1 X122.007 Y118.881 E-.05341
G1 X122.05 Y118.924 E-.01399
;WIPE_END
G1 Z2 F720
G1 X120.104 Y125.905 F10800
G1 Z1.6 F720
G1 E.8 F2100
M204 S2000
G1 F1431
G1 X120.519 Y125.794 E.01454
M204 S1000
;WIPE_START
G1 F8640
G1 X120.104 Y125.905 E-.09919
;WIPE_END
G1 E-.70081 F2100
G1 Z2 F720
G1 X122.6 Y127.866 F10800
G1 Z1.6 F720
M73 P35 R6
G1 E.8 F2100
M204 S2000
G1 F1431
G1 X122.487 Y128.286 E.01472
M204 S1000
;WIPE_START
G1 F8640
G1 X122.6 Y127.866 E-.10043
;WIPE_END
G1 E-.69957 F2100
G1 Z2 F720
G1 X129.523 Y126.397 F10800
G1 Z1.6 F720
G1 E.8 F2100
M204 S2000
G1 F1431
G1 X129.222 Y126.096 E.01441
M204 S1000
;WIPE_START
G1 F8640
G1 X129.523 Y126.397 E-.09829
;WIPE_END
G1 E-.70171 F2100
G1 Z2 F720
G1 X129.992 Y123.255 F10800
G1 Z1.6 F720
G1 E.8 F2100
M204 S2000
G1 F1431
G1 X130.391 Y123.149 E.01397
M204 S1000
;LAYER_CHANGE
;Z:1.8
;HEIGHT:0.2
;BEFORE_LAYER_CHANGE
G92 E0.0
;1.8


;WIPE_START
G1 F8640
G1 X129.992 Y123.255 E-.09533
;WIPE_END
G1 E-.70467 F2100
G1 Z1.8 F720
;AFTER_LAYER_CHANGE
;1.8
G1 Z2.2
; stop printing object Scheibe-Radhaenger.stl id:1 copy 0
; printing object Scheibe-Radhaenger.stl id:0 copy 0
G1 X123.787 Y109.501 F10800
G1 Z1.8 F720
G1 E.8 F2100
M204 S800
;TYPE:Perimeter
;WIDTH:0.449999
G1 F1299
G1 X123.472 Y109.423 E.01098
G1 X122.824 Y109.117 E.02426
G1 X122.379 Y108.875 E.01715
G1 X121.921 Y108.525 E.01951
G1 X121.419 Y108.014 E.02425
G1 X121.001 Y107.432 E.02425
G1 X120.626 Y106.623 E.03018
M73 P35 R5
G1 X120.468 Y106.137 E.0173
G1 X120.39 Y105.79 E.01204
G1 X120.321 Y105.057 E.02492
G1 X120.413 Y104.139 E.03123
G1 X120.461 Y103.866 E.00938
G1 X120.777 Y102.987 E.03162
G1 X121.081 Y102.445 E.02103
G1 X121.131 Y102.372 E.00299
G1 X121.589 Y101.796 E.02491
G1 X122.399 Y101.111 E.03591
G1 X123.353 Y100.621 E.0363
G1 X123.948 Y100.441 E.02104
G1 X124.764 Y100.326 E.02789
G1 X125.583 Y100.376 E.02777
G1 X126.103 Y100.46 E.01783
G1 X126.621 Y100.609 E.01824
G1 X127.089 Y100.814 E.01729
G1 X127.892 Y101.322 E.03216
G1 X128.564 Y101.969 E.03158
G1 X128.999 Y102.568 E.02506
G1 X129.427 Y103.494 E.03453
G1 X129.596 Y104.123 E.02205
G1 X129.679 Y104.943 E.0279
G1 X129.546 Y106.112 E.03982
G1 X129.359 Y106.706 E.02108
G1 X128.967 Y107.45 E.02847
G1 X128.786 Y107.749 E.01183
G1 X128.164 Y108.446 E.03162
G1 X127.64 Y108.834 E.02207
G1 X127.195 Y109.134 E.01817
G1 X126.626 Y109.389 E.02111
G1 X125.606 Y109.639 E.03555
G1 X124.996 Y109.674 E.02068
G1 X124.272 Y109.621 E.02457
G1 X123.846 Y109.516 E.01485
M204 S1000
G1 X123.846 Y109.516 F10800
G1 X123.88 Y109.107
M204 S800
;TYPE:External perimeter
G1 F1299
G1 X123.573 Y109.029 E.01072
G1 X122.626 Y108.551 E.03591
G1 X122.168 Y108.202 E.01949
G1 X121.712 Y107.731 E.02219
G1 X121.334 Y107.198 E.02212
G1 X120.997 Y106.456 E.02758
G1 X120.8 Y105.78 E.02383
G1 X120.744 Y105.206 E.01952
G1 X120.747 Y104.797 E.01384
G1 X120.833 Y104.049 E.02549
G1 X121.176 Y103.091 E.03444
G1 X121.433 Y102.65 E.01728
G1 X121.449 Y102.626 E.00098
G1 X121.907 Y102.05 E.02491
G1 X122.639 Y101.44 E.03225
G1 X123.534 Y100.986 E.03397
G1 X124.059 Y100.833 E.01851
G1 X124.818 Y100.73 E.02593
G1 X125.552 Y100.782 E.02491
G1 X125.996 Y100.852 E.01521
G1 X126.462 Y100.984 E.01639
G1 X126.926 Y101.187 E.01714
G1 X127.61 Y101.616 E.02733
G1 X128.282 Y102.263 E.03158
G1 X128.666 Y102.803 E.02243
G1 X129.055 Y103.661 E.03189
G1 X129.2 Y104.22 E.01955
G1 X129.274 Y104.981 E.02588
G1 X129.18 Y105.832 E.02898
G1 X128.976 Y106.566 E.02579
G1 X128.609 Y107.255 E.02642
G1 X128.392 Y107.579 E.0132
G1 X127.861 Y108.175 E.02702
G1 X127.028 Y108.762 E.03449
G1 X126.459 Y109.018 E.02112
G1 X125.514 Y109.243 E.03288
G1 X124.98 Y109.267 E.01809
G1 X124.315 Y109.217 E.02257
G1 X123.938 Y109.121 E.01317
M204 S1000
;WIPE_START
G1 F8640
G1 X123.88 Y109.107 E-.01378
G1 X123.573 Y109.029 E-.07314
G1 X122.626 Y108.551 E-.24494
G1 X122.168 Y108.202 E-.13296
G1 X121.712 Y107.731 E-.15137
G1 X121.334 Y107.198 E-.15088
G1 X121.275 Y107.068 E-.03293
;WIPE_END
G1 Z2.2 F720
G1 X124.989 Y99.189 F10800
G1 Z1.8 F720
G1 E.8 F2100
M204 S800
;TYPE:Perimeter
G1 F1299
G1 X125.124 Y99.187 E.00457
G1 X125.699 Y99.225 E.01951
G1 X126.392 Y99.352 E.02385
G1 X127.059 Y99.56 E.02365
G1 X127.82 Y99.915 E.02842
G1 X128.295 Y100.207 E.01887
G1 X129.112 Y100.888 E.036
G1 X129.814 Y101.741 E.03739
G1 X130.164 Y102.329 E.02316
G1 X130.501 Y103.124 E.02923
G1 X130.653 Y103.638 E.01814
G1 X130.776 Y104.334 E.02392
G1 X130.816 Y104.991 E.02228
G1 X130.72 Y106.049 E.03596
G1 X130.437 Y107.062 E.0356
G1 X129.973 Y108.017 E.03594
G1 X129.579 Y108.587 E.02345
G1 X129.119 Y109.106 E.02347
G1 X128.303 Y109.786 E.03595
G1 X127.386 Y110.303 E.03563
G1 X126.383 Y110.649 E.03591
G1 X125.701 Y110.774 E.02347
G1 X125.009 Y110.816 E.02347
G1 X123.951 Y110.72 E.03596
G1 X122.929 Y110.435 E.03591
G1 X122.297 Y110.15 E.02347
G1 X121.703 Y109.792 E.02348
G1 X120.907 Y109.128 E.03509
G1 X120.566 Y108.762 E.01693
G1 X120.214 Y108.306 E.0195
G1 X119.85 Y107.703 E.02384
G1 X119.561 Y107.063 E.02377
G1 X119.355 Y106.401 E.02347
M73 P36 R5
G1 X119.194 Y105.342 E.03626
G1 X119.194 Y104.649 E.02346
G1 X119.277 Y103.96 E.02349
G1 X119.563 Y102.938 E.03592
G1 X120.027 Y101.983 E.03594
G1 X120.421 Y101.413 E.02345
G1 X120.87 Y100.906 E.02292
G1 X121.238 Y100.566 E.01696
G1 X121.694 Y100.214 E.0195
G1 X122.297 Y99.85 E.02384
G1 X122.929 Y99.565 E.02347
G1 X123.961 Y99.277 E.03627
G1 X124.623 Y99.197 E.02257
G1 X124.929 Y99.191 E.01036
M204 S1000
G1 X124.929 Y99.191 F10800
G1 X125.001 Y98.781
M204 S800
;TYPE:External perimeter
G1 F1299
G1 X125.135 Y98.779 E.00454
G1 X125.75 Y98.821 E.02087
G1 X126.49 Y98.956 E.02546
G1 X127.206 Y99.18 E.02539
G1 X128.013 Y99.556 E.03014
G1 X128.533 Y99.875 E.02065
G1 X129.401 Y100.599 E.03826
G1 X130.124 Y101.467 E.03824
G1 X130.511 Y102.106 E.02529
G1 X130.843 Y102.872 E.02826
G1 X130.953 Y103.212 E.0121
G1 X131.1 Y103.815 E.02101
G1 X131.183 Y104.309 E.01696
G1 X131.224 Y104.997 E.02333
G1 X131.122 Y106.122 E.03824
G1 X130.82 Y107.207 E.03812
G1 X130.325 Y108.223 E.03825
G1 X129.9 Y108.839 E.02533
G1 X129.403 Y109.399 E.02534
G1 X128.535 Y110.123 E.03826
G1 X127.554 Y110.676 E.03812
G1 X126.487 Y111.044 E.0382
G1 X125.75 Y111.179 E.02536
G1 X125.003 Y111.224 E.02533
G1 X123.878 Y111.122 E.03824
G1 X122.79 Y110.819 E.03823
G1 X122.107 Y110.512 E.02535
G1 X121.466 Y110.124 E.02536
G1 X120.595 Y109.398 E.03838
G1 X120.254 Y109.024 E.01713
G1 X119.878 Y108.537 E.02083
G1 X119.488 Y107.893 E.02548
G1 X119.18 Y107.207 E.02545
G1 X118.957 Y106.492 E.02535
G1 X118.787 Y105.372 E.03834
G1 X118.787 Y104.625 E.02529
G1 X118.877 Y103.881 E.02537
G1 X119.18 Y102.793 E.03823
G1 X119.675 Y101.777 E.03825
G1 X120.1 Y101.161 E.02533
G1 X120.6 Y100.597 E.02551
G1 X120.976 Y100.254 E.01723
G1 X121.463 Y99.878 E.02083
G1 X122.107 Y99.488 E.02548
G1 X122.79 Y99.181 E.02535
G1 X123.881 Y98.877 E.03834
G1 X124.626 Y98.787 E.0254
G1 X124.941 Y98.782 E.01066
M204 S1000
;WIPE_START
G1 F8640
G1 X125.001 Y98.781 E-.01386
G1 X125.135 Y98.779 E-.03094
G1 X125.75 Y98.821 E-.14234
G1 X126.49 Y98.956 E-.17369
G1 X127.206 Y99.18 E-.17323
G1 X128.013 Y99.556 E-.20557
G1 X128.236 Y99.693 E-.06037
;WIPE_END
G1 Z2.2 F720
G1 X124.828 Y99.959 F10800
G1 Z1.8 F720
G1 E.8 F2100
M204 S2000
;TYPE:Internal infill
;WIDTH:0.45
G1 F1299
G1 X124.021 Y100.062 E.02754
G1 X123.692 Y99.733 E.01575
G1 X123.499 Y99.786 E.00677
G1 X123.38 Y100.23 E.01556
G1 X122.64 Y100.567 E.02752
M204 S1000
;WIPE_START
G1 F8640
G1 X123.38 Y100.23 E-.18775
G1 X123.499 Y99.786 E-.10614
G1 X123.692 Y99.733 E-.04621
G1 X124.021 Y100.062 E-.10743
G1 X124.828 Y99.959 E-.18785
;WIPE_END
G1 E-.16462 F2100
G1 Z2.2 F720
G1 X120.728 Y107.661 F10800
G1 Z1.8 F720
G1 E.8 F2100
M204 S2000
G1 F1299
G1 X121.212 Y108.32 E.02768
G1 X121.087 Y108.789 E.01643
G1 X121.131 Y108.838 E.00223
G1 X121.219 Y108.911 E.00387
G1 X121.667 Y108.791 E.0157
G1 X122.33 Y109.278 E.02785
M204 S1000
;WIPE_START
G1 F8640
G1 X121.667 Y108.791 E-.18995
G1 X121.219 Y108.911 E-.10709
G1 X121.131 Y108.838 E-.0264
G1 X121.087 Y108.789 E-.01521
G1 X121.212 Y108.32 E-.11207
G1 X120.728 Y107.661 E-.1888
;WIPE_END
G1 E-.16048 F2100
G1 Z2.2 F720
G1 X127.531 Y109.779 F10800
G1 Z1.8 F720
G1 E.8 F2100
M204 S2000
G1 F1299
G1 X127.72 Y109.694 E.00701
G1 X127.191 Y109.932 E.01963
G1 X127.133 Y109.818 E.00433
G1 X127.078 Y110.022 E.00715
G1 X126.29 Y110.294 E.02822
G1 X125.722 Y110.398 E.01955
G1 X125.349 Y110.025 E.01786
G1 X125.498 Y110.021 E.00505
G1 X125.389 Y110.426 E.0142
G1 X125.014 Y110.449 E.01272
G1 X124.018 Y110.358 E.03385
G1 X123.84 Y110.309 E.00625
G1 X123.945 Y109.917 E.01374
G1 X123.643 Y109.842 E.01053
G1 X122.929 Y110.033 E.02502
G1 X123.054 Y110.09 E.00465
G1 X123.331 Y110.167 E.00973
G1 X122.555 Y109.391 E.03715
G1 X122.512 Y109.369 E.00163
G1 X122.4 Y109.785 E.01458
G1 X121.917 Y109.493 E.0191
G1 X121.375 Y109.041 E.02389
M204 S1000
G1 X121.375 Y109.041 F10800
G1 X120.95 Y108.639
M204 S2000
G1 F1299
G1 X120.517 Y108.099 E.02343
G1 X120.215 Y107.6 E.01974
G1 X120.614 Y107.493 E.01398
G1 X120.581 Y107.417 E.0028
G1 X119.817 Y106.653 E.03657
G1 X119.967 Y107.071 E.01503
G1 X120.151 Y106.383 E.02411
G1 X120.074 Y106.057 E.01134
G1 X119.689 Y106.16 E.01349
G1 X119.56 Y105.314 E.02897
G1 X119.56 Y104.671 E.02176
G1 X119.567 Y104.613 E.00198
G1 X120.007 Y104.495 E.01542
G1 X119.986 Y104.663 E.00573
G1 X119.607 Y104.284 E.01814
G1 X119.638 Y104.032 E.00859
G1 X119.978 Y102.922 E.0393
G1 X120.47 Y102.79 E.01724
G1 X120.409 Y102.927 E.00508
G1 X120.117 Y102.635 E.01398
G1 X120.345 Y102.168 E.01759
G1 X120.71 Y101.639 E.02175
G1 X120.978 Y101.337 E.01367
G1 X121.262 Y101.621 E.01359
G1 X121.486 Y101.402 E.0106
G1 X121.676 Y100.691 E.02491
G1 X121.474 Y100.847 E.00864
G1 X121.328 Y100.98 E.00669
G1 X122.458 Y100.658 E.03977
G1 X122.16 Y100.36 E.01427
G1 X122.467 Y100.175 E.01213
G1 X123.303 Y99.841 E.03047
M204 S1000
G1 X123.303 Y99.841 F10800
G1 X123.888 Y99.678
M204 S2000
G1 F1299
G1 X124.678 Y99.559 E.02704
G1 X125.141 Y99.555 E.01567
G1 X125.031 Y99.966 E.0144
G1 X125.092 Y99.971 E.00207
G1 X126.167 Y99.683 E.03767
G1 X125.719 Y99.601 E.01542
G1 X126.236 Y100.119 E.02477
G1 X126.548 Y100.203 E.01094
G1 X126.652 Y99.817 E.01353
G1 X127.646 Y100.239 E.03655
G1 X128.052 Y100.488 E.01612
M73 P37 R5
G1 X127.94 Y100.905 E.01462
G1 X127.81 Y100.824 E.00518
G1 X128.304 Y100.691 E.01732
G1 X128.852 Y101.148 E.02415
G1 X129.309 Y101.696 E.02415
G1 X129.177 Y102.186 E.01718
G1 X129.089 Y102.061 E.00517
G1 X129.512 Y101.948 E.01482
G1 X129.822 Y102.462 E.02032
G1 X130.186 Y103.348 E.03242
G1 X129.802 Y103.451 E.01346
G1 X129.885 Y103.767 E.01106
G1 X130.399 Y104.281 E.0246
G1 X130.317 Y103.833 E.01542
G1 X130.04 Y104.866 E.0362
G1 X130.045 Y104.966 E.00339
G1 X130.441 Y104.86 E.01388
G1 X130.322 Y106.112 E.04257
M204 S1000
G1 X130.322 Y106.112 F10800
G1 X130.159 Y106.697
M204 S2000
G1 F1299
G1 X129.646 Y107.846 E.04259
G1 X129.337 Y107.537 E.01479
G1 X129.022 Y108.663 E.03958
G1 X129.29 Y108.361 E.01367
G1 X129.317 Y108.322 E.00161
G1 X128.583 Y108.519 E.02572
G1 X128.382 Y108.74 E.01011
G1 X128.656 Y109.015 E.01314
G1 X128.094 Y109.483 E.02476
G1 X127.747 Y109.679 E.01349
G1 X127.872 Y109.351 E.01188
G1 X127.791 Y109.172 E.00665
G1 X128.224 Y108.868 E.01791
M204 S1000
;WIPE_START
G1 F8640
G1 X127.791 Y109.172 E-.12216
G1 X127.872 Y109.351 E-.04537
G1 X127.747 Y109.679 E-.08105
G1 X128.094 Y109.483 E-.09202
G1 X128.656 Y109.015 E-.16887
G1 X128.382 Y108.74 E-.08964
G1 X128.583 Y108.519 E-.06898
G1 X129.135 Y108.371 E-.13191
;WIPE_END
G1 Z2.2 F720
G1 X129.434 Y107.358 F10800
G1 Z1.8 F720
G1 E.8 F2100
M204 S2000
G1 F1299
G1 X129.766 Y106.621 E.02736
G1 X130.214 Y106.501 E.0157
G1 X130.267 Y106.308 E.00677
G1 X129.941 Y105.983 E.01558
G1 X130.035 Y105.169 E.02774
M204 S1000
;WIPE_START
G1 F8640
G1 X129.941 Y105.983 E-.1892
G1 X130.267 Y106.308 E-.10629
G1 X130.214 Y106.501 E-.04621
G1 X129.766 Y106.621 E-.10709
G1 X129.434 Y107.358 E-.18665
;WIPE_END
G1 E-.16456 F2100
G1 Z2.2 F720
; stop printing object Scheibe-Radhaenger.stl id:0 copy 0
; printing object Scheibe-Radhaenger.stl id:1 copy 0
G1 X123.746 Y127.934 F10800
G1 Z1.8 F720
G1 E.8 F2100
M204 S800
;TYPE:Perimeter
;WIDTH:0.449999
G1 F1299
G1 X123.431 Y127.856 E.01098
G1 X122.783 Y127.55 E.02426
G1 X122.338 Y127.308 E.01715
G1 X121.88 Y126.958 E.01951
G1 X121.377 Y126.446 E.02429
G1 X120.96 Y125.865 E.02421
G1 X120.585 Y125.056 E.03018
G1 X120.426 Y124.57 E.01731
G1 X120.349 Y124.223 E.01203
G1 X120.279 Y123.49 E.02492
G1 X120.372 Y122.572 E.03123
G1 X120.42 Y122.299 E.00938
G1 X120.736 Y121.42 E.03162
G1 X121.04 Y120.878 E.02103
G1 X121.089 Y120.805 E.00298
G1 X121.548 Y120.229 E.02493
G1 X122.358 Y119.544 E.03591
G1 X123.312 Y119.054 E.0363
G1 X123.907 Y118.874 E.02104
G1 X124.723 Y118.759 E.02789
G1 X125.542 Y118.809 E.02777
G1 X126.062 Y118.893 E.01783
G1 X126.58 Y119.042 E.01824
G1 X127.048 Y119.247 E.01729
G1 X127.851 Y119.755 E.03216
G1 X128.523 Y120.402 E.03158
G1 X128.958 Y121.001 E.02506
G1 X129.385 Y121.927 E.03452
G1 X129.554 Y122.556 E.02205
G1 X129.638 Y123.376 E.0279
G1 X129.505 Y124.545 E.03982
G1 X129.317 Y125.139 E.02109
G1 X128.926 Y125.883 E.02845
G1 X128.745 Y126.182 E.01183
G1 X128.123 Y126.879 E.03162
G1 X127.599 Y127.267 E.02207
G1 X127.154 Y127.567 E.01817
G1 X126.584 Y127.822 E.02114
G1 X125.565 Y128.072 E.03551
G1 X124.955 Y128.107 E.02068
G1 X124.23 Y128.054 E.02461
G1 X123.804 Y127.949 E.01485
M204 S1000
G1 X123.804 Y127.949 F10800
G1 X123.838 Y127.539
M204 S800
;TYPE:External perimeter
G1 F1299
G1 X123.532 Y127.462 E.01068
G1 X122.585 Y126.984 E.03591
G1 X122.127 Y126.635 E.01949
G1 X121.671 Y126.164 E.02219
G1 X121.293 Y125.631 E.02212
G1 X120.956 Y124.889 E.02758
G1 X120.759 Y124.213 E.02383
G1 X120.702 Y123.639 E.01952
G1 X120.706 Y123.23 E.01384
G1 X120.792 Y122.482 E.02549
G1 X121.134 Y121.523 E.03446
G1 X121.391 Y121.083 E.01725
G1 X121.408 Y121.059 E.001
G1 X121.866 Y120.483 E.02491
G1 X122.598 Y119.873 E.03225
G1 X123.493 Y119.419 E.03397
G1 X124.018 Y119.266 E.01851
G1 X124.776 Y119.163 E.02589
G1 X125.511 Y119.215 E.02494
G1 X125.954 Y119.285 E.01518
G1 X126.421 Y119.416 E.01642
G1 X126.884 Y119.619 E.01711
G1 X127.568 Y120.048 E.02733
G1 X128.241 Y120.696 E.03162
G1 X128.625 Y121.236 E.02243
G1 X129.014 Y122.093 E.03186
G1 X129.159 Y122.652 E.01955
G1 X129.233 Y123.414 E.02591
G1 X129.139 Y124.265 E.02898
G1 X128.935 Y124.999 E.02579
G1 X128.568 Y125.688 E.02642
G1 X128.351 Y126.011 E.01317
G1 X127.819 Y126.608 E.02707
G1 X126.987 Y127.195 E.03447
G1 X126.418 Y127.451 E.02112
G1 X125.472 Y127.676 E.03291
G1 X124.939 Y127.7 E.01806
G1 X124.274 Y127.65 E.02257
G1 X123.897 Y127.554 E.01317
M204 S1000
;WIPE_START
G1 F8640
G1 X123.838 Y127.539 E-.01406
G1 X123.532 Y127.462 E-.07286
G1 X122.585 Y126.984 E-.24494
G1 X122.127 Y126.635 E-.13296
G1 X121.671 Y126.164 E-.15137
G1 X121.293 Y125.631 E-.15088
G1 X121.234 Y125.501 E-.03293
;WIPE_END
G1 Z2.2 F720
G1 X124.948 Y117.622 F10800
G1 Z1.8 F720
G1 E.8 F2100
M204 S800
;TYPE:Perimeter
G1 F1299
G1 X125.083 Y117.62 E.00457
G1 X125.658 Y117.658 E.01951
G1 X126.351 Y117.785 E.02385
G1 X127.018 Y117.993 E.02365
G1 X127.779 Y118.348 E.02842
G1 X128.254 Y118.64 E.01887
G1 X129.071 Y119.321 E.036
G1 X129.773 Y120.174 E.03739
G1 X130.123 Y120.762 E.02316
G1 X130.46 Y121.557 E.02923
G1 X130.612 Y122.071 E.01814
G1 X130.735 Y122.766 E.02389
G1 X130.775 Y123.424 E.02231
G1 X130.679 Y124.481 E.03593
G1 X130.396 Y125.495 E.03563
M73 P38 R5
G1 X129.931 Y126.45 E.03595
G1 X129.538 Y127.02 E.02344
G1 X129.078 Y127.539 E.02347
G1 X128.262 Y128.219 E.03595
G1 X127.345 Y128.736 E.03563
G1 X126.342 Y129.082 E.03591
G1 X125.66 Y129.207 E.02347
G1 X124.968 Y129.249 E.02347
G1 X123.91 Y129.153 E.03596
G1 X122.888 Y128.868 E.03591
G1 X122.256 Y128.583 E.02347
G1 X121.662 Y128.225 E.02348
G1 X120.866 Y127.561 E.03509
G1 X120.525 Y127.195 E.01693
G1 X120.173 Y126.739 E.0195
G1 X119.808 Y126.136 E.02386
G1 X119.52 Y125.496 E.02376
G1 X119.314 Y124.833 E.0235
G1 X119.153 Y123.774 E.03626
G1 X119.153 Y123.082 E.02342
G1 X119.236 Y122.393 E.02349
G1 X119.521 Y121.37 E.03595
G1 X119.986 Y120.416 E.03592
G1 X120.38 Y119.846 E.02345
G1 X120.829 Y119.339 E.02292
G1 X121.197 Y118.999 E.01696
G1 X121.653 Y118.647 E.0195
G1 X122.256 Y118.282 E.02386
G1 X122.888 Y117.998 E.02345
G1 X123.919 Y117.71 E.03623
G1 X124.582 Y117.63 E.0226
G1 X124.888 Y117.624 E.01036
M204 S1000
G1 X124.888 Y117.624 F10800
G1 X124.96 Y117.214
M204 S800
;TYPE:External perimeter
G1 F1299
G1 X125.094 Y117.212 E.00454
G1 X125.708 Y117.254 E.02083
G1 X126.448 Y117.389 E.02546
G1 X127.165 Y117.612 E.02542
G1 X127.972 Y117.989 E.03015
G1 X128.492 Y118.308 E.02065
G1 X129.36 Y119.032 E.03826
G1 X130.083 Y119.9 E.03824
G1 X130.47 Y120.539 E.02529
G1 X130.802 Y121.305 E.02826
G1 X130.912 Y121.645 E.0121
G1 X131.058 Y122.248 E.021
G1 X131.142 Y122.742 E.01696
G1 X131.183 Y123.43 E.02333
G1 X131.081 Y124.555 E.03824
G1 X130.778 Y125.64 E.03813
G1 X130.284 Y126.656 E.03824
G1 X129.859 Y127.272 E.02533
G1 X129.362 Y127.832 E.02534
G1 X128.494 Y128.555 E.03824
G1 X127.513 Y129.109 E.03813
G1 X126.445 Y129.477 E.03824
G1 X125.709 Y129.612 E.02533
G1 X124.962 Y129.657 E.02533
G1 X123.837 Y129.555 E.03824
G1 X122.749 Y129.252 E.03823
G1 X122.066 Y128.944 E.02536
G1 X121.425 Y128.557 E.02534
G1 X120.554 Y127.831 E.03838
G1 X120.213 Y127.457 E.01713
G1 X119.836 Y126.969 E.02087
G1 X119.447 Y126.326 E.02544
G1 X119.139 Y125.64 E.02545
G1 X118.916 Y124.925 E.02535
G1 X118.745 Y123.805 E.03835
G1 X118.745 Y123.057 E.02532
G1 X118.836 Y122.314 E.02534
G1 X119.139 Y121.225 E.03826
G1 X119.634 Y120.21 E.03822
G1 X120.059 Y119.594 E.02533
G1 X120.558 Y119.03 E.02549
G1 X120.935 Y118.687 E.01725
G1 X121.422 Y118.311 E.02083
G1 X122.066 Y117.921 E.02548
G1 X122.749 Y117.614 E.02535
G1 X123.84 Y117.31 E.03834
G1 X124.585 Y117.219 E.0254
G1 X124.9 Y117.215 E.01066
M204 S1000
;WIPE_START
G1 F8640
G1 X124.96 Y117.214 E-.01386
G1 X125.094 Y117.212 E-.03094
G1 X125.708 Y117.254 E-.14211
G1 X126.448 Y117.389 E-.17369
G1 X127.165 Y117.612 E-.17338
G1 X127.972 Y117.989 E-.20567
G1 X128.195 Y118.126 E-.06035
;WIPE_END
G1 Z2.2 F720
G1 X124.787 Y118.392 F10800
G1 Z1.8 F720
G1 E.8 F2100
M204 S2000
;TYPE:Internal infill
;WIDTH:0.45
G1 F1299
G1 X123.98 Y118.495 E.02754
G1 X123.65 Y118.166 E.01577
G1 X123.458 Y118.219 E.00674
G1 X123.339 Y118.663 E.01556
G1 X122.599 Y119 E.02752
M204 S1000
;WIPE_START
G1 F8640
G1 X123.339 Y118.663 E-.18775
G1 X123.458 Y118.219 E-.10614
G1 X123.65 Y118.166 E-.04599
G1 X123.98 Y118.495 E-.1076
G1 X124.787 Y118.392 E-.18785
;WIPE_END
G1 E-.16467 F2100
G1 Z2.2 F720
G1 X120.687 Y126.094 F10800
G1 Z1.8 F720
G1 E.8 F2100
M204 S2000
G1 F1299
G1 X121.171 Y126.753 E.02768
G1 X121.045 Y127.222 E.01644
G1 X121.09 Y127.271 E.00225
G1 X121.178 Y127.344 E.00387
G1 X121.626 Y127.224 E.0157
G1 X122.288 Y127.711 E.02782
M204 S1000
;WIPE_START
G1 F8640
G1 X121.626 Y127.224 E-.18976
G1 X121.178 Y127.344 E-.10709
G1 X121.09 Y127.271 E-.0264
G1 X121.045 Y127.222 E-.01536
G1 X121.171 Y126.753 E-.11213
G1 X120.687 Y126.094 E-.1888
;WIPE_END
G1 E-.16046 F2100
G1 Z2.2 F720
G1 X127.489 Y128.212 F10800
G1 Z1.8 F720
G1 E.8 F2100
M204 S2000
G1 F1299
G1 X127.679 Y128.127 E.00705
G1 X127.149 Y128.365 E.01967
G1 X127.091 Y128.25 E.00436
G1 X127.037 Y128.455 E.00718
G1 X126.248 Y128.727 E.02825
G1 X125.68 Y128.831 E.01955
G1 X125.307 Y128.458 E.01786
G1 X125.457 Y128.454 E.00508
G1 X125.348 Y128.859 E.0142
G1 X124.973 Y128.882 E.01272
G1 X123.977 Y128.791 E.03385
G1 X123.799 Y128.742 E.00625
G1 X123.904 Y128.349 E.01377
G1 X123.601 Y128.275 E.01056
G1 X122.888 Y128.466 E.02499
G1 X123.013 Y128.522 E.00464
G1 X123.29 Y128.6 E.00974
G1 X122.514 Y127.824 E.03715
G1 X122.47 Y127.802 E.00167
G1 X122.359 Y128.218 E.01457
G1 X121.875 Y127.925 E.01915
G1 X121.334 Y127.474 E.02384
M204 S1000
G1 X121.334 Y127.474 F10800
G1 X120.908 Y127.071
M204 S2000
G1 F1299
G1 X120.475 Y126.532 E.0234
G1 X120.174 Y126.033 E.01973
G1 X120.573 Y125.926 E.01398
G1 X120.54 Y125.849 E.00284
G1 X119.776 Y125.086 E.03655
G1 X119.925 Y125.504 E.01502
G1 X120.11 Y124.816 E.02412
G1 X120.032 Y124.49 E.01135
G1 X119.648 Y124.593 E.01346
G1 X119.519 Y123.747 E.02897
G1 X119.519 Y123.104 E.02176
G1 X119.526 Y123.045 E.00201
G1 X119.966 Y122.928 E.01541
G1 X119.945 Y123.096 E.00573
G1 X119.566 Y122.717 E.01814
G1 X119.597 Y122.465 E.00859
G1 X119.936 Y121.355 E.03929
G1 X120.429 Y121.223 E.01728
M73 P39 R5
G1 X120.368 Y121.36 E.00508
G1 X120.076 Y121.068 E.01398
G1 X120.303 Y120.601 E.01758
G1 X120.669 Y120.072 E.02177
G1 X120.937 Y119.77 E.01367
G1 X121.221 Y120.054 E.01359
G1 X121.444 Y119.835 E.01058
G1 X121.635 Y119.124 E.02492
G1 X121.433 Y119.28 E.00864
G1 X121.287 Y119.413 E.00669
G1 X122.417 Y119.091 E.03977
G1 X122.119 Y118.793 E.01427
G1 X122.426 Y118.607 E.01215
G1 X123.262 Y118.274 E.03046
M204 S1000
G1 X123.262 Y118.274 F10800
G1 X123.846 Y118.111
M204 S2000
G1 F1299
G1 X124.637 Y117.992 E.02708
G1 X125.1 Y117.988 E.01567
G1 X124.99 Y118.399 E.0144
G1 X125.051 Y118.404 E.00207
G1 X126.126 Y118.116 E.03767
G1 X125.678 Y118.034 E.01542
G1 X126.195 Y118.551 E.02475
G1 X126.507 Y118.636 E.01095
G1 X126.61 Y118.25 E.01352
G1 X127.605 Y118.671 E.03657
G1 X128.011 Y118.921 E.01614
G1 X127.899 Y119.338 E.01462
G1 X127.768 Y119.257 E.00521
G1 X128.263 Y119.124 E.01735
G1 X128.811 Y119.581 E.02415
G1 X129.268 Y120.129 E.02415
G1 X129.136 Y120.619 E.01718
G1 X129.048 Y120.494 E.00517
G1 X129.47 Y120.381 E.01479
G1 X129.781 Y120.895 E.02034
G1 X130.145 Y121.781 E.03242
G1 X129.76 Y121.884 E.01349
G1 X129.843 Y122.2 E.01106
G1 X130.357 Y122.714 E.0246
G1 X130.275 Y122.266 E.01542
G1 X129.999 Y123.298 E.03616
G1 X130.004 Y123.399 E.00342
G1 X130.4 Y123.293 E.01388
G1 X130.281 Y124.545 E.04257
M204 S1000
G1 X130.281 Y124.545 F10800
G1 X130.118 Y125.13
M204 S2000
G1 F1299
G1 X129.604 Y126.279 E.04261
G1 X129.295 Y125.97 E.01479
G1 X128.981 Y127.096 E.03957
G1 X129.249 Y126.794 E.01367
G1 X129.276 Y126.755 E.00161
G1 X128.541 Y126.951 E.02575
G1 X128.34 Y127.173 E.01014
G1 X128.615 Y127.448 E.01316
G1 X128.053 Y127.916 E.02476
G1 X127.706 Y128.112 E.01349
G1 X127.831 Y127.784 E.01188
G1 X127.75 Y127.605 E.00665
G1 X128.183 Y127.301 E.01791
M204 S1000
;WIPE_START
G1 F8640
G1 X127.75 Y127.605 E-.12216
G1 X127.831 Y127.784 E-.04537
G1 X127.706 Y128.112 E-.08105
G1 X128.053 Y127.916 E-.09202
G1 X128.615 Y127.448 E-.16887
G1 X128.34 Y127.173 E-.0898
G1 X128.541 Y126.951 E-.06915
G1 X129.091 Y126.804 E-.13158
;WIPE_END
G1 Z2.2 F720
G1 X129.393 Y125.791 F10800
G1 Z1.8 F720
G1 E.8 F2100
M204 S2000
G1 F1299
G1 X129.724 Y125.054 E.02735
G1 X130.172 Y124.934 E.0157
G1 X130.226 Y124.741 E.00678
G1 X129.9 Y124.415 E.01561
G1 X129.994 Y123.602 E.0277
M204 S1000
;LAYER_CHANGE
;Z:2
;HEIGHT:0.2
;BEFORE_LAYER_CHANGE
G92 E0.0
;2


;WIPE_START
G1 F8640
G1 X129.9 Y124.415 E-.18897
G1 X130.226 Y124.741 E-.10645
G1 X130.172 Y124.934 E-.04628
G1 X129.724 Y125.054 E-.10709
G1 X129.393 Y125.791 E-.18655
;WIPE_END
G1 E-.16466 F2100
G1 Z2 F720
;AFTER_LAYER_CHANGE
;2
G1 Z2.4
; stop printing object Scheibe-Radhaenger.stl id:1 copy 0
; printing object Scheibe-Radhaenger.stl id:0 copy 0
G1 X123.789 Y109.494 F10800
G1 Z2 F720
G1 E.8 F2100
M204 S800
;TYPE:Perimeter
;WIDTH:0.449999
G1 F1392
G1 X123.289 Y109.351 E.0176
G1 X122.83 Y109.128 E.01727
G1 X122.379 Y108.875 E.0175
G1 X121.921 Y108.525 E.01951
G1 X121.419 Y108.014 E.02425
G1 X121.001 Y107.432 E.02425
G1 X120.677 Y106.793 E.02425
G1 X120.413 Y105.914 E.03107
G1 X120.322 Y104.93 E.03345
G1 X120.429 Y104.002 E.03162
G1 X120.641 Y103.294 E.02502
G1 X121.123 Y102.384 E.03486
G1 X121.324 Y102.13 E.01096
G1 X121.667 Y101.715 E.01822
G1 X122.29 Y101.189 E.0276
G1 X122.849 Y100.859 E.02197
G1 X123.318 Y100.642 E.01749
G1 X123.828 Y100.471 E.01821
G1 X124.751 Y100.328 E.03162
G1 X125.583 Y100.376 E.02821
G1 X125.952 Y100.419 E.01257
G1 X126.726 Y100.653 E.02737
G1 X127.297 Y100.938 E.0216
G1 X127.617 Y101.123 E.01251
G1 X128.079 Y101.475 E.01966
G1 X128.581 Y101.986 E.02425
G1 X128.999 Y102.568 E.02425
G1 X129.269 Y103.097 E.0201
G1 X129.449 Y103.608 E.01834
G1 X129.601 Y104.149 E.01902
G1 X129.679 Y104.942 E.02697
G1 X129.547 Y106.112 E.03985
G1 X129.359 Y106.706 E.02109
G1 X128.967 Y107.45 E.02847
G1 X128.687 Y107.87 E.01709
G1 X128.343 Y108.277 E.01804
G1 X127.71 Y108.811 E.02803
G1 X126.968 Y109.246 E.02911
G1 X125.98 Y109.573 E.03523
G1 X125.237 Y109.674 E.02538
G1 X124.178 Y109.606 E.03592
G1 X123.847 Y109.511 E.01166
M204 S1000
G1 X123.847 Y109.511 F10800
G1 X123.881 Y109.102
M204 S800
;TYPE:External perimeter
G1 F1392
G1 X123.407 Y108.962 E.01673
G1 X122.693 Y108.598 E.02713
G1 X122.168 Y108.202 E.02226
G1 X121.712 Y107.731 E.02219
G1 X121.334 Y107.198 E.02212
G1 X121.041 Y106.613 E.02215
G1 X120.805 Y105.802 E.02859
G1 X120.745 Y105.222 E.01974
G1 X120.747 Y104.797 E.01439
G1 X120.833 Y104.049 E.02549
G1 X121.029 Y103.417 E.0224
G1 X121.421 Y102.668 E.02862
G1 X121.643 Y102.383 E.01223
G1 X121.935 Y102.021 E.01574
G1 X122.552 Y101.5 E.02733
G1 X123.05 Y101.213 E.01946
G1 X123.455 Y101.025 E.01511
G1 X123.89 Y100.873 E.0156
G1 X124.813 Y100.73 E.03162
G1 X125.551 Y100.782 E.02504
G1 X125.97 Y100.849 E.01436
G1 X126.608 Y101.043 E.02257
G1 X127.37 Y101.446 E.02918
G1 X127.832 Y101.798 E.01966
G1 X128.288 Y102.269 E.02219
G1 X128.666 Y102.802 E.02212
G1 X128.904 Y103.277 E.01798
G1 X129.178 Y104.137 E.03055
G1 X129.274 Y104.981 E.02875
G1 X129.18 Y105.832 E.02898
G1 X128.976 Y106.566 E.02579
G1 X128.609 Y107.255 E.02642
G1 X128.373 Y107.611 E.01446
G1 X128.065 Y107.978 E.01622
G1 X127.447 Y108.501 E.0274
G1 X126.766 Y108.892 E.02658
G1 X125.925 Y109.17 E.02998
G1 X125.183 Y109.27 E.02534
G1 X124.209 Y109.2 E.03305
G1 X123.938 Y109.119 E.00957
M204 S1000
;WIPE_START
G1 F8640
G1 X123.881 Y109.102 E-.01373
G1 X123.407 Y108.962 E-.11412
G1 X122.693 Y108.598 E-.18505
G1 X122.168 Y108.202 E-.15184
G1 X121.712 Y107.731 E-.15137
G1 X121.334 Y107.198 E-.15088
G1 X121.27 Y107.07 E-.03301
;WIPE_END
G1 Z2.4 F720
G1 X124.989 Y99.19 F10800
G1 Z2 F720
G1 E.8 F2100
M204 S800
;TYPE:Perimeter
G1 F1392
G1 X125.14 Y99.187 E.00511
G1 X125.699 Y99.225 E.01897
M73 P40 R5
G1 X126.392 Y99.352 E.02385
G1 X127.058 Y99.56 E.02362
G1 X127.834 Y99.923 E.029
G1 X128.295 Y100.207 E.01833
G1 X129.112 Y100.888 E.036
G1 X129.794 Y101.707 E.03608
G1 X130.06 Y102.137 E.01711
G1 X130.358 Y102.755 E.02322
G1 X130.563 Y103.304 E.01984
G1 X130.692 Y103.83 E.01833
G1 X130.776 Y104.329 E.01713
G1 X130.816 Y104.991 E.02245
G1 X130.72 Y106.049 E.03596
G1 X130.437 Y107.062 E.0356
G1 X129.973 Y108.017 E.03594
G1 X129.579 Y108.587 E.02345
G1 X129.119 Y109.106 E.02347
G1 X128.303 Y109.786 E.03595
G1 X127.379 Y110.308 E.03592
G1 X126.756 Y110.544 E.02255
G1 X126.255 Y110.677 E.01755
G1 X125.704 Y110.774 E.01894
G1 X125.009 Y110.816 E.02357
G1 X123.951 Y110.72 E.03596
G1 X122.929 Y110.435 E.03591
G1 X122.297 Y110.15 E.02347
G1 X121.703 Y109.792 E.02348
G1 X120.908 Y109.129 E.03504
G1 X120.556 Y108.75 E.01751
G1 X120.214 Y108.306 E.01897
G1 X119.85 Y107.703 E.02384
G1 X119.565 Y107.071 E.02347
G1 X119.277 Y106.039 E.03627
G1 X119.194 Y105.351 E.02346
G1 X119.194 Y104.649 E.02376
G1 X119.277 Y103.96 E.02349
G1 X119.565 Y102.929 E.03623
G1 X119.838 Y102.322 E.02253
G1 X120.098 Y101.873 E.01756
G1 X120.42 Y101.415 E.01895
G1 X120.869 Y100.907 E.02295
G1 X121.25 Y100.556 E.01753
G1 X121.694 Y100.214 E.01897
G1 X122.297 Y99.85 E.02384
G1 X122.929 Y99.565 E.02347
G1 X123.961 Y99.277 E.03627
G1 X124.622 Y99.197 E.02254
G1 X124.929 Y99.191 E.01039
M204 S1000
G1 X124.929 Y99.191 F10800
G1 X125.001 Y98.782
M204 S800
;TYPE:External perimeter
G1 F1392
G1 X125.151 Y98.78 E.00508
G1 X125.749 Y98.821 E.02029
G1 X126.49 Y98.956 E.02549
G1 X127.206 Y99.18 E.02539
G1 X128.027 Y99.564 E.03068
G1 X128.533 Y99.875 E.0201
G1 X129.401 Y100.599 E.03826
G1 X130.125 Y101.468 E.03829
G1 X130.421 Y101.951 E.01917
G1 X130.78 Y102.718 E.02867
G1 X130.957 Y103.201 E.01741
G1 X131.093 Y103.76 E.01947
G1 X131.183 Y104.304 E.01866
G1 X131.224 Y104.997 E.0235
G1 X131.122 Y106.122 E.03824
G1 X130.82 Y107.207 E.03812
G1 X130.325 Y108.223 E.03825
G1 X129.9 Y108.839 E.02533
G1 X129.403 Y109.399 E.02534
G1 X128.535 Y110.123 E.03826
G1 X127.552 Y110.677 E.03819
G1 X126.85 Y110.943 E.02541
G1 X126.342 Y111.076 E.01777
G1 X125.751 Y111.179 E.02031
G1 X125.003 Y111.224 E.02536
G1 X123.878 Y111.122 E.03824
G1 X122.79 Y110.819 E.03823
G1 X122.107 Y110.512 E.02535
G1 X121.466 Y110.124 E.02536
G1 X120.595 Y109.398 E.03838
G1 X120.244 Y109.012 E.01766
G1 X119.878 Y108.537 E.0203
G1 X119.488 Y107.893 E.02548
G1 X119.181 Y107.21 E.02535
G1 X118.877 Y106.119 E.03834
G1 X118.787 Y105.375 E.02537
G1 X118.787 Y104.625 E.02539
G1 X118.877 Y103.881 E.02537
G1 X119.181 Y102.79 E.03834
G1 X119.489 Y102.106 E.02539
G1 X119.755 Y101.653 E.01778
G1 X120.1 Y101.162 E.02031
G1 X120.6 Y100.597 E.02554
G1 X120.988 Y100.244 E.01776
G1 X121.463 Y99.878 E.0203
G1 X122.107 Y99.488 E.02548
G1 X122.79 Y99.181 E.02535
G1 X123.881 Y98.877 E.03834
G1 X124.626 Y98.787 E.0254
G1 X124.941 Y98.783 E.01066
M204 S1000
G1 X124.941 Y98.783 F10800
G1 X125.198 Y99.558
M204 S2000
;TYPE:Internal infill
;WIDTH:0.45
G1 F1392
G1 X125.964 Y99.646 E.0261
G1 X126.531 Y100.213 E.02714
G1 X126.409 Y100.177 E.00431
G1 X126.516 Y99.775 E.01408
G1 X126.45 Y99.754 E.00234
G1 X125.511 Y100.005 E.0329
G1 X124.887 Y99.957 E.02118
G1 X124.995 Y99.556 E.01406
G1 X124.044 Y99.636 E.0323
M204 S1000
;WIPE_START
G1 F8640
G1 X124.995 Y99.556 E-.22036
G1 X124.887 Y99.957 E-.09589
G1 X125.511 Y100.005 E-.14451
G1 X126.45 Y99.754 E-.22443
G1 X126.516 Y99.775 E-.01599
G1 X126.409 Y100.177 E-.09605
G1 X126.42 Y100.18 E-.00277
;WIPE_END
G1 Z2.4 F720
G1 X122.766 Y100.488 F10800
G1 Z2 F720
G1 E.8 F2100
M204 S2000
G1 F1392
G1 X123.217 Y100.291 E.01666
G1 X123.341 Y99.831 E.01613
G1 X123.848 Y99.689 E.01782
G1 X124.204 Y100.045 E.01704
G1 X123.409 Y100.222 E.02757
M204 S1000
G1 X123.409 Y100.222 F10800
G1 X123.145 Y99.885
M204 S2000
G1 F1392
G1 X122.285 Y100.285 E.0321
G1 X122.589 Y100.589 E.01455
G1 X122.023 Y100.94 E.02254
G1 X121.113 Y101.184 E.03189
G1 X121.072 Y101.231 E.00211
G1 X121.353 Y101.512 E.01345
G1 X121.29 Y101.585 E.00326
G1 X121.492 Y100.832 E.02639
G1 X122.111 Y100.39 E.02575
M204 S1000
;WIPE_START
G1 F8640
G1 X121.492 Y100.832 E-.17563
G1 X121.29 Y101.585 E-.18002
G1 X121.353 Y101.512 E-.02227
G1 X121.072 Y101.231 E-.09176
G1 X121.113 Y101.184 E-.0144
G1 X122.023 Y100.94 E-.21754
G1 X122.385 Y100.715 E-.09838
;WIPE_END
G1 Z2.4 F720
G1 X120.937 Y101.383 F10800
G1 Z2 F720
G1 E.8 F2100
M204 S2000
G1 F1392
G1 X120.406 Y102.071 E.02942
G1 X120.167 Y102.485 E.01618
G1 X120.481 Y102.799 E.01503
G1 X120.397 Y102.956 E.00603
G1 X119.901 Y103.089 E.01738
G1 X119.638 Y104.032 E.03314
G1 X119.629 Y104.105 E.00249
G1 X120.012 Y104.488 E.01833
G1 X119.993 Y104.645 E.00535
G1 X119.56 Y104.761 E.01517
G1 X119.56 Y105.329 E.01923
G1 X119.675 Y106.1 E.02639
M204 S1000
;WIPE_START
G1 F8640
G1 X119.56 Y105.329 E-.18
G1 X119.56 Y104.761 E-.13115
G1 X119.993 Y104.645 E-.10351
G1 X120.012 Y104.488 E-.03652
G1 X119.629 Y104.105 E-.12507
G1 X119.638 Y104.032 E-.01698
G1 X119.878 Y103.17 E-.20677
;WIPE_END
G1 Z2.4 F720
G1 X120.186 Y107.552 F10800
G1 Z2 F720
G1 E.8 F2100
M204 S2000
G1 F1392
G1 X119.882 Y106.842 E.02614
G1 X120.086 Y106.078 E.02677
M73 P41 R5
G1 X120.119 Y106.192 E.00402
G1 X119.729 Y106.296 E.01366
G1 X119.756 Y106.391 E.00334
G1 X120.379 Y107.015 E.02985
G1 X120.688 Y107.62 E.02299
G1 X120.291 Y107.726 E.01391
G1 X120.837 Y108.514 E.03245
M204 S1000
;WIPE_START
G1 F8640
G1 X120.291 Y107.726 E-.22136
G1 X120.688 Y107.62 E-.09488
G1 X120.379 Y107.015 E-.15686
G1 X119.756 Y106.391 E-.2036
G1 X119.729 Y106.296 E-.0228
G1 X120.119 Y106.192 E-.0932
G1 X120.11 Y106.162 E-.0073
;WIPE_END
G1 Z2.4 F720
G1 X122.209 Y109.199 F10800
G1 Z2 F720
G1 E.8 F2100
M204 S2000
G1 F1392
G1 X121.818 Y108.897 E.01672
G1 X121.352 Y109.022 E.01633
G1 X121.132 Y108.838 E.00971
G1 X120.974 Y108.664 E.00796
G1 X121.098 Y108.201 E.01622
G1 X121.657 Y108.773 E.02707
M204 S1000
G1 X121.657 Y108.773 F10800
G1 X121.508 Y109.152
M204 S2000
G1 F1392
G1 X122.274 Y109.709 E.03206
G1 X122.382 Y109.305 E.01416
G1 X122.96 Y109.595 E.02189
G1 X123.609 Y110.244 E.03107
G1 X123.704 Y110.271 E.00334
G1 X123.807 Y109.885 E.01352
G1 X123.914 Y109.916 E.00377
G1 X123.158 Y110.118 E.02649
G1 X122.448 Y109.814 E.02614
M204 S1000
;WIPE_START
G1 F8640
G1 X123.158 Y110.118 E-.17834
G1 X123.914 Y109.916 E-.18069
G1 X123.807 Y109.885 E-.02572
G1 X123.704 Y110.271 E-.09225
G1 X123.609 Y110.244 E-.0228
G1 X122.96 Y109.595 E-.21193
G1 X122.619 Y109.423 E-.08827
;WIPE_END
G1 Z2.4 F720
G1 X123.9 Y110.325 F10800
G1 Z2 F720
G1 E.8 F2100
M204 S2000
G1 F1392
G1 X125.24 Y110.435 E.04551
G1 X125.35 Y110.025 E.01437
G1 X125.525 Y110.001 E.00598
G1 X125.893 Y110.369 E.01762
G1 X126.615 Y110.205 E.02506
G1 X126.913 Y110.093 E.01078
G1 X127.04 Y109.617 E.01668
G1 X127.208 Y109.526 E.00647
G1 X127.501 Y109.818 E.014
G1 X128.094 Y109.483 E.02305
G1 X128.609 Y109.054 E.02269
M204 S1000
;WIPE_START
G1 F8640
G1 X128.094 Y109.483 E-.15477
G1 X127.501 Y109.818 E-.15726
G1 X127.208 Y109.526 E-.09551
G1 X127.04 Y109.617 E-.04412
G1 X126.913 Y110.093 E-.11375
G1 X126.615 Y110.205 E-.07351
G1 X125.934 Y110.36 E-.16108
;WIPE_END
G1 Z2.4 F720
G1 X129.615 Y107.891 F10800
G1 Z2 F720
G1 E.8 F2100
M204 S2000
G1 F1392
G1 X129.157 Y108.511 E.02609
G1 X128.374 Y108.721 E.02744
G1 X128.476 Y108.634 E.00454
G1 X128.765 Y108.924 E.01386
G1 X128.818 Y108.881 E.00231
G1 X129.055 Y107.995 E.03104
G1 X129.406 Y107.406 E.02321
G1 X129.713 Y107.713 E.0147
G1 X130.115 Y106.855 E.03207
M204 S1000
G1 X130.115 Y106.855 F10800
G1 X129.776 Y106.585
M204 S2000
G1 F1392
G1 X129.96 Y105.801 E.02726
G1 X130.311 Y106.152 E.0168
G1 X130.169 Y106.659 E.01782
G1 X129.719 Y106.78 E.01577
G1 X129.504 Y107.227 E.01679
M204 S1000
;WIPE_START
G1 F8640
G1 X129.719 Y106.78 E-.11453
G1 X130.169 Y106.659 E-.1076
G1 X130.311 Y106.152 E-.12157
G1 X129.96 Y105.801 E-.11462
G1 X129.776 Y106.585 E-.18595
;WIPE_END
G1 E-.15573 F2100
G1 Z2.4 F720
G1 X130.361 Y105.955 F10800
G1 Z2 F720
G1 E.8 F2100
M204 S2000
G1 F1392
G1 X130.447 Y105.005 E.03229
G1 X130.031 Y105.116 E.01457
G1 X130 Y104.468 E.02196
G1 X130.247 Y103.546 E.03231
G1 X130.231 Y103.482 E.00223
G1 X129.817 Y103.593 E.01451
G1 X129.777 Y103.46 E.0047
G1 X130.357 Y104.039 E.02774
G1 X130.438 Y104.801 E.02594
M204 S1000
;WIPE_START
G1 F8640
G1 X130.357 Y104.039 E-.17694
G1 X129.777 Y103.46 E-.18923
G1 X129.817 Y103.593 E-.03207
G1 X130.231 Y103.482 E-.09897
G1 X130.247 Y103.546 E-.01523
G1 X130 Y104.468 E-.2204
G1 X130.014 Y104.759 E-.06716
;WIPE_END
G1 Z2.4 F720
G1 X130.169 Y103.289 F10800
G1 Z2 F720
G1 E.8 F2100
M204 S2000
G1 F1392
G1 X129.968 Y102.76 E.01916
G1 X129.591 Y102.073 E.02653
G1 X129.176 Y102.184 E.01454
G1 X129.072 Y102.035 E.00615
G1 X129.198 Y101.563 E.01654
G1 X128.852 Y101.148 E.01829
G1 X128.437 Y100.802 E.01829
G1 X127.959 Y100.93 E.01675
G1 X127.817 Y100.82 E.00608
G1 X127.926 Y100.41 E.01436
G1 X126.711 Y99.835 E.0455
M204 S1000
;WIPE_START
G1 F8640
G1 X127.926 Y100.41 E-.31038
G1 X127.817 Y100.82 E-.09796
G1 X127.959 Y100.93 E-.04148
G1 X128.437 Y100.802 E-.11426
G1 X128.852 Y101.148 E-.12476
G1 X129.16 Y101.518 E-.11116
;WIPE_END
G1 Z2.4 F720
; stop printing object Scheibe-Radhaenger.stl id:0 copy 0
; printing object Scheibe-Radhaenger.stl id:1 copy 0
G1 X123.748 Y127.927 F10800
G1 Z2 F720
G1 E.8 F2100
M204 S800
;TYPE:Perimeter
;WIDTH:0.449999
G1 F1392
G1 X123.248 Y127.784 E.0176
G1 X122.789 Y127.561 E.01727
G1 X122.338 Y127.308 E.0175
G1 X121.88 Y126.958 E.01951
G1 X121.377 Y126.446 E.02429
G1 X120.96 Y125.865 E.02421
G1 X120.635 Y125.226 E.02427
G1 X120.372 Y124.347 E.03106
G1 X120.281 Y123.363 E.03345
G1 X120.388 Y122.435 E.03162
G1 X120.6 Y121.727 E.02502
G1 X121.081 Y120.817 E.03484
G1 X121.283 Y120.563 E.01098
G1 X121.626 Y120.148 E.01822
G1 X122.248 Y119.622 E.02757
G1 X122.807 Y119.292 E.02197
G1 X123.276 Y119.075 E.01749
G1 X123.787 Y118.903 E.01825
G1 X124.71 Y118.761 E.03161
G1 X125.541 Y118.809 E.02818
G1 X125.911 Y118.852 E.01261
G1 X126.685 Y119.086 E.02737
G1 X127.255 Y119.371 E.02157
G1 X127.576 Y119.555 E.01252
G1 X128.038 Y119.907 E.01966
G1 X128.54 Y120.419 E.02427
G1 X128.958 Y121.001 E.02425
G1 X129.228 Y121.53 E.0201
G1 X129.408 Y122.041 E.01834
G1 X129.56 Y122.582 E.01902
G1 X129.638 Y123.375 E.02697
G1 X129.505 Y124.545 E.03986
G1 X129.317 Y125.139 E.02109
G1 X128.926 Y125.883 E.02845
G1 X128.645 Y126.303 E.0171
G1 X128.302 Y126.709 E.01799
G1 X127.669 Y127.244 E.02805
G1 X126.926 Y127.679 E.02914
M73 P42 R5
G1 X125.939 Y128.006 E.03519
G1 X125.196 Y128.107 E.02538
G1 X124.137 Y128.039 E.03592
G1 X123.805 Y127.944 E.01169
M204 S1000
G1 X123.805 Y127.944 F10800
G1 X123.839 Y127.535
M204 S800
;TYPE:External perimeter
G1 F1392
G1 X123.366 Y127.395 E.0167
G1 X122.652 Y127.031 E.02713
G1 X122.127 Y126.635 E.02226
G1 X121.671 Y126.164 E.02219
G1 X121.293 Y125.631 E.02212
G1 X121 Y125.046 E.02215
G1 X120.763 Y124.235 E.0286
G1 X120.704 Y123.655 E.01973
G1 X120.706 Y123.23 E.01439
G1 X120.792 Y122.482 E.02549
G1 X120.988 Y121.85 E.0224
G1 X121.38 Y121.101 E.02862
G1 X121.602 Y120.816 E.01223
G1 X121.894 Y120.454 E.01574
G1 X122.511 Y119.933 E.02733
G1 X123.009 Y119.645 E.01947
G1 X123.414 Y119.458 E.0151
G1 X123.849 Y119.306 E.0156
G1 X124.772 Y119.163 E.03162
G1 X125.51 Y119.215 E.02504
G1 X125.928 Y119.282 E.01433
G1 X126.566 Y119.476 E.02257
G1 X127.329 Y119.879 E.02921
G1 X127.791 Y120.231 E.01966
G1 X128.247 Y120.702 E.02219
G1 X128.625 Y121.235 E.02212
G1 X128.863 Y121.71 E.01798
G1 X129.136 Y122.57 E.03054
G1 X129.233 Y123.414 E.02876
G1 X129.139 Y124.265 E.02898
G1 X128.935 Y124.999 E.02579
G1 X128.568 Y125.688 E.02642
G1 X128.331 Y126.044 E.01448
G1 X128.024 Y126.411 E.0162
G1 X127.405 Y126.934 E.02743
G1 X126.725 Y127.325 E.02655
G1 X125.884 Y127.603 E.02998
G1 X125.142 Y127.703 E.02534
G1 X124.168 Y127.633 E.03305
G1 X123.897 Y127.552 E.00957
M204 S1000
;WIPE_START
G1 F8640
G1 X123.839 Y127.535 E-.01396
G1 X123.366 Y127.395 E-.1139
G1 X122.652 Y127.031 E-.18505
G1 X122.127 Y126.635 E-.15184
G1 X121.671 Y126.164 E-.15137
G1 X121.293 Y125.631 E-.15088
G1 X121.229 Y125.503 E-.033
;WIPE_END
G1 Z2.4 F720
G1 X124.948 Y117.623 F10800
G1 Z2 F720
G1 E.8 F2100
M204 S800
;TYPE:Perimeter
G1 F1392
G1 X125.099 Y117.62 E.00511
G1 X125.658 Y117.658 E.01897
G1 X126.351 Y117.785 E.02385
G1 X127.017 Y117.993 E.02362
G1 X127.793 Y118.356 E.029
G1 X128.254 Y118.64 E.01833
G1 X129.071 Y119.321 E.036
G1 X129.753 Y120.14 E.03608
G1 X130.018 Y120.57 E.0171
G1 X130.317 Y121.188 E.02324
G1 X130.521 Y121.736 E.01979
G1 X130.651 Y122.263 E.01837
G1 X130.735 Y122.762 E.01713
G1 X130.775 Y123.424 E.02245
G1 X130.679 Y124.481 E.03593
G1 X130.396 Y125.495 E.03563
G1 X129.931 Y126.45 E.03595
G1 X129.538 Y127.02 E.02344
G1 X129.078 Y127.539 E.02347
G1 X128.262 Y128.219 E.03595
G1 X127.337 Y128.74 E.03593
G1 X126.715 Y128.977 E.02253
G1 X126.214 Y129.11 E.01755
G1 X125.662 Y129.207 E.01897
G1 X124.968 Y129.249 E.02353
G1 X123.91 Y129.153 E.03596
G1 X122.888 Y128.868 E.03591
G1 X122.256 Y128.583 E.02347
G1 X121.662 Y128.225 E.02348
G1 X120.867 Y127.562 E.03504
G1 X120.515 Y127.183 E.01751
G1 X120.173 Y126.739 E.01897
G1 X119.808 Y126.136 E.02386
G1 X119.524 Y125.504 E.02345
G1 X119.236 Y124.472 E.03627
G1 X119.153 Y123.784 E.02346
G1 X119.153 Y123.082 E.02376
G1 X119.236 Y122.393 E.02349
G1 X119.524 Y121.362 E.03623
G1 X119.797 Y120.754 E.02256
G1 X120.057 Y120.306 E.01753
G1 X120.378 Y119.847 E.01896
G1 X120.828 Y119.34 E.02295
G1 X121.209 Y118.989 E.01753
G1 X121.652 Y118.647 E.01894
G1 X122.256 Y118.282 E.02389
G1 X122.888 Y117.998 E.02345
G1 X123.919 Y117.71 E.03623
G1 X124.581 Y117.63 E.02257
G1 X124.888 Y117.624 E.01039
M204 S1000
G1 X124.888 Y117.624 F10800
G1 X124.96 Y117.215
M204 S800
;TYPE:External perimeter
G1 F1392
G1 X125.11 Y117.213 E.00508
G1 X125.708 Y117.254 E.02029
G1 X126.448 Y117.389 E.02546
G1 X127.165 Y117.612 E.02542
G1 X127.986 Y117.997 E.03069
G1 X128.492 Y118.308 E.0201
G1 X129.36 Y119.032 E.03826
G1 X130.084 Y119.901 E.03829
G1 X130.38 Y120.383 E.01915
G1 X130.738 Y121.151 E.02868
G1 X130.915 Y121.634 E.01741
G1 X131.052 Y122.193 E.01948
G1 X131.141 Y122.737 E.01866
G1 X131.183 Y123.43 E.0235
G1 X131.081 Y124.555 E.03824
G1 X130.778 Y125.64 E.03813
G1 X130.284 Y126.656 E.03824
G1 X129.859 Y127.272 E.02533
G1 X129.362 Y127.832 E.02534
G1 X128.494 Y128.555 E.03824
G1 X127.511 Y129.11 E.03821
G1 X126.809 Y129.376 E.02541
G1 X126.301 Y129.508 E.01777
G1 X125.71 Y129.612 E.02031
G1 X124.962 Y129.657 E.02536
G1 X123.837 Y129.555 E.03824
G1 X122.749 Y129.252 E.03823
G1 X122.066 Y128.944 E.02536
G1 X121.425 Y128.557 E.02534
G1 X120.554 Y127.831 E.03838
G1 X120.203 Y127.444 E.01768
G1 X119.836 Y126.97 E.02029
G1 X119.447 Y126.326 E.02547
G1 X119.14 Y125.643 E.02535
G1 X118.836 Y124.552 E.03834
G1 X118.745 Y123.808 E.02537
G1 X118.745 Y123.057 E.02542
G1 X118.836 Y122.314 E.02534
G1 X119.14 Y121.223 E.03834
G1 X119.448 Y120.539 E.02539
G1 X119.714 Y120.086 E.01778
G1 X120.058 Y119.595 E.02029
G1 X120.558 Y119.03 E.02554
G1 X120.947 Y118.677 E.01778
G1 X121.422 Y118.311 E.0203
G1 X122.066 Y117.921 E.02548
G1 X122.749 Y117.614 E.02535
G1 X123.84 Y117.31 E.03834
G1 X124.584 Y117.219 E.02537
G1 X124.9 Y117.215 E.0107
M204 S1000
G1 X124.9 Y117.215 F10800
G1 X125.157 Y117.991
M204 S2000
;TYPE:Internal infill
;WIDTH:0.45
G1 F1392
G1 X125.923 Y118.079 E.0261
G1 X126.49 Y118.646 E.02714
G1 X126.367 Y118.61 E.00434
G1 X126.475 Y118.208 E.01409
G1 X126.409 Y118.187 E.00234
G1 X125.47 Y118.438 E.0329
G1 X124.846 Y118.39 E.02118
G1 X124.953 Y117.989 E.01405
G1 X124.003 Y118.069 E.03227
M204 S1000
;WIPE_START
G1 F8640
G1 X124.953 Y117.989 E-.22013
G1 X124.846 Y118.39 E-.09583
G1 X125.47 Y118.438 E-.14451
G1 X126.409 Y118.187 E-.22443
G1 X126.475 Y118.208 E-.01599
G1 X126.367 Y118.61 E-.09611
G1 X126.379 Y118.614 E-.003
;WIPE_END
G1 Z2.4 F720
G1 X122.725 Y118.921 F10800
M73 P43 R5
G1 Z2 F720
G1 E.8 F2100
M204 S2000
G1 F1392
G1 X123.176 Y118.724 E.01666
G1 X123.299 Y118.263 E.01615
G1 X123.807 Y118.122 E.01785
G1 X124.162 Y118.478 E.01702
G1 X123.368 Y118.655 E.02754
M204 S1000
G1 X123.368 Y118.655 F10800
G1 X123.103 Y118.318
M204 S2000
G1 F1392
G1 X122.244 Y118.718 E.03207
G1 X122.548 Y119.022 E.01455
G1 X121.982 Y119.373 E.02254
G1 X121.072 Y119.617 E.03189
G1 X121.031 Y119.664 E.00211
G1 X121.312 Y119.945 E.01345
G1 X121.249 Y120.018 E.00326
G1 X121.451 Y119.265 E.02639
G1 X122.069 Y118.823 E.02572
M204 S1000
;WIPE_START
G1 F8640
G1 X121.451 Y119.265 E-.17544
G1 X121.249 Y120.018 E-.18002
G1 X121.312 Y119.945 E-.02227
G1 X121.031 Y119.664 E-.09176
G1 X121.072 Y119.617 E-.0144
G1 X121.982 Y119.373 E-.21754
G1 X122.345 Y119.148 E-.09857
;WIPE_END
G1 Z2.4 F720
G1 X120.896 Y119.816 F10800
G1 Z2 F720
G1 E.8 F2100
M204 S2000
G1 F1392
G1 X120.365 Y120.504 E.02942
G1 X120.126 Y120.917 E.01615
G1 X120.44 Y121.232 E.01505
G1 X120.356 Y121.389 E.00603
G1 X119.859 Y121.522 E.01741
G1 X119.597 Y122.465 E.03313
G1 X119.588 Y122.538 E.00249
G1 X119.97 Y122.921 E.01831
G1 X119.952 Y123.078 E.00535
G1 X119.519 Y123.194 E.01517
G1 X119.519 Y123.762 E.01923
G1 X119.633 Y124.533 E.02638
M204 S1000
;WIPE_START
G1 F8640
G1 X119.519 Y123.762 E-.17996
G1 X119.519 Y123.194 E-.13115
G1 X119.952 Y123.078 E-.10351
G1 X119.97 Y122.921 E-.03649
G1 X119.588 Y122.538 E-.1249
G1 X119.597 Y122.465 E-.01698
G1 X119.837 Y121.601 E-.20701
;WIPE_END
G1 Z2.4 F720
G1 X120.145 Y125.984 F10800
G1 Z2 F720
G1 E.8 F2100
M204 S2000
G1 F1392
G1 X119.84 Y125.275 E.02613
G1 X120.045 Y124.511 E.02678
G1 X120.078 Y124.624 E.00398
G1 X119.688 Y124.729 E.01367
G1 X119.715 Y124.824 E.00334
G1 X120.338 Y125.448 E.02985
G1 X120.646 Y126.052 E.02295
G1 X120.25 Y126.159 E.01388
G1 X120.796 Y126.947 E.03245
M204 S1000
;WIPE_START
G1 F8640
G1 X120.25 Y126.159 E-.22136
G1 X120.646 Y126.052 E-.09472
G1 X120.338 Y125.448 E-.15655
G1 X119.715 Y124.824 E-.2036
G1 X119.688 Y124.729 E-.0228
G1 X120.078 Y124.624 E-.09326
G1 X120.069 Y124.592 E-.00771
;WIPE_END
G1 Z2.4 F720
G1 X122.168 Y127.632 F10800
G1 Z2 F720
G1 E.8 F2100
M204 S2000
G1 F1392
G1 X121.777 Y127.33 E.01672
G1 X121.311 Y127.455 E.01633
G1 X121.09 Y127.271 E.00973
G1 X120.932 Y127.097 E.00796
G1 X121.056 Y126.634 E.01622
G1 X121.615 Y127.206 E.02707
M204 S1000
G1 X121.615 Y127.206 F10800
G1 X121.467 Y127.585
M204 S2000
G1 F1392
G1 X122.233 Y128.142 E.03206
G1 X122.341 Y127.738 E.01416
G1 X122.919 Y128.028 E.02189
G1 X123.567 Y128.677 E.03104
G1 X123.663 Y128.704 E.00338
G1 X123.766 Y128.317 E.01356
G1 X123.873 Y128.349 E.00378
G1 X123.117 Y128.551 E.02649
G1 X122.407 Y128.247 E.02614
M204 S1000
;WIPE_START
G1 F8640
G1 X123.117 Y128.551 E-.17834
G1 X123.873 Y128.349 E-.18069
G1 X123.766 Y128.317 E-.02579
G1 X123.663 Y128.704 E-.09247
G1 X123.567 Y128.677 E-.02303
G1 X122.919 Y128.028 E-.21177
G1 X122.579 Y127.857 E-.08791
;WIPE_END
G1 Z2.4 F720
G1 X123.859 Y128.758 F10800
G1 Z2 F720
G1 E.8 F2100
M204 S2000
G1 F1392
G1 X125.199 Y128.868 E.04551
G1 X125.309 Y128.458 E.01437
G1 X125.483 Y128.434 E.00595
G1 X125.851 Y128.802 E.01762
G1 X126.574 Y128.638 E.02509
G1 X126.871 Y128.525 E.01076
G1 X126.999 Y128.05 E.01665
G1 X127.167 Y127.959 E.00647
G1 X127.459 Y128.251 E.01398
G1 X128.053 Y127.916 E.02308
G1 X128.568 Y127.487 E.02269
M204 S1000
;WIPE_START
G1 F8640
G1 X128.053 Y127.916 E-.15477
G1 X127.459 Y128.251 E-.15747
G1 X127.167 Y127.959 E-.09535
G1 X126.999 Y128.05 E-.04412
G1 X126.871 Y128.525 E-.11359
G1 X126.574 Y128.638 E-.07337
G1 X125.893 Y128.793 E-.16133
;WIPE_END
G1 Z2.4 F720
G1 X129.573 Y126.323 F10800
G1 Z2 F720
G1 E.8 F2100
M204 S2000
G1 F1392
G1 X129.116 Y126.944 E.0261
G1 X128.333 Y127.154 E.02744
G1 X128.434 Y127.067 E.00451
G1 X128.724 Y127.357 E.01388
G1 X128.776 Y127.313 E.00231
G1 X129.014 Y126.428 E.03102
G1 X129.364 Y125.838 E.02322
G1 X129.672 Y126.146 E.01474
G1 X130.074 Y125.288 E.03207
M204 S1000
G1 X130.074 Y125.288 F10800
G1 X129.735 Y125.018
M204 S2000
G1 F1392
G1 X129.918 Y124.234 E.02725
G1 X130.27 Y124.585 E.01683
G1 X130.128 Y125.092 E.01782
G1 X129.677 Y125.213 E.01581
G1 X129.462 Y125.66 E.01679
M204 S1000
;WIPE_START
G1 F8640
G1 X129.677 Y125.213 E-.11453
G1 X130.128 Y125.092 E-.10782
G1 X130.27 Y124.585 E-.12157
G1 X129.918 Y124.234 E-.11478
G1 X129.735 Y125.018 E-.18589
;WIPE_END
G1 E-.15541 F2100
G1 Z2.4 F720
G1 X130.319 Y124.388 F10800
G1 Z2 F720
G1 E.8 F2100
M204 S2000
G1 F1392
G1 X130.406 Y123.437 E.03232
G1 X129.99 Y123.549 E.01458
G1 X129.959 Y122.9 E.02199
G1 X130.206 Y121.979 E.03228
G1 X130.189 Y121.915 E.00224
G1 X129.776 Y122.026 E.01448
G1 X129.736 Y121.893 E.0047
G1 X130.316 Y122.472 E.02774
G1 X130.396 Y123.234 E.02593
M204 S1000
;WIPE_START
G1 F8640
G1 X130.316 Y122.472 E-.17691
G1 X129.736 Y121.893 E-.18923
G1 X129.776 Y122.026 E-.03207
G1 X130.189 Y121.915 E-.09875
G1 X130.206 Y121.979 E-.01529
G1 X129.959 Y122.9 E-.22018
G1 X129.973 Y123.192 E-.06757
;WIPE_END
G1 Z2.4 F720
G1 X130.128 Y121.721 F10800
G1 Z2 F720
G1 E.8 F2100
M204 S2000
G1 F1392
G1 X129.927 Y121.193 E.01912
G1 X129.55 Y120.506 E.02653
G1 X129.135 Y120.617 E.01454
G1 X129.03 Y120.468 E.00617
G1 X129.157 Y119.996 E.01654
G1 X128.811 Y119.581 E.01829
G1 X128.396 Y119.235 E.01829
G1 X127.918 Y119.363 E.01675
G1 X127.775 Y119.253 E.00611
G1 X127.885 Y118.843 E.01437
G1 X126.669 Y118.268 E.04553
M204 S1000
;LAYER_CHANGE
;Z:2.2
;HEIGHT:0.2
;BEFORE_LAYER_CHANGE
G92 E0.0
;2.2


;WIPE_START
G1 F8640
M73 P44 R5
G1 X127.885 Y118.843 E-.31059
G1 X127.775 Y119.253 E-.09802
G1 X127.918 Y119.363 E-.04166
G1 X128.396 Y119.235 E-.11426
G1 X128.811 Y119.581 E-.12476
G1 X129.118 Y119.949 E-.11071
;WIPE_END
G1 Z2.2 F720
;AFTER_LAYER_CHANGE
;2.2
G1 Z2.6
; stop printing object Scheibe-Radhaenger.stl id:1 copy 0
; printing object Scheibe-Radhaenger.stl id:0 copy 0
G1 X123.784 Y109.513 F10800
G1 Z2.2 F720
G1 E.8 F2100
M204 S800
;TYPE:Perimeter
;WIDTH:0.449999
G1 F1335
G1 X123.083 Y109.247 E.02538
G1 X122.723 Y109.09 E.01329
G1 X122.2 Y108.75 E.02111
G1 X121.668 Y108.286 E.02389
G1 X121.124 Y107.611 E.02934
G1 X120.869 Y107.162 E.01748
G1 X120.637 Y106.692 E.01774
G1 X120.416 Y105.928 E.02692
G1 X120.34 Y105.26 E.02276
G1 X120.322 Y104.929 E.01122
G1 X120.429 Y104.002 E.03159
G1 X120.641 Y103.294 E.02502
G1 X121.115 Y102.396 E.03437
G1 X121.121 Y102.388 E.00034
G1 X121.587 Y101.798 E.02545
G1 X122.399 Y101.111 E.036
G1 X123.353 Y100.621 E.0363
G1 X124.063 Y100.414 E.02503
G1 X125.22 Y100.324 E.03928
G1 X125.747 Y100.381 E.01794
G1 X126.526 Y100.576 E.02718
G1 X127.301 Y100.945 E.02905
G1 X127.616 Y101.122 E.01223
G1 X128.079 Y101.475 E.01971
G1 X128.581 Y101.986 E.02425
G1 X128.999 Y102.568 E.02425
G1 X129.363 Y103.308 E.02791
G1 X129.584 Y104.072 E.02692
G1 X129.679 Y104.941 E.02959
G1 X129.556 Y106.079 E.03874
G1 X129.359 Y106.706 E.02225
G1 X128.866 Y107.634 E.03557
G1 X128.405 Y108.212 E.02503
G1 X127.722 Y108.803 E.03057
G1 X126.968 Y109.246 E.0296
G1 X126.285 Y109.501 E.02468
G1 X125.728 Y109.621 E.01929
G1 X124.966 Y109.673 E.02585
G1 X124.45 Y109.626 E.01754
G1 X123.841 Y109.531 E.02086
M204 S1000
G1 X123.841 Y109.531 F10800
G1 X123.878 Y109.115
M204 S800
;TYPE:External perimeter
G1 F1335
G1 X123.811 Y109.101 E.00232
G1 X122.979 Y108.766 E.03036
G1 X122.553 Y108.494 E.01711
G1 X121.938 Y107.982 E.02709
G1 X121.445 Y107.36 E.02687
G1 X121.043 Y106.616 E.02862
G1 X120.807 Y105.815 E.02827
G1 X120.746 Y105.221 E.02021
G1 X120.747 Y104.797 E.01435
G1 X120.834 Y104.049 E.02549
G1 X121.029 Y103.417 E.02239
G1 X121.414 Y102.68 E.02815
G1 X121.44 Y102.641 E.00159
G1 X121.907 Y102.05 E.0255
G1 X122.639 Y101.441 E.03223
G1 X123.534 Y100.986 E.03398
G1 X124.171 Y100.807 E.0224
G1 X125.177 Y100.729 E.03415
G1 X125.687 Y100.784 E.01736
G1 X126.426 Y100.971 E.0258
G1 X127.37 Y101.446 E.03577
G1 X127.832 Y101.798 E.01966
G1 X128.288 Y102.269 E.02219
G1 X128.666 Y102.802 E.02212
G1 X128.896 Y103.261 E.01738
G1 X129.15 Y104.036 E.02761
G1 X129.224 Y104.464 E.0147
G1 X129.274 Y104.981 E.01758
G1 X129.158 Y105.99 E.03438
G1 X128.97 Y106.583 E.02106
G1 X128.509 Y107.44 E.03294
G1 X128.091 Y107.953 E.0224
G1 X127.459 Y108.493 E.02814
G1 X126.766 Y108.892 E.02707
G1 X126.148 Y109.117 E.02226
G1 X125.646 Y109.223 E.01737
G1 X124.942 Y109.267 E.02388
G1 X124.069 Y109.155 E.02979
G1 X123.937 Y109.127 E.00457
M204 S1000
;WIPE_START
G1 F8640
G1 X123.878 Y109.115 E-.0139
G1 X123.811 Y109.101 E-.0158
G1 X122.979 Y108.766 E-.2071
G1 X122.553 Y108.494 E-.11671
G1 X121.938 Y107.982 E-.18478
G1 X121.445 Y107.36 E-.18326
G1 X121.284 Y107.061 E-.07845
;WIPE_END
G1 Z2.6 F720
G1 X124.989 Y99.19 F10800
G1 Z2.2 F720
G1 E.8 F2100
M204 S800
;TYPE:Perimeter
G1 F1335
G1 X125.156 Y99.188 E.00565
G1 X125.698 Y99.225 E.01839
G1 X126.396 Y99.353 E.02402
G1 X126.878 Y99.497 E.01703
G1 X127.388 Y99.696 E.01853
G1 X127.839 Y99.926 E.01714
G1 X128.295 Y100.207 E.01813
G1 X129.112 Y100.888 E.036
G1 X129.769 Y101.676 E.03473
G1 X130.043 Y102.107 E.01729
G1 X130.281 Y102.566 E.0175
G1 X130.426 Y102.971 E.01456
G1 X130.685 Y103.812 E.02979
G1 X130.776 Y104.334 E.01794
G1 X130.817 Y105 E.02259
G1 X130.774 Y105.705 E.02391
G1 X130.689 Y106.201 E.01703
G1 X130.554 Y106.728 E.01841
G1 X130.307 Y107.379 E.02357
G1 X129.786 Y108.304 E.03593
G1 X129.112 Y109.112 E.03562
G1 X128.303 Y109.786 E.03564
G1 X127.386 Y110.303 E.03563
G1 X126.383 Y110.649 E.03591
G1 X125.701 Y110.774 E.02347
G1 X125 Y110.817 E.02377
G1 X124.295 Y110.774 E.02391
G1 X123.799 Y110.689 E.01703
G1 X123.272 Y110.554 E.01841
G1 X122.621 Y110.307 E.02357
G1 X121.696 Y109.786 E.03593
G1 X120.888 Y109.112 E.03562
G1 X120.208 Y108.296 E.03595
G1 X119.848 Y107.7 E.02357
G1 X119.636 Y107.243 E.01705
G1 X119.447 Y106.733 E.01841
G1 X119.279 Y106.049 E.02384
G1 X119.194 Y105.351 E.0238
G1 X119.194 Y104.649 E.02376
G1 X119.277 Y103.96 E.02349
G1 X119.565 Y102.929 E.03623
G1 X119.85 Y102.297 E.02347
G1 X120.208 Y101.703 E.02348
G1 X120.871 Y100.909 E.03501
G1 X121.262 Y100.546 E.01806
G1 X121.693 Y100.214 E.01842
G1 X122.297 Y99.85 E.02387
G1 X122.929 Y99.565 E.02347
G1 X123.961 Y99.277 E.03627
G1 X124.652 Y99.193 E.02356
G1 X124.929 Y99.19 E.00938
M204 S1000
G1 X124.929 Y99.19 F10800
G1 X125.001 Y98.782
M204 S800
;TYPE:External perimeter
G1 F1335
G1 X125.168 Y98.78 E.00565
G1 X125.749 Y98.821 E.01972
G1 X126.491 Y98.957 E.02553
G1 X127.01 Y99.112 E.01833
G1 X127.555 Y99.324 E.01979
G1 X128.039 Y99.571 E.01839
G1 X128.533 Y99.875 E.01963
G1 X129.401 Y100.599 E.03826
G1 X130.125 Y101.468 E.03829
G1 X130.409 Y101.926 E.01824
G1 X130.675 Y102.442 E.01965
G1 X131.02 Y103.443 E.03584
G1 X131.086 Y103.739 E.01027
M73 P45 R5
G1 X131.183 Y104.309 E.01957
G1 X131.225 Y105 E.02343
G1 X131.179 Y105.752 E.0255
G1 X131.088 Y106.286 E.01834
G1 X130.943 Y106.851 E.01974
G1 X130.677 Y107.552 E.02538
G1 X130.122 Y108.536 E.03824
G1 X129.401 Y109.401 E.03812
G1 X128.535 Y110.123 E.03816
G1 X127.554 Y110.676 E.03812
G1 X126.487 Y111.044 E.0382
G1 X125.75 Y111.179 E.02536
G1 X125 Y111.225 E.02543
G1 X124.248 Y111.179 E.0255
G1 X123.714 Y111.088 E.01834
G1 X123.149 Y110.943 E.01974
G1 X122.448 Y110.677 E.02538
G1 X121.464 Y110.122 E.03824
G1 X120.599 Y109.401 E.03812
G1 X119.876 Y108.533 E.03824
G1 X119.488 Y107.892 E.02536
G1 X119.26 Y107.4 E.01835
G1 X119.057 Y106.853 E.01975
G1 X118.877 Y106.122 E.02548
G1 X118.787 Y105.375 E.02547
G1 X118.787 Y104.625 E.02539
G1 X118.877 Y103.881 E.02537
G1 X119.181 Y102.79 E.03834
G1 X119.488 Y102.107 E.02535
G1 X119.876 Y101.466 E.02536
G1 X120.602 Y100.596 E.03835
G1 X121.001 Y100.233 E.01826
G1 X121.463 Y99.878 E.01972
G1 X122.107 Y99.488 E.02548
G1 X122.79 Y99.181 E.02535
G1 X123.881 Y98.877 E.03834
G1 X124.625 Y98.787 E.02537
G1 X124.941 Y98.783 E.0107
M204 S1000
;WIPE_START
G1 F8640
G1 X125.001 Y98.782 E-.01386
G1 X125.168 Y98.78 E-.03856
G1 X125.749 Y98.821 E-.13449
G1 X126.491 Y98.957 E-.17418
G1 X127.01 Y99.112 E-.12507
G1 X127.555 Y99.324 E-.13503
G1 X128.039 Y99.571 E-.12547
G1 X128.236 Y99.692 E-.05334
;WIPE_END
G1 Z2.6 F720
G1 X126.009 Y99.654 F10800
G1 Z2.2 F720
G1 E.8 F2100
M204 S2000
;TYPE:Internal infill
;WIDTH:0.45
G1 F1335
G1 X124.848 Y99.558 E.03943
G1 X124.733 Y99.985 E.01497
G1 X124.372 Y100.013 E.01226
G1 X124.004 Y99.646 E.01759
G1 X123.182 Y99.875 E.02888
G1 X123.052 Y100.362 E.01706
G1 X122.725 Y100.525 E.01237
G1 X122.409 Y100.21 E.0151
G1 X121.449 Y100.871 E.03945
M204 S1000
;WIPE_START
G1 F8640
G1 X122.409 Y100.21 E-.26913
G1 X122.725 Y100.525 E-.10303
G1 X123.052 Y100.362 E-.08437
G1 X123.182 Y99.875 E-.11639
G1 X124.004 Y99.646 E-.19703
G1 X124.096 Y99.738 E-.03005
;WIPE_END
G1 Z2.6 F720
G1 X120.643 Y102.486 F10800
G1 Z2.2 F720
G1 E.8 F2100
M204 S2000
G1 F1335
G1 X121.067 Y101.87 E.02531
G1 X121.298 Y101.008 E.03021
G1 X121.168 Y101.126 E.00594
G1 X121.455 Y101.414 E.01376
G1 X121.779 Y101.152 E.0141
G1 X120.962 Y101.371 E.02863
G1 X120.507 Y101.917 E.02406
G1 X120.24 Y102.358 E.01745
G1 X120.549 Y102.666 E.01477
G1 X120.316 Y103.124 E.01739
G1 X119.857 Y103.247 E.01608
G1 X119.663 Y103.94 E.02436
G1 X120.033 Y104.309 E.01769
G1 X119.975 Y104.796 E.0166
G1 X119.56 Y104.907 E.01454
G1 X119.64 Y105.982 E.03649
G1 X119.67 Y106.105 E.00429
G1 X120.26 Y106.695 E.02824
G1 X120.155 Y106.328 E.01292
G1 X119.751 Y106.436 E.01416
G1 X119.796 Y106.616 E.00628
G1 X120.024 Y105.765 E.02982
G1 X119.951 Y104.998 E.02608
M204 S1000
;WIPE_START
G1 F8640
G1 X120.024 Y105.765 E-.1779
G1 X119.796 Y106.616 E-.20343
G1 X119.751 Y106.436 E-.04284
G1 X120.155 Y106.328 E-.09656
G1 X120.26 Y106.695 E-.08814
G1 X119.675 Y106.11 E-.19113
;WIPE_END
G1 Z2.6 F720
G1 X119.865 Y106.807 F10800
G1 Z2.2 F720
G1 E.8 F2100
M204 S2000
G1 F1335
G1 X120.367 Y107.852 E.03924
G1 X120.77 Y107.744 E.01412
G1 X120.996 Y108.035 E.01247
G1 X120.867 Y108.515 E.01682
G1 X121.148 Y108.852 E.01485
G1 X121.485 Y109.133 E.01485
G1 X121.939 Y109.011 E.01591
G1 X122.258 Y109.222 E.01295
G1 X122.151 Y109.622 E.01402
G1 X122.777 Y109.975 E.02433
G1 X123.193 Y110.132 E.01505
M204 S1000
;WIPE_START
G1 F8640
G1 X122.777 Y109.975 E-.10267
G1 X122.151 Y109.622 E-.16594
G1 X122.258 Y109.222 E-.09561
G1 X121.939 Y109.011 E-.08831
G1 X121.485 Y109.133 E-.10855
G1 X121.148 Y108.852 E-.10132
G1 X120.867 Y108.515 E-.10132
G1 X120.908 Y108.363 E-.03628
;WIPE_END
G1 Z2.6 F720
G1 X125.002 Y110.032 F10800
G1 Z2.2 F720
G1 E.8 F2100
M204 S2000
G1 F1335
G1 X124.275 Y109.966 E.02471
G1 X123.383 Y110.205 E.03126
G1 X123.563 Y110.251 E.00629
G1 X123.665 Y109.868 E.01342
G1 X123.281 Y109.717 E.01397
G1 X123.899 Y110.335 E.02958
G1 X125.092 Y110.444 E.04055
G1 X125.205 Y110.02 E.01485
G1 X125.713 Y109.99 E.01723
G1 X126.06 Y110.336 E.01659
G1 X126.29 Y110.294 E.00791
G1 X126.755 Y110.133 E.01666
G1 X126.877 Y109.677 E.01598
G1 X127.332 Y109.45 E.01721
G1 X127.628 Y109.746 E.01417
G1 X128.094 Y109.483 E.01811
G1 X128.629 Y109.038 E.02355
G1 X128.842 Y108.245 E.02779
G1 X128.589 Y108.548 E.01336
G1 X128.871 Y108.83 E.0135
G1 X128.973 Y108.707 E.00541
G1 X128.13 Y108.933 E.02954
G1 X127.51 Y109.351 E.02531
M204 S1000
;WIPE_START
G1 F8640
G1 X128.13 Y108.933 E-.17266
G1 X128.973 Y108.707 E-.20152
G1 X128.871 Y108.83 E-.0369
G1 X128.589 Y108.548 E-.09209
G1 X128.842 Y108.245 E-.09115
G1 X128.629 Y109.038 E-.1896
G1 X128.575 Y109.083 E-.01608
;WIPE_END
G1 Z2.6 F720
G1 X128.972 Y108.088 F10800
G1 Z2.2 F720
G1 E.8 F2100
M204 S2000
G1 F1335
G1 X129.149 Y107.876 E.00935
G1 X129.474 Y107.274 E.02316
G1 X129.776 Y107.576 E.01446
G1 X129.975 Y107.223 E.01372
G1 X130.129 Y106.817 E.0147
G1 X130.084 Y106.829 E.00158
G1 X129.899 Y106.472 E.01361
G1 X129.93 Y106.367 E.00371
G1 X129.856 Y106.344 E.00262
G1 X129.954 Y105.822 E.01798
M204 S1000
G1 X129.954 Y105.822 F10800
G1 X130.201 Y106.626
M204 S2000
G1 F1335
G1 X130.353 Y105.994 E.022
G1 X129.979 Y105.62 E.0179
G1 X130.022 Y105.265 E.0121
G1 X130.44 Y105.153 E.01465
G1 X130.346 Y103.991 E.03946
M204 S1000
;WIPE_START
G1 F8640
G1 X130.44 Y105.153 E-.26919
G1 X130.022 Y105.265 E-.09992
M73 P46 R5
G1 X129.979 Y105.62 E-.08257
G1 X130.353 Y105.994 E-.12213
G1 X130.201 Y106.626 E-.15009
;WIPE_END
G1 E-.0761 F2100
G1 Z2.6 F720
G1 X129.369 Y102.48 F10800
G1 Z2.2 F720
G1 E.8 F2100
M204 S2000
G1 F1335
G1 X129.693 Y103.176 E.02599
G1 X130.309 Y103.791 E.02946
M73 P46 R4
G1 X130.263 Y103.62 E.00599
G1 X129.859 Y103.728 E.01416
G1 X129.96 Y104.073 E.01217
G1 X130.16 Y103.323 E.02627
G1 X129.961 Y102.746 E.02066
G1 X129.669 Y102.199 E.02099
G1 X129.263 Y102.308 E.01423
G1 X128.966 Y101.884 E.01752
G1 X129.087 Y101.43 E.0159
G1 X128.852 Y101.148 E.01243
G1 X128.57 Y100.913 E.01243
G1 X128.1 Y101.039 E.01647
G1 X127.693 Y100.734 E.01722
G1 X127.801 Y100.333 E.01406
G1 X126.759 Y99.844 E.03896
G1 X125.91 Y100.045 E.02953
G1 X126.273 Y100.139 E.01269
G1 X126.382 Y99.731 E.01429
G1 X126.209 Y99.691 E.00601
G1 X126.818 Y100.3 E.02915
G1 X127.511 Y100.644 E.02619
M204 S1000
;WIPE_START
G1 F8640
G1 X126.818 Y100.3 E-.17865
G1 X126.209 Y99.691 E-.19887
G1 X126.382 Y99.731 E-.041
G1 X126.273 Y100.139 E-.09751
G1 X125.91 Y100.045 E-.08658
G1 X126.742 Y99.848 E-.19739
;WIPE_END
G1 Z2.6 F720
; stop printing object Scheibe-Radhaenger.stl id:0 copy 0
; printing object Scheibe-Radhaenger.stl id:1 copy 0
G1 X123.743 Y127.946 F10800
G1 Z2.2 F720
G1 E.8 F2100
M204 S800
;TYPE:Perimeter
;WIDTH:0.449999
G1 F1335
G1 X123.042 Y127.679 E.02539
G1 X122.682 Y127.522 E.01329
G1 X122.158 Y127.183 E.02112
G1 X121.626 Y126.719 E.02389
G1 X121.083 Y126.044 E.02932
G1 X120.828 Y125.595 E.01748
G1 X120.596 Y125.125 E.01774
G1 X120.375 Y124.361 E.02692
G1 X120.299 Y123.693 E.02276
G1 X120.281 Y123.362 E.01122
G1 X120.388 Y122.435 E.03159
G1 X120.6 Y121.727 E.02502
G1 X121.074 Y120.829 E.03437
G1 X121.08 Y120.821 E.00034
G1 X121.546 Y120.231 E.02545
G1 X122.357 Y119.544 E.03598
G1 X123.312 Y119.054 E.03633
G1 X124.022 Y118.847 E.02503
G1 X125.178 Y118.757 E.03925
G1 X125.706 Y118.814 E.01798
G1 X126.485 Y119.009 E.02718
G1 X127.26 Y119.378 E.02905
G1 X127.575 Y119.555 E.01223
G1 X128.038 Y119.907 E.01969
G1 X128.54 Y120.419 E.02427
G1 X128.958 Y121.001 E.02425
G1 X129.321 Y121.741 E.0279
G1 X129.543 Y122.505 E.02693
G1 X129.638 Y123.374 E.02959
G1 X129.515 Y124.512 E.03874
G1 X129.317 Y125.139 E.02226
G1 X128.825 Y126.067 E.03555
G1 X128.364 Y126.644 E.025
G1 X127.681 Y127.236 E.03059
G1 X126.927 Y127.679 E.0296
G1 X126.244 Y127.933 E.02467
G1 X125.686 Y128.054 E.01933
G1 X124.925 Y128.106 E.02582
G1 X124.409 Y128.058 E.01754
G1 X123.799 Y127.964 E.02089
M204 S1000
G1 X123.799 Y127.964 F10800
G1 X123.837 Y127.548
M204 S800
;TYPE:External perimeter
G1 F1335
G1 X123.769 Y127.534 E.00235
G1 X122.938 Y127.199 E.03033
G1 X122.512 Y126.927 E.01711
G1 X121.897 Y126.415 E.02709
G1 X121.404 Y125.793 E.02687
G1 X121.002 Y125.049 E.02862
G1 X120.766 Y124.248 E.02827
G1 X120.704 Y123.653 E.02025
G1 X120.706 Y123.23 E.01432
G1 X120.792 Y122.481 E.02552
G1 X120.988 Y121.85 E.02237
G1 X121.373 Y121.113 E.02815
G1 X121.399 Y121.074 E.00159
G1 X121.866 Y120.483 E.0255
G1 X122.597 Y119.874 E.03221
G1 X123.493 Y119.418 E.03403
G1 X124.13 Y119.24 E.02239
G1 X125.136 Y119.162 E.03415
G1 X125.646 Y119.217 E.01736
G1 X126.385 Y119.404 E.0258
G1 X127.328 Y119.879 E.03574
G1 X127.791 Y120.231 E.01969
G1 X128.247 Y120.702 E.02219
G1 X128.625 Y121.235 E.02212
G1 X128.855 Y121.694 E.01738
G1 X129.108 Y122.469 E.0276
G1 X129.182 Y122.897 E.0147
G1 X129.233 Y123.413 E.01755
G1 X129.117 Y124.422 E.03438
G1 X128.929 Y125.016 E.02109
G1 X128.468 Y125.873 E.03294
G1 X128.05 Y126.385 E.02237
G1 X127.418 Y126.925 E.02814
G1 X126.725 Y127.325 E.02708
G1 X126.107 Y127.55 E.02226
G1 X125.604 Y127.656 E.0174
G1 X124.901 Y127.699 E.02384
G1 X124.028 Y127.588 E.02979
G1 X123.895 Y127.56 E.0046
M204 S1000
;WIPE_START
G1 F8640
G1 X123.837 Y127.548 E-.01368
G1 X123.769 Y127.534 E-.01603
G1 X122.938 Y127.199 E-.20689
G1 X122.512 Y126.927 E-.11671
G1 X121.897 Y126.415 E-.18478
G1 X121.404 Y125.793 E-.18326
G1 X121.242 Y125.493 E-.07865
;WIPE_END
G1 Z2.6 F720
G1 X124.948 Y117.622 F10800
G1 Z2.2 F720
G1 E.8 F2100
M204 S800
;TYPE:Perimeter
G1 F1335
G1 X125.115 Y117.62 E.00565
G1 X125.657 Y117.658 E.01839
G1 X126.354 Y117.786 E.02399
G1 X126.837 Y117.93 E.01706
G1 X127.347 Y118.129 E.01853
G1 X127.798 Y118.359 E.01714
G1 X128.253 Y118.639 E.01808
G1 X129.071 Y119.321 E.03605
G1 X129.727 Y120.109 E.03471
G1 X130.001 Y120.54 E.01729
G1 X130.239 Y120.999 E.0175
G1 X130.385 Y121.404 E.01457
G1 X130.644 Y122.245 E.02979
G1 X130.735 Y122.766 E.0179
G1 X130.776 Y123.433 E.02262
G1 X130.733 Y124.138 E.02391
G1 X130.648 Y124.634 E.01703
G1 X130.513 Y125.161 E.01841
G1 X130.266 Y125.812 E.02357
G1 X129.745 Y126.737 E.03593
G1 X129.071 Y127.545 E.03562
G1 X128.262 Y128.219 E.03564
G1 X127.345 Y128.736 E.03563
G1 X126.342 Y129.082 E.03591
G1 X125.66 Y129.207 E.02347
G1 X124.959 Y129.25 E.02377
G1 X124.254 Y129.207 E.02391
G1 X123.758 Y129.122 E.01703
G1 X123.231 Y128.987 E.01841
M73 P47 R4
G1 X122.58 Y128.74 E.02357
G1 X121.655 Y128.219 E.03593
G1 X120.846 Y127.545 E.03564
G1 X120.167 Y126.729 E.03593
G1 X119.806 Y126.133 E.02359
G1 X119.594 Y125.676 E.01705
G1 X119.406 Y125.166 E.0184
G1 X119.237 Y124.481 E.02388
G1 X119.153 Y123.784 E.02376
G1 X119.153 Y123.082 E.02376
G1 X119.236 Y122.393 E.02349
G1 X119.524 Y121.362 E.03623
G1 X119.808 Y120.73 E.02345
G1 X120.167 Y120.136 E.02349
G1 X120.83 Y119.341 E.03504
G1 X121.221 Y118.979 E.01804
G1 X121.652 Y118.647 E.01842
G1 X122.256 Y118.282 E.02389
G1 X122.888 Y117.998 E.02345
G1 X123.919 Y117.71 E.03623
G1 X124.611 Y117.626 E.0236
G1 X124.888 Y117.623 E.00938
M204 S1000
G1 X124.888 Y117.623 F10800
G1 X124.96 Y117.215
M204 S800
;TYPE:External perimeter
G1 F1335
G1 X125.126 Y117.213 E.00562
G1 X125.708 Y117.253 E.01975
G1 X126.45 Y117.389 E.02553
G1 X126.969 Y117.545 E.01834
G1 X127.514 Y117.757 E.01979
G1 X127.998 Y118.004 E.01839
G1 X128.492 Y118.308 E.01963
G1 X129.36 Y119.032 E.03826
G1 X130.084 Y119.901 E.03829
G1 X130.368 Y120.359 E.01824
G1 X130.633 Y120.875 E.01963
G1 X130.979 Y121.876 E.03585
G1 X131.044 Y122.172 E.01026
G1 X131.142 Y122.742 E.01958
G1 X131.183 Y123.433 E.02343
G1 X131.138 Y124.184 E.02547
G1 X131.046 Y124.719 E.01837
G1 X130.902 Y125.284 E.01974
G1 X130.636 Y125.985 E.02538
G1 X130.081 Y126.969 E.03824
G1 X129.36 Y127.834 E.03812
G1 X128.494 Y128.555 E.03814
G1 X127.513 Y129.109 E.03813
G1 X126.445 Y129.477 E.03824
G1 X125.709 Y129.612 E.02533
G1 X124.959 Y129.657 E.02543
G1 X124.207 Y129.612 E.0255
G1 X123.673 Y129.52 E.01834
G1 X123.108 Y129.376 E.01974
G1 X122.407 Y129.11 E.02538
G1 X121.423 Y128.555 E.03824
G1 X120.557 Y127.834 E.03814
G1 X119.834 Y126.966 E.03824
G1 X119.446 Y126.324 E.02539
G1 X119.218 Y125.833 E.01832
G1 X119.016 Y125.286 E.01974
G1 X118.836 Y124.555 E.02548
G1 X118.745 Y123.808 E.02547
G1 X118.745 Y123.057 E.02542
G1 X118.836 Y122.314 E.02534
G1 X119.14 Y121.223 E.03834
G1 X119.447 Y120.54 E.02535
G1 X119.835 Y119.899 E.02536
G1 X120.56 Y119.028 E.03836
G1 X120.96 Y118.666 E.01826
G1 X121.422 Y118.311 E.01972
G1 X122.066 Y117.921 E.02548
G1 X122.749 Y117.614 E.02535
G1 X123.84 Y117.31 E.03834
G1 X124.584 Y117.219 E.02537
G1 X124.9 Y117.216 E.0107
M204 S1000
;WIPE_START
G1 F8640
G1 X124.96 Y117.215 E-.01386
G1 X125.126 Y117.213 E-.03833
G1 X125.708 Y117.253 E-.1347
G1 X126.45 Y117.389 E-.17418
G1 X126.969 Y117.545 E-.12514
G1 X127.514 Y117.757 E-.13503
G1 X127.998 Y118.004 E-.12547
G1 X128.194 Y118.125 E-.05329
;WIPE_END
G1 Z2.6 F720
G1 X125.967 Y118.087 F10800
G1 Z2.2 F720
G1 E.8 F2100
M204 S2000
;TYPE:Internal infill
;WIDTH:0.45
G1 F1335
G1 X124.806 Y117.991 E.03943
G1 X124.692 Y118.417 E.01493
G1 X124.33 Y118.446 E.01229
G1 X123.963 Y118.078 E.01759
G1 X123.141 Y118.308 E.02889
G1 X123.011 Y118.795 E.01706
G1 X122.684 Y118.958 E.01237
G1 X122.368 Y118.642 E.01513
G1 X121.408 Y119.304 E.03947
M204 S1000
;WIPE_START
G1 F8640
G1 X122.368 Y118.642 E-.26926
G1 X122.684 Y118.958 E-.10319
G1 X123.011 Y118.795 E-.08437
G1 X123.141 Y118.308 E-.11639
G1 X123.963 Y118.078 E-.19709
G1 X124.054 Y118.169 E-.0297
;WIPE_END
G1 Z2.6 F720
G1 X120.602 Y120.919 F10800
G1 Z2.2 F720
G1 E.8 F2100
M204 S2000
G1 F1335
G1 X121.026 Y120.302 E.02534
G1 X121.257 Y119.441 E.03017
G1 X121.126 Y119.559 E.00597
G1 X121.414 Y119.847 E.01379
G1 X121.738 Y119.585 E.0141
G1 X120.921 Y119.804 E.02863
G1 X120.466 Y120.35 E.02406
G1 X120.199 Y120.791 E.01745
G1 X120.507 Y121.099 E.01474
G1 X120.275 Y121.557 E.01738
G1 X119.815 Y121.68 E.01612
G1 X119.622 Y122.373 E.02435
G1 X119.992 Y122.742 E.01769
G1 X119.933 Y123.229 E.0166
G1 X119.519 Y123.34 E.01451
G1 X119.598 Y124.415 E.03649
G1 X119.629 Y124.538 E.00429
G1 X120.218 Y125.128 E.02822
G1 X120.114 Y124.761 E.01291
G1 X119.71 Y124.869 E.01416
G1 X119.754 Y125.049 E.00627
G1 X119.982 Y124.198 E.02982
G1 X119.909 Y123.431 E.02608
M204 S1000
;WIPE_START
G1 F8640
G1 X119.982 Y124.198 E-.1779
G1 X119.754 Y125.049 E-.20343
G1 X119.71 Y124.869 E-.04279
G1 X120.114 Y124.761 E-.09656
G1 X120.218 Y125.128 E-.08808
G1 X119.632 Y124.542 E-.19124
;WIPE_END
G1 Z2.6 F720
G1 X119.824 Y125.24 F10800
G1 Z2.2 F720
G1 E.8 F2100
M204 S2000
G1 F1335
G1 X120.326 Y126.285 E.03924
G1 X120.729 Y126.177 E.01412
G1 X120.955 Y126.468 E.01247
G1 X120.826 Y126.948 E.01682
G1 X121.107 Y127.285 E.01485
G1 X121.444 Y127.566 E.01485
G1 X121.898 Y127.444 E.01591
G1 X122.217 Y127.655 E.01295
G1 X122.11 Y128.055 E.01402
G1 X122.736 Y128.408 E.02433
G1 X123.151 Y128.565 E.01502
M204 S1000
;WIPE_START
G1 F8640
G1 X122.736 Y128.408 E-.10245
G1 X122.11 Y128.055 E-.16594
G1 X122.217 Y127.655 E-.09561
G1 X121.898 Y127.444 E-.08831
G1 X121.444 Y127.566 E-.10855
G1 X121.107 Y127.285 E-.10132
G1 X120.826 Y126.948 E-.10132
G1 X120.867 Y126.795 E-.0365
;WIPE_END
G1 Z2.6 F720
G1 X124.961 Y128.465 F10800
G1 Z2.2 F720
G1 E.8 F2100
M204 S2000
G1 F1335
G1 X124.234 Y128.398 E.02471
G1 X123.342 Y128.637 E.03126
G1 X123.522 Y128.683 E.00629
G1 X123.624 Y128.301 E.01338
G1 X123.24 Y128.15 E.01397
G1 X123.858 Y128.767 E.02956
G1 X125.05 Y128.877 E.04052
G1 X125.164 Y128.453 E.01486
M73 P48 R4
G1 X125.672 Y128.422 E.01723
G1 X126.018 Y128.769 E.01659
G1 X126.248 Y128.727 E.00791
G1 X126.714 Y128.566 E.01669
G1 X126.836 Y128.11 E.01598
G1 X127.291 Y127.883 E.01721
G1 X127.587 Y128.179 E.01417
G1 X128.053 Y127.916 E.01811
G1 X128.588 Y127.471 E.02355
G1 X128.8 Y126.678 E.02778
G1 X128.547 Y126.98 E.01334
G1 X128.829 Y127.262 E.0135
G1 X128.932 Y127.14 E.0054
G1 X128.089 Y127.365 E.02953
G1 X127.469 Y127.784 E.02533
M204 S1000
;WIPE_START
G1 F8640
G1 X128.089 Y127.365 E-.17279
G1 X128.932 Y127.14 E-.20147
G1 X128.829 Y127.262 E-.03687
G1 X128.547 Y126.98 E-.09209
G1 X128.8 Y126.678 E-.09097
G1 X128.588 Y127.471 E-.18954
G1 X128.534 Y127.516 E-.01627
;WIPE_END
G1 Z2.6 F720
G1 X128.931 Y126.521 F10800
G1 Z2.2 F720
G1 E.8 F2100
M204 S2000
G1 F1335
G1 X129.108 Y126.309 E.00935
G1 X129.432 Y125.706 E.02317
G1 X129.735 Y126.009 E.0145
G1 X129.934 Y125.656 E.01372
G1 X130.088 Y125.25 E.0147
G1 X130.043 Y125.262 E.00158
G1 X129.858 Y124.905 E.01361
G1 X129.889 Y124.799 E.00374
G1 X129.815 Y124.777 E.00261
G1 X129.913 Y124.255 E.01798
M204 S1000
G1 X129.913 Y124.255 F10800
G1 X130.16 Y125.059
M204 S2000
G1 F1335
G1 X130.312 Y124.427 E.022
G1 X129.938 Y124.053 E.0179
G1 X129.981 Y123.698 E.0121
G1 X130.399 Y123.586 E.01465
G1 X130.304 Y122.424 E.03946
M204 S1000
;WIPE_START
G1 F8640
G1 X130.399 Y123.586 E-.2692
G1 X129.981 Y123.698 E-.09992
G1 X129.938 Y124.053 E-.08257
G1 X130.312 Y124.427 E-.12213
G1 X130.16 Y125.059 E-.15009
;WIPE_END
G1 E-.07609 F2100
G1 Z2.6 F720
G1 X129.328 Y120.913 F10800
G1 Z2.2 F720
G1 E.8 F2100
M204 S2000
G1 F1335
G1 X129.652 Y121.609 E.02599
G1 X130.268 Y122.224 E.02946
G1 X130.222 Y122.053 E.00599
G1 X129.817 Y122.161 E.01419
G1 X129.918 Y122.506 E.01217
G1 X130.119 Y121.756 E.02628
G1 X129.92 Y121.179 E.02066
G1 X129.627 Y120.632 E.021
G1 X129.221 Y120.74 E.01422
G1 X128.924 Y120.317 E.01749
G1 X129.046 Y119.863 E.01591
G1 X128.811 Y119.581 E.01243
G1 X128.528 Y119.346 E.01245
G1 X128.059 Y119.472 E.01644
G1 X127.652 Y119.167 E.01722
G1 X127.76 Y118.765 E.01409
G1 X126.718 Y118.277 E.03895
G1 X125.869 Y118.478 E.02953
G1 X126.231 Y118.571 E.01265
G1 X126.34 Y118.164 E.01426
G1 X126.168 Y118.124 E.00598
G1 X126.777 Y118.733 E.02915
G1 X127.47 Y119.077 E.02619
M204 S1000
;LAYER_CHANGE
;Z:2.4
;HEIGHT:0.2
;BEFORE_LAYER_CHANGE
G92 E0.0
;2.4


;WIPE_START
G1 F8640
G1 X126.777 Y118.733 E-.17865
G1 X126.168 Y118.124 E-.19887
G1 X126.34 Y118.164 E-.04078
G1 X126.231 Y118.571 E-.09729
G1 X125.869 Y118.478 E-.0863
G1 X126.703 Y118.28 E-.19811
;WIPE_END
G1 Z2.4 F720
;AFTER_LAYER_CHANGE
;2.4
G1 Z2.8
; stop printing object Scheibe-Radhaenger.stl id:1 copy 0
; printing object Scheibe-Radhaenger.stl id:0 copy 0
G1 X123.789 Y109.493 F10800
G1 Z2.4 F720
G1 E.8 F2100
M204 S800
;TYPE:Perimeter
;WIDTH:0.449999
G1 F1405
G1 X123.225 Y109.329 E.01988
G1 X122.507 Y108.96 E.02733
G1 X121.678 Y108.295 E.03597
G1 X121.123 Y107.611 E.02982
G1 X120.869 Y107.162 E.01746
G1 X120.637 Y106.693 E.01771
G1 X120.419 Y105.942 E.02647
G1 X120.341 Y105.259 E.02327
G1 X120.322 Y104.929 E.01119
G1 X120.429 Y104.002 E.03159
G1 X120.641 Y103.294 E.02502
G1 X120.872 Y102.833 E.01745
G1 X121.137 Y102.37 E.01806
G1 X121.587 Y101.799 E.02461
G1 X122.358 Y101.141 E.03431
G1 X123.031 Y100.755 E.02626
G1 X123.715 Y100.499 E.02472
G1 X124.751 Y100.328 E.03554
G1 X125.581 Y100.376 E.02814
G1 X125.951 Y100.418 E.0126
G1 X126.699 Y100.643 E.02644
G1 X127.308 Y100.945 E.02301
G1 X127.635 Y101.136 E.01282
G1 X128.079 Y101.475 E.01891
G1 X128.581 Y101.986 E.02425
G1 X128.999 Y102.568 E.02425
G1 X129.323 Y103.207 E.02425
G1 X129.537 Y103.906 E.02474
G1 X129.628 Y104.425 E.01784
G1 X129.679 Y104.94 E.01752
G1 X129.546 Y106.112 E.03993
G1 X129.359 Y106.706 E.02108
G1 X128.967 Y107.45 E.02847
G1 X128.687 Y107.87 E.01709
G1 X128.343 Y108.277 E.01804
G1 X127.734 Y108.795 E.02706
G1 X126.969 Y109.245 E.03004
G1 X126.117 Y109.542 E.03054
G1 X125.553 Y109.63 E.01932
G1 X125.061 Y109.674 E.01672
G1 X124.178 Y109.606 E.02998
G1 X123.847 Y109.51 E.01167
M204 S1000
G1 X123.847 Y109.51 F10800
G1 X123.881 Y109.103
M204 S800
;TYPE:External perimeter
G1 F1405
G1 X123.393 Y108.958 E.01723
G1 X122.693 Y108.598 E.02664
G1 X121.937 Y107.981 E.03303
G1 X121.443 Y107.36 E.02686
G1 X121.043 Y106.616 E.02859
G1 X120.81 Y105.828 E.02781
G1 X120.746 Y105.219 E.02073
G1 X120.747 Y104.797 E.01428
G1 X120.834 Y104.049 E.02549
G1 X121.029 Y103.417 E.02239
G1 X121.407 Y102.691 E.02771
G1 X121.935 Y102.022 E.02885
G1 X122.53 Y101.515 E.02646
G1 X123.053 Y101.212 E.02046
G1 X123.455 Y101.025 E.01501
G1 X123.89 Y100.873 E.0156
G1 X124.813 Y100.73 E.03162
G1 X125.55 Y100.782 E.02501
G1 X125.979 Y100.852 E.01471
G1 X126.582 Y101.033 E.02131
G1 X127.388 Y101.46 E.03087
G1 X127.832 Y101.798 E.01889
G1 X128.288 Y102.269 E.02219
G1 X128.666 Y102.802 E.02212
G1 X128.959 Y103.387 E.02215
G1 X129.146 Y104.02 E.02234
G1 X129.223 Y104.466 E.01532
G1 X129.274 Y104.98 E.01748
G1 X129.18 Y105.832 E.02901
G1 X128.976 Y106.566 E.02579
G1 X128.609 Y107.255 E.02642
G1 X128.373 Y107.611 E.01446
G1 X128.066 Y107.978 E.0162
G1 X127.468 Y108.486 E.02656
G1 X126.767 Y108.892 E.02742
G1 X125.988 Y109.155 E.02783
G1 X125.184 Y109.27 E.02749
G1 X124.21 Y109.2 E.03305
G1 X123.938 Y109.12 E.0096
M204 S1000
;WIPE_START
G1 F8640
G1 X123.881 Y109.103 E-.01373
G1 X123.393 Y108.958 E-.11755
G1 X122.693 Y108.598 E-.18175
G1 X121.937 Y107.981 E-.22532
G1 X121.443 Y107.36 E-.18323
G1 X121.282 Y107.061 E-.07842
;WIPE_END
G1 Z2.8 F720
G1 X124.989 Y99.19 F10800
G1 Z2.4 F720
G1 E.8 F2100
M204 S800
;TYPE:Perimeter
G1 F1405
G1 X125.172 Y99.188 E.00619
G1 X125.698 Y99.225 E.01785
M73 P49 R4
G1 X126.395 Y99.353 E.02399
G1 X126.893 Y99.502 E.0176
G1 X127.388 Y99.695 E.01798
G1 X127.853 Y99.934 E.0177
G1 X128.305 Y100.213 E.01798
G1 X128.719 Y100.531 E.01767
G1 X129.104 Y100.879 E.01757
G1 X129.463 Y101.309 E.01896
G1 X129.814 Y101.741 E.01884
G1 X130.165 Y102.329 E.02318
G1 X130.452 Y102.979 E.02405
G1 X130.682 Y103.798 E.02879
G1 X130.776 Y104.334 E.01842
G1 X130.816 Y104.991 E.02228
G1 X130.72 Y106.049 E.03596
G1 X130.437 Y107.062 E.0356
G1 X129.973 Y108.017 E.03594
G1 X129.579 Y108.587 E.02345
G1 X129.119 Y109.106 E.02347
G1 X128.303 Y109.786 E.03595
G1 X127.386 Y110.303 E.03563
G1 X126.383 Y110.649 E.03591
G1 X125.701 Y110.774 E.02347
G1 X125.009 Y110.816 E.02347
G1 X123.951 Y110.72 E.03596
G1 X122.929 Y110.435 E.03591
G1 X122.297 Y110.15 E.02347
G1 X121.703 Y109.792 E.02348
G1 X120.888 Y109.112 E.03593
G1 X120.208 Y108.296 E.03595
G1 X119.848 Y107.7 E.02357
G1 X119.63 Y107.229 E.01757
G1 X119.447 Y106.734 E.01786
G1 X119.279 Y106.049 E.02387
G1 X119.194 Y105.351 E.0238
G1 X119.194 Y104.649 E.02376
G1 X119.277 Y103.96 E.02349
G1 X119.565 Y102.929 E.03623
G1 X119.85 Y102.297 E.02347
G1 X120.215 Y101.693 E.02389
G1 X120.531 Y101.281 E.01758
G1 X120.887 Y100.887 E.01797
G1 X121.274 Y100.536 E.01768
G1 X121.693 Y100.214 E.01789
G1 X122.297 Y99.85 E.02387
G1 X122.929 Y99.565 E.02347
G1 X123.961 Y99.277 E.03627
G1 X124.652 Y99.193 E.02356
G1 X124.929 Y99.191 E.00938
M204 S1000
G1 X124.929 Y99.191 F10800
G1 X125.001 Y98.783
M204 S800
;TYPE:External perimeter
G1 F1405
G1 X125.184 Y98.781 E.00619
G1 X125.749 Y98.821 E.01917
G1 X126.491 Y98.956 E.02553
G1 X127.026 Y99.117 E.01891
G1 X127.555 Y99.324 E.01923
G1 X128.053 Y99.579 E.01894
G1 X128.536 Y99.877 E.01921
G1 X128.98 Y100.218 E.01895
G1 X129.399 Y100.596 E.0191
G1 X129.837 Y101.121 E.02314
G1 X130.163 Y101.53 E.0177
G1 X130.536 Y102.162 E.02484
G1 X130.84 Y102.858 E.02571
G1 X131.083 Y103.724 E.03045
G1 X131.183 Y104.309 E.02009
G1 X131.224 Y104.997 E.02333
G1 X131.122 Y106.122 E.03824
G1 X130.82 Y107.207 E.03812
G1 X130.325 Y108.223 E.03825
G1 X129.9 Y108.839 E.02533
G1 X129.403 Y109.399 E.02534
G1 X128.535 Y110.123 E.03826
G1 X127.554 Y110.676 E.03812
G1 X126.487 Y111.044 E.0382
G1 X125.75 Y111.179 E.02536
G1 X125.003 Y111.224 E.02533
G1 X123.878 Y111.122 E.03824
G1 X122.79 Y110.819 E.03823
G1 X122.107 Y110.512 E.02535
G1 X121.466 Y110.124 E.02536
G1 X120.599 Y109.401 E.03821
G1 X119.876 Y108.533 E.03824
G1 X119.488 Y107.892 E.02536
G1 X119.253 Y107.385 E.01892
G1 X119.058 Y106.853 E.01918
G1 X118.877 Y106.122 E.02549
G1 X118.787 Y105.375 E.02547
G1 X118.787 Y104.625 E.02539
G1 X118.877 Y103.881 E.02537
G1 X119.181 Y102.79 E.03834
G1 X119.488 Y102.107 E.02535
G1 X119.878 Y101.463 E.02548
G1 X120.218 Y101.02 E.0189
G1 X120.599 Y100.598 E.01924
G1 X121.014 Y100.223 E.01893
G1 X121.463 Y99.878 E.01917
G1 X122.107 Y99.488 E.02548
G1 X122.79 Y99.181 E.02535
G1 X123.881 Y98.877 E.03834
G1 X124.625 Y98.787 E.02537
G1 X124.941 Y98.783 E.0107
M204 S1000
;WIPE_START
G1 F8640
G1 X125.001 Y98.783 E-.01385
G1 X125.184 Y98.781 E-.04226
G1 X125.749 Y98.821 E-.13079
G1 X126.491 Y98.956 E-.17414
G1 X127.026 Y99.117 E-.12901
G1 X127.555 Y99.324 E-.13117
G1 X128.053 Y99.579 E-.12919
G1 X128.236 Y99.692 E-.04959
;WIPE_END
G1 Z2.8 F720
G1 X126.044 Y99.661 F10800
G1 Z2.4 F720
G1 E.8 F2100
M204 S2000
;TYPE:Internal infill
;WIDTH:0.45
G1 F1405
G1 X125.652 Y99.589 E.01349
G1 X124.701 Y99.559 E.03221
G1 X124.549 Y99.99 E.01547
G1 X124.179 Y99.62 E.01771
G1 X124.032 Y99.638 E.00501
G1 X123.023 Y99.925 E.03551
G1 X122.844 Y100.444 E.01858
G1 X122.541 Y100.141 E.0145
G1 X121.9 Y100.517 E.02515
G1 X121.424 Y100.895 E.02057
M204 S1000
;WIPE_START
G1 F8640
G1 X121.9 Y100.517 E-.14035
G1 X122.541 Y100.141 E-.17159
G1 X122.844 Y100.444 E-.09894
G1 X123.023 Y99.925 E-.12677
G1 X124.032 Y99.638 E-.24222
G1 X124.118 Y99.627 E-.02013
;WIPE_END
G1 Z2.8 F720
G1 X120.421 Y102.059 F10800
G1 Z2.4 F720
G1 E.8 F2100
M204 S2000
G1 F1405
G1 X120.772 Y101.568 E.02043
G1 X121.568 Y101.327 E.02815
G1 X121.273 Y101.032 E.01412
G1 X121.102 Y101.195 E.008
G1 X120.843 Y102.16 E.03382
G1 X120.617 Y102.535 E.01482
G1 X120.316 Y102.234 E.01441
G1 X119.867 Y103.21 E.03636
M204 S1000
G1 X119.867 Y103.21 F10800
G1 X120.202 Y103.478
M204 S2000
G1 F1405
G1 X120.054 Y104.131 E.02266
G1 X119.707 Y103.784 E.01661
G1 X119.812 Y103.406 E.01328
G1 X120.264 Y103.285 E.01584
G1 X120.522 Y102.715 E.02118
M204 S1000
;WIPE_START
G1 F8640
G1 X120.264 Y103.285 E-.14447
G1 X119.812 Y103.406 E-.10804
G1 X119.707 Y103.784 E-.09059
G1 X120.054 Y104.131 E-.11331
G1 X120.202 Y103.478 E-.1546
;WIPE_END
G1 E-.18899 F2100
G1 Z2.8 F720
G1 X119.652 Y103.98 F10800
G1 Z2.4 F720
G1 E.8 F2100
M204 S2000
G1 F1405
G1 X119.56 Y105.054 E.03649
G1 X119.957 Y104.948 E.01391
G1 X119.986 Y105.361 E.01401
G1 X119.726 Y106.331 E.03399
G1 X119.785 Y106.574 E.00846
G1 X120.194 Y106.464 E.01434
G1 X119.625 Y105.86 E.02809
G1 X119.56 Y105.257 E.02053
M204 S1000
;WIPE_START
G1 F8640
G1 X119.625 Y105.86 E-.14004
G1 X120.194 Y106.464 E-.1916
G1 X119.785 Y106.574 E-.0978
G1 X119.726 Y106.331 E-.05774
G1 X119.986 Y105.361 E-.23188
G1 X119.961 Y105.011 E-.08094
;WIPE_END
G1 Z2.8 F720
G1 X119.85 Y106.767 F10800
G1 Z2.4 F720
M73 P50 R4
G1 E.8 F2100
M204 S2000
G1 F1405
G1 X120.172 Y107.528 E.02797
G1 X120.444 Y107.978 E.0178
G1 X120.887 Y107.896 E.01525
G1 X120.756 Y108.382 E.01704
G1 X121.148 Y108.852 E.02072
G1 X121.618 Y109.244 E.02072
G1 X122.106 Y109.113 E.0171
G1 X122.022 Y109.556 E.01526
G1 X122.467 Y109.825 E.0176
G1 X123.235 Y110.14 E.0281
M204 S1000
;WIPE_START
G1 F8640
G1 X122.467 Y109.825 E-.19167
G1 X122.022 Y109.556 E-.12007
G1 X122.106 Y109.113 E-.10411
G1 X121.618 Y109.244 E-.11667
G1 X121.148 Y108.852 E-.14132
G1 X120.798 Y108.433 E-.12616
;WIPE_END
G1 Z2.8 F720
G1 X124.743 Y110.424 F10800
G1 Z2.4 F720
G1 E.8 F2100
M204 S2000
G1 F1405
G1 X124.133 Y110.369 E.02073
G1 X123.537 Y109.802 E.02784
G1 X123.432 Y110.195 E.01377
G1 X123.693 Y110.268 E.00917
G1 X124.67 Y110.006 E.03424
G1 X125.055 Y110.034 E.01307
G1 X124.946 Y110.443 E.01433
G1 X126.028 Y110.342 E.03678
M204 S1000
;WIPE_START
G1 F8640
G1 X124.946 Y110.443 E-.25092
G1 X125.055 Y110.034 E-.09774
G1 X124.67 Y110.006 E-.08913
G1 X123.693 Y110.268 E-.23356
G1 X123.432 Y110.195 E-.06258
G1 X123.506 Y109.919 E-.06607
;WIPE_END
G1 Z2.8 F720
G1 X127.287 Y109.482 F10800
G1 Z2.4 F720
G1 E.8 F2100
M204 S2000
G1 F1405
G1 X126.718 Y109.724 E.02093
G1 X126.594 Y110.189 E.01629
G1 X126.29 Y110.294 E.01089
G1 X126.229 Y110.305 E.0021
G1 X125.873 Y109.95 E.01702
G1 X126.526 Y109.789 E.02277
M204 S1000
G1 X126.526 Y109.789 F10800
G1 X126.786 Y110.123
M204 S2000
G1 F1405
G1 X127.235 Y109.968 E.01608
G1 X127.756 Y109.674 E.02025
G1 X127.463 Y109.381 E.01403
G1 X127.872 Y109.148 E.01593
G1 X128.863 Y108.843 E.0351
G1 X128.967 Y108.726 E.0053
G1 X128.686 Y108.445 E.01345
G1 X128.625 Y108.507 E.00294
G1 X128.441 Y109.195 E.02411
G1 X127.934 Y109.574 E.02143
M204 S1000
;WIPE_START
G1 F8640
G1 X128.441 Y109.195 E-.14616
G1 X128.625 Y108.507 E-.16444
G1 X128.686 Y108.445 E-.02008
G1 X128.967 Y108.726 E-.09176
G1 X128.863 Y108.843 E-.03615
G1 X127.872 Y109.148 E-.23942
G1 X127.489 Y109.367 E-.10199
;WIPE_END
G1 Z2.8 F720
G1 X129.102 Y108.573 F10800
G1 Z2.4 F720
G1 E.8 F2100
M204 S2000
G1 F1405
G1 X129.655 Y107.832 E.0313
G1 X129.844 Y107.444 E.01461
G1 X129.547 Y107.147 E.01422
G1 X130.071 Y106.979 E.01863
G1 X130.358 Y105.982 E.03512
G1 X130.373 Y105.815 E.00568
G1 X129.997 Y105.438 E.01802
G1 X130.42 Y105.305 E.01501
G1 X130.449 Y104.986 E.01084
G1 X130.339 Y103.956 E.03506
M204 S1000
;WIPE_START
G1 F8640
G1 X130.449 Y104.986 E-.23918
G1 X130.42 Y105.305 E-.07396
G1 X129.997 Y105.438 E-.10239
G1 X130.373 Y105.815 E-.12294
G1 X130.358 Y105.982 E-.03872
G1 X130.091 Y106.909 E-.22281
;WIPE_END
G1 Z2.8 F720
G1 X129.841 Y102.502 F10800
G1 Z2.4 F720
G1 E.8 F2100
M204 S2000
G1 F1405
G1 X130.087 Y103.049 E.0203
G1 X129.901 Y103.863 E.02826
G1 X130.302 Y103.756 E.01405
G1 X130.236 Y103.518 E.00836
G1 X129.541 Y102.823 E.03327
G1 X129.345 Y102.432 E.0148
G1 X129.74 Y102.326 E.01384
G1 X129.493 Y101.917 E.01617
G1 X129.107 Y101.454 E.0204
M204 S1000
;WIPE_START
G1 F8640
G1 X129.493 Y101.917 E-.13919
G1 X129.74 Y102.326 E-.11032
G1 X129.345 Y102.432 E-.09443
G1 X129.541 Y102.823 E-.10099
G1 X130.236 Y103.518 E-.22695
G1 X130.302 Y103.756 E-.05703
G1 X130.004 Y103.836 E-.07109
;WIPE_END
G1 Z2.8 F720
G1 X127.744 Y100.764 F10800
G1 Z2.4 F720
G1 E.8 F2100
M204 S2000
G1 F1405
G1 X128.247 Y101.146 E.02138
G1 X128.715 Y101.02 E.01641
G1 X128.976 Y101.297 E.01288
G1 X128.854 Y101.754 E.01601
G1 X128.403 Y101.276 E.02224
M204 S1000
G1 X128.403 Y101.276 F10800
G1 X128.564 Y100.884
M204 S2000
G1 F1405
G1 X127.675 Y100.255 E.03686
G1 X127.565 Y100.668 E.01447
G1 X127.197 Y100.48 E.01399
G1 X126.478 Y99.76 E.03444
G1 X126.244 Y99.698 E.00819
G1 X126.137 Y100.096 E.01395
G1 X126.942 Y99.915 E.02793
G1 X127.494 Y100.162 E.02047
M204 S1000
;WIPE_START
G1 F8640
G1 X126.942 Y99.915 E-.13964
G1 X126.137 Y100.096 E-.19052
G1 X126.244 Y99.698 E-.09516
G1 X126.478 Y99.76 E-.0559
G1 X127.197 Y100.48 E-.23495
G1 X127.52 Y100.645 E-.08383
;WIPE_END
G1 Z2.8 F720
; stop printing object Scheibe-Radhaenger.stl id:0 copy 0
; printing object Scheibe-Radhaenger.stl id:1 copy 0
G1 X123.748 Y127.926 F10800
G1 Z2.4 F720
G1 E.8 F2100
M204 S800
;TYPE:Perimeter
;WIDTH:0.449999
G1 F1405
G1 X123.184 Y127.762 E.01988
G1 X122.466 Y127.393 E.02733
G1 X121.637 Y126.727 E.03599
G1 X121.082 Y126.044 E.02979
G1 X120.828 Y125.594 E.01749
G1 X120.596 Y125.125 E.01771
G1 X120.378 Y124.375 E.02644
G1 X120.299 Y123.692 E.02327
G1 X120.281 Y123.362 E.01119
G1 X120.388 Y122.435 E.03159
G1 X120.6 Y121.727 E.02502
G1 X120.831 Y121.266 E.01745
G1 X121.096 Y120.803 E.01806
G1 X121.545 Y120.232 E.02459
G1 X122.317 Y119.573 E.03436
G1 X122.99 Y119.188 E.02624
G1 X123.673 Y118.932 E.02469
G1 X124.71 Y118.761 E.03558
G1 X125.54 Y118.809 E.02814
G1 X125.909 Y118.851 E.01257
G1 X126.658 Y119.076 E.02647
G1 X127.267 Y119.377 E.02299
G1 X127.594 Y119.569 E.01284
G1 X128.038 Y119.907 E.01889
G1 X128.54 Y120.419 E.02427
G1 X128.958 Y121.001 E.02425
G1 X129.282 Y121.64 E.02425
G1 X129.496 Y122.339 E.02474
G1 X129.587 Y122.858 E.01784
G1 X129.638 Y123.373 E.01752
G1 X129.505 Y124.545 E.03993
G1 X129.317 Y125.139 E.02109
M73 P51 R4
G1 X128.926 Y125.883 E.02845
G1 X128.645 Y126.303 E.0171
G1 X128.302 Y126.709 E.01799
G1 X127.692 Y127.228 E.02711
G1 X126.928 Y127.678 E.03001
G1 X126.076 Y127.974 E.03053
G1 X125.511 Y128.063 E.01936
G1 X125.02 Y128.107 E.01669
G1 X124.137 Y128.039 E.02998
G1 X123.806 Y127.943 E.01167
M204 S1000
G1 X123.806 Y127.943 F10800
G1 X123.839 Y127.535
M204 S800
;TYPE:External perimeter
G1 F1405
G1 X123.351 Y127.391 E.01722
G1 X122.652 Y127.031 E.02661
G1 X121.896 Y126.413 E.03305
G1 X121.402 Y125.793 E.02683
G1 X121.002 Y125.049 E.02859
G1 X120.769 Y124.261 E.02781
G1 X120.705 Y123.652 E.02073
G1 X120.706 Y123.23 E.01428
G1 X120.792 Y122.481 E.02552
G1 X120.988 Y121.85 E.02237
G1 X121.365 Y121.124 E.02769
G1 X121.893 Y120.455 E.02885
G1 X122.489 Y119.948 E.02649
G1 X123.012 Y119.644 E.02048
G1 X123.414 Y119.458 E.01499
G1 X123.849 Y119.306 E.0156
G1 X124.772 Y119.163 E.03162
G1 X125.509 Y119.214 E.02501
G1 X125.937 Y119.284 E.01468
G1 X126.541 Y119.466 E.02135
G1 X127.347 Y119.893 E.03087
G1 X127.791 Y120.231 E.01889
G1 X128.247 Y120.702 E.02219
G1 X128.625 Y121.235 E.02212
G1 X128.917 Y121.82 E.02213
G1 X129.105 Y122.453 E.02235
G1 X129.182 Y122.899 E.01532
G1 X129.233 Y123.413 E.01748
G1 X129.139 Y124.265 E.02901
G1 X128.935 Y124.999 E.02579
G1 X128.568 Y125.688 E.02642
G1 X128.331 Y126.044 E.01448
G1 X128.024 Y126.411 E.0162
G1 X127.427 Y126.919 E.02653
G1 X126.726 Y127.325 E.02742
G1 X125.947 Y127.588 E.02783
G1 X125.142 Y127.703 E.02752
G1 X124.168 Y127.633 E.03305
G1 X123.897 Y127.552 E.00957
M204 S1000
;WIPE_START
G1 F8640
G1 X123.839 Y127.535 E-.01396
G1 X123.351 Y127.391 E-.11748
G1 X122.652 Y127.031 E-.18155
G1 X121.896 Y126.413 E-.22547
G1 X121.402 Y125.793 E-.18305
G1 X121.241 Y125.494 E-.07849
;WIPE_END
G1 Z2.8 F720
G1 X124.948 Y117.623 F10800
G1 Z2.4 F720
G1 E.8 F2100
M204 S800
;TYPE:Perimeter
G1 F1405
G1 X125.13 Y117.621 E.00616
G1 X125.657 Y117.658 E.01788
G1 X126.354 Y117.786 E.02399
G1 X126.852 Y117.935 E.0176
G1 X127.346 Y118.128 E.01795
G1 X127.812 Y118.366 E.01771
G1 X128.263 Y118.646 E.01797
G1 X128.678 Y118.964 E.0177
G1 X129.063 Y119.311 E.01754
G1 X129.422 Y119.742 E.01899
G1 X129.773 Y120.174 E.01884
G1 X130.124 Y120.762 E.02318
G1 X130.41 Y121.412 E.02404
G1 X130.641 Y122.23 E.02877
G1 X130.735 Y122.767 E.01845
G1 X130.775 Y123.424 E.02228
G1 X130.679 Y124.481 E.03593
G1 X130.396 Y125.495 E.03563
G1 X129.931 Y126.45 E.03595
G1 X129.538 Y127.02 E.02344
G1 X129.078 Y127.539 E.02347
G1 X128.262 Y128.219 E.03595
G1 X127.345 Y128.736 E.03563
G1 X126.342 Y129.082 E.03591
G1 X125.66 Y129.207 E.02347
G1 X124.968 Y129.249 E.02347
G1 X123.91 Y129.153 E.03596
G1 X122.888 Y128.868 E.03591
G1 X122.256 Y128.583 E.02347
G1 X121.662 Y128.225 E.02348
G1 X120.846 Y127.545 E.03595
G1 X120.167 Y126.729 E.03593
G1 X119.807 Y126.133 E.02357
G1 X119.588 Y125.662 E.01758
G1 X119.406 Y125.166 E.01788
G1 X119.237 Y124.481 E.02388
G1 X119.153 Y123.784 E.02376
G1 X119.153 Y123.082 E.02376
G1 X119.236 Y122.393 E.02349
G1 X119.524 Y121.362 E.03623
G1 X119.808 Y120.73 E.02345
G1 X120.173 Y120.126 E.02389
G1 X120.49 Y119.713 E.01762
G1 X120.846 Y119.319 E.01797
G1 X121.233 Y118.969 E.01766
G1 X121.652 Y118.647 E.01789
G1 X122.256 Y118.282 E.02389
G1 X122.888 Y117.998 E.02345
G1 X123.919 Y117.71 E.03623
G1 X124.611 Y117.626 E.0236
G1 X124.888 Y117.623 E.00938
M204 S1000
G1 X124.888 Y117.623 F10800
G1 X124.96 Y117.216
M204 S800
;TYPE:External perimeter
G1 F1405
G1 X125.143 Y117.214 E.00619
G1 X125.708 Y117.253 E.01917
G1 X126.45 Y117.389 E.02553
G1 X126.985 Y117.55 E.01891
G1 X127.514 Y117.757 E.01923
G1 X128.012 Y118.012 E.01894
G1 X128.495 Y118.31 E.01921
G1 X128.939 Y118.651 E.01895
G1 X129.357 Y119.029 E.01908
G1 X129.795 Y119.554 E.02314
G1 X130.121 Y119.963 E.0177
G1 X130.495 Y120.594 E.02483
G1 X130.799 Y121.291 E.02574
G1 X131.042 Y122.157 E.03045
G1 X131.142 Y122.742 E.02009
G1 X131.183 Y123.43 E.02333
G1 X131.081 Y124.555 E.03824
G1 X130.778 Y125.64 E.03813
G1 X130.284 Y126.656 E.03824
G1 X129.859 Y127.272 E.02533
G1 X129.362 Y127.832 E.02534
G1 X128.494 Y128.555 E.03824
G1 X127.513 Y129.109 E.03813
G1 X126.445 Y129.477 E.03824
G1 X125.709 Y129.612 E.02533
G1 X124.962 Y129.657 E.02533
G1 X123.837 Y129.555 E.03824
G1 X122.749 Y129.252 E.03823
G1 X122.066 Y128.944 E.02536
G1 X121.425 Y128.557 E.02534
G1 X120.557 Y127.834 E.03824
G1 X119.834 Y126.966 E.03824
G1 X119.447 Y126.325 E.02534
G1 X119.212 Y125.818 E.01892
G1 X119.016 Y125.286 E.01919
G1 X118.836 Y124.555 E.02548
G1 X118.745 Y123.808 E.02547
G1 X118.745 Y123.057 E.02542
G1 X118.836 Y122.314 E.02534
G1 X119.14 Y121.223 E.03834
G1 X119.447 Y120.54 E.02535
G1 X119.837 Y119.896 E.02548
G1 X120.177 Y119.453 E.0189
G1 X120.557 Y119.031 E.01922
G1 X120.972 Y118.656 E.01893
G1 X121.422 Y118.311 E.01919
G1 X122.066 Y117.921 E.02548
G1 X122.749 Y117.614 E.02535
G1 X123.84 Y117.31 E.03834
G1 X124.584 Y117.22 E.02537
G1 X124.9 Y117.216 E.0107
M204 S1000
;WIPE_START
G1 F8640
G1 X124.96 Y117.216 E-.01385
G1 X125.143 Y117.214 E-.04226
G1 X125.708 Y117.253 E-.13077
G1 X126.45 Y117.389 E-.17418
G1 X126.985 Y117.55 E-.12901
G1 X127.514 Y117.757 E-.13117
G1 X128.012 Y118.012 E-.12919
G1 X128.195 Y118.125 E-.04957
;WIPE_END
G1 Z2.8 F720
G1 X126.003 Y118.094 F10800
G1 Z2.4 F720
G1 E.8 F2100
M204 S2000
;TYPE:Internal infill
;WIDTH:0.45
G1 F1405
G1 X125.611 Y118.022 E.01349
G1 X124.66 Y117.992 E.03221
M73 P52 R4
G1 X124.507 Y118.423 E.01548
G1 X124.138 Y118.053 E.01769
G1 X123.991 Y118.071 E.00501
G1 X122.981 Y118.357 E.03553
G1 X122.803 Y118.877 E.0186
G1 X122.5 Y118.574 E.0145
G1 X121.859 Y118.95 E.02515
G1 X121.382 Y119.328 E.0206
M204 S1000
;WIPE_START
G1 F8640
G1 X121.859 Y118.95 E-.14053
G1 X122.5 Y118.574 E-.17159
G1 X122.803 Y118.877 E-.09894
G1 X122.981 Y118.357 E-.12691
G1 X123.991 Y118.071 E-.24238
G1 X124.075 Y118.061 E-.01965
;WIPE_END
G1 Z2.8 F720
G1 X120.38 Y120.492 F10800
G1 Z2.4 F720
G1 E.8 F2100
M204 S2000
G1 F1405
G1 X120.731 Y120.001 E.02043
G1 X121.527 Y119.76 E.02815
G1 X121.231 Y119.464 E.01417
G1 X121.061 Y119.628 E.008
G1 X120.802 Y120.593 E.03382
G1 X120.576 Y120.968 E.01482
G1 X120.275 Y120.666 E.01443
G1 X119.826 Y121.643 E.0364
M204 S1000
G1 X119.826 Y121.643 F10800
G1 X120.161 Y121.911
M204 S2000
G1 F1405
G1 X120.013 Y122.564 E.02266
G1 X119.666 Y122.217 E.01661
G1 X119.771 Y121.839 E.01328
G1 X120.223 Y121.717 E.01585
G1 X120.481 Y121.148 E.02115
M204 S1000
;WIPE_START
G1 F8640
G1 X120.223 Y121.717 E-.14426
G1 X119.771 Y121.839 E-.1081
G1 X119.666 Y122.217 E-.09059
G1 X120.013 Y122.564 E-.11331
G1 X120.161 Y121.911 E-.1546
;WIPE_END
G1 E-.18914 F2100
G1 Z2.8 F720
G1 X119.611 Y122.413 F10800
G1 Z2.4 F720
G1 E.8 F2100
M204 S2000
G1 F1405
G1 X119.519 Y123.487 E.03649
G1 X119.915 Y123.38 E.01388
G1 X119.944 Y123.794 E.01405
G1 X119.684 Y124.764 E.03399
G1 X119.744 Y125.007 E.00847
G1 X120.153 Y124.897 E.01434
G1 X119.583 Y124.293 E.02811
G1 X119.519 Y123.69 E.02053
M204 S1000
;WIPE_START
G1 F8640
G1 X119.583 Y124.293 E-.14002
G1 X120.153 Y124.897 E-.19176
G1 X119.744 Y125.007 E-.0978
G1 X119.684 Y124.764 E-.05779
G1 X119.944 Y123.794 E-.23188
G1 X119.92 Y123.445 E-.08075
;WIPE_END
G1 Z2.8 F720
G1 X119.809 Y125.199 F10800
G1 Z2.4 F720
G1 E.8 F2100
M204 S2000
G1 F1405
G1 X120.131 Y125.961 E.028
G1 X120.402 Y126.411 E.01778
G1 X120.845 Y126.329 E.01525
G1 X120.715 Y126.815 E.01703
G1 X121.107 Y127.285 E.02072
G1 X121.577 Y127.676 E.02069
G1 X122.064 Y127.546 E.01706
G1 X121.981 Y127.989 E.01526
G1 X122.426 Y128.258 E.0176
G1 X123.194 Y128.573 E.0281
M204 S1000
;WIPE_START
G1 F8640
G1 X122.426 Y128.258 E-.19167
G1 X121.981 Y127.989 E-.12007
G1 X122.064 Y127.546 E-.10407
G1 X121.577 Y127.676 E-.11639
G1 X121.107 Y127.285 E-.14117
G1 X120.756 Y126.864 E-.12663
;WIPE_END
G1 Z2.8 F720
G1 X124.702 Y128.857 F10800
G1 Z2.4 F720
G1 E.8 F2100
M204 S2000
G1 F1405
G1 X124.092 Y128.802 E.02073
G1 X123.495 Y128.235 E.02787
G1 X123.39 Y128.628 E.01377
G1 X123.652 Y128.701 E.00921
G1 X124.629 Y128.439 E.03424
G1 X125.014 Y128.467 E.01307
G1 X124.904 Y128.875 E.0143
G1 X125.987 Y128.775 E.03681
M204 S1000
;WIPE_START
G1 F8640
G1 X124.904 Y128.875 E-.25113
G1 X125.014 Y128.467 E-.09757
G1 X124.629 Y128.439 E-.08913
G1 X123.652 Y128.701 E-.23356
G1 X123.39 Y128.628 E-.0628
G1 X123.464 Y128.353 E-.06581
;WIPE_END
G1 Z2.8 F720
G1 X127.245 Y127.915 F10800
G1 Z2.4 F720
G1 E.8 F2100
M204 S2000
G1 F1405
G1 X126.677 Y128.157 E.0209
G1 X126.553 Y128.622 E.01629
G1 X126.248 Y128.727 E.01092
G1 X126.187 Y128.738 E.0021
G1 X125.832 Y128.383 E.01699
G1 X126.484 Y128.222 E.02273
M204 S1000
G1 X126.484 Y128.222 F10800
G1 X126.745 Y128.556
M204 S2000
G1 F1405
G1 X127.194 Y128.401 E.01608
G1 X127.715 Y128.107 E.02025
G1 X127.422 Y127.814 E.01403
G1 X127.831 Y127.581 E.01593
G1 X128.822 Y127.276 E.0351
G1 X128.926 Y127.159 E.0053
G1 X128.645 Y126.878 E.01345
G1 X128.584 Y126.94 E.00294
G1 X128.399 Y127.628 E.02412
G1 X127.892 Y128.007 E.02143
M204 S1000
;WIPE_START
G1 F8640
G1 X128.399 Y127.628 E-.14616
G1 X128.584 Y126.94 E-.1645
G1 X128.645 Y126.878 E-.02008
G1 X128.926 Y127.159 E-.09176
G1 X128.822 Y127.276 E-.03615
G1 X127.831 Y127.581 E-.23942
G1 X127.448 Y127.8 E-.10193
;WIPE_END
G1 Z2.8 F720
G1 X129.061 Y127.006 F10800
G1 Z2.4 F720
G1 E.8 F2100
M204 S2000
G1 F1405
G1 X129.614 Y126.264 E.03132
G1 X129.803 Y125.877 E.01458
G1 X129.506 Y125.58 E.01422
G1 X130.029 Y125.412 E.01859
G1 X130.317 Y124.415 E.03513
G1 X130.332 Y124.247 E.00571
G1 X129.956 Y123.871 E.018
G1 X130.379 Y123.738 E.01501
G1 X130.408 Y123.418 E.01088
G1 X130.298 Y122.389 E.03503
M204 S1000
;WIPE_START
G1 F8640
G1 X130.408 Y123.418 E-.23895
G1 X130.379 Y123.738 E-.07419
G1 X129.956 Y123.871 E-.10239
G1 X130.332 Y124.247 E-.12278
G1 X130.317 Y124.415 E-.03895
G1 X130.05 Y125.341 E-.22274
;WIPE_END
G1 Z2.8 F720
G1 X129.8 Y120.935 F10800
G1 Z2.4 F720
G1 E.8 F2100
M204 S2000
G1 F1405
G1 X130.046 Y121.482 E.0203
G1 X129.86 Y122.296 E.02826
G1 X130.261 Y122.189 E.01405
G1 X130.195 Y121.951 E.00836
G1 X129.499 Y121.256 E.03329
G1 X129.304 Y120.865 E.01479
G1 X129.699 Y120.759 E.01384
G1 X129.451 Y120.35 E.01619
G1 X129.065 Y119.887 E.0204
M204 S1000
;WIPE_START
G1 F8640
G1 X129.451 Y120.35 E-.13919
G1 X129.699 Y120.759 E-.11044
G1 X129.304 Y120.865 E-.09443
G1 X129.499 Y121.256 E-.10089
G1 X130.195 Y121.951 E-.22711
G1 X130.261 Y122.189 E-.05703
G1 X129.964 Y122.268 E-.07091
;WIPE_END
G1 Z2.8 F720
G1 X127.703 Y119.196 F10800
G1 Z2.4 F720
G1 E.8 F2100
M204 S2000
G1 F1405
G1 X128.206 Y119.579 E.0214
G1 X128.674 Y119.453 E.01641
M73 P53 R4
G1 X128.935 Y119.73 E.01288
G1 X128.813 Y120.187 E.01601
G1 X128.361 Y119.709 E.02227
M204 S1000
G1 X128.361 Y119.709 F10800
G1 X128.523 Y119.317
M204 S2000
G1 F1405
G1 X127.634 Y118.687 E.03688
G1 X127.523 Y119.101 E.01451
G1 X127.156 Y118.913 E.01396
G1 X126.437 Y118.193 E.03444
G1 X126.203 Y118.131 E.00819
G1 X126.096 Y118.529 E.01395
G1 X126.901 Y118.348 E.02793
G1 X127.453 Y118.594 E.02046
M204 S1000
;LAYER_CHANGE
;Z:2.6
;HEIGHT:0.2
;BEFORE_LAYER_CHANGE
G92 E0.0
;2.6


;WIPE_START
G1 F8640
G1 X126.901 Y118.348 E-.13954
G1 X126.096 Y118.529 E-.19052
G1 X126.203 Y118.131 E-.09516
G1 X126.437 Y118.193 E-.0559
G1 X127.156 Y118.913 E-.23495
G1 X127.48 Y119.078 E-.08393
;WIPE_END
G1 Z2.6 F720
;AFTER_LAYER_CHANGE
;2.6
G1 Z3
; stop printing object Scheibe-Radhaenger.stl id:1 copy 0
; printing object Scheibe-Radhaenger.stl id:0 copy 0
G1 X123.787 Y109.502 F10800
G1 Z2.6 F720
G1 E.8 F2100
M204 S800
;TYPE:Perimeter
;WIDTH:0.449999
G1 F1445
G1 X123.476 Y109.424 E.01085
G1 X122.524 Y108.969 E.03572
G1 X121.805 Y108.416 E.0307
G1 X121.208 Y107.742 E.03048
G1 X120.72 Y106.873 E.03374
G1 X120.464 Y106.099 E.02759
G1 X120.375 Y105.591 E.01746
G1 X120.321 Y105.061 E.01803
G1 X120.429 Y104.002 E.03603
G1 X120.633 Y103.321 E.02406
G1 X120.96 Y102.665 E.02481
G1 X121.131 Y102.38 E.01125
G1 X121.586 Y101.799 E.02498
G1 X122.399 Y101.111 E.03605
G1 X122.986 Y100.779 E.02283
G1 X123.715 Y100.499 E.02643
G1 X124.751 Y100.328 E.03554
G1 X125.581 Y100.376 E.02814
G1 X126.103 Y100.46 E.0179
G1 X126.622 Y100.609 E.01828
G1 X127.345 Y100.967 E.02731
G1 X127.611 Y101.119 E.01037
G1 X128.322 Y101.706 E.03121
G1 X128.852 Y102.374 E.02886
G1 X129.13 Y102.817 E.0177
G1 X129.358 Y103.294 E.0179
G1 X129.578 Y104.044 E.02646
G1 X129.659 Y104.741 E.02375
G1 X129.678 Y105.071 E.01119
G1 X129.571 Y105.998 E.03159
G1 X129.367 Y106.679 E.02406
G1 X129.047 Y107.352 E.02522
G1 X128.468 Y108.129 E.0328
G1 X128.114 Y108.472 E.01668
G1 X127.711 Y108.814 E.01789
G1 X126.97 Y109.244 E.029
G1 X126.131 Y109.538 E.03009
G1 X125.241 Y109.673 E.03047
G1 X124.241 Y109.615 E.03391
G1 X123.845 Y109.516 E.01382
M204 S1000
G1 X123.845 Y109.516 F10800
G1 X123.88 Y109.104
M204 S800
;TYPE:External perimeter
G1 F1445
G1 X123.574 Y109.029 E.01066
G1 X122.705 Y108.604 E.03274
G1 X122.059 Y108.097 E.0278
G1 X121.516 Y107.475 E.02795
G1 X121.077 Y106.679 E.03077
G1 X120.854 Y105.985 E.02467
G1 X120.78 Y105.55 E.01494
G1 X120.726 Y105.02 E.01803
G1 X120.834 Y104.049 E.03307
G1 X121.021 Y103.444 E.02143
G1 X121.451 Y102.631 E.03113
G1 X121.907 Y102.051 E.02497
G1 X122.658 Y101.425 E.03309
G1 X123.18 Y101.137 E.02018
G1 X123.852 Y100.883 E.02432
G1 X124.813 Y100.73 E.03294
G1 X125.549 Y100.782 E.02497
G1 X125.996 Y100.852 E.01531
G1 X126.467 Y100.986 E.01658
G1 X127.304 Y101.4 E.03161
G1 X127.846 Y101.84 E.02363
G1 X128.145 Y102.118 E.01382
G1 X128.662 Y102.796 E.02886
G1 X128.959 Y103.387 E.02239
G1 X129.188 Y104.158 E.02722
G1 X129.254 Y104.782 E.02124
G1 X129.255 Y105.186 E.01367
G1 X129.166 Y105.951 E.02607
G1 X128.979 Y106.556 E.02143
G1 X128.682 Y107.171 E.02312
G1 X128.145 Y107.882 E.03016
G1 X127.481 Y108.477 E.03018
G1 X126.767 Y108.892 E.02795
G1 X126.001 Y109.152 E.02738
G1 X125.184 Y109.27 E.02794
G1 X124.377 Y109.226 E.02736
G1 X123.939 Y109.118 E.01527
M204 S1000
;WIPE_START
G1 F8640
G1 X123.88 Y109.104 E-.014
G1 X123.574 Y109.029 E-.07275
G1 X122.705 Y108.604 E-.22337
G1 X122.059 Y108.097 E-.18962
G1 X121.516 Y107.475 E-.19065
G1 X121.287 Y107.059 E-.10961
;WIPE_END
G1 Z3 F720
G1 X124.989 Y99.191 F10800
G1 Z2.6 F720
G1 E.8 F2100
M204 S800
;TYPE:Perimeter
G1 F1445
G1 X125.211 Y99.19 E.00751
G1 X125.729 Y99.231 E.01759
G1 X126.425 Y99.363 E.02398
G1 X127.142 Y99.6 E.02556
G1 X127.903 Y99.964 E.02855
G1 X128.326 Y100.23 E.01691
G1 X128.882 Y100.671 E.02402
G1 X129.375 Y101.17 E.02374
G1 X129.805 Y101.726 E.02379
G1 X130.165 Y102.328 E.02374
G1 X130.453 Y102.994 E.02456
G1 X130.731 Y104.028 E.03624
G1 X130.806 Y104.684 E.02235
G1 X130.806 Y105.342 E.02227
G1 X130.645 Y106.401 E.03626
G1 X130.44 Y107.057 E.02326
G1 X130.053 Y107.875 E.03063
G1 X129.789 Y108.302 E.01699
G1 X129.354 Y108.857 E.02387
G1 X128.864 Y109.348 E.02348
G1 X128.008 Y109.977 E.03596
G1 X127.062 Y110.438 E.03562
G1 X126.039 Y110.723 E.03595
G1 X125.351 Y110.806 E.02346
G1 X124.658 Y110.806 E.02346
G1 X123.599 Y110.645 E.03626
G1 X122.946 Y110.441 E.02316
G1 X121.983 Y109.973 E.03624
G1 X121.42 Y109.584 E.02316
G1 X120.647 Y108.856 E.03594
G1 X120.018 Y108.001 E.03593
G1 X119.694 Y107.385 E.02356
G1 X119.5 Y106.885 E.01815
G1 X119.353 Y106.395 E.01732
G1 X119.227 Y105.71 E.02358
G1 X119.195 Y104.649 E.03593
G1 X119.355 Y103.599 E.03595
G1 X119.56 Y102.943 E.02326
G1 X119.947 Y102.125 E.03063
G1 X120.211 Y101.698 E.01699
G1 X120.646 Y101.143 E.02387
G1 X121.136 Y100.652 E.02348
G1 X122.001 Y100.016 E.03634
G1 X122.465 Y99.767 E.01782
G1 X122.926 Y99.566 E.01702
G1 X123.459 Y99.417 E.01873
G1 X124.004 Y99.272 E.01909
G1 X124.683 Y99.193 E.02314
G1 X124.929 Y99.192 E.00833
M204 S1000
G1 X124.929 Y99.192 F10800
G1 X125.001 Y98.785
M204 S800
;TYPE:External perimeter
G1 F1445
G1 X125.24 Y98.784 E.00809
G1 X126.041 Y98.874 E.02728
G1 X126.546 Y98.974 E.01743
G1 X127.316 Y99.232 E.02749
G1 X128.117 Y99.618 E.0301
G1 X128.577 Y99.91 E.01844
G1 X129.17 Y100.383 E.02568
G1 X129.696 Y100.919 E.02542
G1 X130.268 Y101.704 E.03288
G1 X130.536 Y102.161 E.01793
G1 X130.845 Y102.885 E.02665
G1 X131.135 Y103.979 E.03831
M73 P54 R4
G1 X131.213 Y104.684 E.02401
G1 X131.213 Y105.373 E.02332
G1 X131.043 Y106.493 E.03834
G1 X130.821 Y107.206 E.02528
G1 X130.412 Y108.07 E.03236
G1 X130.123 Y108.535 E.01853
G1 X129.659 Y109.128 E.02549
G1 X129.13 Y109.657 E.02532
G1 X128.22 Y110.327 E.03825
G1 X127.207 Y110.82 E.03813
G1 X126.119 Y111.123 E.03823
G1 X125.376 Y111.213 E.02533
G1 X124.627 Y111.213 E.02535
G1 X123.507 Y111.043 E.03834
G1 X122.795 Y110.821 E.02524
G1 X121.777 Y110.325 E.03833
G1 X121.163 Y109.901 E.02526
G1 X120.341 Y109.127 E.03822
G1 X119.672 Y108.217 E.03823
G1 X119.323 Y107.554 E.02536
G1 X119.114 Y107.018 E.01947
G1 X118.957 Y106.491 E.01861
G1 X118.821 Y105.753 E.0254
G1 X118.787 Y104.624 E.03823
G1 X118.957 Y103.507 E.03824
G1 X119.179 Y102.794 E.02528
G1 X119.588 Y101.93 E.03236
G1 X119.877 Y101.465 E.01853
G1 X120.341 Y100.872 E.02549
G1 X120.87 Y100.343 E.02532
G1 X121.783 Y99.671 E.03837
G1 X122.287 Y99.401 E.01935
G1 X122.789 Y99.181 E.01855
G1 X123.35 Y99.025 E.01971
G1 X123.955 Y98.868 E.02116
G1 X124.68 Y98.786 E.0247
G1 X124.941 Y98.785 E.00883
M204 S1000
G1 X124.941 Y98.785 F10800
G1 X124.753 Y99.559
M204 S2000
;TYPE:Internal infill
;WIDTH:0.45
G1 F1445
G1 X125.652 Y99.589 E.03045
G1 X126.105 Y99.672 E.01559
G1 X126.002 Y100.056 E.01346
G1 X126.47 Y100.188 E.01646
G1 X127.146 Y100.007 E.02369
G1 X126.924 Y99.902 E.00831
G1 X126.772 Y99.854 E.0054
G1 X127.611 Y100.693 E.04016
G1 X127.435 Y100.605 E.00666
G1 X127.545 Y100.196 E.01434
G1 X128.091 Y100.512 E.02135
G1 X128.685 Y100.992 E.02585
M204 S1000
G1 X128.685 Y100.992 F10800
G1 X129.008 Y101.315
M204 S2000
G1 F1445
G1 X129.485 Y101.904 E.02565
G1 X129.816 Y102.452 E.02167
G1 X129.41 Y102.561 E.01423
G1 X129.341 Y102.423 E.00522
G1 X130.135 Y103.217 E.03801
G1 X130.09 Y103.054 E.00572
G1 X129.996 Y102.845 E.00776
G1 X129.806 Y103.552 E.02478
G1 X129.936 Y104 E.01579
G1 X130.324 Y103.896 E.0136
G1 X130.44 Y104.671 E.02653
G1 X130.44 Y105.249 E.01956
M204 S1000
;WIPE_START
G1 F8640
G1 X130.44 Y104.671 E-.13346
G1 X130.324 Y103.896 E-.18094
G1 X129.936 Y104 E-.09275
G1 X129.806 Y103.552 E-.10771
G1 X129.996 Y102.845 E-.16904
G1 X130.09 Y103.054 E-.05292
G1 X130.135 Y103.217 E-.03905
G1 X130.061 Y103.143 E-.02413
;WIPE_END
G1 Z3 F720
G1 X129.972 Y104.2 F10800
G1 Z2.6 F720
G1 E.8 F2100
M204 S2000
G1 F1445
G1 X130.049 Y105.002 E.02727
G1 X130.021 Y105.262 E.00885
G1 X130.391 Y105.633 E.01774
G1 X130.419 Y105.451 E.00623
G1 X129.987 Y105.567 E.01514
G1 X129.929 Y106.084 E.01761
G1 X129.62 Y107.02 E.03336
G1 X129.914 Y107.314 E.01407
G1 X129.993 Y107.146 E.00628
G1 X129.488 Y107.281 E.01769
G1 X129.33 Y107.596 E.01193
G1 X128.893 Y108.166 E.02431
M204 S1000
;WIPE_START
G1 F8640
G1 X129.33 Y107.596 E-.16584
G1 X129.488 Y107.281 E-.08137
G1 X129.993 Y107.146 E-.1207
G1 X129.914 Y107.314 E-.04287
G1 X129.62 Y107.02 E-.096
G1 X129.929 Y106.084 E-.2276
G1 X129.96 Y105.802 E-.06562
;WIPE_END
G1 Z3 F720
G1 X129.827 Y107.498 F10800
G1 Z2.6 F720
G1 E.8 F2100
M204 S2000
G1 F1445
G1 X129.488 Y108.091 E.02312
G1 X129.067 Y108.626 E.02304
G1 X128.769 Y108.328 E.01427
G1 X128.433 Y108.679 E.01645
G1 X128.255 Y109.34 E.02317
G1 X128.572 Y109.107 E.01332
G1 X127.384 Y109.425 E.04163
G1 X127.589 Y109.307 E.00801
G1 X127.891 Y109.608 E.01443
G1 X126.931 Y110.094 E.03642
G1 X126.632 Y110.177 E.0105
M204 S1000
G1 X126.632 Y110.177 F10800
G1 X126.177 Y110.304
M204 S2000
G1 F1445
G1 X125.329 Y110.44 E.02907
G1 X124.8 Y110.44 E.01791
G1 X124.91 Y110.03 E.01437
G1 X125.085 Y110.041 E.00594
G1 X123.992 Y110.334 E.0383
G1 X124.354 Y110.389 E.01239
G1 X123.854 Y109.889 E.02393
G1 X123.398 Y109.772 E.01594
G1 X123.293 Y110.166 E.0138
G1 X122.067 Y109.585 E.04592
M204 S1000
;WIPE_START
G1 F8640
G1 X123.293 Y110.166 E-.31327
G1 X123.398 Y109.772 E-.09415
G1 X123.854 Y109.889 E-.1087
G1 X124.354 Y110.389 E-.16327
G1 X123.992 Y110.334 E-.08455
G1 X124.143 Y110.294 E-.03606
;WIPE_END
G1 Z3 F720
G1 X123.204 Y109.713 F10800
G1 Z2.6 F720
G1 E.8 F2100
M204 S2000
G1 F1445
G1 X122.235 Y109.225 E.03672
G1 X121.738 Y109.358 E.01741
G1 X121.899 Y109.469 E.00662
G1 X122.012 Y109.047 E.01479
G1 X121.515 Y108.649 E.02155
G1 X120.942 Y107.991 E.02953
G1 X120.544 Y108.097 E.01394
G1 X120.648 Y108.24 E.00599
G1 X120.782 Y107.74 E.01752
G1 X120.289 Y106.796 E.03605
M204 S1000
;WIPE_START
G1 F8640
G1 X120.782 Y107.74 E-.24591
G1 X120.648 Y108.24 E-.11953
G1 X120.544 Y108.097 E-.04083
G1 X120.942 Y107.991 E-.0951
G1 X121.515 Y108.649 E-.20147
G1 X121.844 Y108.912 E-.09716
;WIPE_END
G1 Z3 F720
G1 X120.423 Y107.933 F10800
G1 Z2.6 F720
G1 E.8 F2100
M204 S2000
G1 F1445
G1 X120.028 Y107.233 E.02721
G1 X119.829 Y106.708 E.019
G1 X120.232 Y106.6 E.01412
G1 X120.096 Y106.131 E.01653
G1 X119.591 Y105.627 E.02415
G1 X119.593 Y105.671 E.00149
G1 X119.659 Y106.033 E.01246
G1 X119.965 Y104.889 E.04008
G1 X119.958 Y105.094 E.00694
G1 X119.578 Y105.195 E.01331
G1 X119.562 Y104.671 E.01775
G1 X119.693 Y103.81 E.02948
M204 S1000
G1 X119.693 Y103.81 F10800
G1 X119.809 Y103.375
M204 S2000
G1 F1445
G1 X119.902 Y103.076 E.0106
G1 X120.389 Y102.107 E.03671
G1 X120.685 Y102.403 E.01417
G1 X120.576 Y102.612 E.00798
G1 X120.896 Y101.418 E.04184
G1 X120.635 Y101.751 E.01432
G1 X121.307 Y101.571 E.02355
G1 X121.677 Y101.235 E.01692
G1 X121.374 Y100.933 E.01448
G1 X122.494 Y100.168 E.04591
M204 S1000
;WIPE_START
G1 F8640
G1 X121.374 Y100.933 E-.31318
G1 X121.677 Y101.235 E-.09878
G1 X121.307 Y101.571 E-.1154
G1 X120.635 Y101.751 E-.16064
G1 X120.896 Y101.418 E-.09769
G1 X120.88 Y101.478 E-.01431
;WIPE_END
G1 Z3 F720
G1 X121.833 Y101.106 F10800
G1 Z2.6 F720
M73 P55 R4
G1 E.8 F2100
M204 S2000
G1 F1445
G1 X122.213 Y100.791 E.01671
G1 X122.719 Y100.512 E.01956
G1 X122.857 Y99.996 E.01808
G1 X122.675 Y100.075 E.00672
G1 X122.977 Y100.377 E.01446
G1 X123.662 Y100.131 E.02464
G1 X124.434 Y100.008 E.02646
G1 X124.55 Y99.575 E.01517
G1 X124.357 Y99.598 E.00658
G1 X124.721 Y99.962 E.01742
G1 X125.801 Y100.029 E.03663
M204 S1000
;WIPE_START
G1 F8640
G1 X124.721 Y99.962 E-.24985
G1 X124.357 Y99.598 E-.11886
G1 X124.55 Y99.575 E-.04488
G1 X124.434 Y100.008 E-.10351
G1 X123.662 Y100.131 E-.18051
G1 X123.245 Y100.281 E-.10239
;WIPE_END
G1 Z3 F720
G1 X127.785 Y100.797 F10800
G1 Z2.6 F720
G1 E.8 F2100
M204 S2000
G1 F1445
G1 X128.354 Y101.263 E.02489
G1 X128.829 Y101.136 E.01664
G1 X128.864 Y101.171 E.00168
G1 X128.74 Y101.634 E.01622
G1 X129.22 Y102.261 E.02673
M204 S1000
;WIPE_START
G1 F8640
G1 X128.74 Y101.634 E-.18233
G1 X128.864 Y101.171 E-.11068
G1 X128.829 Y101.136 E-.01143
G1 X128.354 Y101.263 E-.11353
G1 X127.785 Y100.797 E-.16982
;WIPE_END
G1 E-.21221 F2100
G1 Z3 F720
G1 X127.208 Y109.527 F10800
G1 Z2.6 F720
G1 E.8 F2100
M204 S2000
G1 F1445
G1 X126.558 Y109.778 E.02359
G1 X126.436 Y110.232 E.01591
G1 X126.373 Y110.249 E.00221
G1 X126.046 Y109.923 E.01563
G1 X125.287 Y110.029 E.02594
M204 S1000
;WIPE_START
G1 F8640
G1 X126.046 Y109.923 E-.17696
G1 X126.373 Y110.249 E-.10662
G1 X126.436 Y110.232 E-.01507
G1 X126.558 Y109.778 E-.10855
G1 X127.208 Y109.527 E-.16089
;WIPE_END
G1 E-.23191 F2100
G1 Z3 F720
G1 X119.987 Y104.687 F10800
G1 Z2.6 F720
G1 E.8 F2100
M204 S2000
G1 F1445
G1 X120.068 Y103.944 E.0253
G1 X119.735 Y103.611 E.01594
G1 X120.219 Y103.443 E.01734
G1 X120.481 Y102.792 E.02375
M204 S1000
;WIPE_START
G1 F8640
G1 X120.219 Y103.443 E-.16203
G1 X119.735 Y103.611 E-.1183
G1 X120.068 Y103.944 E-.10874
G1 X119.987 Y104.687 E-.17258
;WIPE_END
G1 E-.23835 F2100
G1 Z3 F720
; stop printing object Scheibe-Radhaenger.stl id:0 copy 0
; printing object Scheibe-Radhaenger.stl id:1 copy 0
G1 X123.746 Y127.935 F10800
G1 Z2.6 F720
G1 E.8 F2100
M204 S800
;TYPE:Perimeter
;WIDTH:0.449999
G1 F1445
G1 X123.435 Y127.857 E.01085
G1 X122.483 Y127.402 E.03572
G1 X121.764 Y126.849 E.0307
G1 X121.167 Y126.175 E.03048
G1 X120.678 Y125.306 E.03375
G1 X120.423 Y124.532 E.02758
G1 X120.333 Y124.024 E.01746
G1 X120.28 Y123.494 E.01803
G1 X120.388 Y122.435 E.03603
G1 X120.592 Y121.754 E.02406
G1 X120.918 Y121.098 E.0248
G1 X121.089 Y120.813 E.01125
G1 X121.545 Y120.232 E.025
G1 X122.358 Y119.544 E.03605
G1 X122.945 Y119.212 E.02283
G1 X123.673 Y118.932 E.0264
G1 X124.71 Y118.761 E.03558
G1 X125.539 Y118.809 E.02811
G1 X126.062 Y118.893 E.01793
G1 X126.581 Y119.042 E.01828
G1 X127.304 Y119.399 E.02729
G1 X127.57 Y119.552 E.01039
G1 X128.281 Y120.139 E.03121
G1 X128.811 Y120.807 E.02886
G1 X129.089 Y121.25 E.0177
G1 X129.317 Y121.727 E.0179
G1 X129.537 Y122.477 E.02646
G1 X129.618 Y123.174 E.02375
G1 X129.637 Y123.503 E.01115
G1 X129.53 Y124.431 E.03162
G1 X129.326 Y125.111 E.02403
G1 X129.006 Y125.784 E.02522
G1 X128.427 Y126.562 E.03283
G1 X128.073 Y126.905 E.01668
G1 X127.669 Y127.247 E.01792
G1 X126.929 Y127.677 E.02897
G1 X126.089 Y127.971 E.03012
G1 X125.199 Y128.106 E.03047
G1 X124.2 Y128.048 E.03387
G1 X123.804 Y127.949 E.01382
M204 S1000
G1 X123.804 Y127.949 F10800
G1 X123.839 Y127.537
M204 S800
;TYPE:External perimeter
G1 F1445
G1 X123.533 Y127.462 E.01066
G1 X122.664 Y127.037 E.03274
G1 X122.018 Y126.53 E.0278
G1 X121.474 Y125.908 E.02797
G1 X121.036 Y125.112 E.03075
G1 X120.813 Y124.418 E.02467
G1 X120.738 Y123.983 E.01494
G1 X120.685 Y123.453 E.01803
G1 X120.792 Y122.481 E.0331
G1 X120.98 Y121.877 E.02141
G1 X121.41 Y121.064 E.03113
G1 X121.865 Y120.484 E.02495
G1 X122.617 Y119.858 E.03312
G1 X123.139 Y119.57 E.02018
G1 X123.811 Y119.315 E.02433
G1 X124.772 Y119.163 E.03293
G1 X125.508 Y119.214 E.02497
G1 X125.954 Y119.285 E.01529
G1 X126.425 Y119.419 E.01658
G1 X127.263 Y119.833 E.03164
G1 X127.804 Y120.273 E.0236
G1 X128.103 Y120.551 E.01382
G1 X128.621 Y121.229 E.02888
G1 X128.917 Y121.82 E.02237
G1 X129.146 Y122.591 E.02722
G1 X129.213 Y123.215 E.02124
G1 X129.214 Y123.619 E.01367
G1 X129.125 Y124.384 E.02607
G1 X128.938 Y124.989 E.02143
G1 X128.641 Y125.604 E.02312
G1 X128.103 Y126.315 E.03018
G1 X127.44 Y126.91 E.03015
G1 X126.726 Y127.325 E.02795
G1 X125.96 Y127.585 E.02738
G1 X125.143 Y127.703 E.02794
G1 X124.335 Y127.658 E.02739
G1 X123.897 Y127.551 E.01526
M204 S1000
;WIPE_START
G1 F8640
G1 X123.839 Y127.537 E-.01378
G1 X123.533 Y127.462 E-.07275
G1 X122.664 Y127.037 E-.22337
G1 X122.018 Y126.53 E-.18962
G1 X121.474 Y125.908 E-.1908
G1 X121.245 Y125.492 E-.10968
;WIPE_END
G1 Z3 F720
G1 X124.948 Y117.624 F10800
G1 Z2.6 F720
G1 E.8 F2100
M204 S800
;TYPE:Perimeter
G1 F1445
G1 X125.169 Y117.623 E.00748
G1 X125.688 Y117.664 E.01762
M73 P56 R4
G1 X126.384 Y117.795 E.02397
G1 X127.101 Y118.032 E.02556
G1 X127.861 Y118.396 E.02852
G1 X128.285 Y118.663 E.01696
G1 X128.841 Y119.104 E.02402
G1 X129.334 Y119.603 E.02374
G1 X129.764 Y120.159 E.02379
G1 X130.123 Y120.761 E.02373
G1 X130.412 Y121.427 E.02457
G1 X130.69 Y122.461 E.03624
G1 X130.765 Y123.116 E.02232
G1 X130.765 Y123.775 E.02231
G1 X130.604 Y124.834 E.03626
G1 X130.399 Y125.49 E.02326
G1 X130.012 Y126.308 E.03063
G1 X129.748 Y126.734 E.01696
G1 X129.313 Y127.29 E.0239
G1 X128.822 Y127.78 E.02348
G1 X127.967 Y128.41 E.03595
G1 X127.021 Y128.87 E.03561
G1 X125.998 Y129.155 E.03595
G1 X125.31 Y129.239 E.02346
G1 X124.617 Y129.239 E.02346
G1 X123.558 Y129.078 E.03626
G1 X122.905 Y128.874 E.02316
G1 X121.942 Y128.405 E.03626
G1 X121.379 Y128.017 E.02314
G1 X120.606 Y127.289 E.03594
G1 X119.977 Y126.434 E.03593
G1 X119.653 Y125.818 E.02356
G1 X119.458 Y125.318 E.01817
G1 X119.312 Y124.828 E.01731
G1 X119.186 Y124.143 E.02358
G1 X119.154 Y123.081 E.03596
G1 X119.314 Y122.032 E.03592
G1 X119.518 Y121.375 E.02329
G1 X119.905 Y120.558 E.0306
G1 X120.17 Y120.131 E.01701
G1 X120.605 Y119.576 E.02387
G1 X121.095 Y119.085 E.02348
G1 X121.96 Y118.449 E.03634
G1 X122.424 Y118.2 E.01782
G1 X122.885 Y117.999 E.01702
G1 X123.418 Y117.85 E.01873
G1 X123.963 Y117.705 E.01909
G1 X124.642 Y117.626 E.02314
G1 X124.888 Y117.625 E.00833
M204 S1000
G1 X124.888 Y117.625 F10800
G1 X124.96 Y117.218
M204 S800
;TYPE:External perimeter
G1 F1445
G1 X125.198 Y117.217 E.00806
G1 X126 Y117.307 E.02732
G1 X126.505 Y117.407 E.01743
G1 X127.275 Y117.664 E.02748
G1 X128.076 Y118.05 E.0301
G1 X128.536 Y118.343 E.01846
G1 X129.129 Y118.816 E.02568
G1 X129.655 Y119.352 E.02542
G1 X130.226 Y120.137 E.03286
G1 X130.495 Y120.594 E.01795
G1 X130.804 Y121.318 E.02665
G1 X131.094 Y122.412 E.03831
G1 X131.172 Y123.116 E.02398
G1 X131.172 Y123.806 E.02336
G1 X131.002 Y124.925 E.03831
G1 X130.779 Y125.639 E.02532
G1 X130.37 Y126.503 E.03236
G1 X130.082 Y126.968 E.01851
G1 X129.618 Y127.561 E.02549
G1 X129.088 Y128.09 E.02535
G1 X128.178 Y128.76 E.03825
G1 X127.166 Y129.253 E.0381
G1 X126.078 Y129.556 E.03823
G1 X125.335 Y129.646 E.02533
G1 X124.586 Y129.646 E.02535
G1 X123.466 Y129.476 E.03834
G1 X122.754 Y129.254 E.02524
G1 X121.736 Y128.758 E.03833
G1 X121.122 Y128.334 E.02526
G1 X120.3 Y127.56 E.03822
G1 X119.63 Y126.65 E.03825
G1 X119.282 Y125.987 E.02535
G1 X119.073 Y125.451 E.01947
G1 X118.915 Y124.924 E.01862
G1 X118.78 Y124.186 E.02539
G1 X118.746 Y123.057 E.03823
G1 X118.916 Y121.94 E.03824
G1 X119.138 Y121.227 E.02528
G1 X119.547 Y120.363 E.03236
G1 X119.835 Y119.898 E.01851
G1 X120.3 Y119.305 E.02551
G1 X120.829 Y118.776 E.02532
G1 X121.742 Y118.104 E.03837
G1 X122.246 Y117.834 E.01935
G1 X122.748 Y117.614 E.01855
G1 X123.309 Y117.458 E.01971
G1 X123.914 Y117.301 E.02116
G1 X124.639 Y117.219 E.0247
G1 X124.9 Y117.218 E.00883
M204 S1000
G1 X124.712 Y117.992 F10800
M204 S2000
;TYPE:Internal infill
;WIDTH:0.45
G1 F1445
G1 X125.61 Y118.022 E.03041
G1 X126.063 Y118.105 E.01559
G1 X125.961 Y118.488 E.01342
G1 X126.429 Y118.621 E.01647
G1 X127.105 Y118.44 E.02369
G1 X126.883 Y118.335 E.00831
G1 X126.731 Y118.287 E.0054
G1 X127.569 Y119.126 E.04014
G1 X127.394 Y119.038 E.00663
G1 X127.504 Y118.628 E.01437
G1 X128.05 Y118.944 E.02135
G1 X128.644 Y119.425 E.02587
M204 S1000
G1 X128.967 Y119.748 F10800
M204 S2000
G1 F1445
G1 X129.444 Y120.337 E.02565
G1 X129.775 Y120.885 E.02167
G1 X129.369 Y120.994 E.01423
G1 X129.3 Y120.856 E.00522
G1 X130.094 Y121.65 E.03801
G1 X130.048 Y121.487 E.00573
G1 X129.954 Y121.278 E.00776
G1 X129.765 Y121.985 E.02477
G1 X129.895 Y122.433 E.01579
G1 X130.283 Y122.329 E.0136
G1 X130.399 Y123.104 E.02653
G1 X130.399 Y123.682 E.01956
M204 S1000
;WIPE_START
G1 F8640
G1 X130.399 Y123.104 E-.13346
G1 X130.283 Y122.329 E-.18094
G1 X129.895 Y122.433 E-.09275
G1 X129.765 Y121.985 E-.10771
G1 X129.954 Y121.278 E-.16898
G1 X130.048 Y121.487 E-.05292
G1 X130.094 Y121.65 E-.03911
G1 X130.02 Y121.576 E-.02413
;WIPE_END
G1 Z3 F720
G1 X129.931 Y122.633 F10800
G1 Z2.6 F720
G1 E.8 F2100
M204 S2000
G1 F1445
G1 X130.008 Y123.434 E.02724
G1 X129.979 Y123.695 E.00889
G1 X130.35 Y124.065 E.01774
G1 X130.378 Y123.884 E.0062
G1 X129.945 Y124 E.01517
G1 X129.888 Y124.517 E.01761
G1 X129.578 Y125.452 E.03334
G1 X129.873 Y125.747 E.01412
G1 X129.952 Y125.579 E.00628
G1 X129.447 Y125.714 E.01769
G1 X129.289 Y126.029 E.01193
G1 X128.852 Y126.599 E.02431
M204 S1000
;WIPE_START
G1 F8640
G1 X129.289 Y126.029 E-.16584
G1 X129.447 Y125.714 E-.08137
G1 X129.952 Y125.579 E-.1207
G1 X129.873 Y125.747 E-.04287
G1 X129.578 Y125.452 E-.09633
G1 X129.888 Y124.517 E-.22745
G1 X129.919 Y124.235 E-.06544
;WIPE_END
G1 Z3 F720
G1 X129.785 Y125.931 F10800
G1 Z2.6 F720
G1 E.8 F2100
M204 S2000
G1 F1445
G1 X129.447 Y126.524 E.0231
G1 X129.026 Y127.059 E.02304
M73 P56 R3
G1 X128.728 Y126.761 E.01427
G1 X128.391 Y127.111 E.01645
G1 X128.214 Y127.773 E.0232
G1 X128.531 Y127.54 E.01332
G1 X127.343 Y127.858 E.04163
G1 X127.548 Y127.74 E.00801
G1 X127.85 Y128.041 E.01443
G1 X126.89 Y128.526 E.03641
G1 X126.591 Y128.61 E.01051
M204 S1000
G1 X126.591 Y128.61 F10800
G1 X126.135 Y128.737
M204 S2000
G1 F1445
G1 X125.288 Y128.873 E.02904
G1 X124.759 Y128.873 E.01791
G1 X124.868 Y128.463 E.01436
G1 X125.044 Y128.474 E.00597
G1 X123.951 Y128.767 E.0383
G1 X124.313 Y128.822 E.01239
G1 X123.813 Y128.322 E.02393
G1 X123.357 Y128.205 E.01594
G1 X123.252 Y128.599 E.0138
G1 X122.025 Y128.018 E.04595
M204 S1000
;WIPE_START
G1 F8640
G1 X123.252 Y128.599 E-.31347
G1 X123.357 Y128.205 E-.09415
M73 P57 R3
G1 X123.813 Y128.322 E-.1087
G1 X124.313 Y128.822 E-.16327
G1 X123.951 Y128.767 E-.08455
G1 X124.101 Y128.727 E-.03586
;WIPE_END
G1 Z3 F720
G1 X123.163 Y128.146 F10800
G1 Z2.6 F720
G1 E.8 F2100
M204 S2000
G1 F1445
G1 X122.194 Y127.657 E.03674
G1 X121.696 Y127.791 E.01746
G1 X121.858 Y127.902 E.00665
G1 X121.971 Y127.48 E.01479
G1 X121.473 Y127.082 E.02158
G1 X120.901 Y126.423 E.02954
G1 X120.502 Y126.53 E.01398
G1 X120.607 Y126.673 E.00601
G1 X120.741 Y126.173 E.01752
G1 X120.248 Y125.229 E.03605
M204 S1000
;WIPE_START
G1 F8640
G1 X120.741 Y126.173 E-.24591
G1 X120.607 Y126.673 E-.11953
G1 X120.502 Y126.53 E-.04096
G1 X120.901 Y126.423 E-.09539
G1 X121.473 Y127.082 E-.20149
G1 X121.8 Y127.343 E-.09672
;WIPE_END
G1 Z3 F720
G1 X120.382 Y126.366 F10800
G1 Z2.6 F720
G1 E.8 F2100
M204 S2000
G1 F1445
G1 X119.987 Y125.665 E.02724
G1 X119.788 Y125.141 E.01897
G1 X120.191 Y125.033 E.01412
G1 X120.054 Y124.564 E.01654
G1 X119.55 Y124.06 E.02413
G1 X119.551 Y124.104 E.00149
G1 X119.618 Y124.466 E.01246
G1 X119.924 Y123.322 E.04008
G1 X119.917 Y123.526 E.00691
G1 X119.537 Y123.628 E.01332
G1 X119.521 Y123.104 E.01775
G1 X119.652 Y122.243 E.02948
M204 S1000
G1 X119.652 Y122.243 F10800
G1 X119.767 Y121.808
M204 S2000
G1 F1445
G1 X119.861 Y121.509 E.01061
G1 X120.348 Y120.539 E.03674
G1 X120.644 Y120.836 E.01419
G1 X120.535 Y121.044 E.00795
G1 X120.854 Y119.851 E.0418
G1 X120.593 Y120.184 E.01432
G1 X121.266 Y120.004 E.02358
G1 X121.635 Y119.668 E.01689
G1 X121.333 Y119.366 E.01446
G1 X122.453 Y118.6 E.04593
M204 S1000
;WIPE_START
G1 F8640
G1 X121.333 Y119.366 E-.31331
G1 X121.635 Y119.668 E-.09862
G1 X121.266 Y120.004 E-.11523
G1 X120.593 Y120.184 E-.16086
G1 X120.854 Y119.851 E-.09769
G1 X120.838 Y119.911 E-.01429
;WIPE_END
G1 Z3 F720
G1 X121.792 Y119.538 F10800
G1 Z2.6 F720
G1 E.8 F2100
M204 S2000
G1 F1445
G1 X122.171 Y119.224 E.01666
G1 X122.677 Y118.945 E.01956
G1 X122.816 Y118.429 E.01809
G1 X122.634 Y118.508 E.00672
G1 X122.936 Y118.81 E.01446
G1 X123.62 Y118.564 E.0246
G1 X124.393 Y118.441 E.02649
G1 X124.509 Y118.008 E.01517
G1 X124.316 Y118.031 E.00658
G1 X124.68 Y118.395 E.01742
G1 X125.76 Y118.462 E.03663
M204 S1000
;WIPE_START
G1 F8640
G1 X124.68 Y118.395 E-.24985
G1 X124.316 Y118.031 E-.11886
G1 X124.509 Y118.008 E-.04488
G1 X124.393 Y118.441 E-.10351
G1 X123.62 Y118.564 E-.18073
G1 X123.203 Y118.714 E-.10217
;WIPE_END
G1 Z3 F720
G1 X127.743 Y119.23 F10800
G1 Z2.6 F720
G1 E.8 F2100
M204 S2000
G1 F1445
G1 X128.313 Y119.696 E.02492
G1 X128.788 Y119.569 E.01664
G1 X128.823 Y119.604 E.00168
G1 X128.699 Y120.067 E.01622
G1 X129.178 Y120.693 E.02668
M204 S1000
;WIPE_START
G1 F8640
G1 X128.699 Y120.067 E-.18201
G1 X128.823 Y119.604 E-.11068
G1 X128.788 Y119.569 E-.01143
G1 X128.313 Y119.696 E-.11353
G1 X127.743 Y119.23 E-.17
;WIPE_END
G1 E-.21235 F2100
G1 Z3 F720
G1 X127.167 Y127.96 F10800
G1 Z2.6 F720
G1 E.8 F2100
M204 S2000
G1 F1445
G1 X126.516 Y128.211 E.02362
G1 X126.395 Y128.665 E.0159
G1 X126.332 Y128.682 E.00221
G1 X126.005 Y128.356 E.01563
G1 X125.246 Y128.462 E.02594
M204 S1000
;WIPE_START
G1 F8640
G1 X126.005 Y128.356 E-.17696
G1 X126.332 Y128.682 E-.10662
G1 X126.395 Y128.665 E-.01507
G1 X126.516 Y128.211 E-.10849
G1 X127.167 Y127.96 E-.1611
;WIPE_END
G1 E-.23176 F2100
G1 Z3 F720
G1 X119.946 Y123.12 F10800
G1 Z2.6 F720
G1 E.8 F2100
M204 S2000
G1 F1445
G1 X120.026 Y122.377 E.0253
G1 X119.694 Y122.044 E.01592
G1 X120.178 Y121.876 E.01734
G1 X120.44 Y121.225 E.02375
M204 S1000
;LAYER_CHANGE
;Z:2.8
;HEIGHT:0.2
;BEFORE_LAYER_CHANGE
G92 E0.0
;2.8


;WIPE_START
G1 F8640
G1 X120.178 Y121.876 E-.16203
G1 X119.694 Y122.044 E-.1183
G1 X120.026 Y122.377 E-.10858
G1 X119.946 Y123.12 E-.17255
;WIPE_END
G1 E-.23854 F2100
G1 Z2.8 F720
;AFTER_LAYER_CHANGE
;2.8
G1 Z3.2
; stop printing object Scheibe-Radhaenger.stl id:1 copy 0
; printing object Scheibe-Radhaenger.stl id:0 copy 0
G1 X123.787 Y109.501 F10800
G1 Z2.8 F720
G1 E.8 F2100
M204 S800
;TYPE:Perimeter
;WIDTH:0.449999
G1 F1332
G1 X123.477 Y109.424 E.01081
G1 X122.658 Y109.035 E.03069
G1 X122.381 Y108.875 E.01083
G1 X121.816 Y108.426 E.02443
G1 X121.209 Y107.742 E.03095
G1 X120.785 Y106.994 E.0291
G1 X120.638 Y106.694 E.01131
G1 X120.405 Y105.878 E.02872
G1 X120.322 Y104.929 E.03225
G1 X120.429 Y104.002 E.03159
G1 X120.633 Y103.322 E.02403
G1 X120.966 Y102.65 E.02539
G1 X121.132 Y102.38 E.01073
G1 X121.586 Y101.8 E.02493
G1 X122.282 Y101.208 E.03093
G1 X122.556 Y101.013 E.01138
G1 X123.043 Y100.748 E.01877
G1 X123.715 Y100.499 E.02426
G1 X124.231 Y100.385 E.01789
G1 X125.117 Y100.322 E.03007
G1 X125.659 Y100.368 E.01841
G1 X126.523 Y100.575 E.03007
G1 X127.32 Y100.939 E.02966
G1 X128.067 Y101.466 E.03094
G1 X128.503 Y101.905 E.02094
G1 X128.999 Y102.568 E.02803
G1 X129.323 Y103.207 E.02425
G1 X129.539 Y103.908 E.02483
G1 X129.625 Y104.41 E.01724
G1 X129.679 Y104.938 E.01797
G1 X129.571 Y105.998 E.03607
G1 X129.404 Y106.563 E.01994
M73 P58 R3
G1 X129.279 Y106.876 E.01141
G1 X128.866 Y107.634 E.02922
G1 X128.485 Y108.114 E.02074
G1 X128.118 Y108.462 E.01712
G1 X127.601 Y108.889 E.0227
G1 X126.957 Y109.252 E.02502
G1 X126.285 Y109.501 E.02426
G1 X125.249 Y109.672 E.03554
G1 X124.255 Y109.617 E.0337
G1 X123.846 Y109.516 E.01426
M204 S1000
G1 X123.846 Y109.516 F10800
G1 X123.88 Y109.104
M204 S800
;TYPE:External perimeter
G1 F1332
G1 X123.574 Y109.029 E.01066
G1 X122.634 Y108.556 E.03562
G1 X122.069 Y108.107 E.02443
G1 X121.516 Y107.476 E.0284
G1 X121.028 Y106.579 E.03456
G1 X120.809 Y105.824 E.02661
G1 X120.746 Y105.216 E.02069
G1 X120.745 Y104.814 E.01361
G1 X120.834 Y104.049 E.02607
G1 X121.021 Y103.445 E.0214
G1 X121.327 Y102.838 E.02301
G1 X121.847 Y102.127 E.02982
G1 X122.541 Y101.522 E.03116
G1 X122.751 Y101.37 E.00877
G1 X123.237 Y101.106 E.01872
G1 X123.852 Y100.883 E.02214
G1 X124.343 Y100.78 E.01698
G1 X125.143 Y100.728 E.02714
G1 X125.647 Y100.778 E.01714
G1 X126.425 Y100.971 E.02713
G1 X127.146 Y101.307 E.02692
G1 X127.828 Y101.796 E.02841
G1 X128.209 Y102.187 E.01848
G1 X128.666 Y102.803 E.02596
G1 X128.959 Y103.387 E.02212
G1 X129.149 Y104.023 E.02247
G1 X129.274 Y104.98 E.03267
G1 X129.166 Y105.951 E.03307
G1 X129.016 Y106.441 E.01735
G1 X128.921 Y106.681 E.00874
G1 X128.509 Y107.44 E.02923
G1 X128.171 Y107.855 E.01812
G1 X127.342 Y108.575 E.03717
G1 X126.763 Y108.894 E.02238
G1 X126.148 Y109.117 E.02214
G1 X125.187 Y109.27 E.03294
G1 X124.39 Y109.228 E.02701
G1 X123.939 Y109.118 E.01571
M204 S1000
;WIPE_START
G1 F8640
G1 X123.88 Y109.104 E-.014
G1 X123.574 Y109.029 E-.07275
G1 X122.634 Y108.556 E-.24298
G1 X122.069 Y108.107 E-.16664
G1 X121.516 Y107.476 E-.19373
G1 X121.289 Y107.058 E-.1099
;WIPE_END
G1 Z3.2 F720
G1 X124.989 Y99.191 F10800
G1 Z2.8 F720
G1 E.8 F2100
M204 S800
;TYPE:Perimeter
G1 F1332
G1 X125.18 Y99.189 E.00647
G1 X125.697 Y99.225 E.01754
G1 X126.392 Y99.352 E.02391
G1 X127.057 Y99.559 E.02357
G1 X127.86 Y99.941 E.0301
G1 X128.301 Y100.211 E.0175
G1 X128.857 Y100.646 E.0239
G1 X129.348 Y101.136 E.02348
G1 X129.916 Y101.909 E.03247
G1 X130.056 Y102.154 E.00955
G1 X130.454 Y102.987 E.03125
G1 X130.677 Y103.768 E.02749
G1 X130.774 Y104.334 E.01944
G1 X130.805 Y105.351 E.03444
G1 X130.645 Y106.403 E.03602
G1 X130.494 Y106.901 E.01761
G1 X130.305 Y107.386 E.01762
G1 X130.062 Y107.86 E.01803
G1 X129.789 Y108.301 E.01756
G1 X129.354 Y108.857 E.0239
G1 X128.864 Y109.348 E.02348
G1 X128.008 Y109.977 E.03596
G1 X127.062 Y110.438 E.03562
G1 X126.039 Y110.723 E.03595
G1 X125.351 Y110.806 E.02346
G1 X124.658 Y110.806 E.02346
G1 X123.608 Y110.646 E.03595
G1 X122.602 Y110.299 E.03602
G1 X122.14 Y110.061 E.01759
G1 X121.699 Y109.789 E.01754
G1 X121.143 Y109.354 E.0239
G1 X120.652 Y108.864 E.02348
G1 X120.016 Y107.999 E.03634
G1 X119.771 Y107.541 E.01758
G1 X119.561 Y107.064 E.01764
G1 X119.399 Y106.557 E.01802
G1 X119.279 Y106.052 E.01757
G1 X119.194 Y105.351 E.0239
G1 X119.194 Y104.658 E.02346
G1 X119.355 Y103.599 E.03626
G1 X119.559 Y102.943 E.02325
G1 X119.94 Y102.14 E.03008
G1 X120.211 Y101.699 E.01752
G1 X120.646 Y101.143 E.0239
G1 X121.145 Y100.644 E.02389
G1 X121.558 Y100.315 E.01787
G1 X121.989 Y100.022 E.01764
G1 X122.459 Y99.771 E.01804
G1 X122.925 Y99.566 E.01723
G1 X123.961 Y99.277 E.03641
G1 X124.651 Y99.194 E.02352
G1 X124.929 Y99.191 E.00941
M204 S1000
G1 X124.929 Y99.191 F10800
G1 X125.001 Y98.784
M204 S800
;TYPE:External perimeter
G1 F1332
G1 X125.216 Y98.782 E.00728
G1 X125.749 Y98.821 E.01809
G1 X126.49 Y98.956 E.02549
G1 X127.206 Y99.179 E.02538
G1 X128.084 Y99.596 E.0329
G1 X128.535 Y99.876 E.01797
G1 X129.128 Y100.341 E.02551
G1 X129.657 Y100.87 E.02532
G1 X130.327 Y101.78 E.03825
G1 X130.821 Y102.796 E.03824
G1 X131.026 Y103.454 E.02333
G1 X131.1 Y103.816 E.01251
G1 X131.181 Y104.321 E.01731
G1 X131.213 Y105.376 E.03573
G1 X131.043 Y106.493 E.03824
G1 X130.872 Y107.057 E.01995
G1 X130.677 Y107.554 E.01807
G1 X130.405 Y108.081 E.02007
G1 X130.124 Y108.535 E.01807
G1 X129.659 Y109.128 E.02551
G1 X129.13 Y109.657 E.02532
G1 X128.22 Y110.327 E.03825
G1 X127.207 Y110.82 E.03813
G1 X126.119 Y111.123 E.03823
G1 X125.376 Y111.213 E.02533
G1 X124.627 Y111.213 E.02535
G1 X123.51 Y111.043 E.03824
G1 X122.442 Y110.674 E.03825
G1 X121.919 Y110.405 E.01991
G1 X121.465 Y110.124 E.01807
G1 X120.872 Y109.659 E.02551
G1 X120.343 Y109.13 E.02532
G1 X119.671 Y108.217 E.03837
G1 X119.393 Y107.698 E.01993
G1 X119.18 Y107.208 E.01809
G1 X118.999 Y106.643 E.02008
G1 X118.878 Y106.123 E.01807
G1 X118.787 Y105.376 E.02547
G1 X118.787 Y104.627 E.02535
G1 X118.957 Y103.507 E.03834
G1 X119.179 Y102.794 E.02528
G1 X119.596 Y101.916 E.0329
G1 X119.876 Y101.465 E.01797
G1 X120.341 Y100.872 E.02551
G1 X120.873 Y100.34 E.02547
G1 X121.336 Y99.972 E.02002
G1 X121.779 Y99.673 E.01809
G1 X122.302 Y99.393 E.02008
G1 X122.789 Y99.181 E.01798
G1 X123.881 Y98.877 E.03837
G1 X124.625 Y98.787 E.02537
G1 X124.941 Y98.784 E.0107
M204 S1000
;WIPE_START
G1 F8640
G1 X125.001 Y98.784 E-.01385
G1 X125.216 Y98.782 E-.04965
G1 X125.749 Y98.821 E-.1234
G1 X126.49 Y98.956 E-.17392
G1 X127.206 Y99.179 E-.17316
G1 X128.084 Y99.596 E-.22444
G1 X128.237 Y99.691 E-.04158
;WIPE_END
G1 Z3.2 F720
M73 P59 R3
G1 X125.66 Y100.004 F10800
G1 Z2.8 F720
G1 E.8 F2100
M204 S2000
;TYPE:Internal infill
;WIDTH:0.45
G1 F1332
G1 X124.928 Y99.969 E.02481
G1 X124.536 Y99.577 E.01876
G1 X124.399 Y99.593 E.00467
G1 X124.286 Y100.016 E.01482
G1 X123.658 Y100.133 E.02162
G1 X123.124 Y100.324 E.0192
G1 X122.814 Y100.014 E.01484
G1 X122.692 Y100.067 E.0045
G1 X122.548 Y100.604 E.01882
G1 X121.944 Y101.016 E.02475
M204 S1000
;WIPE_START
G1 F8640
G1 X122.548 Y100.604 E-.16882
G1 X122.692 Y100.067 E-.12838
G1 X122.814 Y100.014 E-.03071
G1 X123.124 Y100.324 E-.10123
G1 X123.658 Y100.133 E-.13095
G1 X124.286 Y100.016 E-.1475
G1 X124.389 Y99.63 E-.09241
;WIPE_END
G1 Z3.2 F720
G1 X120.756 Y102.274 F10800
G1 Z2.8 F720
G1 E.8 F2100
M204 S2000
G1 F1332
G1 X120.465 Y101.983 E.01393
G1 X120.495 Y101.935 E.00192
G1 X121.162 Y101.757 E.02337
G1 X121.374 Y101.486 E.01165
G1 X121.787 Y101.146 E.01811
G1 X121.484 Y100.843 E.0145
G1 X120.673 Y101.702 E.03999
G1 X120.111 Y103.788 E.07313
G1 X119.782 Y103.459 E.01575
G1 X119.706 Y103.727 E.00943
G1 X120.169 Y103.603 E.01622
G1 X120.244 Y103.362 E.00854
M204 S1000
;WIPE_START
G1 F8640
G1 X120.169 Y103.603 E-.05828
G1 X119.706 Y103.727 E-.11068
G1 X119.782 Y103.459 E-.06432
G1 X120.111 Y103.788 E-.10743
G1 X120.628 Y101.868 E-.45929
;WIPE_END
G1 Z3.2 F720
G1 X120.023 Y104.348 F10800
G1 Z2.8 F720
G1 E.8 F2100
M204 S2000
G1 F1332
G1 X120.064 Y103.975 E.0127
G1 X119.604 Y105.691 E.06014
G1 X119.875 Y106.843 E.04006
G1 X120.274 Y106.736 E.01398
G1 X120.043 Y105.878 E.03008
G1 X119.562 Y105.346 E.02428
G1 X119.975 Y105.235 E.01448
M204 S1000
;WIPE_START
G1 F8640
G1 X119.562 Y105.346 E-.09875
G1 X120.043 Y105.878 E-.1656
G1 X120.274 Y106.736 E-.20517
G1 X119.875 Y106.843 E-.09539
G1 X119.642 Y105.852 E-.23509
;WIPE_END
G1 Z3.2 F720
G1 X120.336 Y106.929 F10800
G1 Z2.8 F720
G1 E.8 F2100
M204 S2000
G1 F1332
G1 X120.684 Y107.561 E.02442
G1 X120.541 Y108.094 E.01868
G1 X120.634 Y108.22 E.0053
G1 X121.045 Y108.109 E.01441
G1 X121.507 Y108.641 E.02385
G1 X121.892 Y108.948 E.01667
G1 X121.776 Y109.384 E.01527
G1 X121.88 Y109.466 E.00448
G1 X122.42 Y109.321 E.01893
G1 X123.079 Y109.646 E.02487
M204 S1000
;WIPE_START
G1 F8640
G1 X122.42 Y109.321 E-.16966
G1 X121.88 Y109.466 E-.1291
G1 X121.776 Y109.384 E-.03058
G1 X121.892 Y108.948 E-.10418
G1 X121.507 Y108.641 E-.1137
G1 X121.045 Y108.109 E-.1627
G1 X120.668 Y108.21 E-.09008
;WIPE_END
G1 Z3.2 F720
G1 X124.765 Y110.022 F10800
G1 Z2.8 F720
G1 E.8 F2100
M204 S2000
G1 F1332
G1 X124.655 Y110.435 E.01447
G1 X124.123 Y109.958 E.02419
G1 X123.262 Y109.736 E.0301
G1 X123.163 Y110.105 E.01293
G1 X123.696 Y110.289 E.01909
G1 X124.34 Y110.387 E.02205
G1 X126.211 Y109.888 E.06554
G1 X126.529 Y110.206 E.01522
G1 X126.278 Y110.276 E.00882
G1 X126.392 Y109.849 E.01496
G1 X128.26 Y109.337 E.06556
G1 X128.624 Y109.069 E.0153
G1 X129.156 Y108.515 E.026
G1 X128.864 Y108.223 E.01398
G1 X128.625 Y108.514 E.01275
G1 X128.246 Y108.829 E.01668
G1 X128.073 Y109.474 E.0226
G1 X128.006 Y109.524 E.00283
G1 X127.725 Y109.243 E.01345
M204 S1000
;WIPE_START
G1 F8640
G1 X128.006 Y109.524 E-.09176
G1 X128.073 Y109.474 E-.0193
G1 X128.246 Y108.829 E-.1542
G1 X128.625 Y108.514 E-.11379
G1 X128.864 Y108.223 E-.08695
G1 X129.156 Y108.515 E-.09535
G1 X128.624 Y109.069 E-.17735
G1 X128.41 Y109.226 E-.0613
;WIPE_END
G1 Z3.2 F720
G1 X128.993 Y108.066 F10800
G1 Z2.8 F720
G1 E.8 F2100
M204 S2000
G1 F1332
G1 X129.375 Y107.458 E.0243
G1 X129.933 Y107.308 E.01956
G1 X129.989 Y107.189 E.00445
G1 X129.684 Y106.884 E.0146
G1 X129.929 Y106.083 E.02835
G1 X129.969 Y105.718 E.01243
G1 X130.396 Y105.604 E.01496
G1 X130.418 Y105.459 E.00496
G1 X130.038 Y105.079 E.01819
G1 X129.984 Y104.342 E.02501
M204 S1000
;WIPE_START
G1 F8640
G1 X130.038 Y105.079 E-.17063
G1 X130.418 Y105.459 E-.12409
G1 X130.396 Y105.604 E-.03386
G1 X129.969 Y105.718 E-.10205
G1 X129.929 Y106.083 E-.08478
G1 X129.684 Y106.884 E-.19341
G1 X129.963 Y107.163 E-.09118
;WIPE_END
G1 Z3.2 F720
G1 X129.473 Y102.69 F10800
G1 Z2.8 F720
G1 E.8 F2100
M204 S2000
G1 F1332
G1 X129.859 Y102.587 E.01352
G1 X129.897 Y102.665 E.00294
G1 X129.73 Y103.291 E.02193
G1 X129.963 Y104.14 E.0298
G1 X130.354 Y104.035 E.0137
G1 X130.291 Y103.696 E.01167
G1 X130.006 Y102.888 E.029
G1 X128.593 Y101.475 E.06764
G1 X128.626 Y101.511 E.00165
G1 X128.748 Y101.055 E.01598
G1 X128.945 Y101.252 E.00943
G1 X128.496 Y101.372 E.01573
G1 X127.106 Y99.988 E.0664
G1 X126.304 Y99.709 E.02874
G1 X125.965 Y99.646 E.01167
G1 X125.861 Y100.037 E.0137
G1 X126.736 Y100.263 E.03059
G1 X127.342 Y100.1 E.02124
G1 X127.415 Y100.135 E.00274
G1 X127.308 Y100.532 E.01392
M204 S1000
;WIPE_START
G1 F8640
G1 X127.415 Y100.135 E-.09494
G1 X127.342 Y100.1 E-.01869
G1 X126.736 Y100.263 E-.1449
G1 X125.861 Y100.037 E-.20867
G1 X125.965 Y99.646 E-.09342
G1 X126.304 Y99.709 E-.07962
G1 X126.957 Y99.937 E-.15976
;WIPE_END
G1 Z3.2 F720
; stop printing object Scheibe-Radhaenger.stl id:0 copy 0
; printing object Scheibe-Radhaenger.stl id:1 copy 0
G1 X123.746 Y127.934 F10800
G1 Z2.8 F720
M73 P60 R3
G1 E.8 F2100
M204 S800
;TYPE:Perimeter
;WIDTH:0.449999
G1 F1332
G1 X123.435 Y127.857 E.01084
G1 X122.617 Y127.468 E.03066
G1 X122.34 Y127.308 E.01083
G1 X121.774 Y126.858 E.02448
G1 X121.167 Y126.175 E.03093
G1 X120.744 Y125.427 E.02909
G1 X120.597 Y125.127 E.01131
G1 X120.364 Y124.311 E.02872
G1 X120.281 Y123.362 E.03225
G1 X120.388 Y122.435 E.03159
G1 X120.591 Y121.755 E.02402
G1 X120.925 Y121.083 E.0254
G1 X121.09 Y120.813 E.01071
G1 X121.544 Y120.233 E.02493
G1 X122.241 Y119.64 E.03098
G1 X122.515 Y119.446 E.01136
G1 X123.002 Y119.181 E.01877
G1 X123.673 Y118.932 E.02423
G1 X124.189 Y118.818 E.01789
G1 X125.076 Y118.755 E.0301
G1 X125.618 Y118.801 E.01841
G1 X126.482 Y119.008 E.03007
G1 X127.279 Y119.372 E.02966
G1 X128.026 Y119.899 E.03094
G1 X128.462 Y120.338 E.02094
G1 X128.958 Y121.001 E.02803
G1 X129.282 Y121.64 E.02425
G1 X129.498 Y122.34 E.0248
G1 X129.584 Y122.843 E.01727
G1 X129.638 Y123.371 E.01797
G1 X129.53 Y124.431 E.03607
G1 X129.363 Y124.996 E.01994
G1 X129.238 Y125.309 E.01141
G1 X128.825 Y126.067 E.02922
G1 X128.444 Y126.547 E.02074
G1 X128.077 Y126.895 E.01712
G1 X127.56 Y127.322 E.0227
G1 X126.916 Y127.685 E.02502
G1 X126.244 Y127.933 E.02425
G1 X125.208 Y128.105 E.03555
G1 X124.214 Y128.05 E.0337
G1 X123.804 Y127.949 E.01429
M204 S1000
G1 X123.804 Y127.949 F10800
G1 X123.839 Y127.537
M204 S800
;TYPE:External perimeter
G1 F1332
G1 X123.533 Y127.462 E.01066
G1 X122.593 Y126.989 E.03562
G1 X122.028 Y126.54 E.02443
G1 X121.475 Y125.908 E.02843
G1 X120.987 Y125.012 E.03454
G1 X120.767 Y124.257 E.02662
G1 X120.705 Y123.649 E.02069
G1 X120.704 Y123.247 E.01361
G1 X120.792 Y122.481 E.0261
G1 X120.979 Y121.878 E.02137
G1 X121.286 Y121.271 E.02302
G1 X121.806 Y120.56 E.02982
G1 X122.5 Y119.954 E.03119
G1 X122.71 Y119.803 E.00876
G1 X123.196 Y119.539 E.01872
G1 X123.811 Y119.315 E.02215
G1 X124.302 Y119.212 E.01698
G1 X125.102 Y119.161 E.02713
G1 X125.606 Y119.211 E.01714
G1 X126.384 Y119.403 E.02712
G1 X127.105 Y119.74 E.02694
G1 X127.787 Y120.229 E.02841
G1 X128.168 Y120.62 E.01848
G1 X128.625 Y121.236 E.02596
G1 X128.917 Y121.82 E.0221
G1 X129.108 Y122.455 E.02245
G1 X129.233 Y123.413 E.0327
G1 X129.125 Y124.384 E.03307
G1 X128.974 Y124.873 E.01732
G1 X128.88 Y125.114 E.00876
G1 X128.468 Y125.873 E.02923
G1 X128.13 Y126.288 E.01812
G1 X127.301 Y127.008 E.03717
G1 X126.722 Y127.327 E.02238
G1 X126.107 Y127.55 E.02214
G1 X125.146 Y127.703 E.03294
G1 X124.349 Y127.66 E.02702
G1 X123.897 Y127.551 E.01574
M204 S1000
;WIPE_START
G1 F8640
G1 X123.839 Y127.537 E-.01378
G1 X123.533 Y127.462 E-.07275
G1 X122.593 Y126.989 E-.24298
G1 X122.028 Y126.54 E-.16664
G1 X121.475 Y125.908 E-.19391
G1 X121.247 Y125.49 E-.10994
;WIPE_END
G1 Z3.2 F720
G1 X124.948 Y117.624 F10800
G1 Z2.8 F720
G1 E.8 F2100
M204 S800
;TYPE:Perimeter
G1 F1332
G1 X125.139 Y117.622 E.00647
G1 X125.656 Y117.658 E.01754
G1 X126.351 Y117.785 E.02391
G1 X127.016 Y117.992 E.02357
G1 X127.819 Y118.373 E.03008
G1 X128.26 Y118.643 E.0175
G1 X128.816 Y119.079 E.02392
G1 X129.306 Y119.569 E.02346
G1 X129.875 Y120.342 E.03249
G1 X130.014 Y120.587 E.00953
G1 X130.413 Y121.42 E.03126
G1 X130.636 Y122.201 E.02749
G1 X130.733 Y122.767 E.01944
G1 X130.764 Y123.784 E.03444
G1 X130.603 Y124.836 E.03602
G1 X130.453 Y125.334 E.0176
G1 X130.264 Y125.819 E.01762
G1 X130.02 Y126.293 E.01805
G1 X129.748 Y126.734 E.01754
G1 X129.313 Y127.29 E.0239
G1 X128.822 Y127.78 E.02348
G1 X127.967 Y128.41 E.03595
G1 X127.021 Y128.87 E.03561
G1 X125.998 Y129.155 E.03595
G1 X125.31 Y129.239 E.02346
G1 X124.617 Y129.239 E.02346
G1 X123.567 Y129.079 E.03595
G1 X122.561 Y128.732 E.03602
G1 X122.099 Y128.494 E.01759
G1 X121.658 Y128.222 E.01754
G1 X121.102 Y127.787 E.0239
G1 X120.611 Y127.296 E.0235
G1 X119.975 Y126.432 E.03631
G1 X119.73 Y125.974 E.01758
G1 X119.52 Y125.497 E.01764
G1 X119.358 Y124.99 E.01802
G1 X119.238 Y124.485 E.01757
G1 X119.153 Y123.784 E.0239
G1 X119.153 Y123.091 E.02346
G1 X119.314 Y122.032 E.03626
G1 X119.518 Y121.376 E.02325
G1 X119.899 Y120.573 E.03008
G1 X120.169 Y120.132 E.0175
G1 X120.605 Y119.576 E.02392
G1 X121.103 Y119.077 E.02386
G1 X121.517 Y118.748 E.0179
G1 X121.948 Y118.455 E.01764
G1 X122.418 Y118.204 E.01804
G1 X122.884 Y117.999 E.01723
G1 X123.919 Y117.71 E.03637
G1 X124.61 Y117.626 E.02356
G1 X124.888 Y117.624 E.00941
M204 S1000
G1 X124.888 Y117.624 F10800
G1 X124.96 Y117.216
M204 S800
;TYPE:External perimeter
G1 F1332
G1 X125.175 Y117.215 E.00728
G1 X125.708 Y117.253 E.01809
G1 X126.448 Y117.389 E.02547
G1 X127.164 Y117.612 E.02538
G1 X128.043 Y118.029 E.03293
G1 X128.494 Y118.309 E.01797
G1 X129.086 Y118.774 E.02548
G1 X129.616 Y119.303 E.02535
G1 X130.285 Y120.213 E.03823
G1 X130.78 Y121.229 E.03825
G1 X130.985 Y121.887 E.02333
G1 X131.058 Y122.249 E.0125
G1 X131.14 Y122.754 E.01732
G1 X131.172 Y123.809 E.03573
G1 X131.001 Y124.926 E.03825
G1 X130.831 Y125.489 E.01991
G1 X130.635 Y125.987 E.01812
M73 P61 R3
G1 X130.364 Y126.514 E.02006
G1 X130.082 Y126.968 E.01809
G1 X129.618 Y127.561 E.02549
G1 X129.088 Y128.09 E.02535
G1 X128.178 Y128.76 E.03825
G1 X127.166 Y129.253 E.0381
G1 X126.078 Y129.556 E.03823
G1 X125.335 Y129.646 E.02533
G1 X124.586 Y129.646 E.02535
G1 X123.469 Y129.476 E.03824
G1 X122.401 Y129.107 E.03825
G1 X121.877 Y128.838 E.01994
G1 X121.424 Y128.556 E.01806
G1 X120.831 Y128.092 E.02549
G1 X120.302 Y127.563 E.02532
G1 X119.63 Y126.65 E.03837
G1 X119.352 Y126.131 E.01993
G1 X119.139 Y125.641 E.01809
G1 X118.958 Y125.076 E.02008
G1 X118.836 Y124.556 E.01808
G1 X118.746 Y123.809 E.02547
G1 X118.746 Y123.06 E.02535
G1 X118.916 Y121.94 E.03834
G1 X119.138 Y121.227 E.02528
G1 X119.555 Y120.349 E.0329
G1 X119.835 Y119.898 E.01797
G1 X120.3 Y119.305 E.02551
G1 X120.832 Y118.773 E.02547
G1 X121.294 Y118.405 E.01999
G1 X121.738 Y118.106 E.01812
G1 X122.261 Y117.826 E.02008
G1 X122.748 Y117.614 E.01798
G1 X123.84 Y117.31 E.03837
G1 X124.584 Y117.22 E.02537
G1 X124.9 Y117.217 E.0107
M204 S1000
;WIPE_START
G1 F8640
G1 X124.96 Y117.216 E-.01386
G1 X125.175 Y117.215 E-.04964
G1 X125.708 Y117.253 E-.12338
G1 X126.448 Y117.389 E-.17373
G1 X127.164 Y117.612 E-.17316
G1 X128.043 Y118.029 E-.22464
G1 X128.196 Y118.124 E-.04159
;WIPE_END
G1 Z3.2 F720
G1 X125.619 Y118.437 F10800
G1 Z2.8 F720
G1 E.8 F2100
M204 S2000
;TYPE:Internal infill
;WIDTH:0.45
G1 F1332
G1 X124.886 Y118.402 E.02484
G1 X124.494 Y118.01 E.01876
G1 X124.358 Y118.026 E.00464
G1 X124.245 Y118.448 E.01479
G1 X123.616 Y118.566 E.02166
G1 X123.083 Y118.757 E.01916
G1 X122.773 Y118.447 E.01484
G1 X122.65 Y118.5 E.00453
G1 X122.506 Y119.037 E.01882
G1 X121.903 Y119.449 E.02472
M204 S1000
;WIPE_START
G1 F8640
G1 X122.506 Y119.037 E-.16863
G1 X122.65 Y118.5 E-.12838
G1 X122.773 Y118.447 E-.03093
G1 X123.083 Y118.757 E-.10123
G1 X123.616 Y118.566 E-.13073
G1 X124.245 Y118.448 E-.14777
G1 X124.348 Y118.062 E-.09233
;WIPE_END
G1 Z3.2 F720
G1 X120.715 Y120.707 F10800
G1 Z2.8 F720
G1 E.8 F2100
M204 S2000
G1 F1332
G1 X120.424 Y120.416 E.01393
G1 X120.454 Y120.368 E.00192
G1 X121.12 Y120.189 E.02334
G1 X121.332 Y119.919 E.01162
G1 X121.746 Y119.579 E.01813
G1 X121.442 Y119.275 E.01455
G1 X120.632 Y120.135 E.03999
G1 X120.07 Y122.22 E.07309
G1 X119.741 Y121.892 E.01573
G1 X119.665 Y122.16 E.00943
G1 X120.128 Y122.036 E.01622
G1 X120.203 Y121.795 E.00854
M204 S1000
;WIPE_START
G1 F8640
G1 X120.128 Y122.036 E-.05828
G1 X119.665 Y122.16 E-.11068
G1 X119.741 Y121.892 E-.06432
G1 X120.07 Y122.22 E-.10727
G1 X120.588 Y120.299 E-.45945
;WIPE_END
G1 Z3.2 F720
G1 X119.982 Y122.781 F10800
G1 Z2.8 F720
G1 E.8 F2100
M204 S2000
G1 F1332
G1 X120.023 Y122.408 E.0127
G1 X119.563 Y124.124 E.06014
G1 X119.834 Y125.275 E.04003
G1 X120.233 Y125.169 E.01397
G1 X120.002 Y124.311 E.03008
G1 X119.521 Y123.779 E.02428
G1 X119.934 Y123.668 E.01448
M204 S1000
;WIPE_START
G1 F8640
G1 X119.521 Y123.779 E-.09875
G1 X120.002 Y124.311 E-.1656
G1 X120.233 Y125.169 E-.20517
G1 X119.834 Y125.275 E-.09533
G1 X119.601 Y124.284 E-.23515
;WIPE_END
G1 Z3.2 F720
G1 X120.295 Y125.362 F10800
G1 Z2.8 F720
G1 E.8 F2100
M204 S2000
G1 F1332
G1 X120.642 Y125.994 E.0244
G1 X120.5 Y126.527 E.01867
G1 X120.592 Y126.653 E.00528
G1 X121.004 Y126.542 E.01444
G1 X121.465 Y127.074 E.02383
G1 X121.851 Y127.381 E.01669
G1 X121.734 Y127.817 E.01528
G1 X121.839 Y127.899 E.00451
G1 X122.379 Y127.754 E.01893
G1 X123.038 Y128.079 E.02487
M204 S1000
;WIPE_START
G1 F8640
G1 X122.379 Y127.754 E-.16966
G1 X121.839 Y127.899 E-.1291
G1 X121.734 Y127.817 E-.03076
G1 X121.851 Y127.381 E-.10424
G1 X121.465 Y127.074 E-.11388
G1 X121.004 Y126.542 E-.16254
G1 X120.629 Y126.643 E-.08982
;WIPE_END
G1 Z3.2 F720
G1 X124.724 Y128.455 F10800
G1 Z2.8 F720
G1 E.8 F2100
M204 S2000
G1 F1332
G1 X124.613 Y128.868 E.01448
G1 X124.082 Y128.391 E.02416
G1 X123.221 Y128.168 E.03011
G1 X123.122 Y128.538 E.01296
G1 X123.655 Y128.722 E.01909
G1 X124.299 Y128.82 E.02205
G1 X126.17 Y128.321 E.06554
G1 X126.488 Y128.639 E.01522
G1 X126.237 Y128.709 E.00882
G1 X126.351 Y128.282 E.01496
G1 X128.218 Y127.77 E.06553
G1 X128.583 Y127.502 E.01533
G1 X129.115 Y126.948 E.026
G1 X128.823 Y126.656 E.01398
G1 X128.584 Y126.947 E.01275
G1 X128.205 Y127.262 E.01668
G1 X128.032 Y127.907 E.0226
G1 X127.965 Y127.957 E.00283
G1 X127.684 Y127.676 E.01345
M204 S1000
;WIPE_START
G1 F8640
G1 X127.965 Y127.957 E-.09176
G1 X128.032 Y127.907 E-.0193
G1 X128.205 Y127.262 E-.1542
G1 X128.584 Y126.947 E-.11379
G1 X128.823 Y126.656 E-.08695
G1 X129.115 Y126.948 E-.09535
G1 X128.583 Y127.502 E-.17735
G1 X128.369 Y127.659 E-.0613
;WIPE_END
G1 Z3.2 F720
G1 X128.952 Y126.498 F10800
G1 Z2.8 F720
G1 E.8 F2100
M204 S2000
G1 F1332
G1 X129.334 Y125.891 E.02428
G1 X129.892 Y125.741 E.01956
G1 X129.948 Y125.622 E.00445
G1 X129.643 Y125.317 E.0146
G1 X129.888 Y124.516 E.02835
G1 X129.928 Y124.151 E.01243
G1 X130.354 Y124.037 E.01493
G1 X130.377 Y123.892 E.00497
G1 X129.997 Y123.512 E.01819
G1 X129.942 Y122.775 E.02502
M204 S1000
;WIPE_START
G1 F8640
G1 X129.997 Y123.512 E-.17065
G1 X130.377 Y123.892 E-.12409
M73 P62 R3
G1 X130.354 Y124.037 E-.0339
G1 X129.928 Y124.151 E-.10183
G1 X129.888 Y124.516 E-.08478
G1 X129.643 Y125.317 E-.19341
G1 X129.923 Y125.597 E-.09134
;WIPE_END
G1 Z3.2 F720
G1 X129.432 Y121.123 F10800
G1 Z2.8 F720
G1 E.8 F2100
M204 S2000
G1 F1332
G1 X129.818 Y121.02 E.01352
G1 X129.856 Y121.098 E.00294
G1 X129.688 Y121.724 E.02194
G1 X129.922 Y122.572 E.02978
G1 X130.312 Y122.468 E.01366
G1 X130.25 Y122.129 E.01167
G1 X129.964 Y121.321 E.02901
G1 X128.552 Y119.908 E.06762
G1 X128.585 Y119.944 E.00165
G1 X128.707 Y119.488 E.01598
G1 X128.903 Y119.684 E.00938
G1 X128.455 Y119.805 E.01571
G1 X127.065 Y118.421 E.0664
G1 X126.263 Y118.142 E.02874
G1 X125.924 Y118.079 E.01167
G1 X125.819 Y118.469 E.01367
G1 X126.695 Y118.696 E.03063
G1 X127.301 Y118.533 E.02124
G1 X127.373 Y118.568 E.00271
G1 X127.267 Y118.965 E.01391
M204 S1000
;LAYER_CHANGE
;Z:3
;HEIGHT:0.2
;BEFORE_LAYER_CHANGE
G92 E0.0
;3


;WIPE_START
G1 F8640
G1 X127.373 Y118.568 E-.09488
G1 X127.301 Y118.533 E-.01849
G1 X126.695 Y118.696 E-.1449
G1 X125.819 Y118.469 E-.20895
G1 X125.924 Y118.079 E-.09326
G1 X126.263 Y118.142 E-.07962
G1 X126.917 Y118.37 E-.1599
;WIPE_END
G1 Z3 F720
;AFTER_LAYER_CHANGE
;3
G1 Z3.4
; stop printing object Scheibe-Radhaenger.stl id:1 copy 0
; printing object Scheibe-Radhaenger.stl id:0 copy 0
G1 X123.789 Y109.493 F10800
G1 Z3 F720
G1 E.8 F2100
M204 S800
;TYPE:Perimeter
;WIDTH:0.449999
G1 F1228
G1 X123.34 Y109.373 E.01573
G1 X122.8 Y109.132 E.02002
G1 X122.029 Y108.614 E.03144
G1 X121.656 Y108.276 E.01704
G1 X121.127 Y107.622 E.02847
G1 X120.638 Y106.695 E.03548
G1 X120.427 Y105.984 E.0251
G1 X120.341 Y105.257 E.02478
G1 X120.322 Y104.929 E.01112
G1 X120.429 Y104.002 E.03159
G1 X120.641 Y103.294 E.02502
G1 X121.199 Y102.269 E.0395
G1 X121.595 Y101.788 E.02109
G1 X122.399 Y101.111 E.03558
G1 X123.013 Y100.765 E.02386
G1 X123.842 Y100.468 E.02981
G1 X124.758 Y100.327 E.03137
G1 X125.579 Y100.376 E.02784
G1 X125.948 Y100.417 E.01257
G1 X126.66 Y100.627 E.02513
G1 X127.491 Y101.039 E.0314
G1 X128.105 Y101.526 E.02653
G1 X128.466 Y101.865 E.01676
G1 X128.873 Y102.378 E.02217
G1 X129.316 Y103.192 E.03137
G1 X129.573 Y104.016 E.02922
G1 X129.659 Y104.743 E.02478
G1 X129.678 Y105.071 E.01112
G1 X129.571 Y105.998 E.03159
G1 X129.364 Y106.689 E.02442
G1 X128.866 Y107.634 E.03616
G1 X128.485 Y108.114 E.02074
G1 X128.118 Y108.462 E.01712
G1 X127.601 Y108.889 E.0227
G1 X126.958 Y109.252 E.02499
G1 X126.158 Y109.532 E.02869
G1 X125.578 Y109.645 E.02
G1 X124.737 Y109.67 E.02848
G1 X124.24 Y109.614 E.01693
G1 X123.847 Y109.509 E.01377
M204 S1000
G1 X123.847 Y109.509 F10800
G1 X123.88 Y109.106
M204 S800
;TYPE:External perimeter
G1 F1228
G1 X123.455 Y108.982 E.01499
G1 X122.97 Y108.762 E.01803
G1 X122.326 Y108.331 E.02623
G1 X121.93 Y107.974 E.01805
G1 X121.445 Y107.369 E.02625
G1 X121.029 Y106.58 E.03019
G1 X120.817 Y105.865 E.02524
G1 X120.746 Y105.215 E.02213
G1 X120.748 Y104.792 E.01432
G1 X120.834 Y104.049 E.02532
G1 X121.03 Y103.417 E.0224
G1 X121.513 Y102.528 E.03425
G1 X121.909 Y102.047 E.02109
G1 X122.658 Y101.425 E.03295
G1 X123.207 Y101.122 E.02123
G1 X123.972 Y100.854 E.02744
G1 X124.816 Y100.73 E.02888
G1 X125.548 Y100.781 E.02484
G1 X125.982 Y100.852 E.01489
G1 X126.545 Y101.018 E.01987
G1 X127.306 Y101.401 E.02884
G1 X127.846 Y101.84 E.02356
G1 X128.147 Y102.118 E.01387
G1 X128.555 Y102.631 E.02219
G1 X128.956 Y103.383 E.02885
G1 X129.182 Y104.132 E.02648
G1 X129.254 Y104.785 E.02224
G1 X129.252 Y105.208 E.01432
G1 X129.166 Y105.951 E.02532
G1 X128.976 Y106.566 E.02179
G1 X128.509 Y107.44 E.03354
G1 X128.171 Y107.855 E.01812
G1 X127.342 Y108.575 E.03717
G1 X126.763 Y108.894 E.02238
G1 X126.028 Y109.146 E.0263
G1 X125.504 Y109.245 E.01805
G1 X124.729 Y109.263 E.02624
G1 X124.2 Y109.199 E.01804
G1 X123.937 Y109.123 E.00927
M204 S1000
;WIPE_START
G1 F8640
G1 X123.88 Y109.106 E-.01373
G1 X123.455 Y108.982 E-.10223
G1 X122.97 Y108.762 E-.12297
G1 X122.326 Y108.331 E-.17893
G1 X121.93 Y107.974 E-.12311
G1 X121.445 Y107.369 E-.17904
G1 X121.283 Y107.062 E-.07999
;WIPE_END
G1 Z3.4 F720
G1 X124.989 Y99.191 F10800
G1 Z3 F720
G1 E.8 F2100
M204 S800
;TYPE:Perimeter
G1 F1228
G1 X125.196 Y99.19 E.00701
G1 X125.697 Y99.225 E.017
G1 X126.394 Y99.353 E.02399
G1 X126.938 Y99.518 E.01924
G1 X127.41 Y99.71 E.01725
G1 X128.346 Y100.245 E.03649
G1 X128.882 Y100.671 E.02318
G1 X129.373 Y101.171 E.02372
G1 X130 Y102.038 E.03622
G1 X130.452 Y102.991 E.0357
G1 X130.728 Y104.003 E.03551
G1 X130.806 Y104.684 E.0232
G1 X130.806 Y105.353 E.02264
G1 X130.744 Y105.895 E.01847
G1 X130.649 Y106.388 E.01699
G1 X130.439 Y107.063 E.02393
G1 X130.15 Y107.703 E.02377
G1 X129.787 Y108.305 E.02379
G1 X129.354 Y108.857 E.02375
G1 X128.864 Y109.348 E.02348
G1 X128.008 Y109.977 E.03596
G1 X127.054 Y110.442 E.03592
G1 X126.401 Y110.645 E.02315
G1 X125.342 Y110.806 E.03626
M73 P63 R3
G1 X124.647 Y110.806 E.02352
G1 X124.105 Y110.744 E.01847
G1 X123.612 Y110.649 E.01699
G1 X122.937 Y110.439 E.02393
G1 X122.297 Y110.15 E.02377
G1 X121.701 Y109.79 E.02357
G1 X121.001 Y109.217 E.03062
G1 X120.632 Y108.835 E.01798
G1 X119.997 Y107.963 E.03651
G1 X119.744 Y107.485 E.01831
G1 X119.548 Y107.009 E.01742
G1 X119.272 Y105.997 E.03551
G1 X119.194 Y105.121 E.02977
G1 X119.198 Y104.614 E.01716
G1 X119.263 Y104.059 E.01891
G1 X119.38 Y103.533 E.01824
G1 X119.723 Y102.568 E.03467
G1 X120.318 Y101.561 E.03959
G1 X120.76 Y101.029 E.02341
G1 X121.172 Y100.627 E.01948
G1 X122.037 Y99.997 E.03622
G1 X122.925 Y99.566 E.03341
G1 X123.961 Y99.277 E.03641
G1 X124.651 Y99.194 E.02352
G1 X124.929 Y99.192 E.00941
M204 S1000
G1 X124.929 Y99.192 F10800
G1 X125.001 Y98.786
M204 S800
;TYPE:External perimeter
G1 F1228
G1 X125.273 Y98.785 E.00921
G1 X126.041 Y98.874 E.02617
G1 X126.544 Y98.973 E.01735
G1 X127.109 Y99.148 E.02002
G1 X127.61 Y99.355 E.01835
G1 X128.597 Y99.925 E.03858
G1 X129.17 Y100.383 E.02483
G1 X129.701 Y100.93 E.0258
G1 X130.366 Y101.86 E.0387
G1 X130.844 Y102.882 E.03819
G1 X131.132 Y103.954 E.03757
G1 X131.213 Y104.684 E.02486
G1 X131.213 Y105.377 E.02346
G1 X131.144 Y105.981 E.02058
G1 X131.044 Y106.488 E.01749
G1 X130.82 Y107.207 E.02549
G1 X130.512 Y107.893 E.02545
G1 X130.123 Y108.536 E.02544
G1 X129.659 Y109.127 E.02543
G1 X129.13 Y109.657 E.02535
G1 X128.22 Y110.327 E.03825
G1 X127.204 Y110.821 E.03824
G1 X126.492 Y111.043 E.02524
G1 X125.373 Y111.213 E.03831
G1 X124.623 Y111.213 E.02539
G1 X124.019 Y111.144 E.02058
G1 X123.512 Y111.044 E.01749
G1 X122.793 Y110.82 E.02549
G1 X122.107 Y110.512 E.02545
G1 X121.466 Y110.124 E.02536
G1 X120.7 Y109.497 E.03351
G1 X120.344 Y109.131 E.01728
G1 X119.671 Y108.217 E.03842
G1 X119.386 Y107.683 E.02049
G1 X119.181 Y107.211 E.01742
G1 X118.877 Y106.119 E.03837
G1 X118.787 Y105.376 E.02533
G1 X118.787 Y104.623 E.02549
G1 X118.856 Y104.019 E.02058
G1 X118.955 Y103.515 E.01739
G1 X119.324 Y102.445 E.03831
G1 X119.879 Y101.462 E.03821
G1 X120.341 Y100.872 E.02536
G1 X120.87 Y100.343 E.02532
G1 X121.783 Y99.671 E.03837
G1 X122.317 Y99.386 E.02049
G1 X122.789 Y99.181 E.01742
G1 X123.465 Y98.993 E.02375
G1 X123.955 Y98.868 E.01712
G1 X124.681 Y98.786 E.02473
G1 X124.941 Y98.786 E.0088
M204 S1000
;WIPE_START
G1 F8640
G1 X125.001 Y98.786 E-.01385
G1 X125.273 Y98.785 E-.06281
G1 X126.041 Y98.874 E-.17852
G1 X126.544 Y98.973 E-.11837
G1 X127.109 Y99.148 E-.13657
G1 X127.61 Y99.355 E-.12517
G1 X128.227 Y99.712 E-.16471
;WIPE_END
G1 Z3.4 F720
G1 X128.633 Y100.94 F10800
G1 Z3 F720
G1 E.8 F2100
M204 S2000
;TYPE:Internal infill
;WIDTH:0.45
G1 F1228
G1 X128.512 Y101.393 E.01587
M204 S1000
G1 X128.512 Y101.393 F10800
G1 X128.624 Y101.484
M204 S2000
G1 F1228
G1 X129.06 Y101.367 E.01528
M204 S1000
;WIPE_START
G1 F8640
G1 X128.624 Y101.484 E-.10424
;WIPE_END
G1 E-.69576 F2100
G1 Z3.4 F720
G1 X128.285 Y109.318 F10800
G1 Z3 F720
G1 E.8 F2100
M204 S2000
G1 F1228
G1 X128.624 Y109.069 E.01424
G1 X129.244 Y108.403 E.0308
G1 X128.956 Y108.115 E.01379
G1 X129.284 Y107.629 E.01985
G1 X129.851 Y107.477 E.01987
G1 X130.045 Y107.045 E.01603
G1 X129.73 Y106.73 E.01508
G1 X129.953 Y105.869 E.03011
G1 X130.392 Y105.751 E.01539
G1 X130.44 Y105.281 E.01599
G1 X130.041 Y104.882 E.0191
G1 X129.972 Y104.284 E.02038
G1 X130.379 Y104.174 E.01427
G1 X130.094 Y103.069 E.03863
G1 X129.922 Y102.716 E.01329
G1 X129.531 Y102.821 E.0137
G1 X129.65 Y103.042 E.0085
G1 X129.803 Y102.472 E.01998
G1 X127.528 Y100.197 E.1089
G1 X126.945 Y100.353 E.02043
G1 X127.178 Y100.471 E.00884
G1 X127.288 Y100.062 E.01434
G1 X126.308 Y99.709 E.03526
G1 X125.826 Y99.621 E.01658
G1 X125.718 Y100.022 E.01406
G1 X125.134 Y99.975 E.01983
G1 X124.718 Y99.56 E.01989
G1 X124.248 Y99.612 E.01601
G1 X124.13 Y100.051 E.01539
G1 X123.78 Y100.104 E.01198
G1 X123.276 Y100.276 E.01803
G1 X122.953 Y99.953 E.01546
G1 X122.522 Y100.153 E.01608
G1 X122.375 Y100.702 E.01924
G1 X121.895 Y101.054 E.02015
G1 X121.604 Y100.763 E.01393
G1 X121.376 Y100.931 E.00959
G1 X120.921 Y101.386 E.02178
G1 X120.546 Y101.864 E.02056
G1 X120.836 Y102.154 E.01388
G1 X120.994 Y101.948 E.00879
G1 X120.404 Y102.106 E.02067
G1 X120.432 Y102.056 E.00194
G1 X119.56 Y105.309 E.114
G1 X119.56 Y105.196 E.00382
G1 X120.021 Y105.657 E.02207
G1 X119.989 Y105.378 E.00951
G1 X119.579 Y105.488 E.01437
G1 X119.638 Y105.968 E.01637
G1 X119.923 Y106.976 E.03546
G1 X120.314 Y106.871 E.0137
G1 X120.583 Y107.39 E.01979
G1 X120.434 Y107.948 E.01955
G1 X120.724 Y108.342 E.01656
G1 X121.145 Y108.229 E.01475
G1 X121.767 Y108.871 E.03026
G1 X121.657 Y109.281 E.01437
G1 X122.043 Y109.569 E.0163
G1 X122.576 Y109.426 E.01868
G1 X123.13 Y109.679 E.02062
G1 X123.024 Y110.076 E.01391
G1 X124.138 Y110.379 E.03908
M73 P64 R3
G1 X124.512 Y110.422 E.01274
G1 X124.617 Y110.028 E.0138
G1 X124.362 Y109.997 E.00869
G1 X124.804 Y110.44 E.02118
G1 X124.691 Y110.44 E.00382
G1 X127.947 Y109.567 E.1141
G1 X127.891 Y109.609 E.00237
G1 X128.057 Y108.987 E.02179
G1 X127.844 Y109.162 E.00933
G1 X128.11 Y109.447 E.0132
M204 S1000
;WIPE_START
G1 F8640
G1 X127.844 Y109.162 E-.09002
G1 X128.057 Y108.987 E-.06365
G1 X127.891 Y109.609 E-.14865
G1 X127.947 Y109.567 E-.01616
G1 X125.933 Y110.107 E-.48152
;WIPE_END
G1 Z3.4 F720
G1 X126.693 Y110.17 F10800
G1 Z3 F720
G1 E.8 F2100
M204 S2000
G1 F1228
G1 X126.368 Y109.845 E.01556
M204 S1000
G1 X126.368 Y109.845 F10800
G1 X126.235 Y109.891
M204 S2000
G1 F1228
G1 X126.12 Y110.317 E.01494
M204 S1000
;WIPE_START
G1 F8640
G1 X126.235 Y109.891 E-.10189
;WIPE_END
G1 E-.69811 F2100
G1 Z3.4 F720
G1 X119.671 Y103.883 F10800
G1 Z3 F720
G1 E.8 F2100
M204 S2000
G1 F1228
G1 X120.113 Y103.764 E.01549
M204 S1000
G1 X120.113 Y103.764 F10800
G1 X120.154 Y103.631
M204 S2000
G1 F1228
G1 X119.841 Y103.318 E.01498
M204 S1000
;WIPE_START
G1 F8640
G1 X120.154 Y103.631 E-.10221
;WIPE_END
G1 E-.69779 F2100
G1 Z3.4 F720
; stop printing object Scheibe-Radhaenger.stl id:0 copy 0
; printing object Scheibe-Radhaenger.stl id:1 copy 0
G1 X123.748 Y127.926 F10800
G1 Z3 F720
G1 E.8 F2100
M204 S800
;TYPE:Perimeter
;WIDTH:0.449999
G1 F1228
G1 X123.299 Y127.806 E.01573
G1 X122.759 Y127.565 E.02002
G1 X121.988 Y127.047 E.03144
G1 X121.615 Y126.709 E.01704
G1 X121.085 Y126.055 E.02849
G1 X120.597 Y125.128 E.03546
G1 X120.386 Y124.417 E.0251
G1 X120.3 Y123.69 E.02478
G1 X120.281 Y123.362 E.01112
G1 X120.388 Y122.435 E.03159
G1 X120.6 Y121.727 E.02502
G1 X121.158 Y120.702 E.0395
G1 X121.554 Y120.221 E.02109
G1 X122.358 Y119.544 E.03558
G1 X122.971 Y119.198 E.02383
G1 X123.801 Y118.901 E.02984
G1 X124.717 Y118.76 E.03137
G1 X125.538 Y118.808 E.02784
G1 X125.907 Y118.85 E.01257
G1 X126.619 Y119.06 E.02513
G1 X127.449 Y119.472 E.03137
G1 X128.063 Y119.959 E.02653
G1 X128.425 Y120.298 E.01679
G1 X128.832 Y120.811 E.02217
G1 X129.275 Y121.625 E.03137
G1 X129.531 Y122.449 E.02921
G1 X129.617 Y123.176 E.02478
G1 X129.637 Y123.503 E.01109
G1 X129.53 Y124.431 E.03162
G1 X129.323 Y125.122 E.02442
G1 X128.825 Y126.067 E.03616
G1 X128.444 Y126.547 E.02074
G1 X128.077 Y126.895 E.01712
G1 X127.56 Y127.322 E.0227
G1 X126.916 Y127.684 E.02501
G1 X126.117 Y127.964 E.02866
G1 X125.537 Y128.078 E.02001
G1 X124.696 Y128.103 E.02848
G1 X124.199 Y128.047 E.01693
G1 X123.806 Y127.942 E.01377
M204 S1000
G1 X123.806 Y127.942 F10800
G1 X123.839 Y127.539
M204 S800
;TYPE:External perimeter
G1 F1228
G1 X123.414 Y127.415 E.01499
G1 X122.929 Y127.195 E.01803
G1 X122.285 Y126.764 E.02623
G1 X121.889 Y126.407 E.01805
G1 X121.404 Y125.802 E.02625
G1 X120.987 Y125.013 E.03021
G1 X120.776 Y124.298 E.02523
G1 X120.705 Y123.648 E.02213
G1 X120.706 Y123.225 E.01432
G1 X120.792 Y122.481 E.02535
G1 X120.988 Y121.849 E.0224
G1 X121.472 Y120.961 E.03423
G1 X121.868 Y120.48 E.02109
G1 X122.616 Y119.858 E.03293
G1 X123.166 Y119.555 E.02126
G1 X123.931 Y119.287 E.02744
G1 X124.774 Y119.163 E.02884
G1 X125.507 Y119.214 E.02487
G1 X125.94 Y119.285 E.01485
G1 X126.503 Y119.45 E.01986
G1 X127.265 Y119.834 E.02888
G1 X127.804 Y120.273 E.02353
G1 X128.106 Y120.551 E.01389
G1 X128.513 Y121.064 E.02217
G1 X128.915 Y121.816 E.02886
G1 X129.141 Y122.565 E.02648
G1 X129.213 Y123.218 E.02224
G1 X129.211 Y123.641 E.01432
G1 X129.125 Y124.384 E.02532
G1 X128.935 Y124.999 E.02179
G1 X128.468 Y125.873 E.03354
G1 X128.13 Y126.288 E.01812
G1 X127.301 Y127.008 E.03717
G1 X126.722 Y127.327 E.02238
G1 X125.986 Y127.579 E.02633
G1 X125.463 Y127.678 E.01802
G1 X124.688 Y127.696 E.02624
G1 X124.159 Y127.632 E.01804
G1 X123.896 Y127.556 E.00927
M204 S1000
;WIPE_START
G1 F8640
G1 X123.839 Y127.539 E-.01373
G1 X123.414 Y127.415 E-.10223
G1 X122.929 Y127.195 E-.12297
G1 X122.285 Y126.764 E-.17893
G1 X121.889 Y126.407 E-.12311
G1 X121.404 Y125.802 E-.17904
G1 X121.242 Y125.496 E-.07999
;WIPE_END
G1 Z3.4 F720
G1 X124.948 Y117.624 F10800
G1 Z3 F720
G1 E.8 F2100
M204 S800
;TYPE:Perimeter
G1 F1228
G1 X125.155 Y117.623 E.00701
G1 X125.656 Y117.658 E.017
G1 X126.353 Y117.786 E.02399
G1 X126.897 Y117.951 E.01924
G1 X127.368 Y118.143 E.01722
G1 X128.304 Y118.678 E.03649
G1 X128.841 Y119.104 E.0232
G1 X129.332 Y119.604 E.02372
G1 X129.958 Y120.471 E.0362
G1 X130.411 Y121.424 E.03572
G1 X130.687 Y122.436 E.03551
G1 X130.765 Y123.116 E.02317
G1 X130.765 Y123.786 E.02268
G1 X130.703 Y124.328 E.01847
G1 X130.608 Y124.821 E.01699
G1 X130.398 Y125.496 E.02393
G1 X130.109 Y126.136 E.02377
M73 P65 R3
G1 X129.746 Y126.737 E.02377
G1 X129.313 Y127.29 E.02377
G1 X128.822 Y127.78 E.02348
G1 X127.967 Y128.41 E.03595
G1 X127.013 Y128.874 E.03591
G1 X126.359 Y129.078 E.02319
G1 X125.301 Y129.239 E.03622
G1 X124.605 Y129.239 E.02356
G1 X124.064 Y129.177 E.01843
G1 X123.571 Y129.082 E.01699
G1 X122.896 Y128.872 E.02393
G1 X122.256 Y128.583 E.02377
G1 X121.66 Y128.223 E.02357
G1 X120.96 Y127.65 E.03062
G1 X120.59 Y127.268 E.018
G1 X119.956 Y126.396 E.03649
G1 X119.703 Y125.918 E.01831
G1 X119.506 Y125.442 E.01744
G1 X119.231 Y124.429 E.03553
G1 X119.153 Y123.554 E.02974
G1 X119.156 Y123.047 E.01716
G1 X119.222 Y122.492 E.01892
G1 X119.339 Y121.965 E.01827
G1 X119.681 Y121.001 E.03462
G1 X120.277 Y119.994 E.03961
G1 X120.719 Y119.462 E.02341
G1 X121.13 Y119.059 E.01948
G1 X121.996 Y118.43 E.03623
G1 X122.884 Y117.999 E.03341
G1 X123.919 Y117.71 E.03637
G1 X124.61 Y117.626 E.02356
G1 X124.888 Y117.624 E.00941
M204 S1000
G1 X124.888 Y117.624 F10800
G1 X124.96 Y117.219
M204 S800
;TYPE:External perimeter
G1 F1228
G1 X125.231 Y117.218 E.00917
G1 X125.999 Y117.307 E.02617
G1 X126.503 Y117.406 E.01739
G1 X127.068 Y117.581 E.02002
G1 X127.568 Y117.788 E.01832
G1 X128.555 Y118.358 E.03858
G1 X129.129 Y118.816 E.02486
G1 X129.66 Y119.363 E.0258
G1 X130.324 Y120.293 E.03868
G1 X130.803 Y121.315 E.0382
G1 X131.091 Y122.387 E.03757
G1 X131.172 Y123.116 E.02483
G1 X131.172 Y123.81 E.02349
G1 X131.103 Y124.413 E.02054
G1 X131.003 Y124.921 E.01753
G1 X130.779 Y125.64 E.02549
G1 X130.47 Y126.326 E.02547
G1 X130.081 Y126.969 E.02544
G1 X129.618 Y127.56 E.02541
G1 X129.088 Y128.09 E.02537
G1 X128.178 Y128.76 E.03825
G1 X127.163 Y129.254 E.03821
G1 X126.451 Y129.476 E.02524
G1 X125.332 Y129.646 E.03831
G1 X124.582 Y129.646 E.02539
G1 X123.978 Y129.577 E.02058
G1 X123.471 Y129.477 E.01749
G1 X122.752 Y129.253 E.02549
G1 X122.066 Y128.944 E.02547
G1 X121.424 Y128.557 E.02537
G1 X120.659 Y127.93 E.03348
G1 X120.302 Y127.564 E.01731
G1 X119.63 Y126.65 E.0384
G1 X119.345 Y126.116 E.02049
G1 X119.14 Y125.644 E.01742
G1 X118.836 Y124.552 E.03837
G1 X118.746 Y123.809 E.02533
G1 X118.746 Y123.056 E.02549
G1 X118.814 Y122.452 E.02057
G1 X118.914 Y121.947 E.01743
G1 X119.283 Y120.878 E.03828
G1 X119.838 Y119.894 E.03824
G1 X120.3 Y119.305 E.02534
G1 X120.829 Y118.776 E.02532
G1 X121.742 Y118.104 E.03837
G1 X122.275 Y117.819 E.02046
G1 X122.748 Y117.614 E.01745
G1 X123.424 Y117.426 E.02375
G1 X123.914 Y117.301 E.01712
G1 X124.639 Y117.219 E.0247
G1 X124.9 Y117.219 E.00883
M204 S1000
;WIPE_START
G1 F8640
G1 X124.96 Y117.219 E-.01385
G1 X125.231 Y117.218 E-.06258
G1 X125.999 Y117.307 E-.17852
G1 X126.503 Y117.406 E-.1186
G1 X127.068 Y117.581 E-.13657
G1 X127.568 Y117.788 E-.12495
G1 X128.187 Y118.145 E-.16493
;WIPE_END
G1 Z3.4 F720
G1 X128.592 Y119.373 F10800
G1 Z3 F720
G1 E.8 F2100
M204 S2000
;TYPE:Internal infill
;WIDTH:0.45
G1 F1228
G1 X128.47 Y119.826 E.01588
M204 S1000
G1 X128.47 Y119.826 F10800
G1 X128.582 Y119.917
M204 S2000
G1 F1228
G1 X129.019 Y119.8 E.01531
M204 S1000
;WIPE_START
G1 F8640
G1 X128.582 Y119.917 E-.10446
;WIPE_END
G1 E-.69554 F2100
G1 Z3.4 F720
G1 X128.244 Y127.751 F10800
G1 Z3 F720
G1 E.8 F2100
M204 S2000
G1 F1228
G1 X128.583 Y127.502 E.01424
G1 X129.203 Y126.836 E.0308
G1 X128.914 Y126.547 E.01383
G1 X129.243 Y126.062 E.01984
G1 X129.809 Y125.91 E.01984
G1 X130.004 Y125.478 E.01604
G1 X129.688 Y125.163 E.0151
G1 X129.911 Y124.302 E.03011
G1 X130.351 Y124.184 E.01542
G1 X130.399 Y123.714 E.01599
G1 X130 Y123.315 E.0191
G1 X129.93 Y122.716 E.02041
G1 X130.338 Y122.607 E.01429
G1 X130.052 Y121.501 E.03867
G1 X129.881 Y121.149 E.01325
G1 X129.49 Y121.254 E.0137
G1 X129.609 Y121.475 E.0085
G1 X129.762 Y120.904 E.02001
G1 X127.487 Y118.63 E.10888
G1 X126.904 Y118.786 E.02043
G1 X127.137 Y118.904 E.00884
G1 X127.247 Y118.495 E.01434
G1 X126.267 Y118.142 E.03526
G1 X125.784 Y118.054 E.01662
G1 X125.677 Y118.455 E.01405
G1 X125.092 Y118.408 E.01987
G1 X124.677 Y117.992 E.01989
G1 X124.206 Y118.044 E.01604
G1 X124.089 Y118.484 E.01541
G1 X123.739 Y118.537 E.01198
G1 X123.234 Y118.708 E.01805
G1 X122.912 Y118.386 E.01541
G1 X122.481 Y118.586 E.01608
G1 X122.334 Y119.135 E.01924
G1 X121.854 Y119.487 E.02015
G1 X121.563 Y119.196 E.01393
G1 X121.335 Y119.364 E.00959
G1 X120.88 Y119.819 E.02178
G1 X120.505 Y120.297 E.02056
G1 X120.795 Y120.586 E.01386
G1 X120.953 Y120.381 E.00876
G1 X120.362 Y120.539 E.02071
G1 X120.391 Y120.489 E.00196
G1 X119.519 Y123.742 E.114
G1 X119.519 Y123.629 E.00382
G1 X119.98 Y124.09 E.02207
G1 X119.948 Y123.811 E.00951
G1 X119.538 Y123.921 E.01437
G1 X119.597 Y124.401 E.01637
G1 X119.881 Y125.409 E.03545
G1 X120.273 Y125.304 E.01374
G1 X120.542 Y125.823 E.01979
M73 P66 R3
G1 X120.392 Y126.381 E.01956
G1 X120.682 Y126.775 E.01656
G1 X121.103 Y126.662 E.01475
G1 X121.725 Y127.304 E.03026
G1 X121.616 Y127.714 E.01436
G1 X122.002 Y128.002 E.0163
G1 X122.535 Y127.859 E.01868
G1 X123.089 Y128.112 E.02062
G1 X122.983 Y128.509 E.01391
G1 X124.097 Y128.812 E.03908
G1 X124.471 Y128.855 E.01274
G1 X124.576 Y128.461 E.0138
G1 X124.321 Y128.43 E.00869
G1 X124.763 Y128.873 E.02118
G1 X124.65 Y128.873 E.00382
G1 X127.905 Y128 E.11407
G1 X127.849 Y128.041 E.00235
G1 X128.016 Y127.419 E.0218
G1 X127.803 Y127.595 E.00935
G1 X128.069 Y127.88 E.0132
M204 S1000
;WIPE_START
G1 F8640
G1 X127.803 Y127.595 E-.09002
G1 X128.016 Y127.419 E-.0638
G1 X127.849 Y128.041 E-.14871
G1 X127.905 Y128 E-.01603
G1 X125.891 Y128.54 E-.48144
;WIPE_END
G1 Z3.4 F720
G1 X126.652 Y128.603 F10800
G1 Z3 F720
G1 E.8 F2100
M204 S2000
G1 F1228
G1 X126.327 Y128.278 E.01556
M204 S1000
G1 X126.327 Y128.278 F10800
G1 X126.193 Y128.324
M204 S2000
G1 F1228
G1 X126.079 Y128.75 E.01493
M204 S1000
;WIPE_START
G1 F8640
G1 X126.193 Y128.324 E-.10183
;WIPE_END
G1 E-.69817 F2100
G1 Z3.4 F720
G1 X119.63 Y122.316 F10800
G1 Z3 F720
G1 E.8 F2100
M204 S2000
G1 F1228
G1 X120.072 Y122.197 E.01549
M204 S1000
G1 X120.072 Y122.197 F10800
G1 X120.113 Y122.064
M204 S2000
G1 F1228
G1 X119.8 Y121.751 E.01498
M204 S1000
;LAYER_CHANGE
;Z:3.2
;HEIGHT:0.2
;BEFORE_LAYER_CHANGE
G92 E0.0
;3.2


;WIPE_START
G1 F8640
G1 X120.113 Y122.064 E-.10221
;WIPE_END
G1 E-.69779 F2100
G1 Z3.2 F720
;AFTER_LAYER_CHANGE
;3.2
G1 Z3.6
; stop printing object Scheibe-Radhaenger.stl id:1 copy 0
; printing object Scheibe-Radhaenger.stl id:0 copy 0
G1 X123.788 Y109.497 F10800
G1 Z3.2 F720
G1 E.8 F2100
M204 S800
;TYPE:Perimeter
;WIDTH:0.449999
G1 F1133
G1 X123.271 Y109.347 E.01822
G1 X122.801 Y109.132 E.01749
G1 X122.2 Y108.75 E.0241
G1 X121.744 Y108.354 E.02044
G1 X121.331 Y107.903 E.0207
G1 X120.998 Y107.428 E.01964
G1 X120.719 Y106.88 E.02081
G1 X120.461 Y106.1 E.02781
G1 X120.377 Y105.588 E.01756
G1 X120.321 Y105.064 E.01784
G1 X120.429 Y104.002 E.03613
G1 X120.632 Y103.323 E.02399
G1 X120.979 Y102.621 E.02651
G1 X121.528 Y101.875 E.03135
G1 X121.887 Y101.525 E.01697
G1 X122.312 Y101.173 E.01868
G1 X123.028 Y100.757 E.02803
G1 X123.828 Y100.472 E.02875
G1 X124.757 Y100.327 E.03183
G1 X125.578 Y100.375 E.02784
G1 X125.947 Y100.417 E.01257
G1 X126.646 Y100.622 E.02466
G1 X127.471 Y101.029 E.03114
G1 X128.322 Y101.706 E.03681
G1 X128.841 Y102.36 E.02826
G1 X129.047 Y102.649 E.01201
G1 X129.323 Y103.207 E.02107
G1 X129.539 Y103.9 E.02457
G1 X129.626 Y104.433 E.01828
G1 X129.679 Y104.936 E.01712
G1 X129.571 Y105.998 E.03613
G1 X129.368 Y106.677 E.02399
G1 X129.015 Y107.362 E.02608
G1 X128.801 Y107.731 E.01444
G1 X128.405 Y108.212 E.02109
G1 X127.875 Y108.694 E.02425
G1 X126.978 Y109.24 E.03554
G1 X126.172 Y109.528 E.02897
G1 X125.579 Y109.645 E.02046
G1 X124.867 Y109.679 E.02413
G1 X124.155 Y109.604 E.02423
G1 X123.846 Y109.514 E.01089
M204 S1000
G1 X123.88 Y109.105 F10800
M204 S800
;TYPE:External perimeter
G1 F1133
G1 X123.44 Y108.977 E.01551
G1 X122.971 Y108.762 E.01746
G1 X122.421 Y108.409 E.02212
G1 X122.014 Y108.05 E.01837
G1 X121.64 Y107.638 E.01883
G1 X121.333 Y107.196 E.01822
G1 X121.084 Y106.699 E.01882
G1 X120.851 Y105.983 E.02549
G1 X120.726 Y105.021 E.03284
G1 X120.834 Y104.049 E.0331
G1 X121.02 Y103.446 E.02136
G1 X121.341 Y102.808 E.02417
G1 X121.849 Y102.125 E.02881
G1 X122.486 Y101.547 E.02911
G1 X123.232 Y101.109 E.02928
G1 X123.959 Y100.857 E.02604
G1 X124.815 Y100.73 E.02929
G1 X125.547 Y100.781 E.02484
G1 X125.979 Y100.851 E.01481
G1 X126.535 Y101.014 E.01961
G1 X127.287 Y101.392 E.02849
G1 X128.063 Y102.02 E.03379
G1 X128.682 Y102.829 E.03448
G1 X128.959 Y103.387 E.02109
G1 X129.149 Y104.017 E.02227
G1 X129.274 Y104.979 E.03284
G1 X129.166 Y105.951 E.0331
G1 X128.98 Y106.554 E.02136
G1 X128.487 Y107.472 E.03527
G1 X128.091 Y107.953 E.02109
G1 X127.604 Y108.39 E.02215
G1 X126.77 Y108.89 E.03291
G1 X126.041 Y109.143 E.02612
G1 X125.504 Y109.245 E.0185
G1 X124.851 Y109.272 E.02212
G1 X124.202 Y109.199 E.02211
G1 X123.938 Y109.122 E.00931
M204 S1000
;WIPE_START
G1 F8640
G1 X123.88 Y109.105 E-.01396
G1 X123.44 Y108.977 E-.10581
G1 X122.971 Y108.762 E-.11913
G1 X122.421 Y108.409 E-.1509
G1 X122.014 Y108.05 E-.12531
G1 X121.64 Y107.638 E-.12848
G1 X121.333 Y107.196 E-.12426
G1 X121.271 Y107.072 E-.03215
;WIPE_END
G1 Z3.6 F720
G1 X124.989 Y99.194 F10800
G1 Z3.2 F720
G1 E.8 F2100
M204 S800
;TYPE:Perimeter
G1 F1133
G1 X125.697 Y99.225 E.02399
G1 X126.392 Y99.352 E.02391
G1 X127.054 Y99.559 E.02348
G1 X128.017 Y100.027 E.03624
M73 P67 R3
G1 X128.58 Y100.416 E.02316
G1 X129.36 Y101.15 E.03625
G1 X129.782 Y101.689 E.02317
G1 X130.03 Y102.129 E.0171
G1 X130.323 Y102.662 E.02059
G1 X130.522 Y103.182 E.01885
G1 X130.672 Y103.738 E.01949
G1 X130.777 Y104.334 E.02048
G1 X130.813 Y104.907 E.01943
G1 X130.807 Y105.338 E.01459
G1 X130.645 Y106.401 E.0364
G1 X130.441 Y107.056 E.02322
G1 X130.044 Y107.887 E.03117
G1 X129.79 Y108.301 E.01644
G1 X129.354 Y108.857 E.02392
G1 X128.864 Y109.348 E.02348
G1 X128.008 Y109.977 E.03596
G1 X127.062 Y110.438 E.03562
G1 X125.996 Y110.728 E.03739
G1 X125.317 Y110.806 E.02313
G1 X124.615 Y110.8 E.02376
G1 X123.558 Y110.632 E.03623
G1 X122.79 Y110.366 E.02751
G1 X121.948 Y109.948 E.03182
G1 X121.374 Y109.545 E.02374
G1 X120.649 Y108.861 E.03374
G1 X120.218 Y108.311 E.02365
G1 X119.712 Y107.413 E.03489
G1 X119.57 Y107.062 E.01282
G1 X119.353 Y106.397 E.02368
G1 X119.227 Y105.71 E.02364
G1 X119.195 Y104.649 E.03593
G1 X119.355 Y103.599 E.03595
G1 X119.559 Y102.944 E.02322
G1 X119.956 Y102.113 E.03117
G1 X120.21 Y101.699 E.01644
G1 X120.646 Y101.143 E.02392
G1 X121.136 Y100.652 E.02348
G1 X121.598 Y100.313 E.0194
G1 X122.038 Y99.997 E.01834
G1 X122.925 Y99.566 E.03338
G1 X123.498 Y99.406 E.02014
G1 X124.004 Y99.272 E.01772
G1 X124.929 Y99.192 E.03143
M204 S1000
G1 X125.001 Y98.784 F10800
M204 S800
;TYPE:External perimeter
G1 F1133
G1 X125.249 Y98.783 E.00839
G1 X125.749 Y98.82 E.01697
G1 X126.49 Y98.956 E.0255
G1 X127.205 Y99.179 E.02535
G1 X128.223 Y99.675 E.03833
G1 X128.837 Y100.099 E.02526
G1 X129.661 Y100.875 E.03831
G1 X130.121 Y101.462 E.02524
G1 X130.384 Y101.929 E.01814
G1 X130.703 Y102.515 E.02258
G1 X130.913 Y103.067 E.01999
G1 X131.095 Y103.79 E.02524
G1 X131.183 Y104.307 E.01775
G1 X131.22 Y104.913 E.02055
G1 X131.213 Y105.371 E.0155
G1 X131.043 Y106.493 E.03841
G1 X130.821 Y107.205 E.02524
G1 X130.412 Y108.062 E.03214
G1 X130.124 Y108.535 E.01874
G1 X129.659 Y109.128 E.02551
G1 X129.13 Y109.657 E.02532
G1 X128.22 Y110.327 E.03825
G1 X127.207 Y110.82 E.03813
G1 X126.119 Y111.123 E.03823
G1 X125.376 Y111.213 E.02533
G1 X124.627 Y111.213 E.02535
G1 X123.507 Y111.043 E.03834
G1 X122.795 Y110.821 E.02524
G1 X121.777 Y110.325 E.03833
G1 X121.161 Y109.9 E.02533
G1 X120.691 Y109.488 E.02116
G1 X120.342 Y109.129 E.01695
G1 X119.879 Y108.538 E.02541
G1 X119.322 Y107.551 E.03836
G1 X119.099 Y106.972 E.021
G1 X118.957 Y106.491 E.01698
G1 X118.821 Y105.753 E.0254
G1 X118.787 Y104.624 E.03823
G1 X118.957 Y103.507 E.03824
G1 X119.179 Y102.795 E.02524
G1 X119.589 Y101.937 E.03219
G1 X119.876 Y101.465 E.0187
G1 X120.341 Y100.872 E.02551
G1 X120.87 Y100.343 E.02532
G1 X121.783 Y99.671 E.03837
G1 X122.296 Y99.398 E.01967
G1 X122.789 Y99.182 E.01822
G1 X123.881 Y98.877 E.03838
M73 P67 R2
G1 X124.625 Y98.787 E.02537
G1 X124.941 Y98.785 E.0107
M204 S1000
;WIPE_START
G1 F8640
G1 X125.001 Y98.784 E-.01386
G1 X125.249 Y98.783 E-.05726
G1 X125.749 Y98.82 E-.11577
G1 X126.49 Y98.956 E-.17396
G1 X127.205 Y99.179 E-.17294
G1 X128.223 Y99.675 E-.26148
G1 X128.24 Y99.687 E-.00473
;WIPE_END
G1 Z3.6 F720
G1 X122.386 Y109.761 F10800
G1 Z3.2 F720
G1 E.8 F2100
M204 S2000
;TYPE:Internal infill
;WIDTH:0.45
G1 F1133
G1 X122.896 Y110.009 E.0192
G1 X122.999 Y109.622 E.01356
G1 X122.771 Y109.52 E.00845
G1 X122.203 Y109.672 E.0199
G1 X121.533 Y109.197 E.0278
G1 X121.651 Y108.757 E.01542
G1 X121.233 Y108.352 E.0197
G1 X120.805 Y108.467 E.015
G1 X120.334 Y107.771 E.02845
G1 X120.482 Y107.222 E.01925
G1 X120.374 Y107.002 E.0083
G1 X119.98 Y107.107 E.0138
G1 X119.831 Y106.722 E.01397
G1 X119.591 Y105.631 E.03781
G1 X120.007 Y105.52 E.01457
G1 X119.996 Y105.432 E.003
G1 X119.573 Y105.008 E.02027
G1 X119.562 Y104.671 E.01141
G1 X119.66 Y104.032 E.02188
G1 X120.07 Y103.922 E.01437
G1 X120.203 Y103.479 E.01566
G1 X119.877 Y103.154 E.01558
G1 X119.901 Y103.078 E.0027
G1 X120.279 Y102.286 E.02971
G1 X120.873 Y102.127 E.02081
G1 X120.933 Y102.051 E.00328
G1 X120.634 Y101.752 E.01431
G1 X120.921 Y101.386 E.01574
G1 X121.376 Y100.931 E.02178
G1 X121.719 Y100.678 E.01443
G1 X121.994 Y100.953 E.01316
G1 X122.197 Y100.822 E.00818
G1 X122.351 Y100.245 E.02021
G1 X122.667 Y100.077 E.01211
G1 X123.098 Y99.898 E.0158
G1 X123.424 Y100.224 E.01561
G1 X123.977 Y100.075 E.01939
G1 X124.096 Y99.63 E.01559
G1 X124.674 Y99.56 E.01971
G1 X124.918 Y99.559 E.00826
G1 X125.351 Y99.992 E.02073
G1 X125.575 Y100.011 E.00761
G1 X125.686 Y99.595 E.01457
G1 X126.304 Y99.709 E.02127
G1 X126.919 Y99.9 E.0218
G1 X127.154 Y100.015 E.00886
G1 X127.047 Y100.413 E.01395
M73 P68 R2
G1 X127.125 Y100.452 E.00295
G1 X127.722 Y100.292 E.02092
G1 X128.51 Y100.853 E.03274
G1 X128.392 Y101.291 E.01535
G1 X128.714 Y101.606 E.01525
G1 X129.158 Y101.487 E.01556
G1 X129.704 Y102.296 E.03304
G1 X129.554 Y102.853 E.01953
G1 X129.601 Y102.949 E.00362
G1 X130 Y102.842 E.01398
G1 X130.29 Y103.688 E.03027
G1 X130.405 Y104.314 E.02154
G1 X129.992 Y104.425 E.01448
G1 X130.017 Y104.658 E.00793
G1 X130.444 Y105.085 E.02044
G1 X130.349 Y105.909 E.02808
G1 X129.937 Y106.02 E.01444
G1 X129.78 Y106.58 E.01969
G1 X130.099 Y106.922 E.01583
G1 X129.751 Y107.65 E.02731
G1 X129.192 Y107.8 E.01959
G1 X129.044 Y108.003 E.0085
G1 X129.332 Y108.291 E.01379
G1 X129.079 Y108.614 E.01389
G1 X128.624 Y109.069 E.02178
G1 X128.236 Y109.354 E.0163
G1 X127.96 Y109.078 E.01321
G1 X127.872 Y109.13 E.00346
G1 X127.717 Y109.711 E.02035
G1 X126.931 Y110.094 E.0296
G1 X126.842 Y110.119 E.00313
G1 X126.518 Y109.794 E.01553
G1 X126.08 Y109.922 E.01545
G1 X125.962 Y110.363 E.01545
G1 X125.329 Y110.44 E.02158
G1 X125.004 Y110.44 E.011
G1 X124.579 Y110.014 E.02037
G1 X124.478 Y110.002 E.00344
G1 X124.373 Y110.392 E.01367
G1 X123.682 Y110.287 E.02366
G1 X123.079 Y110.099 E.02138
M204 S1000
;WIPE_START
G1 F8640
G1 X123.682 Y110.287 E-.14584
G1 X124.373 Y110.392 E-.16139
G1 X124.478 Y110.002 E-.09326
G1 X124.579 Y110.014 E-.02349
G1 X125.004 Y110.44 E-.13895
G1 X125.329 Y110.44 E-.07504
G1 X125.962 Y110.363 E-.14724
G1 X125.979 Y110.301 E-.01479
;WIPE_END
G1 Z3.6 F720
; stop printing object Scheibe-Radhaenger.stl id:0 copy 0
; printing object Scheibe-Radhaenger.stl id:1 copy 0
G1 X123.747 Y127.93 F10800
G1 Z3.2 F720
G1 E.8 F2100
M204 S800
;TYPE:Perimeter
;WIDTH:0.449999
G1 F1133
G1 X123.23 Y127.78 E.01822
G1 X122.76 Y127.565 E.01749
G1 X122.158 Y127.183 E.02413
G1 X121.702 Y126.786 E.02047
G1 X121.29 Y126.336 E.02065
G1 X120.957 Y125.861 E.01964
G1 X120.678 Y125.313 E.02081
G1 X120.419 Y124.533 E.02782
G1 X120.335 Y124.021 E.01756
G1 X120.28 Y123.496 E.01787
G1 X120.388 Y122.435 E.0361
G1 X120.591 Y121.756 E.02399
G1 X120.938 Y121.054 E.02651
G1 X121.486 Y120.308 E.03133
G1 X121.846 Y119.958 E.017
G1 X122.271 Y119.606 E.01868
G1 X122.986 Y119.19 E.028
G1 X123.787 Y118.905 E.02878
G1 X124.716 Y118.76 E.03183
G1 X125.537 Y118.808 E.02784
G1 X125.906 Y118.85 E.01257
G1 X126.605 Y119.055 E.02466
G1 X127.43 Y119.462 E.03114
G1 X128.281 Y120.139 E.03681
G1 X128.8 Y120.793 E.02826
G1 X129.006 Y121.082 E.01201
G1 X129.282 Y121.64 E.02107
G1 X129.498 Y122.333 E.02457
G1 X129.584 Y122.866 E.01827
G1 X129.638 Y123.369 E.01712
G1 X129.53 Y124.431 E.03613
G1 X129.327 Y125.11 E.02399
G1 X128.974 Y125.794 E.02605
G1 X128.76 Y126.164 E.01447
G1 X128.363 Y126.645 E.02111
G1 X127.833 Y127.127 E.02425
G1 X126.936 Y127.673 E.03554
G1 X126.131 Y127.961 E.02894
G1 X125.538 Y128.078 E.02046
G1 X124.826 Y128.112 E.02413
G1 X124.114 Y128.037 E.02423
G1 X123.805 Y127.947 E.01089
M204 S1000
G1 X123.805 Y127.947 F10800
G1 X123.839 Y127.538
M204 S800
;TYPE:External perimeter
G1 F1133
G1 X123.399 Y127.41 E.01551
G1 X122.929 Y127.195 E.01749
G1 X122.38 Y126.841 E.02211
G1 X121.973 Y126.483 E.01835
G1 X121.599 Y126.071 E.01883
G1 X121.292 Y125.629 E.01822
G1 X121.043 Y125.132 E.01882
G1 X120.809 Y124.416 E.0255
G1 X120.685 Y123.454 E.03283
G1 X120.792 Y122.481 E.03313
G1 X120.979 Y121.879 E.02134
G1 X121.299 Y121.24 E.02419
G1 X121.808 Y120.558 E.02881
G1 X122.445 Y119.979 E.02914
G1 X123.191 Y119.542 E.02926
G1 X123.918 Y119.29 E.02604
G1 X124.774 Y119.163 E.02929
G1 X125.506 Y119.214 E.02484
G1 X125.938 Y119.284 E.01481
G1 X126.494 Y119.446 E.0196
G1 X127.245 Y119.825 E.02847
G1 X128.022 Y120.453 E.03382
G1 X128.641 Y121.262 E.03448
G1 X128.917 Y121.82 E.02107
G1 X129.108 Y122.45 E.02228
G1 X129.233 Y123.412 E.03284
G1 X129.125 Y124.384 E.0331
G1 X128.939 Y124.987 E.02136
G1 X128.446 Y125.905 E.03527
G1 X128.049 Y126.386 E.02111
G1 X127.562 Y126.823 E.02215
G1 X126.728 Y127.323 E.03291
G1 X126 Y127.576 E.02609
G1 X125.463 Y127.678 E.0185
G1 X124.81 Y127.705 E.02212
G1 X124.161 Y127.632 E.02211
G1 X123.896 Y127.555 E.00934
M204 S1000
;WIPE_START
G1 F8640
G1 X123.839 Y127.538 E-.01373
G1 X123.399 Y127.41 E-.10581
G1 X122.929 Y127.195 E-.11934
G1 X122.38 Y126.841 E-.15083
G1 X121.973 Y126.483 E-.12516
G1 X121.599 Y126.071 E-.12848
G1 X121.292 Y125.629 E-.12426
G1 X121.229 Y125.504 E-.03239
;WIPE_END
G1 Z3.6 F720
G1 X124.948 Y117.627 F10800
G1 Z3.2 F720
G1 E.8 F2100
M204 S800
;TYPE:Perimeter
G1 F1133
G1 X125.655 Y117.658 E.02395
G1 X126.351 Y117.785 E.02395
G1 X127.013 Y117.991 E.02347
G1 X127.976 Y118.46 E.03626
G1 X128.539 Y118.849 E.02316
G1 X129.318 Y119.583 E.03623
G1 X129.74 Y120.122 E.02317
G1 X129.989 Y120.562 E.01711
G1 X130.282 Y121.095 E.02059
G1 X130.481 Y121.615 E.01885
G1 X130.63 Y122.171 E.01948
G1 X130.736 Y122.767 E.02049
M73 P69 R2
G1 X130.772 Y123.34 E.01943
G1 X130.766 Y123.77 E.01456
G1 X130.604 Y124.834 E.03643
G1 X130.399 Y125.489 E.02323
G1 X130.003 Y126.32 E.03116
G1 X129.749 Y126.733 E.01641
G1 X129.313 Y127.29 E.02394
G1 X128.822 Y127.78 E.02348
G1 X127.967 Y128.41 E.03595
G1 X127.021 Y128.87 E.03561
G1 X125.955 Y129.161 E.0374
G1 X125.275 Y129.239 E.02317
G1 X124.574 Y129.233 E.02373
G1 X123.517 Y129.065 E.03623
G1 X122.749 Y128.798 E.02752
G1 X121.906 Y128.381 E.03183
G1 X121.332 Y127.978 E.02374
G1 X120.608 Y127.294 E.03371
G1 X120.177 Y126.744 E.02365
G1 X119.671 Y125.846 E.03489
G1 X119.529 Y125.495 E.01282
G1 X119.312 Y124.83 E.02368
G1 X119.186 Y124.143 E.02364
G1 X119.154 Y123.081 E.03596
G1 X119.314 Y122.032 E.03592
G1 X119.518 Y121.377 E.02322
G1 X119.915 Y120.546 E.03117
G1 X120.169 Y120.132 E.01644
G1 X120.605 Y119.576 E.02392
G1 X121.095 Y119.085 E.02348
G1 X121.556 Y118.746 E.01937
G1 X121.996 Y118.43 E.01834
G1 X122.883 Y117.999 E.03338
G1 X123.457 Y117.839 E.02017
G1 X123.963 Y117.705 E.01772
G1 X124.888 Y117.625 E.03143
M204 S1000
G1 X124.888 Y117.625 F10800
G1 X124.96 Y117.217
M204 S800
;TYPE:External perimeter
G1 F1133
G1 X125.208 Y117.216 E.00839
G1 X125.707 Y117.253 E.01694
G1 X126.448 Y117.389 E.0255
G1 X127.163 Y117.612 E.02535
G1 X128.182 Y118.108 E.03836
G1 X128.795 Y118.531 E.02521
G1 X129.62 Y119.308 E.03836
G1 X130.08 Y119.895 E.02524
G1 X130.343 Y120.362 E.01814
G1 X130.662 Y120.948 E.02258
G1 X130.872 Y121.499 E.01996
G1 X131.054 Y122.223 E.02527
G1 X131.142 Y122.74 E.01775
G1 X131.179 Y123.346 E.02055
G1 X131.172 Y123.804 E.0155
G1 X131.002 Y124.925 E.03838
G1 X130.779 Y125.638 E.02529
G1 X130.37 Y126.495 E.03214
G1 X130.083 Y126.968 E.01873
G1 X129.618 Y127.561 E.02551
G1 X129.088 Y128.09 E.02535
G1 X128.178 Y128.76 E.03825
G1 X127.166 Y129.253 E.0381
G1 X126.078 Y129.556 E.03823
G1 X125.335 Y129.646 E.02533
G1 X124.586 Y129.646 E.02535
G1 X123.466 Y129.476 E.03834
G1 X122.754 Y129.254 E.02524
G1 X121.736 Y128.758 E.03833
G1 X121.119 Y128.332 E.02538
G1 X120.65 Y127.921 E.02111
G1 X120.301 Y127.562 E.01695
G1 X119.838 Y126.971 E.02541
G1 X119.281 Y125.984 E.03836
G1 X119.057 Y125.405 E.02101
G1 X118.915 Y124.924 E.01698
G1 X118.78 Y124.186 E.02539
G1 X118.746 Y123.057 E.03823
G1 X118.916 Y121.94 E.03824
G1 X119.138 Y121.227 E.02528
G1 X119.547 Y120.37 E.03214
G1 X119.835 Y119.898 E.01872
G1 X120.3 Y119.305 E.02551
G1 X120.829 Y118.776 E.02532
G1 X121.742 Y118.104 E.03837
G1 X122.255 Y117.831 E.01967
G1 X122.747 Y117.614 E.0182
G1 X123.84 Y117.31 E.0384
G1 X124.584 Y117.22 E.02537
G1 X124.9 Y117.218 E.0107
M204 S1000
;WIPE_START
G1 F8640
G1 X124.96 Y117.217 E-.01386
G1 X125.208 Y117.216 E-.05726
G1 X125.707 Y117.253 E-.11554
G1 X126.448 Y117.389 E-.17396
G1 X127.163 Y117.612 E-.17294
G1 X128.182 Y118.108 E-.26168
G1 X128.199 Y118.12 E-.00476
;WIPE_END
G1 Z3.6 F720
G1 X122.345 Y128.194 F10800
G1 Z3.2 F720
G1 E.8 F2100
M204 S2000
;TYPE:Internal infill
;WIDTH:0.45
G1 F1133
G1 X122.854 Y128.442 E.01917
G1 X122.958 Y128.055 E.01356
G1 X122.73 Y127.953 E.00845
G1 X122.162 Y128.105 E.0199
G1 X121.492 Y127.63 E.0278
G1 X121.609 Y127.19 E.01541
G1 X121.192 Y126.785 E.01968
G1 X120.764 Y126.899 E.01499
G1 X120.293 Y126.204 E.02842
G1 X120.44 Y125.655 E.01924
G1 X120.333 Y125.435 E.00828
G1 X119.939 Y125.54 E.0138
G1 X119.79 Y125.155 E.01397
G1 X119.55 Y124.064 E.03781
G1 X119.966 Y123.953 E.01457
G1 X119.955 Y123.865 E.003
G1 X119.531 Y123.441 E.0203
G1 X119.521 Y123.104 E.01141
G1 X119.618 Y122.465 E.02188
G1 X120.029 Y122.355 E.0144
G1 X120.161 Y121.912 E.01565
G1 X119.836 Y121.587 E.01556
G1 X119.86 Y121.511 E.0027
G1 X120.238 Y120.719 E.02971
G1 X120.832 Y120.56 E.02081
G1 X120.892 Y120.483 E.0033
G1 X120.593 Y120.185 E.01429
G1 X120.88 Y119.819 E.01574
G1 X121.335 Y119.364 E.02178
G1 X121.678 Y119.111 E.01443
G1 X121.953 Y119.386 E.01316
G1 X122.155 Y119.255 E.00815
G1 X122.31 Y118.678 E.02022
G1 X122.626 Y118.51 E.01211
G1 X123.057 Y118.331 E.0158
G1 X123.383 Y118.657 E.01561
G1 X123.936 Y118.508 E.01939
G1 X124.055 Y118.063 E.01559
G1 X124.633 Y117.993 E.01971
G1 X124.877 Y117.992 E.00826
G1 X125.31 Y118.425 E.02073
G1 X125.534 Y118.443 E.00761
G1 X125.645 Y118.028 E.01454
G1 X126.263 Y118.142 E.02127
G1 X126.877 Y118.333 E.02177
G1 X127.113 Y118.448 E.00889
G1 X127.006 Y118.846 E.01395
G1 X127.083 Y118.885 E.00292
G1 X127.681 Y118.724 E.02096
G1 X128.469 Y119.286 E.03276
G1 X128.351 Y119.724 E.01535
G1 X128.673 Y120.039 E.01525
G1 X129.117 Y119.92 E.01556
G1 X129.662 Y120.729 E.03302
G1 X129.513 Y121.286 E.01952
G1 X129.56 Y121.382 E.00362
G1 X129.959 Y121.275 E.01398
G1 X130.249 Y122.121 E.03027
M73 P70 R2
G1 X130.363 Y122.747 E.02154
G1 X129.951 Y122.857 E.01443
G1 X129.976 Y123.091 E.00797
G1 X130.403 Y123.518 E.02044
G1 X130.308 Y124.342 E.02808
G1 X129.895 Y124.453 E.01448
G1 X129.738 Y125.012 E.01965
G1 X130.058 Y125.355 E.01588
G1 X129.71 Y126.083 E.02731
G1 X129.151 Y126.233 E.01959
G1 X129.003 Y126.436 E.0085
G1 X129.291 Y126.724 E.01379
G1 X129.038 Y127.047 E.01389
G1 X128.583 Y127.502 E.02178
G1 X128.195 Y127.787 E.0163
G1 X127.919 Y127.511 E.01321
G1 X127.831 Y127.563 E.00346
G1 X127.675 Y128.144 E.02036
G1 X126.89 Y128.526 E.02955
G1 X126.801 Y128.551 E.00313
G1 X126.477 Y128.227 E.01551
G1 X126.039 Y128.354 E.01544
G1 X125.92 Y128.796 E.01549
G1 X125.288 Y128.873 E.02155
G1 X124.963 Y128.873 E.011
G1 X124.537 Y128.447 E.02039
G1 X124.437 Y128.435 E.00341
G1 X124.332 Y128.825 E.01367
G1 X123.64 Y128.72 E.02369
G1 X123.037 Y128.531 E.02139
M204 S1000
;LAYER_CHANGE
;Z:3.4
;HEIGHT:0.2
;BEFORE_LAYER_CHANGE
G92 E0.0
;3.4


;WIPE_START
G1 F8640
G1 X123.64 Y128.72 E-.14591
G1 X124.332 Y128.825 E-.16161
G1 X124.437 Y128.435 E-.09326
G1 X124.537 Y128.447 E-.02326
G1 X124.963 Y128.873 E-.13911
G1 X125.288 Y128.873 E-.07504
G1 X125.92 Y128.796 E-.14701
G1 X125.937 Y128.734 E-.0148
;WIPE_END
G1 Z3.4 F720
;AFTER_LAYER_CHANGE
;3.4
G1 Z3.8
; stop printing object Scheibe-Radhaenger.stl id:1 copy 0
; printing object Scheibe-Radhaenger.stl id:0 copy 0
G1 X123.786 Y109.505 F10800
G1 Z3.4 F720
G1 E.8 F2100
M204 S800
;TYPE:Perimeter
;WIDTH:0.449999
G1 F1195
G1 X123.367 Y109.383 E.01477
G1 X122.802 Y109.133 E.02091
G1 X122.351 Y108.84 E.0182
G1 X121.927 Y108.512 E.01814
G1 X121.431 Y108.026 E.02351
G1 X121.001 Y107.432 E.02482
G1 X120.639 Y106.698 E.0277
G1 X120.433 Y106.012 E.02424
G1 X120.321 Y105.064 E.03231
G1 X120.429 Y104.002 E.03613
G1 X120.637 Y103.308 E.02452
G1 X121.02 Y102.575 E.02799
G1 X121.313 Y102.13 E.01803
G1 X121.657 Y101.723 E.01804
G1 X122.398 Y101.112 E.03251
G1 X122.837 Y100.86 E.01713
G1 X123.327 Y100.634 E.01827
G1 X124.067 Y100.413 E.02614
G1 X124.744 Y100.337 E.02306
G1 X125.181 Y100.339 E.01479
G1 X125.828 Y100.395 E.02198
G1 X126.667 Y100.645 E.02963
G1 X126.965 Y100.753 E.01073
G1 X127.589 Y101.104 E.02423
G1 X128.326 Y101.709 E.03228
G1 X129.047 Y102.649 E.0401
G1 X129.323 Y103.207 E.02107
G1 X129.541 Y103.9 E.02459
G1 X129.623 Y104.412 E.01755
G1 X129.679 Y104.936 E.01784
G1 X129.571 Y105.998 E.03613
G1 X129.39 Y106.607 E.02151
G1 X129.283 Y106.869 E.00958
G1 X128.866 Y107.634 E.02949
G1 X128.474 Y108.128 E.02135
G1 X128.112 Y108.476 E.017
G1 X127.7 Y108.819 E.01815
G1 X126.973 Y109.243 E.02849
G1 X126.1 Y109.547 E.03129
G1 X125.577 Y109.645 E.01801
G1 X124.867 Y109.679 E.02406
G1 X124.155 Y109.604 E.02423
G1 X123.885 Y109.534 E.00944
G1 X123.844 Y109.522 E.00145
M204 S1000
G1 X123.844 Y109.522 F10800
G1 X123.879 Y109.108
M204 S800
;TYPE:External perimeter
G1 F1195
G1 X123.481 Y108.992 E.01403
G1 X122.971 Y108.762 E.01894
G1 X122.347 Y108.348 E.02535
G1 X121.772 Y107.79 E.02712
G1 X121.334 Y107.198 E.02493
G1 X121.041 Y106.613 E.02215
G1 X120.846 Y105.973 E.02265
G1 X120.726 Y105.021 E.03248
G1 X120.834 Y104.049 E.0331
G1 X121.025 Y103.431 E.02189
G1 X121.377 Y102.769 E.02538
G1 X121.627 Y102.389 E.0154
G1 X121.937 Y102.02 E.01631
G1 X122.658 Y101.425 E.03164
G1 X123.237 Y101.106 E.02238
G1 X123.66 Y100.943 E.01534
G1 X124.172 Y100.806 E.01794
G1 X124.785 Y100.742 E.02086
G1 X125.538 Y100.778 E.02552
G1 X125.958 Y100.847 E.01441
G1 X126.727 Y101.091 E.02731
G1 X127.246 Y101.378 E.02007
G1 X127.598 Y101.63 E.01465
G1 X128.066 Y102.022 E.02066
G1 X128.682 Y102.829 E.03436
G1 X128.959 Y103.387 E.02109
G1 X129.151 Y104.017 E.02229
G1 X129.274 Y104.979 E.03283
G1 X129.166 Y105.951 E.0331
G1 X129.002 Y106.484 E.01888
G1 X128.487 Y107.472 E.03771
G1 X128.091 Y107.953 E.02109
G1 X127.525 Y108.446 E.02541
G1 X126.768 Y108.891 E.02972
G1 X126.054 Y109.14 E.0256
G1 X125.505 Y109.245 E.01892
G1 X124.851 Y109.272 E.02216
G1 X124.202 Y109.199 E.02211
G1 X123.999 Y109.143 E.00713
G1 X123.937 Y109.125 E.00219
M204 S1000
;WIPE_START
G1 F8640
G1 X123.879 Y109.108 E-.01396
G1 X123.481 Y108.992 E-.09572
G1 X122.971 Y108.762 E-.12918
G1 X122.347 Y108.348 E-.17291
G1 X121.772 Y107.79 E-.18501
G1 X121.334 Y107.198 E-.17004
G1 X121.27 Y107.069 E-.03318
;WIPE_END
G1 Z3.8 F720
G1 X124.989 Y99.192 F10800
G1 Z3.4 F720
G1 E.8 F2100
M204 S800
;TYPE:Perimeter
G1 F1195
G1 X125.034 Y99.192 E.00152
G1 X125.696 Y99.225 E.02244
G1 X126.392 Y99.352 E.02395
G1 X127.054 Y99.559 E.02348
G1 X128.017 Y100.027 E.03624
G1 X128.587 Y100.421 E.02345
G1 X129.106 Y100.881 E.02347
G1 X129.753 Y101.657 E.0342
G1 X130.03 Y102.129 E.01852
G1 X130.323 Y102.662 E.02059
G1 X130.528 Y103.197 E.01939
G1 X130.669 Y103.723 E.01843
G1 X130.774 Y104.334 E.02098
G1 X130.79 Y104.86 E.01781
G1 X130.797 Y105.403 E.01838
G1 X130.63 Y106.45 E.03589
G1 X130.307 Y107.383 E.03342
G1 X129.982 Y108.001 E.02363
G1 X129.347 Y108.864 E.03627
G1 X128.864 Y109.348 E.02314
G1 X128.413 Y109.679 E.01894
G1 X127.962 Y110.002 E.01878
G1 X127.292 Y110.341 E.02542
G1 X126.803 Y110.528 E.01772
G1 X126.307 Y110.663 E.0174
M73 P71 R2
G1 X125.529 Y110.778 E.02662
G1 X124.598 Y110.797 E.03152
G1 X123.557 Y110.633 E.03567
G1 X122.616 Y110.306 E.03372
G1 X122.14 Y110.059 E.01815
G1 X121.7 Y109.79 E.01746
G1 X121.143 Y109.354 E.02394
G1 X120.683 Y108.894 E.02202
G1 X120.453 Y108.593 E.01282
G1 X119.947 Y107.868 E.02993
G1 X119.563 Y107.068 E.03004
G1 X119.352 Y106.392 E.02397
G1 X119.227 Y105.71 E.02347
G1 X119.21 Y105.14 E.0193
G1 X119.203 Y104.597 E.01838
G1 X119.371 Y103.548 E.03596
G1 X119.672 Y102.686 E.03091
G1 X120.019 Y101.995 E.02617
G1 X120.421 Y101.413 E.02394
G1 X120.881 Y100.894 E.02347
G1 X121.704 Y100.208 E.03627
G1 X122.297 Y99.85 E.02345
G1 X122.929 Y99.565 E.02347
G1 X123.961 Y99.277 E.03627
G1 X124.618 Y99.198 E.0224
G1 X124.929 Y99.193 E.01053
M204 S1000
G1 X124.929 Y99.193 F10800
G1 X125.001 Y98.785
M204 S800
;TYPE:External perimeter
G1 F1195
G1 X125.225 Y98.784 E.00758
G1 X125.748 Y98.82 E.01774
G1 X126.49 Y98.956 E.02553
G1 X127.205 Y99.179 E.02535
G1 X128.223 Y99.675 E.03833
G1 X128.839 Y100.1 E.02533
G1 X129.399 Y100.597 E.02534
G1 X130.123 Y101.465 E.03826
G1 X130.384 Y101.929 E.01802
G1 X130.738 Y102.606 E.02586
G1 X130.918 Y103.082 E.01723
G1 X131.093 Y103.777 E.02426
G1 X131.181 Y104.321 E.01865
G1 X131.213 Y105.376 E.03573
G1 X131.043 Y106.493 E.03824
G1 X130.868 Y107.065 E.02025
G1 X130.677 Y107.553 E.01774
G1 X130.328 Y108.218 E.02542
G1 X129.657 Y109.13 E.03833
G1 X129.13 Y109.657 E.02523
G1 X128.217 Y110.328 E.03835
G1 X127.554 Y110.676 E.02535
G1 X126.994 Y110.892 E.02032
G1 X126.491 Y111.043 E.01778
G1 X125.753 Y111.179 E.0254
G1 X124.624 Y111.213 E.03823
G1 X123.507 Y111.043 E.03824
G1 X122.935 Y110.868 E.02025
G1 X122.446 Y110.677 E.01777
G1 X121.912 Y110.4 E.02036
G1 X121.465 Y110.124 E.01778
G1 X120.872 Y109.659 E.02551
G1 X120.343 Y109.13 E.02532
G1 X119.671 Y108.217 E.03837
G1 X119.391 Y107.69 E.0202
G1 X119.18 Y107.209 E.01778
G1 X118.956 Y106.49 E.02549
G1 X118.821 Y105.753 E.02536
G1 X118.787 Y104.624 E.03823
G1 X118.957 Y103.507 E.03824
G1 X119.18 Y102.792 E.02535
G1 X119.424 Y102.244 E.0203
G1 X119.672 Y101.781 E.01778
G1 X120.1 Y101.161 E.0255
G1 X120.597 Y100.601 E.02534
G1 X121.467 Y99.875 E.03835
G1 X122.107 Y99.489 E.0253
G1 X122.79 Y99.181 E.02536
G1 X123.881 Y98.877 E.03834
G1 X124.625 Y98.787 E.02537
G1 X124.941 Y98.785 E.0107
M204 S1000
;WIPE_START
G1 F8640
G1 X125.001 Y98.785 E-.01385
G1 X125.225 Y98.784 E-.05172
G1 X125.748 Y98.82 E-.12105
G1 X126.49 Y98.956 E-.17418
G1 X127.205 Y99.179 E-.17294
G1 X128.223 Y99.675 E-.26148
G1 X128.24 Y99.687 E-.00478
;WIPE_END
G1 Z3.8 F720
G1 X129.901 Y106.176 F10800
G1 Z3.4 F720
G1 E.8 F2100
M204 S2000
;TYPE:Internal infill
;WIDTH:0.45
G1 F1195
G1 X130.326 Y106.062 E.01489
M204 S1000
G1 X130.326 Y106.062 F10800
G1 X129.825 Y106.425
M204 S2000
G1 F1195
G1 X130.154 Y106.754 E.01575
M204 S1000
;WIPE_START
G1 F8640
G1 X129.825 Y106.425 E-.10743
;WIPE_END
G1 E-.69257 F2100
G1 Z3.8 F720
G1 X128.516 Y109.149 F10800
G1 Z3.4 F720
G1 E.8 F2100
M204 S2000
G1 F1195
G1 X129.069 Y108.624 E.02581
G1 X129.406 Y108.165 E.01927
G1 X129.134 Y107.893 E.01302
G1 X129.07 Y107.979 E.00363
G1 X129.66 Y107.821 E.02067
G1 X130.426 Y104.951 E.10055
G1 X130.424 Y104.865 E.00291
G1 X129.991 Y104.432 E.02073
G1 X130.005 Y104.567 E.00459
G1 X130.411 Y104.459 E.01422
G1 X130.29 Y103.688 E.02642
G1 X130.051 Y102.975 E.02545
G1 X129.665 Y103.078 E.01352
G1 X129.46 Y102.659 E.01579
G1 X129.604 Y102.12 E.01888
G1 X129.483 Y101.906 E.00832
G1 X129.239 Y101.612 E.01293
G1 X128.818 Y101.725 E.01475
G1 X128.274 Y101.189 E.02585
G1 X128.394 Y100.739 E.01576
G1 X127.898 Y100.391 E.02051
G1 X127.335 Y100.542 E.01973
G1 X126.92 Y100.341 E.01561
G1 X127.025 Y99.952 E.01364
G1 X126.304 Y99.709 E.02575
G1 X125.649 Y99.589 E.02254
G1 X125.544 Y99.58 E.00357
G1 X125.433 Y99.995 E.01454
G1 X125.566 Y100.007 E.00452
G1 X125.117 Y99.559 E.02147
G1 X124.673 Y99.56 E.01503
G1 X123.941 Y99.663 E.02502
G1 X123.824 Y100.099 E.01528
G1 X123.568 Y100.168 E.00897
G1 X123.255 Y99.855 E.01498
G1 X123.054 Y99.91 E.00705
G1 X122.177 Y100.35 E.03321
G1 X122.014 Y100.956 E.02124
G1 X122.113 Y100.872 E.00439
G1 X121.825 Y100.584 E.01379
G1 X121.137 Y101.157 E.03031
G1 X120.715 Y101.633 E.02153
G1 X121.009 Y101.927 E.01407
G1 X120.754 Y102.305 E.01543
G1 X120.184 Y102.458 E.01998
G1 X119.931 Y103.007 E.02046
G1 X120.253 Y103.329 E.01541
G1 X120.054 Y104.073 E.02607
G1 X119.636 Y104.185 E.01465
G1 X119.566 Y104.802 E.02102
G1 X119.97 Y105.206 E.01934
G1 X120.019 Y105.663 E.01556
G1 X119.611 Y105.772 E.01429
G1 X119.709 Y106.304 E.01831
G1 X120.035 Y107.239 E.03352
G1 X120.437 Y107.131 E.01409
G1 X120.387 Y107.03 E.00381
G1 X120.235 Y107.629 E.02092
G1 X122.374 Y109.768 E.10239
G1 X122.973 Y109.613 E.02094
M73 P72 R2
G1 X122.868 Y109.565 E.00391
G1 X122.76 Y109.968 E.01412
G1 X123.679 Y110.287 E.03293
G1 X124.233 Y110.371 E.01897
G1 X124.337 Y109.983 E.0136
G1 X124.803 Y110.039 E.01589
G1 X125.187 Y110.422 E.01836
G1 X125.671 Y110.407 E.01639
G1 X125.81 Y110.382 E.00478
G1 X125.925 Y109.953 E.01503
G1 X126.667 Y109.743 E.0261
G1 X126.989 Y110.065 E.01541
G1 X127.544 Y109.808 E.0207
G1 X127.697 Y109.237 E.02001
G1 X128.073 Y108.991 E.01521
G1 X128.352 Y109.269 E.01333
G1 X127.725 Y109.714 E.02603
M204 S1000
;WIPE_START
G1 F8640
G1 X128.352 Y109.269 E-.17753
G1 X128.073 Y108.991 E-.09094
G1 X127.697 Y109.237 E-.10375
G1 X127.544 Y109.808 E-.1365
G1 X126.989 Y110.065 E-.14122
G1 X126.667 Y109.743 E-.10515
G1 X126.48 Y109.796 E-.04491
;WIPE_END
G1 Z3.8 F720
G1 X121.412 Y109.1 F10800
G1 Z3.4 F720
G1 E.8 F2100
M204 S2000
G1 F1195
G1 X121.536 Y108.638 E.01619
M204 S1000
G1 X121.536 Y108.638 F10800
G1 X121.358 Y108.465
M204 S2000
G1 F1195
G1 X120.904 Y108.587 E.01591
M204 S1000
;WIPE_START
G1 F8640
G1 X121.358 Y108.465 E-.10855
;WIPE_END
G1 E-.69145 F2100
G1 Z3.8 F720
; stop printing object Scheibe-Radhaenger.stl id:0 copy 0
; printing object Scheibe-Radhaenger.stl id:1 copy 0
G1 X123.745 Y127.938 F10800
G1 Z3.4 F720
G1 E.8 F2100
M204 S800
;TYPE:Perimeter
;WIDTH:0.449999
G1 F1195
G1 X123.326 Y127.816 E.01477
G1 X122.761 Y127.565 E.02093
G1 X122.31 Y127.273 E.01819
G1 X121.886 Y126.945 E.01814
G1 X121.39 Y126.459 E.02351
G1 X120.96 Y125.865 E.02482
G1 X120.598 Y125.131 E.0277
G1 X120.392 Y124.445 E.02424
G1 X120.28 Y123.497 E.03231
G1 X120.388 Y122.435 E.03613
G1 X120.596 Y121.741 E.02452
G1 X120.979 Y121.008 E.02799
G1 X121.272 Y120.563 E.01803
G1 X121.616 Y120.156 E.01804
G1 X122.356 Y119.545 E.03248
G1 X122.795 Y119.293 E.01713
G1 X123.286 Y119.067 E.0183
G1 X124.025 Y118.846 E.02611
G1 X124.703 Y118.77 E.02309
G1 X125.14 Y118.772 E.01479
G1 X125.786 Y118.828 E.02195
G1 X126.626 Y119.078 E.02967
G1 X126.924 Y119.186 E.01073
G1 X127.548 Y119.537 E.02423
G1 X128.285 Y120.142 E.03228
G1 X129.006 Y121.082 E.0401
G1 X129.282 Y121.64 E.02107
G1 X129.499 Y122.333 E.02458
G1 X129.582 Y122.845 E.01756
G1 X129.637 Y123.368 E.0178
G1 X129.53 Y124.431 E.03616
G1 X129.349 Y125.04 E.02151
G1 X129.241 Y125.302 E.00959
G1 X128.825 Y126.067 E.02948
G1 X128.432 Y126.561 E.02137
G1 X128.071 Y126.909 E.01697
G1 X127.658 Y127.252 E.01817
G1 X126.932 Y127.676 E.02846
G1 X126.059 Y127.98 E.03129
G1 X125.536 Y128.078 E.01801
G1 X124.826 Y128.112 E.02406
G1 X124.114 Y128.037 E.02423
G1 X123.844 Y127.967 E.00944
G1 X123.803 Y127.955 E.00145
M204 S1000
G1 X123.803 Y127.955 F10800
G1 X123.838 Y127.541
M204 S800
;TYPE:External perimeter
G1 F1195
G1 X123.439 Y127.425 E.01406
G1 X122.93 Y127.195 E.01891
G1 X122.306 Y126.781 E.02535
G1 X121.731 Y126.223 E.02712
G1 X121.293 Y125.631 E.02493
G1 X121 Y125.046 E.02215
G1 X120.805 Y124.406 E.02265
G1 X120.685 Y123.454 E.03248
G1 X120.792 Y122.481 E.03313
G1 X120.984 Y121.864 E.02187
G1 X121.336 Y121.202 E.02538
G1 X121.586 Y120.822 E.0154
G1 X121.896 Y120.452 E.01634
G1 X122.616 Y119.858 E.03159
G1 X123.196 Y119.539 E.02241
G1 X123.619 Y119.376 E.01534
G1 X124.131 Y119.239 E.01794
G1 X124.743 Y119.175 E.02083
G1 X125.497 Y119.211 E.02555
G1 X125.917 Y119.28 E.01441
G1 X126.686 Y119.524 E.02731
G1 X127.205 Y119.811 E.02007
G1 X127.557 Y120.063 E.01465
G1 X128.024 Y120.455 E.02064
G1 X128.641 Y121.262 E.03439
G1 X128.917 Y121.82 E.02107
G1 X129.109 Y122.45 E.02229
G1 X129.233 Y123.412 E.03283
G1 X129.125 Y124.384 E.0331
G1 X128.961 Y124.917 E.01888
G1 X128.446 Y125.905 E.03771
G1 X128.05 Y126.385 E.02106
G1 X127.484 Y126.878 E.02541
G1 X126.727 Y127.324 E.02974
G1 X126.013 Y127.573 E.0256
G1 X125.463 Y127.678 E.01895
G1 X124.81 Y127.705 E.02212
G1 X124.161 Y127.632 E.02211
G1 X123.958 Y127.576 E.00713
G1 X123.896 Y127.558 E.00219
M204 S1000
;WIPE_START
G1 F8640
G1 X123.838 Y127.541 E-.01396
G1 X123.439 Y127.425 E-.09594
G1 X122.93 Y127.195 E-.12897
G1 X122.306 Y126.781 E-.17291
G1 X121.731 Y126.223 E-.18501
G1 X121.293 Y125.631 E-.17004
G1 X121.229 Y125.502 E-.03317
;WIPE_END
G1 Z3.8 F720
G1 X124.948 Y117.625 F10800
G1 Z3.4 F720
G1 E.8 F2100
M204 S800
;TYPE:Perimeter
G1 F1195
G1 X124.993 Y117.624 E.00152
G1 X125.655 Y117.658 E.02244
G1 X126.351 Y117.785 E.02395
G1 X127.013 Y117.991 E.02347
G1 X127.976 Y118.46 E.03626
G1 X128.546 Y118.854 E.02345
G1 X129.065 Y119.314 E.02347
G1 X129.711 Y120.089 E.03415
G1 X129.989 Y120.562 E.01857
G1 X130.282 Y121.095 E.02059
G1 X130.486 Y121.63 E.01938
G1 X130.628 Y122.155 E.01841
G1 X130.733 Y122.767 E.02102
G1 X130.749 Y123.292 E.01778
G1 X130.756 Y123.836 E.01842
G1 X130.589 Y124.882 E.03585
G1 X130.265 Y125.816 E.03346
G1 X129.941 Y126.434 E.02362
G1 X129.306 Y127.297 E.03627
G1 X128.822 Y127.78 E.02314
G1 X128.372 Y128.112 E.01893
G1 X127.921 Y128.435 E.01878
M73 P73 R2
G1 X127.251 Y128.774 E.02542
G1 X126.762 Y128.96 E.01771
G1 X126.266 Y129.096 E.01741
G1 X125.488 Y129.211 E.02662
G1 X124.556 Y129.23 E.03155
G1 X123.516 Y129.065 E.03564
G1 X122.575 Y128.739 E.03371
G1 X122.098 Y128.492 E.01818
G1 X121.659 Y128.223 E.01743
G1 X121.102 Y127.787 E.02394
G1 X120.642 Y127.327 E.02202
G1 X120.412 Y127.026 E.01282
G1 X119.906 Y126.301 E.02993
G1 X119.522 Y125.5 E.03007
G1 X119.311 Y124.825 E.02394
G1 X119.186 Y124.143 E.02347
G1 X119.169 Y123.573 E.0193
G1 X119.162 Y123.03 E.01838
G1 X119.33 Y121.981 E.03596
G1 X119.631 Y121.119 E.03091
G1 X119.978 Y120.428 E.02617
G1 X120.38 Y119.846 E.02394
G1 X120.84 Y119.326 E.0235
G1 X121.663 Y118.641 E.03624
G1 X122.255 Y118.283 E.02342
G1 X122.888 Y117.998 E.0235
G1 X123.919 Y117.71 E.03623
G1 X124.576 Y117.631 E.0224
G1 X124.888 Y117.626 E.01056
M204 S1000
G1 X124.888 Y117.626 F10800
G1 X124.96 Y117.218
M204 S800
;TYPE:External perimeter
G1 F1195
G1 X125.184 Y117.216 E.00758
G1 X125.707 Y117.253 E.01775
G1 X126.448 Y117.389 E.0255
G1 X127.163 Y117.612 E.02535
G1 X128.182 Y118.108 E.03836
G1 X128.798 Y118.533 E.02533
G1 X129.358 Y119.03 E.02534
G1 X130.081 Y119.897 E.03821
G1 X130.343 Y120.362 E.01807
G1 X130.697 Y121.039 E.02586
G1 X130.877 Y121.515 E.01723
G1 X131.051 Y122.21 E.02425
G1 X131.14 Y122.754 E.01866
G1 X131.172 Y123.809 E.03573
G1 X131.001 Y124.926 E.03825
G1 X130.827 Y125.497 E.02021
G1 X130.636 Y125.986 E.01777
G1 X130.287 Y126.651 E.02542
G1 X129.616 Y127.563 E.03833
G1 X129.088 Y128.09 E.02525
G1 X128.176 Y128.761 E.03833
G1 X127.513 Y129.109 E.02535
G1 X126.953 Y129.325 E.02032
G1 X126.45 Y129.476 E.01778
G1 X125.712 Y129.612 E.0254
G1 X124.583 Y129.646 E.03823
G1 X123.466 Y129.476 E.03824
G1 X122.894 Y129.301 E.02025
G1 X122.405 Y129.11 E.01777
G1 X121.87 Y128.833 E.02039
G1 X121.424 Y128.557 E.01775
G1 X120.831 Y128.092 E.02551
G1 X120.302 Y127.563 E.02532
G1 X119.63 Y126.65 E.03837
G1 X119.35 Y126.122 E.02023
G1 X119.139 Y125.642 E.01775
G1 X118.915 Y124.923 E.02549
G1 X118.78 Y124.186 E.02536
G1 X118.746 Y123.057 E.03823
G1 X118.916 Y121.94 E.03824
G1 X119.139 Y121.225 E.02535
G1 X119.382 Y120.676 E.02032
G1 X119.631 Y120.214 E.01776
G1 X120.059 Y119.594 E.0255
G1 X120.555 Y119.033 E.02535
G1 X121.426 Y118.308 E.03836
G1 X122.066 Y117.921 E.02532
G1 X122.749 Y117.614 E.02535
G1 X123.84 Y117.31 E.03834
G1 X124.584 Y117.22 E.02537
G1 X124.9 Y117.218 E.0107
M204 S1000
;WIPE_START
G1 F8640
G1 X124.96 Y117.218 E-.01385
G1 X125.184 Y117.216 E-.05172
G1 X125.707 Y117.253 E-.12106
G1 X126.448 Y117.389 E-.17396
G1 X127.163 Y117.612 E-.17294
G1 X128.182 Y118.108 E-.26168
G1 X128.199 Y118.12 E-.00479
;WIPE_END
G1 Z3.8 F720
G1 X129.86 Y124.609 F10800
G1 Z3.4 F720
G1 E.8 F2100
M204 S2000
;TYPE:Internal infill
;WIDTH:0.45
G1 F1195
G1 X130.285 Y124.495 E.01489
M204 S1000
G1 X130.285 Y124.495 F10800
G1 X129.784 Y124.858
M204 S2000
G1 F1195
G1 X130.113 Y125.187 E.01575
M204 S1000
;WIPE_START
G1 F8640
G1 X129.784 Y124.858 E-.10743
;WIPE_END
G1 E-.69257 F2100
G1 Z3.8 F720
G1 X128.474 Y127.582 F10800
G1 Z3.4 F720
G1 E.8 F2100
M204 S2000
G1 F1195
G1 X129.027 Y127.057 E.02581
G1 X129.365 Y126.598 E.01929
G1 X129.093 Y126.326 E.01302
G1 X129.029 Y126.412 E.00363
G1 X129.619 Y126.254 E.02067
G1 X130.385 Y123.384 E.10055
G1 X130.382 Y123.298 E.00291
G1 X129.95 Y122.865 E.0207
G1 X129.964 Y123 E.00459
G1 X130.37 Y122.891 E.01423
G1 X130.249 Y122.121 E.02638
G1 X130.01 Y121.408 E.02545
G1 X129.624 Y121.511 E.01352
G1 X129.419 Y121.092 E.01579
G1 X129.563 Y120.553 E.01888
G1 X129.442 Y120.339 E.00832
G1 X129.197 Y120.045 E.01295
G1 X128.776 Y120.158 E.01475
G1 X128.232 Y119.621 E.02587
G1 X128.353 Y119.172 E.01574
G1 X127.857 Y118.824 E.02051
G1 X127.294 Y118.975 E.01973
G1 X126.879 Y118.774 E.01561
G1 X126.983 Y118.385 E.01363
G1 X126.263 Y118.142 E.02572
G1 X125.608 Y118.021 E.02255
G1 X125.502 Y118.013 E.0036
G1 X125.391 Y118.428 E.01454
G1 X125.524 Y118.44 E.00452
G1 X125.076 Y117.991 E.02147
G1 X124.632 Y117.993 E.01503
G1 X123.9 Y118.096 E.02502
G1 X123.783 Y118.532 E.01528
G1 X123.526 Y118.6 E.009
G1 X123.213 Y118.287 E.01498
G1 X123.013 Y118.343 E.00703
G1 X122.135 Y118.783 E.03324
G1 X121.973 Y119.389 E.02123
G1 X122.072 Y119.305 E.00439
G1 X121.784 Y119.017 E.01379
G1 X121.096 Y119.59 E.03031
G1 X120.674 Y120.066 E.02153
G1 X120.968 Y120.36 E.01407
G1 X120.713 Y120.738 E.01543
G1 X120.143 Y120.891 E.01998
G1 X119.89 Y121.44 E.02046
G1 X120.211 Y121.762 E.01539
G1 X120.012 Y122.506 E.02607
G1 X119.595 Y122.618 E.01462
G1 X119.525 Y123.235 E.02102
G1 X119.929 Y123.639 E.01934
G1 X119.978 Y124.096 E.01556
G1 X119.57 Y124.205 E.01429
G1 X119.667 Y124.737 E.0183
G1 X119.994 Y125.672 E.03353
G1 X120.396 Y125.564 E.01409
G1 X120.345 Y125.463 E.00383
G1 X120.193 Y126.062 E.02092
G1 X122.333 Y128.201 E.10242
G1 X122.931 Y128.045 E.02092
M73 P74 R2
G1 X122.827 Y127.998 E.00386
G1 X122.719 Y128.401 E.01412
G1 X123.638 Y128.719 E.03292
G1 X124.191 Y128.804 E.01894
G1 X124.295 Y128.416 E.0136
G1 X124.762 Y128.471 E.01592
G1 X125.145 Y128.855 E.01836
G1 X125.63 Y128.84 E.01642
G1 X125.769 Y128.815 E.00478
G1 X125.884 Y128.386 E.01503
G1 X126.626 Y128.176 E.0261
G1 X126.948 Y128.498 E.01541
G1 X127.503 Y128.241 E.0207
G1 X127.656 Y127.67 E.02001
G1 X128.032 Y127.424 E.01521
G1 X128.31 Y127.702 E.01331
G1 X127.683 Y128.146 E.02601
M204 S1000
;WIPE_START
G1 F8640
G1 X128.31 Y127.702 E-.1774
G1 X128.032 Y127.424 E-.09078
G1 X127.656 Y127.67 E-.10375
G1 X127.503 Y128.241 E-.1365
G1 X126.948 Y128.498 E-.14122
G1 X126.626 Y128.176 E-.10515
G1 X126.438 Y128.229 E-.0452
;WIPE_END
G1 Z3.8 F720
G1 X121.371 Y127.533 F10800
G1 Z3.4 F720
G1 E.8 F2100
M204 S2000
G1 F1195
G1 X121.495 Y127.071 E.01619
M204 S1000
G1 X121.495 Y127.071 F10800
G1 X121.316 Y126.898
M204 S2000
G1 F1195
G1 X120.862 Y127.019 E.0159
M204 S1000
;LAYER_CHANGE
;Z:3.6
;HEIGHT:0.2
;BEFORE_LAYER_CHANGE
G92 E0.0
;3.6


;WIPE_START
G1 F8640
G1 X121.316 Y126.898 E-.10849
;WIPE_END
G1 E-.69151 F2100
G1 Z3.6 F720
;AFTER_LAYER_CHANGE
;3.6
G1 Z4
; stop printing object Scheibe-Radhaenger.stl id:1 copy 0
; printing object Scheibe-Radhaenger.stl id:0 copy 0
G1 X123.788 Y109.5 F10800
G1 Z3.6 F720
G1 E.8 F2100
M204 S800
;TYPE:Perimeter
;WIDTH:0.449999
G1 F1439
G1 X123.48 Y109.425 E.01073
G1 X122.819 Y109.115 E.02471
G1 X122.372 Y108.868 E.01729
G1 X121.857 Y108.465 E.02213
G1 X121.161 Y107.68 E.03551
G1 X120.639 Y106.699 E.03761
G1 X120.436 Y106.026 E.02379
G1 X120.337 Y105.402 E.02139
G1 X120.338 Y104.688 E.02417
G1 X120.433 Y103.976 E.02431
G1 X120.631 Y103.328 E.02294
G1 X120.836 Y102.865 E.01714
G1 X121.147 Y102.343 E.02057
G1 X121.199 Y102.269 E.00306
G1 X121.595 Y101.788 E.02109
G1 X122.373 Y101.133 E.03442
G1 X123.043 Y100.748 E.02616
G1 X123.541 Y100.554 E.01809
G1 X124.066 Y100.413 E.0184
G1 X125.212 Y100.323 E.03891
G1 X125.689 Y100.374 E.01624
G1 X126.52 Y100.575 E.02894
G1 X127.476 Y101.031 E.03585
G1 X128.079 Y101.475 E.02535
G1 X128.527 Y101.93 E.02161
G1 X128.847 Y102.351 E.0179
G1 X129.13 Y102.817 E.01845
G1 X129.361 Y103.301 E.01815
G1 X129.564 Y103.974 E.02379
G1 X129.663 Y104.598 E.02139
G1 X129.662 Y105.309 E.02407
G1 X129.567 Y106.024 E.02441
G1 X129.385 Y106.621 E.02113
G1 X128.984 Y107.418 E.0302
G1 X128.801 Y107.731 E.01227
G1 X128.405 Y108.212 E.02109
G1 X127.601 Y108.889 E.03558
G1 X126.958 Y109.252 E.02499
G1 X126.2 Y109.521 E.02723
G1 X125.245 Y109.673 E.03273
G1 X124.311 Y109.626 E.03165
G1 X123.846 Y109.514 E.01619
M204 S1000
G1 X123.846 Y109.514 F10800
G1 X123.881 Y109.102
M204 S800
;TYPE:External perimeter
G1 F1439
G1 X123.576 Y109.03 E.01061
G1 X122.623 Y108.547 E.03616
G1 X122.108 Y108.144 E.02213
G1 X121.517 Y107.476 E.03019
G1 X121.105 Y106.73 E.02885
G1 X120.85 Y105.989 E.02653
G1 X120.739 Y105.342 E.02222
G1 X120.745 Y104.693 E.02197
G1 X120.835 Y104.04 E.02231
G1 X121.019 Y103.451 E.02089
G1 X121.36 Y102.777 E.02557
G1 X121.513 Y102.528 E.00989
G1 X121.909 Y102.047 E.02109
G1 X122.631 Y101.447 E.03178
G1 X123.237 Y101.106 E.02354
G1 X123.698 Y100.934 E.01666
G1 X124.195 Y100.802 E.01741
G1 X125.175 Y100.729 E.03326
G1 X125.594 Y100.77 E.01425
G1 X126.424 Y100.97 E.0289
G1 X127.295 Y101.396 E.03282
G1 X127.832 Y101.798 E.02271
G1 X128.234 Y102.213 E.01956
G1 X128.666 Y102.802 E.02472
G1 X128.959 Y103.387 E.02215
G1 X129.155 Y104.028 E.02269
G1 X129.261 Y104.658 E.02162
G1 X129.255 Y105.304 E.02187
G1 X129.165 Y105.96 E.02241
G1 X128.997 Y106.498 E.01908
G1 X128.487 Y107.472 E.03721
G1 X128.091 Y107.953 E.02109
G1 X127.342 Y108.575 E.03295
G1 X126.763 Y108.894 E.02238
G1 X126.067 Y109.137 E.02495
G1 X125.186 Y109.27 E.03016
G1 X124.444 Y109.236 E.02514
G1 X123.939 Y109.116 E.01757
M204 S1000
;WIPE_START
G1 F8640
G1 X123.881 Y109.102 E-.01378
G1 X123.576 Y109.03 E-.07236
G1 X122.623 Y108.547 E-.2467
G1 X122.108 Y108.144 E-.151
G1 X121.517 Y107.476 E-.20594
G1 X121.286 Y107.058 E-.11022
;WIPE_END
G1 Z4 F720
G1 X124.989 Y99.193 F10800
G1 Z3.6 F720
G1 E.8 F2100
M204 S800
;TYPE:Perimeter
G1 F1439
G1 X125.148 Y99.191 E.00538
G1 X125.696 Y99.225 E.01858
G1 X126.392 Y99.352 E.02395
G1 X127.054 Y99.559 E.02348
G1 X128.017 Y100.027 E.03624
G1 X128.544 Y100.391 E.02168
G1 X128.931 Y100.746 E.01778
G1 X129.434 Y101.245 E.02398
G1 X129.805 Y101.726 E.02056
G1 X130.165 Y102.328 E.02374
G1 X130.449 Y102.97 E.02376
G1 X130.69 Y103.837 E.03046
G1 X130.774 Y104.333 E.01703
G1 X130.803 Y105.3 E.03275
G1 X130.758 Y105.66 E.01228
G1 X130.63 Y106.45 E.02709
G1 X130.307 Y107.382 E.03339
G1 X129.982 Y108.001 E.02366
G1 X129.347 Y108.864 E.03627
G1 X128.864 Y109.348 E.02314
G1 X128.008 Y109.977 E.03596
G1 X127.062 Y110.438 E.03562
G1 X126.039 Y110.723 E.03595
G1 X125.351 Y110.806 E.02346
G1 X124.658 Y110.806 E.02346
G1 X123.598 Y110.645 E.03629
G1 X123.027 Y110.47 E.02021
G1 X122.294 Y110.149 E.02709
G1 X121.696 Y109.787 E.02366
G1 X121.143 Y109.354 E.02377
G1 X120.646 Y108.857 E.02379
G1 X120.217 Y108.31 E.02353
G1 X119.745 Y107.483 E.03223
G1 X119.563 Y107.068 E.01534
G1 X119.368 Y106.442 E.02219
G1 X119.194 Y105.297 E.0392
G1 X119.228 Y104.357 E.03184
M73 P75 R2
G1 X119.351 Y103.613 E.02553
G1 X119.559 Y102.946 E.02365
G1 X120.027 Y101.983 E.03624
G1 X120.422 Y101.412 E.0235
G1 X120.758 Y101.028 E.01727
G1 X121.138 Y100.65 E.01814
G1 X121.69 Y100.217 E.02375
G1 X122.537 Y99.734 E.033
G1 X123.272 Y99.446 E.02672
G1 X123.952 Y99.279 E.0237
G1 X124.617 Y99.198 E.02268
G1 X124.929 Y99.194 E.01056
M204 S1000
G1 X125.001 Y98.785 F10800
M204 S800
;TYPE:External perimeter
G1 F1439
G1 X125.241 Y98.784 E.00812
G1 X125.748 Y98.82 E.0172
G1 X126.49 Y98.956 E.02553
G1 X127.205 Y99.179 E.02535
G1 X128.223 Y99.675 E.03833
G1 X128.837 Y100.099 E.02526
G1 X129.661 Y100.875 E.03831
G1 X130.123 Y101.464 E.02534
G1 X130.511 Y102.107 E.02542
G1 X130.82 Y102.793 E.02547
G1 X131.026 Y103.454 E.02344
G1 X131.097 Y103.803 E.01206
G1 X131.181 Y104.321 E.01776
G1 X131.213 Y105.376 E.03573
G1 X131.043 Y106.493 E.03824
G1 X130.863 Y107.08 E.02078
G1 X130.677 Y107.553 E.0172
G1 X130.328 Y108.218 E.02542
G1 X129.657 Y109.13 E.03833
G1 X129.13 Y109.657 E.02523
G1 X128.22 Y110.327 E.03825
G1 X127.207 Y110.82 E.03813
G1 X126.119 Y111.123 E.03823
G1 X125.376 Y111.213 E.02533
G1 X124.627 Y111.213 E.02535
G1 X123.507 Y111.043 E.03834
G1 X122.885 Y110.852 E.02202
G1 X122.107 Y110.511 E.02875
G1 X121.464 Y110.123 E.02542
G1 X120.872 Y109.659 E.02546
G1 X120.341 Y109.128 E.02542
G1 X119.879 Y108.538 E.02536
G1 X119.391 Y107.685 E.03326
G1 X119.181 Y107.209 E.01761
G1 X118.957 Y106.492 E.02543
G1 X118.787 Y105.373 E.03831
G1 X118.787 Y104.624 E.02535
G1 X118.858 Y104.011 E.02089
G1 X118.956 Y103.512 E.01721
G1 X119.179 Y102.795 E.02542
G1 X119.675 Y101.777 E.03833
G1 X120.1 Y101.161 E.02533
G1 X120.507 Y100.697 E.02089
G1 X120.871 Y100.342 E.01721
G1 X121.462 Y99.879 E.02541
G1 X122.361 Y99.365 E.03505
G1 X123.149 Y99.057 E.02864
G1 X123.878 Y98.877 E.02542
G1 X124.625 Y98.787 E.02547
G1 X124.941 Y98.785 E.0107
M204 S1000
;WIPE_START
G1 F8640
G1 X125.001 Y98.785 E-.01385
G1 X125.241 Y98.784 E-.05542
G1 X125.748 Y98.82 E-.11736
G1 X126.49 Y98.956 E-.17418
G1 X127.205 Y99.179 E-.17294
G1 X128.223 Y99.675 E-.26148
G1 X128.24 Y99.687 E-.00477
;WIPE_END
G1 Z4 F720
G1 X125.578 Y99.994 F10800
G1 Z3.6 F720
G1 E.8 F2100
M204 S2000
;TYPE:Internal infill
;WIDTH:0.45
G1 F1439
G1 X125.292 Y99.972 E.00971
G1 X125.4 Y99.569 E.01412
G1 X125.322 Y99.563 E.00265
G1 X125.78 Y100.021 E.02192
G1 X126.595 Y100.227 E.02845
M204 S1000
;WIPE_START
G1 F8640
G1 X125.78 Y100.021 E-.1941
G1 X125.322 Y99.563 E-.14956
G1 X125.4 Y99.569 E-.01806
G1 X125.292 Y99.972 E-.09634
G1 X125.578 Y99.994 E-.06623
;WIPE_END
G1 E-.27571 F2100
G1 Z4 F720
G1 X128.796 Y101.691 F10800
G1 Z3.6 F720
G1 E.8 F2100
M204 S2000
G1 F1439
G1 X128.724 Y101.615 E.00354
G1 X128.987 Y101.365 E.01228
G1 X128.519 Y100.868 E.02311
G1 X128.215 Y100.859 E.01029
G1 X128.272 Y100.649 E.00737
G1 X128.051 Y100.496 E.0091
G1 X127.503 Y100.643 E.0192
G1 X126.789 Y100.284 E.02705
G1 X126.894 Y99.892 E.01374
G1 X126.304 Y99.709 E.02091
G1 X125.648 Y99.588 E.02258
G1 X121.811 Y100.588 E.13422
G1 X121.379 Y100.926 E.01857
G1 X120.809 Y101.526 E.02801
G1 X121.102 Y101.82 E.01405
G1 X120.637 Y102.483 E.02741
G1 X120.125 Y102.62 E.01794
G1 X120 Y102.876 E.00964
G1 X120.296 Y103.172 E.01417
G1 X120.023 Y104.228 E.03692
G1 X119.598 Y104.342 E.01489
G1 X119.568 Y104.603 E.00889
G1 X119.97 Y105.006 E.01927
G1 X120.035 Y105.805 E.02713
G1 X119.651 Y105.908 E.01346
G1 X119.713 Y106.318 E.01404
G1 X120.027 Y107.222 E.03239
G1 X122.757 Y109.952 E.13068
G1 X123.154 Y110.126 E.01467
G1 X124.092 Y110.349 E.03264
G1 X124.193 Y109.971 E.01324
G1 X125.002 Y110.037 E.02747
G1 X125.396 Y110.432 E.01888
G1 X125.659 Y110.4 E.00897
G1 X125.778 Y109.957 E.01553
G1 X126.259 Y109.887 E.01645
G1 X126.816 Y109.692 E.01998
G1 X127.124 Y110 E.01474
G1 X127.38 Y109.875 E.00964
G1 X127.519 Y109.358 E.01812
G1 X128.172 Y108.89 E.02719
G1 X128.467 Y109.185 E.01412
G1 X129.069 Y108.624 E.02785
G1 X129.425 Y108.14 E.02034
G1 X130.411 Y104.46 E.12896
G1 X130.291 Y103.696 E.02618
G1 X130.108 Y103.106 E.02091
G1 X129.706 Y103.214 E.01409
G1 X129.364 Y102.47 E.02772
G1 X129.506 Y101.939 E.01861
G1 X129.348 Y101.729 E.0089
G1 X128.935 Y101.84 E.01448
G1 X129.255 Y102.298 E.01891
M204 S1000
;WIPE_START
G1 F8640
G1 X128.935 Y101.84 E-.12901
G1 X129.348 Y101.729 E-.09875
G1 X129.506 Y101.939 E-.06068
G1 X129.364 Y102.47 E-.12692
G1 X129.706 Y103.214 E-.18907
G1 X130.108 Y103.106 E-.09611
G1 X130.236 Y103.517 E-.09946
;WIPE_END
G1 Z4 F720
G1 X129.766 Y103.408 F10800
G1 Z3.6 F720
G1 E.8 F2100
M204 S2000
G1 F1439
G1 X129.973 Y104.214 E.02817
G1 X130.417 Y104.658 E.02125
G1 X130.416 Y104.604 E.00183
G1 X130.036 Y104.705 E.01331
G1 X130 Y104.416 E.00986
M204 S1000
;WIPE_START
G1 F8640
G1 X130.036 Y104.705 E-.06725
G1 X130.416 Y104.604 E-.09079
G1 X130.417 Y104.658 E-.01247
G1 X129.973 Y104.214 E-.14499
G1 X129.766 Y103.408 E-.19215
;WIPE_END
G1 E-.29235 F2100
G1 Z4 F720
G1 X129.872 Y106.272 F10800
G1 Z3.6 F720
G1 E.8 F2100
M204 S2000
G1 F1439
G1 X130.201 Y106.601 E.01575
G1 X130.303 Y106.215 E.01351
G1 X129.853 Y106.335 E.01576
M73 P76 R2
M204 S1000
;WIPE_START
G1 F8640
G1 X130.303 Y106.215 E-.10754
G1 X130.201 Y106.601 E-.09219
G1 X129.872 Y106.272 E-.10743
;WIPE_END
G1 E-.49284 F2100
G1 Z4 F720
G1 X129.044 Y108.011 F10800
G1 Z3.6 F720
G1 E.8 F2100
M204 S2000
G1 F1439
G1 X129.205 Y107.764 E.00998
G1 X129.491 Y108.05 E.01369
G1 X129.526 Y108.003 E.00198
G1 X128.913 Y108.167 E.02148
G1 X128.625 Y108.515 E.01529
G1 X128.329 Y108.76 E.01301
M204 S1000
;WIPE_START
G1 F8640
G1 X128.625 Y108.515 E-.08872
G1 X128.913 Y108.167 E-.1043
G1 X129.526 Y108.003 E-.14652
G1 X129.491 Y108.05 E-.01353
G1 X129.205 Y107.764 E-.09339
G1 X129.044 Y108.011 E-.06808
;WIPE_END
G1 E-.28546 F2100
G1 Z4 F720
G1 X123.996 Y109.923 F10800
G1 Z3.6 F720
G1 E.8 F2100
M204 S2000
G1 F1439
G1 X123.189 Y109.701 E.02833
G1 X122.566 Y109.868 E.02183
G1 X122.633 Y109.897 E.00247
G1 X122.744 Y109.482 E.01454
G1 X123.006 Y109.611 E.00989
M204 S1000
;WIPE_START
G1 F8640
G1 X122.744 Y109.482 E-.06743
G1 X122.633 Y109.897 E-.09919
G1 X122.566 Y109.868 E-.01686
G1 X123.189 Y109.701 E-.14893
G1 X123.996 Y109.923 E-.19326
;WIPE_END
G1 E-.27433 F2100
G1 Z4 F720
G1 X121.462 Y108.583 F10800
G1 Z3.6 F720
G1 E.8 F2100
M204 S2000
G1 F1439
G1 X121.011 Y108.704 E.01581
G1 X121.296 Y108.989 E.01364
G1 X121.418 Y108.532 E.01601
M204 S1000
;WIPE_START
G1 F8640
G1 X121.296 Y108.989 E-.10922
G1 X121.011 Y108.704 E-.09307
G1 X121.462 Y108.583 E-.10782
;WIPE_END
G1 E-.48989 F2100
G1 Z4 F720
G1 X120.377 Y107.004 F10800
G1 Z3.6 F720
G1 E.8 F2100
M204 S2000
G1 F1439
G1 X120.515 Y107.257 E.00975
G1 X120.101 Y107.368 E.01451
G1 X120.134 Y107.426 E.00226
G1 X120.297 Y106.818 E.02131
G1 X120.065 Y106.006 E.02859
M204 S1000
;WIPE_START
G1 F8640
G1 X120.297 Y106.818 E-.195
G1 X120.134 Y107.426 E-.14535
G1 X120.101 Y107.368 E-.01541
G1 X120.515 Y107.257 E-.09897
G1 X120.377 Y107.004 E-.06654
;WIPE_END
G1 E-.27873 F2100
G1 Z4 F720
G1 X121.231 Y101.662 F10800
G1 Z3.6 F720
G1 E.8 F2100
M204 S2000
G1 F1439
G1 X121.827 Y101.11 E.0275
G1 X122 Y100.462 E.0227
G1 X121.938 Y100.497 E.00241
G1 X122.227 Y100.786 E.01383
G1 X121.983 Y100.98 E.01055
M204 S1000
;WIPE_START
G1 F8640
G1 X122.227 Y100.786 E-.07198
G1 X121.938 Y100.497 E-.09437
G1 X122 Y100.462 E-.01644
G1 X121.827 Y101.11 E-.15487
G1 X121.231 Y101.662 E-.18757
;WIPE_END
G1 E-.27477 F2100
G1 Z4 F720
G1 X123.666 Y100.141 F10800
G1 Z3.6 F720
G1 E.8 F2100
M204 S2000
G1 F1439
G1 X123.786 Y99.697 E.01557
G1 X123.393 Y99.793 E.01369
G1 X123.726 Y100.126 E.01594
M204 S1000
;WIPE_START
G1 F8640
G1 X123.393 Y99.793 E-.10874
G1 X123.786 Y99.697 E-.09341
G1 X123.666 Y100.141 E-.1062
;WIPE_END
G1 E-.49165 F2100
G1 Z4 F720
; stop printing object Scheibe-Radhaenger.stl id:0 copy 0
; printing object Scheibe-Radhaenger.stl id:1 copy 0
G1 X123.747 Y127.932 F10800
G1 Z3.6 F720
G1 E.8 F2100
M204 S800
;TYPE:Perimeter
;WIDTH:0.449999
G1 F1439
G1 X123.439 Y127.858 E.01072
G1 X122.777 Y127.547 E.02476
G1 X122.331 Y127.301 E.01724
G1 X121.816 Y126.898 E.02213
G1 X121.12 Y126.113 E.03551
G1 X120.598 Y125.132 E.03761
G1 X120.395 Y124.459 E.02379
G1 X120.295 Y123.835 E.02139
G1 X120.297 Y123.121 E.02417
G1 X120.391 Y122.409 E.02431
G1 X120.59 Y121.761 E.02294
G1 X120.795 Y121.298 E.01714
G1 X121.105 Y120.775 E.02058
G1 X121.158 Y120.702 E.00305
G1 X121.554 Y120.221 E.02109
G1 X122.331 Y119.566 E.0344
G1 X123.001 Y119.181 E.02616
G1 X123.5 Y118.987 E.01812
G1 X124.025 Y118.846 E.0184
G1 X125.171 Y118.756 E.03891
G1 X125.648 Y118.807 E.01624
G1 X126.479 Y119.008 E.02894
G1 X127.435 Y119.464 E.03585
G1 X128.038 Y119.907 E.02533
G1 X128.486 Y120.363 E.02164
G1 X128.806 Y120.784 E.0179
G1 X129.089 Y121.25 E.01845
G1 X129.319 Y121.734 E.01814
G1 X129.523 Y122.407 E.0238
G1 X129.622 Y123.031 E.02139
G1 X129.621 Y123.742 E.02407
G1 X129.526 Y124.457 E.02441
G1 X129.344 Y125.054 E.02113
G1 X128.943 Y125.851 E.0302
G1 X128.76 Y126.164 E.01227
G1 X128.363 Y126.645 E.02111
G1 X127.56 Y127.322 E.03555
G1 X126.916 Y127.684 E.02501
G1 X126.159 Y127.954 E.0272
G1 X125.204 Y128.105 E.03273
G1 X124.27 Y128.059 E.03165
G1 X123.805 Y127.947 E.01619
M204 S1000
G1 X123.805 Y127.947 F10800
G1 X123.84 Y127.535
M204 S800
;TYPE:External perimeter
G1 F1439
G1 X123.534 Y127.462 E.01065
G1 X122.582 Y126.98 E.03612
G1 X122.067 Y126.577 E.02213
G1 X121.475 Y125.909 E.03021
G1 X121.064 Y125.163 E.02883
G1 X120.809 Y124.422 E.02653
G1 X120.698 Y123.775 E.02222
G1 X120.704 Y123.126 E.02197
G1 X120.793 Y122.473 E.02231
G1 X120.978 Y121.883 E.02093
G1 X121.319 Y121.21 E.02554
G1 X121.472 Y120.961 E.00989
G1 X121.868 Y120.48 E.02109
G1 X122.59 Y119.88 E.03178
G1 X123.196 Y119.539 E.02354
G1 X123.657 Y119.367 E.01666
G1 X124.154 Y119.234 E.01741
G1 X125.134 Y119.162 E.03326
G1 X125.552 Y119.203 E.01422
G1 X126.383 Y119.403 E.02893
G1 X127.254 Y119.829 E.03282
G1 X127.791 Y120.231 E.02271
G1 X128.193 Y120.645 E.01953
G1 X128.625 Y121.235 E.02475
G1 X128.917 Y121.82 E.02213
G1 X129.114 Y122.461 E.0227
G1 X129.22 Y123.091 E.02162
M73 P77 R2
G1 X129.214 Y123.737 E.02187
G1 X129.124 Y124.393 E.02241
G1 X128.956 Y124.931 E.01908
G1 X128.446 Y125.905 E.03721
G1 X128.049 Y126.386 E.02111
G1 X127.301 Y127.008 E.03293
G1 X126.722 Y127.327 E.02238
G1 X126.026 Y127.569 E.02494
G1 X125.144 Y127.703 E.0302
G1 X124.402 Y127.669 E.02514
G1 X123.898 Y127.549 E.01754
M204 S1000
;WIPE_START
G1 F8640
G1 X123.84 Y127.535 E-.01378
G1 X123.534 Y127.462 E-.07264
G1 X122.582 Y126.98 E-.24639
G1 X122.067 Y126.577 E-.151
G1 X121.475 Y125.909 E-.2061
G1 X121.245 Y125.491 E-.11009
;WIPE_END
G1 Z4 F720
G1 X124.948 Y117.626 F10800
G1 Z3.6 F720
G1 E.8 F2100
M204 S800
;TYPE:Perimeter
G1 F1439
G1 X125.107 Y117.624 E.00538
G1 X125.654 Y117.657 E.01855
G1 X126.351 Y117.785 E.02399
G1 X127.013 Y117.991 E.02347
G1 X127.976 Y118.46 E.03626
G1 X128.503 Y118.824 E.02168
G1 X128.889 Y119.179 E.01775
G1 X129.393 Y119.678 E.02401
G1 X129.764 Y120.158 E.02053
G1 X130.123 Y120.761 E.02375
G1 X130.408 Y121.403 E.02378
G1 X130.649 Y122.27 E.03046
G1 X130.733 Y122.766 E.01703
G1 X130.762 Y123.732 E.03271
G1 X130.717 Y124.093 E.01231
G1 X130.589 Y124.883 E.02709
G1 X130.266 Y125.815 E.03339
G1 X129.941 Y126.434 E.02366
G1 X129.306 Y127.297 E.03627
G1 X128.822 Y127.78 E.02314
G1 X127.967 Y128.41 E.03595
G1 X127.021 Y128.87 E.03561
G1 X125.998 Y129.155 E.03595
G1 X125.31 Y129.239 E.02346
G1 X124.617 Y129.239 E.02346
G1 X123.556 Y129.078 E.03632
G1 X122.985 Y128.902 E.02022
G1 X122.253 Y128.582 E.02704
G1 X121.654 Y128.22 E.02369
G1 X121.102 Y127.787 E.02375
G1 X120.605 Y127.29 E.02379
G1 X120.176 Y126.743 E.02353
G1 X119.704 Y125.916 E.03223
G1 X119.522 Y125.501 E.01534
G1 X119.327 Y124.875 E.02219
G1 X119.153 Y123.73 E.0392
G1 X119.187 Y122.79 E.03184
G1 X119.309 Y122.046 E.02552
G1 X119.517 Y121.379 E.02365
G1 X119.986 Y120.416 E.03626
G1 X120.381 Y119.844 E.02353
G1 X120.717 Y119.461 E.01725
G1 X121.097 Y119.082 E.01817
G1 X121.649 Y118.65 E.02373
G1 X122.496 Y118.166 E.03302
G1 X123.231 Y117.879 E.02671
G1 X123.91 Y117.711 E.02368
G1 X124.575 Y117.631 E.02267
G1 X124.888 Y117.627 E.0106
M204 S1000
G1 X124.888 Y117.627 F10800
G1 X124.96 Y117.218
M204 S800
;TYPE:External perimeter
G1 F1439
G1 X125.2 Y117.217 E.00812
G1 X125.707 Y117.253 E.0172
G1 X126.448 Y117.389 E.0255
G1 X127.163 Y117.612 E.02535
G1 X128.182 Y118.108 E.03836
G1 X128.795 Y118.531 E.02521
G1 X129.62 Y119.308 E.03836
G1 X130.082 Y119.897 E.02534
G1 X130.47 Y120.54 E.02542
G1 X130.779 Y121.226 E.02547
G1 X130.985 Y121.887 E.02344
G1 X131.056 Y122.236 E.01206
G1 X131.14 Y122.754 E.01776
G1 X131.172 Y123.809 E.03573
G1 X131.001 Y124.926 E.03825
G1 X130.822 Y125.512 E.02074
G1 X130.636 Y125.986 E.01724
G1 X130.287 Y126.651 E.02542
G1 X129.616 Y127.563 E.03833
G1 X129.088 Y128.09 E.02525
G1 X128.178 Y128.76 E.03825
G1 X127.166 Y129.253 E.0381
G1 X126.078 Y129.556 E.03823
G1 X125.335 Y129.646 E.02533
G1 X124.586 Y129.646 E.02535
G1 X123.466 Y129.476 E.03834
G1 X122.844 Y129.285 E.02202
G1 X122.065 Y128.944 E.02878
G1 X121.423 Y128.556 E.02539
G1 X120.831 Y128.092 E.02546
G1 X120.3 Y127.561 E.02542
G1 X119.837 Y126.971 E.02539
G1 X119.35 Y126.118 E.03325
G1 X119.139 Y125.642 E.01762
G1 X118.916 Y124.925 E.02542
G1 X118.746 Y123.806 E.03831
G1 X118.746 Y123.057 E.02535
G1 X118.817 Y122.444 E.02089
G1 X118.914 Y121.945 E.01721
G1 X119.138 Y121.228 E.02543
G1 X119.634 Y120.21 E.03833
G1 X120.059 Y119.594 E.02533
G1 X120.466 Y119.13 E.02089
G1 X120.83 Y118.775 E.01721
G1 X121.421 Y118.311 E.02543
G1 X122.319 Y117.798 E.03501
G1 X123.108 Y117.49 E.02867
G1 X123.837 Y117.31 E.02542
G1 X124.583 Y117.22 E.02543
G1 X124.9 Y117.218 E.01073
M204 S1000
;WIPE_START
G1 F8640
G1 X124.96 Y117.218 E-.01385
G1 X125.2 Y117.217 E-.05542
G1 X125.707 Y117.253 E-.11736
G1 X126.448 Y117.389 E-.17396
G1 X127.163 Y117.612 E-.17294
G1 X128.182 Y118.108 E-.26168
G1 X128.199 Y118.12 E-.00479
;WIPE_END
G1 Z4 F720
G1 X125.537 Y118.427 F10800
G1 Z3.6 F720
G1 E.8 F2100
M204 S2000
;TYPE:Internal infill
;WIDTH:0.45
G1 F1439
G1 X125.251 Y118.405 E.00971
G1 X125.359 Y118.002 E.01412
G1 X125.28 Y117.996 E.00268
G1 X125.738 Y118.454 E.02192
G1 X126.553 Y118.659 E.02845
M204 S1000
;WIPE_START
G1 F8640
G1 X125.738 Y118.454 E-.19405
G1 X125.28 Y117.996 E-.14956
G1 X125.359 Y118.002 E-.01829
G1 X125.251 Y118.405 E-.09634
G1 X125.537 Y118.427 E-.06623
;WIPE_END
G1 E-.27553 F2100
G1 Z4 F720
G1 X128.754 Y120.124 F10800
G1 Z3.6 F720
G1 E.8 F2100
M204 S2000
G1 F1439
G1 X128.683 Y120.048 E.00352
G1 X128.946 Y119.798 E.01228
G1 X128.478 Y119.301 E.02311
G1 X128.174 Y119.292 E.01029
G1 X128.231 Y119.081 E.0074
G1 X128.01 Y118.929 E.00908
G1 X127.462 Y119.076 E.0192
G1 X126.748 Y118.717 E.02705
G1 X126.853 Y118.325 E.01374
G1 X126.263 Y118.142 E.02091
G1 X125.607 Y118.021 E.02258
G1 X121.77 Y119.021 E.13422
G1 X121.338 Y119.359 E.01857
G1 X120.767 Y119.959 E.02804
G1 X121.061 Y120.253 E.01407
G1 X120.596 Y120.916 E.02741
G1 X120.083 Y121.053 E.01797
G1 X119.959 Y121.309 E.00963
G1 X120.255 Y121.605 E.01417
G1 X119.982 Y122.661 E.03692
G1 X119.557 Y122.774 E.01489
G1 X119.527 Y123.036 E.00893
G1 X119.929 Y123.439 E.01927
G1 X119.994 Y124.238 E.02713
G1 X119.609 Y124.341 E.01349
G1 X119.672 Y124.751 E.01404
M73 P78 R2
G1 X119.986 Y125.655 E.03239
G1 X122.716 Y128.385 E.13068
G1 X123.113 Y128.558 E.01466
G1 X124.051 Y128.782 E.03264
G1 X124.152 Y128.404 E.01324
G1 X124.961 Y128.47 E.02747
G1 X125.355 Y128.865 E.01888
G1 X125.618 Y128.833 E.00897
G1 X125.736 Y128.39 E.01552
G1 X126.217 Y128.32 E.01645
G1 X126.774 Y128.125 E.01998
G1 X127.082 Y128.433 E.01474
G1 X127.339 Y128.308 E.00967
G1 X127.477 Y127.791 E.01811
G1 X128.131 Y127.323 E.02722
G1 X128.426 Y127.617 E.0141
G1 X129.027 Y127.057 E.02781
G1 X129.384 Y126.573 E.02036
G1 X130.37 Y122.893 E.12896
G1 X130.25 Y122.129 E.02618
G1 X130.066 Y121.539 E.02092
G1 X129.665 Y121.646 E.01405
G1 X129.323 Y120.902 E.02772
G1 X129.465 Y120.372 E.01857
G1 X129.307 Y120.162 E.0089
G1 X128.894 Y120.273 E.01448
G1 X129.214 Y120.731 E.01891
M204 S1000
;WIPE_START
G1 F8640
G1 X128.894 Y120.273 E-.12901
G1 X129.307 Y120.162 E-.09875
G1 X129.465 Y120.372 E-.06068
G1 X129.323 Y120.902 E-.12669
G1 X129.665 Y121.646 E-.18907
G1 X130.066 Y121.539 E-.09583
G1 X130.195 Y121.952 E-.09997
;WIPE_END
G1 Z4 F720
G1 X129.725 Y121.841 F10800
G1 Z3.6 F720
G1 E.8 F2100
M204 S2000
G1 F1439
G1 X129.932 Y122.647 E.02817
G1 X130.376 Y123.091 E.02125
G1 X130.374 Y123.037 E.00183
G1 X129.995 Y123.138 E.01328
G1 X129.959 Y122.849 E.00986
M204 S1000
;WIPE_START
G1 F8640
G1 X129.995 Y123.138 E-.06725
G1 X130.374 Y123.037 E-.09057
G1 X130.376 Y123.091 E-.01248
G1 X129.932 Y122.647 E-.14499
G1 X129.725 Y121.841 E-.19215
;WIPE_END
G1 E-.29256 F2100
G1 Z4 F720
G1 X129.831 Y124.705 F10800
G1 Z3.6 F720
G1 E.8 F2100
M204 S2000
G1 F1439
G1 X130.159 Y125.034 E.01573
G1 X130.262 Y124.647 E.01356
G1 X129.812 Y124.768 E.01577
M204 S1000
;WIPE_START
G1 F8640
G1 X130.262 Y124.647 E-.1076
G1 X130.159 Y125.034 E-.09247
G1 X129.831 Y124.705 E-.10727
;WIPE_END
G1 E-.49266 F2100
G1 Z4 F720
G1 X129.002 Y126.443 F10800
G1 Z3.6 F720
G1 E.8 F2100
M204 S2000
G1 F1439
G1 X129.164 Y126.197 E.00997
G1 X129.45 Y126.483 E.01369
G1 X129.485 Y126.436 E.00198
G1 X128.872 Y126.6 E.02148
G1 X128.584 Y126.948 E.01529
G1 X128.288 Y127.193 E.01301
M204 S1000
;WIPE_START
G1 F8640
G1 X128.584 Y126.948 E-.08872
G1 X128.872 Y126.6 E-.1043
G1 X129.485 Y126.436 E-.14652
G1 X129.45 Y126.483 E-.01353
G1 X129.164 Y126.197 E-.09339
G1 X129.002 Y126.443 E-.06801
;WIPE_END
G1 E-.28553 F2100
G1 Z4 F720
G1 X123.954 Y128.356 F10800
G1 Z3.6 F720
M73 P78 R1
G1 E.8 F2100
M204 S2000
G1 F1439
G1 X123.148 Y128.134 E.0283
G1 X122.525 Y128.301 E.02183
G1 X122.592 Y128.33 E.00247
G1 X122.703 Y127.915 E.01454
G1 X122.965 Y128.044 E.00989
M204 S1000
;WIPE_START
G1 F8640
G1 X122.703 Y127.915 E-.06743
G1 X122.592 Y128.33 E-.09919
G1 X122.525 Y128.301 E-.01686
G1 X123.148 Y128.134 E-.14893
G1 X123.954 Y128.356 E-.19304
;WIPE_END
G1 E-.27455 F2100
G1 Z4 F720
G1 X121.421 Y127.016 F10800
G1 Z3.6 F720
G1 E.8 F2100
M204 S2000
G1 F1439
G1 X120.97 Y127.137 E.01581
G1 X121.255 Y127.422 E.01364
G1 X121.377 Y126.965 E.01601
M204 S1000
;WIPE_START
G1 F8640
G1 X121.255 Y127.422 E-.10922
G1 X120.97 Y127.137 E-.09307
G1 X121.421 Y127.016 E-.10782
;WIPE_END
G1 E-.48989 F2100
G1 Z4 F720
G1 X120.336 Y125.436 F10800
G1 Z3.6 F720
G1 E.8 F2100
M204 S2000
G1 F1439
G1 X120.474 Y125.69 E.00978
G1 X120.06 Y125.801 E.01451
G1 X120.093 Y125.859 E.00226
G1 X120.256 Y125.251 E.02131
G1 X120.024 Y124.439 E.02859
M204 S1000
;WIPE_START
G1 F8640
G1 X120.256 Y125.251 E-.195
G1 X120.093 Y125.859 E-.14535
G1 X120.06 Y125.801 E-.01541
G1 X120.474 Y125.69 E-.09897
G1 X120.336 Y125.436 E-.06675
;WIPE_END
G1 E-.27852 F2100
G1 Z4 F720
G1 X121.19 Y120.095 F10800
G1 Z3.6 F720
G1 E.8 F2100
M204 S2000
G1 F1439
G1 X121.785 Y119.543 E.02747
G1 X121.959 Y118.895 E.02271
G1 X121.897 Y118.93 E.00241
G1 X122.186 Y119.219 E.01383
G1 X121.942 Y119.413 E.01055
M204 S1000
;WIPE_START
G1 F8640
G1 X122.186 Y119.219 E-.07198
G1 X121.897 Y118.93 E-.09437
G1 X121.959 Y118.895 E-.01644
G1 X121.785 Y119.543 E-.15493
G1 X121.19 Y120.095 E-.18741
;WIPE_END
G1 E-.27487 F2100
G1 Z4 F720
G1 X123.625 Y118.574 F10800
G1 Z3.6 F720
G1 E.8 F2100
M204 S2000
G1 F1439
G1 X123.744 Y118.13 E.01556
G1 X123.352 Y118.226 E.01366
G1 X123.684 Y118.558 E.01589
M204 S1000
;LAYER_CHANGE
;Z:3.8
;HEIGHT:0.2
;BEFORE_LAYER_CHANGE
G92 E0.0
;3.8


;WIPE_START
G1 F8640
G1 X123.352 Y118.226 E-.10841
G1 X123.744 Y118.13 E-.09319
G1 X123.625 Y118.574 E-.10614
;WIPE_END
G1 E-.49226 F2100
G1 Z3.8 F720
;AFTER_LAYER_CHANGE
;3.8
G1 Z4.2
; stop printing object Scheibe-Radhaenger.stl id:1 copy 0
; printing object Scheibe-Radhaenger.stl id:0 copy 0
G1 X123.788 Y109.5 F10800
G1 Z3.8 F720
G1 E.8 F2100
M204 S800
;TYPE:Perimeter
;WIDTH:0.449999
G1 F1291
G1 X123.394 Y109.394 E.01381
G1 X122.803 Y109.133 E.02187
G1 X122.108 Y108.678 E.02812
G1 X121.435 Y108.03 E.03162
G1 X121.001 Y107.432 E.02501
G1 X120.677 Y106.793 E.02425
G1 X120.459 Y106.106 E.0244
G1 X120.337 Y105.402 E.02418
G1 X120.337 Y104.687 E.0242
M73 P79 R1
G1 X120.397 Y104.2 E.01661
G1 X120.453 Y103.888 E.01073
G1 X120.641 Y103.294 E.02109
G1 X121.199 Y102.269 E.0395
G1 X121.595 Y101.788 E.02109
G1 X122.185 Y101.263 E.02673
G1 X123.026 Y100.758 E.0332
G1 X123.714 Y100.499 E.02488
G1 X124.217 Y100.387 E.01744
G1 X124.748 Y100.328 E.01808
G1 X125.575 Y100.375 E.02804
G1 X125.943 Y100.416 E.01253
G1 X126.606 Y100.606 E.02335
G1 X127.473 Y101.03 E.03267
G1 X128.322 Y101.706 E.03673
G1 X128.986 Y102.55 E.03635
G1 X129.272 Y103.103 E.02107
G1 X129.543 Y103.9 E.02849
G1 X129.639 Y104.435 E.0184
G1 X129.67 Y104.695 E.00886
G1 X129.663 Y105.385 E.02336
G1 X129.567 Y106.024 E.02187
G1 X129.364 Y106.689 E.02353
G1 X128.866 Y107.634 E.03616
G1 X128.482 Y108.118 E.02091
G1 X128.118 Y108.462 E.01695
G1 X127.601 Y108.889 E.0227
G1 X126.958 Y109.252 E.02499
G1 X126.104 Y109.545 E.03056
G1 X125.245 Y109.673 E.0294
G1 X124.178 Y109.606 E.03619
G1 X123.845 Y109.516 E.01168
M204 S1000
G1 X123.845 Y109.516 F10800
G1 X123.88 Y109.107
M204 S800
;TYPE:External perimeter
G1 F1291
G1 X123.506 Y109.003 E.01314
G1 X122.971 Y108.762 E.01986
G1 X122.421 Y108.409 E.02212
G1 X121.669 Y107.674 E.03559
G1 X121.333 Y107.196 E.01978
G1 X121.041 Y106.613 E.02207
G1 X120.848 Y105.987 E.02217
G1 X120.739 Y105.342 E.02214
G1 X120.744 Y104.692 E.022
G1 X120.799 Y104.264 E.01461
G1 X120.842 Y104.011 E.00869
G1 X121.03 Y103.417 E.02109
G1 X121.513 Y102.528 E.03425
G1 X121.909 Y102.047 E.02109
G1 X122.453 Y101.57 E.02449
G1 X123.232 Y101.109 E.03064
G1 X123.852 Y100.883 E.02234
G1 X124.268 Y100.791 E.01442
G1 X124.822 Y100.729 E.01887
G1 X125.544 Y100.781 E.0245
G1 X125.985 Y100.851 E.01511
G1 X126.494 Y100.997 E.01792
G1 X127.29 Y101.393 E.03009
G1 X128.063 Y102.02 E.03369
G1 X128.662 Y102.796 E.03318
G1 X128.907 Y103.283 E.01845
G1 X129.154 Y104.018 E.02625
G1 X129.261 Y104.658 E.02196
G1 X129.256 Y105.306 E.02193
G1 X129.165 Y105.96 E.02235
G1 X128.976 Y106.566 E.02149
G1 X128.509 Y107.44 E.03354
G1 X128.168 Y107.859 E.01829
G1 X127.342 Y108.575 E.037
G1 X126.763 Y108.894 E.02238
G1 X126.044 Y109.142 E.02574
G1 X125.185 Y109.27 E.0294
G1 X124.209 Y109.2 E.03312
G1 X123.937 Y109.124 E.00956
M204 S1000
;WIPE_START
G1 F8640
G1 X123.88 Y109.107 E-.01373
G1 X123.506 Y109.003 E-.08963
G1 X122.971 Y108.762 E-.13549
G1 X122.421 Y108.409 E-.1509
G1 X121.669 Y107.674 E-.2428
G1 X121.333 Y107.196 E-.13491
G1 X121.27 Y107.07 E-.03254
;WIPE_END
G1 Z4.2 F720
G1 X124.989 Y99.195 F10800
G1 Z3.8 F720
G1 E.8 F2100
M204 S800
;TYPE:Perimeter
G1 F1291
G1 X125.695 Y99.225 E.02392
G1 X126.392 Y99.352 E.02398
G1 X127.054 Y99.559 E.02348
G1 X127.978 Y100.009 E.03479
G1 X128.2 Y100.154 E.00898
G1 X128.614 Y100.444 E.01711
G1 X129.235 Y101.024 E.02876
G1 X129.599 Y101.441 E.01874
G1 X130.054 Y102.136 E.02812
G1 X130.358 Y102.753 E.02328
G1 X130.538 Y103.227 E.01716
G1 X130.687 Y103.824 E.02083
G1 X130.774 Y104.333 E.01748
G1 X130.803 Y105.3 E.03275
G1 X130.76 Y105.646 E.0118
G1 X130.629 Y106.452 E.02764
G1 X130.361 Y107.235 E.02801
G1 X130.133 Y107.733 E.01854
G1 X129.681 Y108.432 E.02818
G1 X129.24 Y108.971 E.02357
G1 X128.828 Y109.373 E.01948
G1 X127.963 Y110.002 E.0362
G1 X127.254 Y110.356 E.02682
G1 X126.398 Y110.647 E.0306
G1 X125.71 Y110.773 E.02368
G1 X124.649 Y110.805 E.03593
G1 X123.558 Y110.632 E.03739
G1 X122.843 Y110.396 E.02549
G1 X122.126 Y110.048 E.02698
G1 X121.417 Y109.583 E.0287
G1 X120.887 Y109.113 E.02398
G1 X120.421 Y108.588 E.02376
G1 X120.027 Y108.017 E.02348
G1 X119.558 Y107.054 E.03626
G1 X119.368 Y106.442 E.02169
G1 X119.194 Y105.299 E.03913
G1 X119.226 Y104.371 E.03143
G1 X119.35 Y103.614 E.02596
G1 X119.559 Y102.945 E.02372
G1 X119.979 Y102.072 E.03279
G1 X120.209 Y101.701 E.01478
G1 X120.646 Y101.143 E.02399
G1 X121.136 Y100.652 E.02348
G1 X121.992 Y100.023 E.03596
G1 X122.938 Y99.562 E.03562
G1 X123.521 Y99.4 E.02048
G1 X124.093 Y99.261 E.01992
G1 X124.929 Y99.193 E.02839
M204 S1000
G1 X124.929 Y99.193 F10800
G1 X125.001 Y98.789
M204 S800
;TYPE:External perimeter
G1 F1291
G1 X125.748 Y98.82 E.02531
G1 X126.49 Y98.956 E.02553
G1 X127.205 Y99.179 E.02535
G1 X128.156 Y99.643 E.03582
G1 X128.431 Y99.819 E.01105
G1 X128.883 Y100.14 E.01877
G1 X129.597 Y100.819 E.03335
G1 X129.934 Y101.21 E.01747
G1 X130.414 Y101.946 E.02974
G1 X130.738 Y102.608 E.02495
G1 X130.929 Y103.114 E.01831
G1 X131.095 Y103.789 E.02353
G1 X131.181 Y104.321 E.01824
G1 X131.213 Y105.376 E.03573
G1 X131.043 Y106.493 E.03824
G1 X130.82 Y107.207 E.02532
G1 X130.511 Y107.893 E.02547
G1 X130.167 Y108.468 E.02268
G1 X129.697 Y109.078 E.02607
G1 X129.449 Y109.338 E.01216
G1 X129.07 Y109.701 E.01776
G1 X128.152 Y110.363 E.03831
G1 X127.4 Y110.736 E.02841
G1 X126.492 Y111.043 E.03244
G1 X125.753 Y111.179 E.02543
G1 X124.624 Y111.213 E.03823
G1 X123.99 Y111.116 E.02171
G1 X123.437 Y111.021 E.01899
G1 X122.676 Y110.767 E.02716
G1 X121.917 Y110.397 E.02858
M73 P80 R1
G1 X121.163 Y109.901 E.03055
G1 X120.598 Y109.401 E.02554
G1 X120.1 Y108.839 E.02542
G1 X119.675 Y108.223 E.02533
G1 X119.179 Y107.204 E.03836
G1 X118.979 Y106.563 E.02273
G1 X118.787 Y105.299 E.04328
G1 X118.822 Y104.324 E.03302
G1 X118.956 Y103.512 E.02786
G1 X119.179 Y102.795 E.02542
G1 X119.612 Y101.896 E.03378
G1 X119.876 Y101.466 E.01708
G1 X120.341 Y100.872 E.02553
G1 X120.87 Y100.343 E.02532
G1 X121.78 Y99.673 E.03825
G1 X122.793 Y99.18 E.03813
G1 X123.412 Y99.008 E.02175
G1 X124.044 Y98.857 E.02199
G1 X124.931 Y98.786 E.03012
G1 X124.941 Y98.786 E.00034
M204 S1000
;WIPE_START
G1 F8640
G1 X125.001 Y98.789 E-.01387
G1 X125.748 Y98.82 E-.17263
G1 X126.49 Y98.956 E-.17418
G1 X127.205 Y99.179 E-.17294
G1 X128.156 Y99.643 E-.24433
G1 X128.236 Y99.694 E-.02205
;WIPE_END
G1 Z4.2 F720
G1 X119.559 Y105.292 F10800
G1 Z3.8 F720
G1 E.8 F2100
M204 S2000
;TYPE:Solid infill
;WIDTH:0.448205
G1 F1291
G1 X119.588 Y104.411 E.02971
;WIDTH:0.449811
G1 X119.709 Y103.695 E.02457
G1 X120.016 Y102.829 E.03109
;WIDTH:0.458329
G1 X120.313 Y102.233 E.023
G1 X120.543 Y101.866 E.01496
;WIDTH:0.446946
G1 X121.012 Y101.292 E.0249
;WIDTH:0.45752
G1 X121.378 Y100.934 E.01765
G1 X121.778 Y100.626 E.0174
;WIDTH:0.459174
G1 X122.201 Y100.334 E.01779
G1 X123.087 Y99.903 E.0341
;WIDTH:0.45384
G1 X123.573 Y99.759 E.01732
;WIDTH:0.447075
G1 X124.083 Y99.63 E.01768
;WIDTH:0.454481
G1 X124.685 Y99.562 E.02073
;WIDTH:0.459144
G1 X125.292 Y99.566 E.02101
G1 X126.323 Y99.717 E.03606
;WIDTH:0.454474
G1 X126.974 Y99.925 E.02339
;WIDTH:0.446519
G1 X127.949 Y100.423 E.03674
;WIDTH:0.46046
G1 X128.367 Y100.723 E.01786
G1 X128.862 Y101.155 E.02281
;WIDTH:0.44861
G1 X128.889 Y101.184 E.00134
;WIDTH:0.460274
G1 X129.293 Y101.652 E.02146
G1 X129.676 Y102.201 E.02323
;WIDTH:0.451749
G1 X129.974 Y102.777 E.02205
;WIDTH:0.458192
G1 X130.182 Y103.331 E.02043
G1 X130.333 Y103.907 E.02056
;WIDTH:0.444377
G1 X130.424 Y104.668 E.02558
;WIDTH:0.453331
G1 X130.435 Y105.31 E.02191
G1 X130.403 Y105.593 E.00972
;WIDTH:0.447461
G1 X130.28 Y106.346 E.02566
;WIDTH:0.454407
G1 X130.088 Y106.943 E.02146
;WIDTH:0.460125
G1 X129.814 Y107.542 E.02285
G1 X129.478 Y108.098 E.02254
;WIDTH:0.458027
G1 X129.064 Y108.624 E.0231
G1 X128.609 Y109.075 E.02211
G1 X127.792 Y109.677 E.03503
;WIDTH:0.453063
G1 X127.189 Y109.99 E.02317
;WIDTH:0.448624
G1 X126.274 Y110.298 E.03257
;WIDTH:0.459814
G1 X125.655 Y110.403 E.02176
G1 X125.155 Y110.43 E.01736
;WIDTH:0.460412
G1 X124.652 Y110.429 E.01746
G1 X123.667 Y110.28 E.03458
;WIDTH:0.454874
G1 X123.056 Y110.091 E.02191
;WIDTH:0.449981
G1 X122.331 Y109.747 E.02716
;WIDTH:0.447867
G1 X121.602 Y109.258 E.02956
;WIDTH:0.460742
G1 X121.142 Y108.84 E.02159
G1 X120.704 Y108.35 E.02283
;WIDTH:0.452264
G1 X120.267 Y107.68 E.02723
;WIDTH:0.448899
G1 X119.895 Y106.904 E.02905
G1 X119.689 Y106.179 E.02544
;WIDTH:0.447256
G1 X119.589 Y105.493 E.02331
;WIDTH:0.449999
G1 X119.968 Y105.33 E.01396
;WIDTH:0.454869
G1 X119.975 Y104.686 E.02206
G1 X120.035 Y104.143 E.01871
;WIDTH:0.451783
G1 X120.096 Y103.819 E.01121
;WIDTH:0.454887
G1 X120.291 Y103.22 E.02158
;WIDTH:0.458329
G1 X120.682 Y102.423 E.03066
G1 X120.859 Y102.118 E.01218
;WIDTH:0.451767
G1 X121.234 Y101.651 E.02036
;WIDTH:0.45752
G1 X121.651 Y101.247 E.02002
G1 X122.028 Y100.931 E.01696
;WIDTH:0.436909
G1 X122.896 Y100.42 E.033
;WIDTH:0.436527
G1 X123.691 Y100.133 E.02766
;WIDTH:0.447075
G1 X124.127 Y100.032 E.01504
;WIDTH:0.454481
G1 X124.705 Y99.973 E.01988
;WIDTH:0.459144
G1 X125.245 Y99.979 E.01869
G1 X125.931 Y100.046 E.02385
;WIDTH:0.447273
G1 X126.759 Y100.272 E.02886
;WIDTH:0.453516
G1 X127.634 Y100.707 E.03336
;WIDTH:0.46046
G1 X128.096 Y101.04 E.01977
G1 X128.571 Y101.437 E.02149
;WIDTH:0.460274
G1 X128.955 Y101.897 E.02079
G1 X129.296 Y102.357 E.01987
;WIDTH:0.451749
G1 X129.601 Y102.942 E.02243
;WIDTH:0.458192
G1 X129.785 Y103.45 E.01866
G1 X129.93 Y103.94 E.01764
;WIDTH:0.445672
G1 X130.028 Y104.638 E.0236
;WIDTH:0.453331
G1 X130.025 Y105.313 E.02304
G1 X129.902 Y106.191 E.03026
;WIDTH:0.454407
G1 X129.706 Y106.793 E.02166
;WIDTH:0.460125
G1 X129.452 Y107.335 E.02076
G1 X129.185 Y107.814 E.01902
;WIDTH:0.458027
G1 X128.757 Y108.344 E.02351
G1 X128.354 Y108.748 E.0197
G1 X127.798 Y109.193 E.02458
;WIDTH:0.446749
G1 X127.083 Y109.596 E.02756
;WIDTH:0.456159
G1 X126.208 Y109.897 E.0318
;WIDTH:0.459814
G1 X125.164 Y110.037 E.03651
;WIDTH:0.437145
G1 X124.095 Y109.958 E.03514
;WIDTH:0.446793
G1 X123.274 Y109.739 E.02854
;WIDTH:0.450562
G1 X122.644 Y109.458 E.02338
;WIDTH:0.454733
G1 X121.876 Y108.961 E.03132
;WIDTH:0.460742
G1 X121.443 Y108.551 E.02072
G1 X121.041 Y108.117 E.02055
;WIDTH:0.452264
G1 X120.689 Y107.611 E.02098
;WIDTH:0.451172
G1 X120.302 Y106.831 E.02956
;WIDTH:0.450869
G1 X120.108 Y106.213 E.02197
G1 X120 Y105.531 E.02342
M204 S1000
;WIPE_START
G1 F8640
G1 X120.108 Y106.213 E-.15944
G1 X120.302 Y106.831 E-.14956
G1 X120.689 Y107.611 E-.20105
G1 X121.041 Y108.117 E-.14233
G1 X121.443 Y108.551 E-.1366
G1 X121.478 Y108.584 E-.01102
;WIPE_END
G1 Z4.2 F720
; stop printing object Scheibe-Radhaenger.stl id:0 copy 0
; printing object Scheibe-Radhaenger.stl id:1 copy 0
G1 X123.746 Y127.933 F10800
G1 Z3.8 F720
G1 E.8 F2100
M204 S800
;TYPE:Perimeter
;WIDTH:0.449999
G1 F1291
G1 X123.352 Y127.827 E.01381
G1 X122.762 Y127.566 E.02184
G1 X122.067 Y127.111 E.02812
G1 X121.394 Y126.463 E.03162
G1 X120.96 Y125.865 E.02501
G1 X120.635 Y125.226 E.02427
G1 X120.418 Y124.539 E.02439
G1 X120.295 Y123.835 E.02419
G1 X120.295 Y123.12 E.0242
G1 X120.356 Y122.633 E.01661
G1 X120.412 Y122.321 E.01073
G1 X120.6 Y121.727 E.02109
G1 X121.158 Y120.702 E.0395
G1 X121.554 Y120.221 E.02109
G1 X122.144 Y119.696 E.02673
G1 X122.985 Y119.191 E.0332
G1 X123.673 Y118.932 E.02488
G1 X124.176 Y118.82 E.01744
G1 X124.707 Y118.761 E.01808
G1 X125.534 Y118.808 E.02804
G1 X125.902 Y118.849 E.01253
G1 X126.565 Y119.039 E.02335
G1 X127.432 Y119.463 E.03267
G1 X128.281 Y120.139 E.03673
M73 P81 R1
G1 X128.944 Y120.982 E.0363
G1 X129.231 Y121.536 E.02112
G1 X129.502 Y122.333 E.02849
G1 X129.598 Y122.868 E.0184
G1 X129.629 Y123.128 E.00886
G1 X129.621 Y123.817 E.02332
G1 X129.526 Y124.457 E.0219
G1 X129.323 Y125.122 E.02353
G1 X128.825 Y126.067 E.03616
G1 X128.441 Y126.551 E.02091
G1 X128.077 Y126.895 E.01695
G1 X127.56 Y127.322 E.0227
G1 X126.916 Y127.684 E.02501
G1 X126.062 Y127.978 E.03057
G1 X125.204 Y128.105 E.02936
G1 X124.137 Y128.039 E.03619
G1 X123.804 Y127.949 E.01168
M204 S1000
G1 X123.804 Y127.949 F10800
G1 X123.838 Y127.54
M204 S800
;TYPE:External perimeter
G1 F1291
G1 X123.465 Y127.435 E.01312
G1 X122.93 Y127.195 E.01985
G1 X122.38 Y126.841 E.02214
G1 X121.628 Y126.107 E.03557
G1 X121.292 Y125.629 E.01978
G1 X121 Y125.046 E.02207
G1 X120.807 Y124.42 E.02217
G1 X120.698 Y123.775 E.02214
G1 X120.703 Y123.125 E.022
G1 X120.758 Y122.697 E.01461
G1 X120.8 Y122.444 E.00868
G1 X120.988 Y121.849 E.02112
G1 X121.472 Y120.961 E.03423
G1 X121.868 Y120.48 E.02109
G1 X122.411 Y120.003 E.02446
G1 X123.191 Y119.542 E.03067
G1 X123.811 Y119.315 E.02235
G1 X124.227 Y119.223 E.01442
G1 X124.78 Y119.162 E.01883
G1 X125.503 Y119.214 E.02454
G1 X125.943 Y119.284 E.01508
G1 X126.453 Y119.43 E.01796
G1 X127.249 Y119.826 E.03009
G1 X128.022 Y120.453 E.03369
G1 X128.621 Y121.229 E.03318
G1 X128.866 Y121.716 E.01845
G1 X129.112 Y122.451 E.02624
G1 X129.22 Y123.091 E.02197
G1 X129.215 Y123.739 E.02193
G1 X129.124 Y124.393 E.02235
G1 X128.935 Y124.999 E.02149
G1 X128.468 Y125.873 E.03354
G1 X128.127 Y126.292 E.01829
G1 X127.301 Y127.008 E.037
G1 X126.722 Y127.327 E.02238
G1 X126.003 Y127.575 E.02574
G1 X125.144 Y127.703 E.0294
G1 X124.168 Y127.633 E.03312
G1 X123.896 Y127.557 E.00956
M204 S1000
;WIPE_START
G1 F8640
G1 X123.838 Y127.54 E-.01396
G1 X123.465 Y127.435 E-.08947
G1 X122.93 Y127.195 E-.13539
G1 X122.38 Y126.841 E-.15103
G1 X121.628 Y126.107 E-.24264
G1 X121.292 Y125.629 E-.13491
G1 X121.229 Y125.503 E-.0326
;WIPE_END
G1 Z4.2 F720
G1 X124.948 Y117.628 F10800
G1 Z3.8 F720
G1 E.8 F2100
M204 S800
;TYPE:Perimeter
G1 F1291
G1 X125.654 Y117.657 E.02392
G1 X126.351 Y117.785 E.02399
G1 X127.013 Y117.991 E.02347
G1 X127.937 Y118.441 E.03479
G1 X128.159 Y118.587 E.00899
G1 X128.572 Y118.877 E.01708
G1 X129.194 Y119.457 E.02879
G1 X129.557 Y119.874 E.01871
G1 X130.013 Y120.568 E.02811
G1 X130.317 Y121.186 E.02331
G1 X130.497 Y121.66 E.01716
G1 X130.646 Y122.257 E.02083
G1 X130.733 Y122.766 E.01748
G1 X130.762 Y123.733 E.03275
G1 X130.719 Y124.079 E.0118
G1 X130.588 Y124.885 E.02764
G1 X130.32 Y125.668 E.02801
G1 X130.091 Y126.166 E.01855
G1 X129.639 Y126.865 E.02818
G1 X129.199 Y127.404 E.02355
G1 X128.787 Y127.806 E.01948
G1 X127.922 Y128.435 E.0362
G1 X127.213 Y128.788 E.02681
G1 X126.357 Y129.079 E.0306
G1 X125.669 Y129.206 E.02368
G1 X124.607 Y129.238 E.03596
G1 X123.517 Y129.065 E.03736
G1 X122.802 Y128.829 E.02549
G1 X122.085 Y128.481 E.02698
G1 X121.376 Y128.016 E.0287
G1 X120.845 Y127.546 E.024
G1 X120.38 Y127.02 E.02376
G1 X119.986 Y126.449 E.02348
G1 X119.517 Y125.487 E.03623
G1 X119.327 Y124.875 E.02169
G1 X119.153 Y123.732 E.03913
G1 X119.185 Y122.804 E.03143
G1 X119.309 Y122.047 E.02596
G1 X119.518 Y121.377 E.02376
G1 X119.937 Y120.505 E.03275
G1 X120.168 Y120.133 E.01482
G1 X120.605 Y119.576 E.02396
G1 X121.095 Y119.085 E.02348
G1 X121.95 Y118.456 E.03593
G1 X122.897 Y117.995 E.03565
G1 X123.48 Y117.833 E.02048
G1 X124.052 Y117.694 E.01992
G1 X124.888 Y117.626 E.02839
M204 S1000
G1 X124.888 Y117.626 F10800
G1 X124.96 Y117.221
M204 S800
;TYPE:External perimeter
G1 F1291
G1 X125.707 Y117.253 E.02531
G1 X126.448 Y117.389 E.0255
G1 X127.163 Y117.612 E.02535
G1 X128.115 Y118.075 E.03583
G1 X128.39 Y118.252 E.01107
G1 X128.842 Y118.573 E.01877
G1 X129.556 Y119.252 E.03335
G1 X129.892 Y119.643 E.01745
G1 X130.373 Y120.379 E.02976
G1 X130.697 Y121.04 E.02492
G1 X130.888 Y121.547 E.01834
G1 X131.053 Y122.221 E.02349
G1 X131.14 Y122.754 E.01828
G1 X131.172 Y123.809 E.03573
G1 X131.002 Y124.925 E.03821
G1 X130.779 Y125.64 E.02535
G1 X130.47 Y126.326 E.02547
G1 X130.126 Y126.901 E.02268
G1 X129.656 Y127.511 E.02607
G1 X129.407 Y127.771 E.01219
G1 X129.028 Y128.134 E.01776
G1 X128.111 Y128.796 E.03828
G1 X127.359 Y129.168 E.0284
G1 X126.451 Y129.476 E.03245
G1 X125.712 Y129.612 E.02543
G1 X124.583 Y129.646 E.03823
G1 X123.949 Y129.549 E.02171
G1 X123.395 Y129.454 E.01903
G1 X122.634 Y129.2 E.02716
G1 X121.875 Y128.83 E.02858
G1 X121.122 Y128.334 E.03052
G1 X120.557 Y127.834 E.02554
G1 X120.059 Y127.272 E.02542
G1 X119.633 Y126.655 E.02538
G1 X119.138 Y125.637 E.03832
G1 X118.938 Y124.996 E.02273
G1 X118.746 Y123.732 E.04328
G1 X118.781 Y122.757 E.03302
G1 X118.914 Y121.945 E.02785
G1 X119.138 Y121.228 E.02543
G1 X119.571 Y120.329 E.03378
G1 X119.835 Y119.899 E.01708
M73 P82 R1
G1 X120.3 Y119.305 E.02553
G1 X120.829 Y118.776 E.02532
G1 X121.739 Y118.106 E.03825
G1 X122.752 Y117.613 E.03813
G1 X123.371 Y117.441 E.02175
G1 X124.003 Y117.29 E.02199
G1 X124.889 Y117.218 E.03009
G1 X124.9 Y117.219 E.00037
M204 S1000
;WIPE_START
G1 F8640
G1 X124.96 Y117.221 E-.01386
G1 X125.707 Y117.253 E-.17264
G1 X126.448 Y117.389 E-.17396
G1 X127.163 Y117.612 E-.17294
G1 X128.115 Y118.075 E-.24444
G1 X128.196 Y118.127 E-.02216
;WIPE_END
G1 Z4.2 F720
G1 X119.518 Y123.725 F10800
G1 Z3.8 F720
G1 E.8 F2100
M204 S2000
;TYPE:Solid infill
;WIDTH:0.448205
G1 F1291
G1 X119.547 Y122.844 E.02971
;WIDTH:0.449811
G1 X119.667 Y122.128 E.02456
G1 X119.975 Y121.262 E.0311
;WIDTH:0.458329
G1 X120.271 Y120.666 E.02299
G1 X120.501 Y120.299 E.01496
;WIDTH:0.446946
G1 X120.971 Y119.724 E.02495
;WIDTH:0.45752
G1 X121.337 Y119.367 E.01763
G1 X121.737 Y119.059 E.0174
;WIDTH:0.459174
G1 X122.16 Y118.767 E.01779
G1 X123.046 Y118.336 E.0341
;WIDTH:0.45384
G1 X123.531 Y118.192 E.01729
;WIDTH:0.447075
G1 X124.042 Y118.063 E.01771
;WIDTH:0.454481
G1 X124.644 Y117.995 E.02073
;WIDTH:0.459144
G1 X125.251 Y117.999 E.02101
G1 X126.281 Y118.15 E.03603
;WIDTH:0.454474
G1 X126.933 Y118.358 E.02342
;WIDTH:0.446519
G1 X127.908 Y118.856 E.03674
;WIDTH:0.46046
G1 X128.326 Y119.155 E.01784
G1 X128.821 Y119.588 E.02283
;WIDTH:0.44861
G1 X128.848 Y119.617 E.00134
;WIDTH:0.460274
G1 X129.252 Y120.085 E.02146
G1 X129.634 Y120.634 E.02321
;WIDTH:0.451749
G1 X129.933 Y121.209 E.02203
;WIDTH:0.458192
G1 X130.141 Y121.764 E.02047
G1 X130.292 Y122.34 E.02056
;WIDTH:0.444377
G1 X130.383 Y123.101 E.02558
;WIDTH:0.453331
G1 X130.394 Y123.743 E.02191
G1 X130.362 Y124.026 E.00972
;WIDTH:0.447461
G1 X130.238 Y124.779 E.02567
;WIDTH:0.454407
G1 X130.047 Y125.376 E.02145
;WIDTH:0.460125
G1 X129.773 Y125.975 E.02285
G1 X129.437 Y126.531 E.02254
;WIDTH:0.458027
G1 X129.023 Y127.056 E.02308
G1 X128.568 Y127.508 E.02214
G1 X127.75 Y128.109 E.03504
;WIDTH:0.453063
G1 X127.148 Y128.423 E.02316
;WIDTH:0.448624
G1 X126.233 Y128.73 E.03256
;WIDTH:0.459814
G1 X125.614 Y128.836 E.02177
G1 X125.114 Y128.863 E.01736
;WIDTH:0.460412
G1 X124.611 Y128.862 E.01746
G1 X123.626 Y128.713 E.03458
;WIDTH:0.454874
G1 X123.015 Y128.523 E.02192
;WIDTH:0.449981
G1 X122.29 Y128.18 E.02715
;WIDTH:0.447867
G1 X121.56 Y127.691 E.02959
;WIDTH:0.460742
G1 X121.1 Y127.273 E.02159
G1 X120.663 Y126.783 E.02281
;WIDTH:0.452264
G1 X120.225 Y126.113 E.02725
;WIDTH:0.448899
G1 X119.854 Y125.337 E.02904
G1 X119.648 Y124.612 E.02544
;WIDTH:0.447256
G1 X119.547 Y123.926 E.02331
;WIDTH:0.449999
G1 X119.927 Y123.763 E.014
;WIDTH:0.454869
G1 X119.933 Y123.119 E.02206
G1 X119.993 Y122.575 E.01875
;WIDTH:0.451783
G1 X120.055 Y122.252 E.01118
;WIDTH:0.454887
G1 X120.25 Y121.653 E.02158
;WIDTH:0.458329
G1 X120.641 Y120.856 E.03066
G1 X120.817 Y120.551 E.01216
;WIDTH:0.451767
G1 X121.192 Y120.084 E.02036
;WIDTH:0.45752
G1 X121.61 Y119.68 E.02004
G1 X121.987 Y119.364 E.01696
;WIDTH:0.436909
G1 X122.855 Y118.853 E.033
;WIDTH:0.436527
G1 X123.65 Y118.566 E.02766
;WIDTH:0.447075
G1 X124.086 Y118.465 E.01504
;WIDTH:0.454481
G1 X124.664 Y118.406 E.01988
;WIDTH:0.459144
G1 X125.204 Y118.412 E.01869
G1 X125.889 Y118.479 E.02382
;WIDTH:0.447273
G1 X126.718 Y118.705 E.02889
;WIDTH:0.453516
G1 X127.593 Y119.14 E.03336
;WIDTH:0.46046
G1 X128.055 Y119.473 E.01977
G1 X128.53 Y119.87 E.02149
;WIDTH:0.460274
G1 X128.914 Y120.33 E.02079
G1 X129.255 Y120.79 E.01987
;WIDTH:0.451749
G1 X129.56 Y121.375 E.02243
;WIDTH:0.458192
G1 X129.743 Y121.883 E.01864
G1 X129.889 Y122.373 E.01765
;WIDTH:0.445672
G1 X129.987 Y123.071 E.0236
;WIDTH:0.453331
G1 X129.984 Y123.745 E.023
G1 X129.86 Y124.624 E.03029
;WIDTH:0.454407
G1 X129.665 Y125.226 E.02165
;WIDTH:0.460125
G1 X129.411 Y125.768 E.02076
G1 X129.144 Y126.247 E.01902
;WIDTH:0.458027
G1 X128.716 Y126.777 E.02351
G1 X128.313 Y127.181 E.0197
G1 X127.757 Y127.625 E.02456
;WIDTH:0.446749
G1 X127.042 Y128.029 E.02758
;WIDTH:0.456159
G1 X126.167 Y128.33 E.0318
;WIDTH:0.459814
G1 X125.123 Y128.47 E.03651
;WIDTH:0.437145
G1 X124.053 Y128.391 E.03517
;WIDTH:0.446793
G1 X123.232 Y128.171 E.02854
;WIDTH:0.450562
G1 X122.603 Y127.891 E.02334
;WIDTH:0.454733
G1 X121.835 Y127.394 E.03132
;WIDTH:0.460742
G1 X121.402 Y126.984 E.02072
G1 X120.999 Y126.55 E.02058
;WIDTH:0.452264
G1 X120.648 Y126.044 E.02096
;WIDTH:0.451172
G1 X120.26 Y125.264 E.02957
;WIDTH:0.450869
G1 X120.067 Y124.646 E.02196
G1 X119.959 Y123.964 E.02342
M204 S1000
;LAYER_CHANGE
;Z:4
;HEIGHT:0.2
;BEFORE_LAYER_CHANGE
G92 E0.0
;4


;WIPE_START
G1 F8640
G1 X120.067 Y124.646 E-.15944
G1 X120.26 Y125.264 E-.14949
G1 X120.648 Y126.044 E-.20116
G1 X120.999 Y126.55 E-.1422
G1 X121.402 Y126.984 E-.13675
G1 X121.436 Y127.017 E-.01096
;WIPE_END
G1 Z4 F720
;AFTER_LAYER_CHANGE
;4
G1 Z4.4
; stop printing object Scheibe-Radhaenger.stl id:1 copy 0
; printing object Scheibe-Radhaenger.stl id:0 copy 0
G1 X123.791 Y109.488 F10800
G1 Z4 F720
G1 E.8 F2100
M204 S800
;TYPE:Perimeter
;WIDTH:0.449999
G1 F1266
G1 X123.038 Y109.249 E.02674
G1 X122.447 Y108.921 E.02288
G1 X121.92 Y108.524 E.02233
G1 X121.497 Y108.095 E.02039
G1 X121.001 Y107.432 E.02803
G1 X120.728 Y106.898 E.0203
G1 X120.456 Y106.101 E.02851
G1 X120.322 Y105.067 E.03529
G1 X120.339 Y104.732 E.01135
G1 X120.398 Y104.162 E.0194
G1 X120.637 Y103.309 E.02998
G1 X120.953 Y102.648 E.0248
G1 X121.337 Y102.091 E.0229
G1 X121.896 Y101.499 E.02756
G1 X122.418 Y101.096 E.02232
G1 X123.042 Y100.748 E.02418
G1 X123.772 Y100.485 E.02626
G1 X124.754 Y100.328 E.03366
G1 X125.574 Y100.375 E.0278
G1 X125.942 Y100.416 E.01253
G1 X126.593 Y100.601 E.02291
G1 X127.474 Y101.03 E.03317
G1 X128.079 Y101.475 E.02542
G1 X128.508 Y101.917 E.02085
G1 X129 Y102.57 E.02767
G1 X129.272 Y103.102 E.02022
G1 X129.544 Y103.899 E.02851
G1 X129.678 Y104.933 E.03529
G1 X129.634 Y105.587 E.02219
G1 X129.529 Y106.099 E.01769
G1 X129.364 Y106.687 E.02067
G1 X129.047 Y107.352 E.02494
G1 X128.641 Y107.941 E.02421
G1 X128.149 Y108.463 E.02428
G1 X127.583 Y108.903 E.02427
G1 X126.958 Y109.252 E.02423
M73 P83 R1
G1 X126.228 Y109.515 E.02626
G1 X125.581 Y109.644 E.02233
G1 X124.867 Y109.679 E.0242
G1 X124.155 Y109.604 E.02423
G1 X123.848 Y109.506 E.01091
M204 S1000
G1 X123.848 Y109.506 F10800
G1 X123.882 Y109.098
M204 S800
;TYPE:External perimeter
G1 F1266
G1 X123.236 Y108.893 E.02294
G1 X122.644 Y108.565 E.02291
G1 X122.167 Y108.201 E.02031
G1 X121.791 Y107.813 E.01829
G1 X121.334 Y107.198 E.02594
G1 X121.093 Y106.717 E.01821
G1 X120.845 Y105.981 E.02629
G1 X120.726 Y105.022 E.03271
G1 X120.744 Y104.767 E.00865
G1 X120.79 Y104.271 E.01686
G1 X121.028 Y103.421 E.02988
G1 X121.318 Y102.829 E.02231
G1 X121.67 Y102.325 E.02081
G1 X122.187 Y101.784 E.02533
G1 X122.664 Y101.42 E.02031
G1 X123.237 Y101.106 E.02212
G1 X123.906 Y100.87 E.02401
G1 X124.814 Y100.73 E.0311
G1 X125.543 Y100.781 E.02474
G1 X125.987 Y100.852 E.01522
G1 X126.481 Y100.992 E.01738
G1 X127.291 Y101.394 E.03061
G1 X127.832 Y101.798 E.02285
G1 X128.212 Y102.197 E.01865
G1 X128.667 Y102.803 E.02565
G1 X128.907 Y103.283 E.01817
G1 X129.155 Y104.019 E.02629
G1 X129.274 Y104.978 E.03271
G1 X129.228 Y105.552 E.01949
G1 X129.137 Y105.99 E.01514
G1 X128.972 Y106.577 E.02064
G1 X128.682 Y107.171 E.02237
G1 X128.308 Y107.707 E.02212
G1 X127.855 Y108.181 E.02219
G1 X127.337 Y108.579 E.02211
G1 X126.763 Y108.894 E.02216
G1 X126.094 Y109.13 E.02401
G1 X125.505 Y109.245 E.02031
G1 X124.851 Y109.272 E.02216
G1 X124.201 Y109.199 E.02214
G1 X123.939 Y109.116 E.0093
M204 S1000
;WIPE_START
G1 F8640
G1 X123.882 Y109.098 E-.0138
G1 X123.236 Y108.893 E-.15649
G1 X122.644 Y108.565 E-.15627
G1 X122.167 Y108.201 E-.13855
G1 X121.791 Y107.813 E-.12476
G1 X121.334 Y107.198 E-.17692
G1 X121.27 Y107.069 E-.03321
;WIPE_END
G1 Z4.4 F720
G1 X124.989 Y99.195 F10800
G1 Z4 F720
G1 E.8 F2100
M204 S800
;TYPE:Perimeter
G1 F1266
G1 X125.694 Y99.224 E.02388
G1 X126.392 Y99.352 E.02402
G1 X127.054 Y99.559 E.02348
G1 X128.017 Y100.027 E.03624
G1 X128.58 Y100.416 E.02316
G1 X129.315 Y101.108 E.03417
G1 X129.58 Y101.453 E.01473
G1 X130.054 Y102.135 E.02811
G1 X130.358 Y102.754 E.02334
G1 X130.543 Y103.243 E.0177
G1 X130.685 Y103.811 E.01982
G1 X130.777 Y104.334 E.01797
G1 X130.813 Y104.97 E.02156
G1 X130.805 Y105.13 E.00542
G1 X130.742 Y105.877 E.02537
G1 X130.638 Y106.426 E.01891
G1 X130.307 Y107.382 E.03424
G1 X130.056 Y107.864 E.01839
G1 X129.791 Y108.299 E.01724
G1 X129.354 Y108.857 E.02399
G1 X128.864 Y109.348 E.02348
G1 X128.008 Y109.977 E.03596
G1 X127.062 Y110.438 E.03562
G1 X126.039 Y110.723 E.03595
G1 X125.351 Y110.806 E.02346
G1 X124.658 Y110.806 E.02346
G1 X123.598 Y110.645 E.03629
G1 X122.997 Y110.459 E.0213
G1 X122.295 Y110.15 E.02596
G1 X121.696 Y109.787 E.02371
G1 X121.143 Y109.354 E.02377
G1 X120.683 Y108.894 E.02202
G1 X120.453 Y108.593 E.01282
G1 X119.946 Y107.865 E.03003
G1 X119.574 Y107.068 E.02977
G1 X119.353 Y106.399 E.02385
G1 X119.227 Y105.71 E.02371
G1 X119.195 Y104.649 E.03593
G1 X119.355 Y103.599 E.03595
G1 X119.559 Y102.946 E.02316
G1 X120.027 Y101.983 E.03624
G1 X120.422 Y101.412 E.0235
G1 X120.844 Y100.933 E.02161
G1 X121.414 Y100.42 E.02596
G1 X121.983 Y100.027 E.02341
G1 X122.938 Y99.562 E.03595
G1 X124.004 Y99.272 E.03739
G1 X124.929 Y99.193 E.03142
M204 S1000
G1 X124.929 Y99.193 F10800
G1 X125.001 Y98.789
M204 S800
;TYPE:External perimeter
G1 F1266
G1 X125.748 Y98.82 E.02531
G1 X126.49 Y98.956 E.02553
G1 X127.205 Y99.179 E.02535
G1 X128.223 Y99.675 E.03833
G1 X128.837 Y100.099 E.02526
G1 X129.594 Y100.812 E.0352
G1 X129.908 Y101.212 E.01721
G1 X130.414 Y101.946 E.03018
G1 X130.739 Y102.608 E.02496
G1 X130.934 Y103.13 E.01886
G1 X131.085 Y103.738 E.02121
G1 X131.183 Y104.308 E.01958
G1 X131.22 Y104.992 E.02319
G1 X131.211 Y105.152 E.00542
G1 X131.143 Y105.95 E.02711
G1 X131.026 Y106.546 E.02056
G1 X130.677 Y107.553 E.03607
G1 X130.406 Y108.074 E.01988
G1 X130.124 Y108.534 E.01826
G1 X129.659 Y109.128 E.02553
G1 X129.13 Y109.657 E.02532
G1 X128.22 Y110.327 E.03825
G1 X127.207 Y110.82 E.03813
G1 X126.119 Y111.123 E.03823
G1 X125.376 Y111.213 E.02533
G1 X124.627 Y111.213 E.02535
G1 X123.507 Y111.043 E.03834
G1 X122.854 Y110.841 E.02314
G1 X122.107 Y110.511 E.02764
G1 X121.464 Y110.123 E.02542
G1 X120.872 Y109.659 E.02546
G1 X120.343 Y109.13 E.02532
G1 X119.672 Y108.217 E.03835
G1 X119.351 Y107.606 E.02336
G1 X119.193 Y107.214 E.01431
G1 X118.957 Y106.492 E.02571
G1 X118.821 Y105.753 E.02543
G1 X118.787 Y104.624 E.03823
G1 X118.957 Y103.507 E.03824
G1 X119.179 Y102.795 E.02524
G1 X119.675 Y101.777 E.03833
G1 X120.1 Y101.161 E.02533
G1 X120.554 Y100.646 E.02324
G1 X121.162 Y100.1 E.02766
G1 X121.777 Y99.675 E.0253
G1 X122.793 Y99.18 E.03825
G1 X123.401 Y99.011 E.02136
G1 X123.955 Y98.868 E.01937
G1 X124.932 Y98.786 E.03319
G1 X124.941 Y98.786 E.0003
M73 P84 R1
M204 S1000
G1 X124.941 Y98.786 F10800
G1 X124.685 Y99.564
M204 S2000
;TYPE:Solid infill
;WIDTH:0.459507
G1 F1266
G1 X125.308 Y99.567 E.02158
G1 X126.322 Y99.717 E.03551
;WIDTH:0.45438
G1 X126.971 Y99.924 E.02331
;WIDTH:0.446545
G1 X128.012 Y100.465 E.03937
;WIDTH:0.44333
G1 X128.662 Y100.987 E.02776
;WIDTH:0.454837
G1 X129.062 Y101.377 E.01913
G1 X129.292 Y101.669 E.01273
;WIDTH:0.446033
G1 X129.696 Y102.237 E.02336
;WIDTH:0.451389
G1 X129.974 Y102.776 E.0206
;WIDTH:0.457668
G1 X130.183 Y103.331 E.02045
G1 X130.31 Y103.86 E.01876
;WIDTH:0.45976
G1 X130.407 Y104.365 E.01782
G1 X130.447 Y104.992 E.02178
;WIDTH:0.45506
G1 X130.405 Y105.673 E.02338
;WIDTH:0.460036
G1 X130.283 Y106.316 E.0227
G1 X130.028 Y107.074 E.02774
;WIDTH:0.444867
G1 X129.655 Y107.826 E.02806
;WIDTH:0.451222
G1 X129.065 Y108.627 E.03378
G1 X128.537 Y109.137 E.02492
;WIDTH:0.451598
G1 X127.801 Y109.669 E.03086
;WIDTH:0.455633
G1 X126.912 Y110.096 E.03384
G1 X125.952 Y110.363 E.03419
;WIDTH:0.453228
G1 X125.317 Y110.438 E.02182
G1 X124.67 Y110.437 E.02207
;WIDTH:0.456013
G1 X123.666 Y110.279 E.03491
;WIDTH:0.462067
G1 X123.116 Y110.105 E.02011
G1 X122.454 Y109.815 E.02519
;WIDTH:0.453635
G1 X121.895 Y109.477 E.02231
;WIDTH:0.451204
G1 X121.349 Y109.045 E.02364
;WIDTH:0.446597
G1 X120.741 Y108.376 E.03034
;WIDTH:0.446033
G1 X120.304 Y107.763 E.02523
;WIDTH:0.451391
G1 X120.026 Y107.224 E.0206
;WIDTH:0.457673
G1 X119.817 Y106.669 E.02045
G1 X119.689 Y106.14 E.01877
;WIDTH:0.461724
G1 X119.598 Y105.647 E.01746
G1 X119.566 Y104.652 E.03467
;WIDTH:0.459559
G1 X119.722 Y103.668 E.03452
G1 X119.936 Y103.003 E.0242
;WIDTH:0.446931
G1 X120.363 Y102.14 E.03235
;WIDTH:0.453565
G1 X120.72 Y101.63 E.02126
;WIDTH:0.455519
G1 X121.116 Y101.185 E.02044
G1 X121.653 Y100.702 E.02478
;WIDTH:0.451977
G1 X122.183 Y100.338 E.02187
;WIDTH:0.454156
G1 X123.087 Y99.903 E.0343
;WIDTH:0.462935
G1 X124.049 Y99.642 E.03481
G1 X124.483 Y99.589 E.01527
;WIDTH:0.449999
G1 X124.512 Y100.008 E.01422
;WIDTH:0.453817
G1 X123.699 Y100.132 E.0281
;WIDTH:0.43647
G1 X122.9 Y100.418 E.02777
;WIDTH:0.451114
G1 X122.371 Y100.701 E.02036
;WIDTH:0.451977
G1 X121.892 Y101.033 E.01982
;WIDTH:0.455519
G1 X121.399 Y101.484 E.02292
G1 X121.041 Y101.886 E.01847
;WIDTH:0.453565
G1 X120.675 Y102.403 E.02163
;WIDTH:0.449092
G1 X120.284 Y103.214 E.03041
G1 X120.026 Y104.193 E.03419
;WIDTH:0.43889
G1 X119.961 Y104.951 E.02505
G1 X120.073 Y106.056 E.03657
;WIDTH:0.457673
G1 X120.214 Y106.548 E.01765
G1 X120.399 Y107.059 E.01874
;WIDTH:0.451391
G1 X120.678 Y107.604 E.0208
;WIDTH:0.454333
G1 X121.239 Y108.347 E.03185
G1 X121.663 Y108.785 E.02085
;WIDTH:0.446746
G1 X122.222 Y109.21 E.02358
;WIDTH:0.453635
G1 X122.66 Y109.46 E.01722
;WIDTH:0.462067
G1 X123.267 Y109.714 E.02293
G1 X123.965 Y109.931 E.02548
;WIDTH:0.443827
G1 X124.853 Y110.042 E.02983
G1 X125.598 Y110.009 E.02486
;WIDTH:0.44267
G1 X126.301 Y109.868 E.02383
;WIDTH:0.436578
G1 X127.134 Y109.565 E.02901
;WIDTH:0.438444
G1 X127.793 Y109.196 E.02484
;WIDTH:0.449272
G1 X128.347 Y108.772 E.02357
G1 X128.859 Y108.245 E.02483
;WIDTH:0.445472
G1 X129.346 Y107.563 E.02805
;WIDTH:0.452859
G1 X129.723 Y106.753 E.03045
;WIDTH:0.460036
G1 X129.883 Y106.198 E.02003
G1 X129.996 Y105.619 E.02046
;WIDTH:0.45506
G1 X130.044 Y104.927 E.02377
;WIDTH:0.447023
G1 X129.927 Y103.944 E.03326
;WIDTH:0.457668
G1 X129.786 Y103.452 E.01765
G1 X129.601 Y102.941 E.01874
;WIDTH:0.451389
G1 X129.322 Y102.397 E.02076
;WIDTH:0.454837
G1 X128.77 Y101.667 E.03135
G1 X128.383 Y101.264 E.01914
;WIDTH:0.453592
G1 X128.093 Y101.026 E.01281
G1 X127.634 Y100.707 E.01909
G1 X126.755 Y100.271 E.03351
;WIDTH:0.446996
G1 X125.931 Y100.046 E.0287
;WIDTH:0.459507
G1 X125.26 Y99.98 E.02336
G1 X124.713 Y99.977 E.01895
M204 S1000
;WIPE_START
G1 F8640
G1 X125.26 Y99.98 E-.12631
G1 X125.931 Y100.046 E-.15568
G1 X126.755 Y100.271 E-.19723
G1 X127.634 Y100.707 E-.22656
G1 X127.969 Y100.94 E-.09422
;WIPE_END
G1 Z4.4 F720
; stop printing object Scheibe-Radhaenger.stl id:0 copy 0
; printing object Scheibe-Radhaenger.stl id:1 copy 0
G1 X123.75 Y127.921 F10800
G1 Z4 F720
G1 E.8 F2100
M204 S800
;TYPE:Perimeter
;WIDTH:0.449999
G1 F1266
G1 X122.997 Y127.682 E.02674
G1 X122.405 Y127.353 E.02293
G1 X121.878 Y126.957 E.02231
G1 X121.456 Y126.528 E.02037
G1 X120.96 Y125.865 E.02803
G1 X120.687 Y125.33 E.02033
G1 X120.415 Y124.533 E.02851
G1 X120.28 Y123.5 E.03526
G1 X120.297 Y123.165 E.01135
G1 X120.357 Y122.594 E.01943
G1 X120.596 Y121.742 E.02995
G1 X120.912 Y121.081 E.0248
G1 X121.295 Y120.523 E.02291
G1 X121.855 Y119.932 E.02756
G1 X122.377 Y119.528 E.02234
G1 X123.001 Y119.181 E.02417
G1 X123.731 Y118.918 E.02626
G1 X124.713 Y118.76 E.03367
G1 X125.533 Y118.808 E.0278
G1 X125.901 Y118.849 E.01253
G1 X126.552 Y119.034 E.02291
G1 X127.432 Y119.463 E.03314
G1 X128.038 Y119.907 E.02543
G1 X128.467 Y120.35 E.02087
G1 X128.959 Y121.003 E.02767
G1 X129.231 Y121.535 E.02022
G1 X129.503 Y122.332 E.02851
G1 X129.637 Y123.366 E.03529
G1 X129.593 Y124.02 E.02219
G1 X129.487 Y124.532 E.0177
G1 X129.323 Y125.12 E.02066
G1 X129.006 Y125.784 E.02491
G1 X128.6 Y126.374 E.02424
G1 X128.107 Y126.896 E.0243
G1 X127.542 Y127.336 E.02424
G1 X126.916 Y127.684 E.02424
G1 X126.187 Y127.948 E.02624
G1 X125.54 Y128.077 E.02233
G1 X124.826 Y128.112 E.0242
G1 X124.114 Y128.037 E.02423
G1 X123.807 Y127.939 E.01091
M204 S1000
G1 X123.807 Y127.939 F10800
G1 X123.841 Y127.531
M204 S800
;TYPE:External perimeter
G1 F1266
G1 X123.194 Y127.326 E.02297
G1 X122.603 Y126.998 E.02288
G1 X122.126 Y126.634 E.02031
G1 X121.749 Y126.246 E.01831
G1 X121.293 Y125.631 E.02592
G1 X121.052 Y125.15 E.01821
G1 X120.804 Y124.414 E.02629
G1 X120.685 Y123.455 E.03271
G1 X120.703 Y123.2 E.00865
G1 X120.749 Y122.704 E.01686
G1 X120.987 Y121.854 E.02988
G1 X121.277 Y121.262 E.02231
G1 X121.628 Y120.758 E.02079
G1 X122.146 Y120.217 E.02535
M73 P85 R1
G1 X122.623 Y119.853 E.02031
G1 X123.196 Y119.539 E.02212
G1 X123.865 Y119.303 E.02401
G1 X124.773 Y119.163 E.0311
G1 X125.502 Y119.214 E.02474
G1 X125.945 Y119.284 E.01518
G1 X126.44 Y119.425 E.01742
G1 X127.25 Y119.827 E.03061
G1 X127.791 Y120.231 E.02285
G1 X128.171 Y120.63 E.01865
G1 X128.625 Y121.236 E.02563
G1 X128.866 Y121.716 E.01818
G1 X129.114 Y122.452 E.02629
G1 X129.233 Y123.41 E.03268
G1 X129.187 Y123.985 E.01953
G1 X129.095 Y124.423 E.01515
G1 X128.931 Y125.01 E.02063
G1 X128.641 Y125.604 E.02237
G1 X128.267 Y126.14 E.02212
G1 X127.814 Y126.614 E.02219
G1 X127.295 Y127.012 E.02214
G1 X126.722 Y127.327 E.02213
G1 X126.053 Y127.563 E.02401
G1 X125.464 Y127.677 E.02031
G1 X124.81 Y127.705 E.02216
G1 X124.16 Y127.632 E.02214
G1 X123.898 Y127.549 E.0093
M204 S1000
;WIPE_START
G1 F8640
G1 X123.841 Y127.531 E-.0138
G1 X123.194 Y127.326 E-.15671
G1 X122.603 Y126.998 E-.15607
G1 X122.126 Y126.634 E-.13855
G1 X121.749 Y126.246 E-.12492
G1 X121.293 Y125.631 E-.17678
G1 X121.229 Y125.503 E-.03317
;WIPE_END
G1 Z4.4 F720
G1 X124.948 Y117.628 F10800
G1 Z4 F720
G1 E.8 F2100
M204 S800
;TYPE:Perimeter
G1 F1266
G1 X125.653 Y117.657 E.02388
G1 X126.351 Y117.785 E.02402
G1 X127.013 Y117.991 E.02347
G1 X127.976 Y118.46 E.03626
G1 X128.539 Y118.849 E.02316
G1 X129.274 Y119.541 E.03417
G1 X129.539 Y119.886 E.01473
G1 X130.012 Y120.568 E.02809
G1 X130.317 Y121.187 E.02336
G1 X130.502 Y121.675 E.01767
G1 X130.644 Y122.244 E.01985
G1 X130.735 Y122.767 E.01797
G1 X130.772 Y123.403 E.02156
G1 X130.763 Y123.563 E.00542
G1 X130.701 Y124.309 E.02534
G1 X130.596 Y124.858 E.01892
G1 X130.266 Y125.815 E.03427
G1 X130.015 Y126.297 E.01839
G1 X129.75 Y126.732 E.01724
G1 X129.313 Y127.29 E.02399
G1 X128.822 Y127.78 E.02348
G1 X127.967 Y128.41 E.03595
G1 X127.021 Y128.87 E.03561
G1 X125.998 Y129.155 E.03595
G1 X125.31 Y129.239 E.02346
G1 X124.617 Y129.239 E.02346
G1 X123.557 Y129.078 E.03629
G1 X122.956 Y128.892 E.0213
G1 X122.254 Y128.582 E.02598
G1 X121.654 Y128.22 E.02372
G1 X121.102 Y127.787 E.02375
G1 X120.642 Y127.327 E.02202
G1 X120.412 Y127.026 E.01282
G1 X119.905 Y126.298 E.03003
G1 X119.532 Y125.501 E.02979
G1 X119.312 Y124.832 E.02384
G1 X119.186 Y124.143 E.02371
G1 X119.154 Y123.081 E.03596
G1 X119.314 Y122.032 E.03592
G1 X119.517 Y121.379 E.02315
G1 X119.986 Y120.416 E.03626
G1 X120.38 Y119.845 E.02348
G1 X120.803 Y119.366 E.02163
G1 X121.373 Y118.853 E.02596
G1 X121.942 Y118.46 E.02341
G1 X122.897 Y117.995 E.03595
G1 X123.963 Y117.705 E.03739
G1 X124.888 Y117.626 E.03142
M204 S1000
G1 X124.888 Y117.626 F10800
G1 X124.96 Y117.222
M204 S800
;TYPE:External perimeter
G1 F1266
G1 X125.707 Y117.253 E.02531
G1 X126.448 Y117.389 E.0255
G1 X127.163 Y117.612 E.02535
G1 X128.182 Y118.108 E.03836
G1 X128.795 Y118.531 E.02521
G1 X129.553 Y119.245 E.03525
G1 X129.867 Y119.645 E.01721
G1 X130.373 Y120.379 E.03018
G1 X130.697 Y121.041 E.02495
G1 X130.893 Y121.563 E.01887
G1 X131.044 Y122.171 E.02121
G1 X131.142 Y122.741 E.01958
G1 X131.178 Y123.425 E.02318
G1 X131.17 Y123.585 E.00542
G1 X131.101 Y124.383 E.02711
G1 X130.985 Y124.978 E.02052
G1 X130.636 Y125.986 E.03611
G1 X130.364 Y126.507 E.01989
G1 X130.083 Y126.967 E.01825
G1 X129.618 Y127.561 E.02553
G1 X129.088 Y128.09 E.02535
G1 X128.178 Y128.76 E.03825
G1 X127.166 Y129.253 E.0381
G1 X126.078 Y129.556 E.03823
G1 X125.335 Y129.646 E.02533
G1 X124.586 Y129.646 E.02535
G1 X123.466 Y129.476 E.03834
G1 X122.813 Y129.274 E.02314
G1 X122.066 Y128.944 E.02764
G1 X121.423 Y128.556 E.02542
G1 X120.831 Y128.092 E.02546
G1 X120.302 Y127.562 E.02535
G1 X119.63 Y126.65 E.03835
G1 X119.309 Y126.038 E.02339
G1 X119.152 Y125.647 E.01426
G1 X118.915 Y124.925 E.02572
G1 X118.78 Y124.186 E.02543
G1 X118.746 Y123.057 E.03823
G1 X118.916 Y121.94 E.03824
G1 X119.138 Y121.228 E.02524
G1 X119.634 Y120.21 E.03833
G1 X120.059 Y119.594 E.02533
G1 X120.513 Y119.079 E.02324
G1 X121.12 Y118.533 E.02764
G1 X121.736 Y118.108 E.02533
G1 X122.752 Y117.613 E.03825
G1 X123.36 Y117.444 E.02136
G1 X123.914 Y117.301 E.01937
G1 X124.891 Y117.219 E.03319
G1 X124.9 Y117.219 E.0003
M204 S1000
G1 X124.9 Y117.219 F10800
G1 X124.644 Y117.997
M204 S2000
;TYPE:Solid infill
;WIDTH:0.459507
G1 F1266
G1 X125.266 Y118 E.02155
G1 X126.281 Y118.149 E.03554
;WIDTH:0.45438
G1 X126.929 Y118.356 E.02327
;WIDTH:0.446545
G1 X127.971 Y118.898 E.03942
;WIDTH:0.44333
G1 X128.621 Y119.42 E.02776
;WIDTH:0.454837
G1 X129.021 Y119.809 E.01911
G1 X129.251 Y120.102 E.01276
;WIDTH:0.446033
G1 X129.655 Y120.67 E.02336
;WIDTH:0.451389
G1 X129.933 Y121.209 E.0206
;WIDTH:0.457668
G1 X130.141 Y121.763 E.02041
G1 X130.269 Y122.293 E.0188
;WIDTH:0.45976
G1 X130.365 Y122.798 E.01782
G1 X130.406 Y123.425 E.02178
;WIDTH:0.45506
G1 X130.363 Y124.106 E.02338
;WIDTH:0.460036
G1 X130.241 Y124.749 E.0227
G1 X129.987 Y125.507 E.02773
;WIDTH:0.444867
G1 X129.613 Y126.259 E.02807
;WIDTH:0.451222
G1 X129.024 Y127.06 E.03376
G1 X128.496 Y127.57 E.02492
M73 P86 R1
;WIDTH:0.451598
G1 X127.76 Y128.102 E.03086
;WIDTH:0.455633
G1 X126.871 Y128.529 E.03384
G1 X125.911 Y128.796 E.03419
;WIDTH:0.453228
G1 X125.275 Y128.871 E.02185
G1 X124.629 Y128.87 E.02204
;WIDTH:0.456013
G1 X123.625 Y128.712 E.03491
;WIDTH:0.462067
G1 X123.075 Y128.538 E.02011
G1 X122.413 Y128.248 E.02519
;WIDTH:0.453635
G1 X121.854 Y127.91 E.02231
;WIDTH:0.451204
G1 X121.308 Y127.477 E.02366
;WIDTH:0.446597
G1 X120.7 Y126.809 E.03032
;WIDTH:0.446033
G1 X120.263 Y126.195 E.02526
;WIDTH:0.451391
G1 X119.985 Y125.657 E.02057
;WIDTH:0.457673
G1 X119.776 Y125.102 E.02045
G1 X119.648 Y124.573 E.01877
;WIDTH:0.461724
G1 X119.557 Y124.08 E.01746
G1 X119.525 Y123.085 E.03467
;WIDTH:0.459559
G1 X119.681 Y122.101 E.03452
G1 X119.895 Y121.436 E.0242
;WIDTH:0.446931
G1 X120.321 Y120.573 E.03233
;WIDTH:0.453565
G1 X120.679 Y120.063 E.02128
;WIDTH:0.455519
G1 X121.074 Y119.618 E.02041
G1 X121.612 Y119.134 E.02483
;WIDTH:0.451977
G1 X122.142 Y118.771 E.02185
;WIDTH:0.454156
G1 X123.046 Y118.336 E.0343
;WIDTH:0.462935
G1 X124.008 Y118.075 E.03481
G1 X124.442 Y118.022 E.01527
;WIDTH:0.449999
G1 X124.471 Y118.441 E.01422
;WIDTH:0.453817
G1 X123.658 Y118.565 E.0281
;WIDTH:0.43647
G1 X122.858 Y118.851 E.0278
;WIDTH:0.451114
G1 X122.329 Y119.133 E.02035
;WIDTH:0.451977
G1 X121.851 Y119.466 E.01981
;WIDTH:0.455519
G1 X121.358 Y119.917 E.02292
G1 X120.999 Y120.319 E.01849
;WIDTH:0.453565
G1 X120.634 Y120.836 E.02161
;WIDTH:0.449092
G1 X120.242 Y121.647 E.03042
G1 X119.985 Y122.626 E.03418
;WIDTH:0.43889
G1 X119.92 Y123.384 E.02505
G1 X120.032 Y124.489 E.03657
;WIDTH:0.457673
G1 X120.173 Y124.981 E.01765
G1 X120.358 Y125.492 E.01874
;WIDTH:0.451391
G1 X120.637 Y126.037 E.0208
;WIDTH:0.454333
G1 X121.197 Y126.78 E.03183
G1 X121.621 Y127.218 E.02085
;WIDTH:0.446746
G1 X122.181 Y127.643 E.02361
;WIDTH:0.453635
G1 X122.619 Y127.893 E.01722
;WIDTH:0.462067
G1 X123.226 Y128.147 E.02293
G1 X123.923 Y128.364 E.02544
;WIDTH:0.443827
G1 X124.812 Y128.475 E.02987
G1 X125.557 Y128.441 E.02486
;WIDTH:0.44267
G1 X126.26 Y128.301 E.02383
;WIDTH:0.436578
G1 X127.092 Y127.998 E.02898
;WIDTH:0.438444
G1 X127.752 Y127.629 E.02487
;WIDTH:0.449272
G1 X128.306 Y127.205 E.02357
G1 X128.818 Y126.677 E.02485
;WIDTH:0.445472
G1 X129.305 Y125.996 E.02802
;WIDTH:0.452859
G1 X129.681 Y125.186 E.03044
;WIDTH:0.460036
G1 X129.841 Y124.631 E.02003
G1 X129.955 Y124.052 E.02047
;WIDTH:0.45506
G1 X130.003 Y123.36 E.02377
;WIDTH:0.447023
G1 X129.886 Y122.377 E.03326
;WIDTH:0.457668
G1 X129.744 Y121.885 E.01766
G1 X129.559 Y121.374 E.01874
;WIDTH:0.451389
G1 X129.281 Y120.83 E.02075
;WIDTH:0.454837
G1 X128.729 Y120.1 E.03135
G1 X128.342 Y119.697 E.01914
;WIDTH:0.453592
G1 X128.052 Y119.459 E.01281
G1 X127.593 Y119.14 E.01909
G1 X126.714 Y118.704 E.03351
;WIDTH:0.446996
G1 X125.889 Y118.479 E.02873
;WIDTH:0.459507
G1 X125.219 Y118.413 E.02332
G1 X124.672 Y118.41 E.01895
M204 S1000
;LAYER_CHANGE
;Z:4.2
;HEIGHT:0.2
;BEFORE_LAYER_CHANGE
G92 E0.0
;4.2


;WIPE_START
G1 F8640
G1 X125.219 Y118.413 E-.12631
G1 X125.889 Y118.479 E-.15545
G1 X126.714 Y118.704 E-.19745
G1 X127.593 Y119.14 E-.22656
G1 X127.928 Y119.373 E-.09423
;WIPE_END
G1 Z4.2 F720
;AFTER_LAYER_CHANGE
;4.2
G1 Z4.6
; stop printing object Scheibe-Radhaenger.stl id:1 copy 0
; printing object Scheibe-Radhaenger.stl id:0 copy 0
G1 X123.789 Y109.496 F10800
G1 Z4.2 F720
G1 E.8 F2100
M204 S800
;TYPE:Perimeter
;WIDTH:0.449999
G1 F1292
G1 X123.352 Y109.379 E.01531
G1 X122.516 Y108.964 E.03159
G1 X121.921 Y108.525 E.02503
G1 X121.49 Y108.083 E.0209
G1 X121.154 Y107.65 E.01855
G1 X120.87 Y107.183 E.0185
G1 X120.642 Y106.706 E.0179
G1 X120.445 Y106.069 E.02257
G1 X120.342 Y105.252 E.02787
G1 X120.322 Y104.929 E.01095
G1 X120.429 Y104.002 E.03159
G1 X120.636 Y103.311 E.02442
G1 X120.87 Y102.822 E.01835
G1 X121.152 Y102.352 E.01855
G1 X121.485 Y101.917 E.01854
G1 X121.851 Y101.537 E.01786
G1 X122.417 Y101.097 E.02427
G1 X123.042 Y100.748 E.02423
G1 X123.758 Y100.489 E.02577
G1 X124.753 Y100.328 E.03412
G1 X125.573 Y100.375 E.0278
G1 X126.105 Y100.46 E.01824
G1 X126.606 Y100.602 E.01763
G1 X127.204 Y100.875 E.02225
G1 X128.062 Y101.462 E.03519
G1 X128.822 Y102.296 E.03819
G1 X129.192 Y102.922 E.02461
G1 X129.54 Y103.868 E.03412
G1 X129.657 Y104.75 E.03012
G1 X129.678 Y105.071 E.01089
G1 X129.571 Y105.998 E.03159
G1 X129.369 Y106.674 E.02388
G1 X128.979 Y107.427 E.0287
G1 X128.801 Y107.731 E.01192
G1 X128.405 Y108.212 E.02109
G1 X127.875 Y108.694 E.02425
G1 X126.977 Y109.24 E.03557
G1 X126.286 Y109.501 E.025
G1 X125.804 Y109.61 E.01673
G1 X125.225 Y109.675 E.01972
G1 X124.466 Y109.649 E.02571
G1 X123.862 Y109.516 E.02093
G1 X123.846 Y109.512 E.00056
M204 S1000
G1 X123.846 Y109.512 F10800
G1 X123.882 Y109.098
M204 S800
;TYPE:External perimeter
G1 F1292
G1 X123.533 Y109.014 E.01215
G1 X122.696 Y108.6 E.03161
G1 X122.168 Y108.202 E.02238
G1 X121.786 Y107.803 E.0187
G1 X121.487 Y107.417 E.01653
G1 X121.235 Y107.003 E.01641
G1 X121.029 Y106.582 E.01586
G1 X120.833 Y105.948 E.02246
G1 X120.747 Y105.207 E.02525
G1 X120.747 Y104.795 E.01395
G1 X120.834 Y104.049 E.02542
G1 X121.024 Y103.433 E.02182
G1 X121.34 Y102.794 E.02413
G1 X121.692 Y102.292 E.02075
G1 X122.145 Y101.819 E.02217
G1 X122.663 Y101.421 E.02211
G1 X123.237 Y101.106 E.02216
G1 X123.893 Y100.873 E.02356
G1 X124.814 Y100.73 E.03155
G1 X125.542 Y100.781 E.0247
G1 X125.997 Y100.853 E.01559
G1 X126.46 Y100.983 E.01628
G1 X127.064 Y101.258 E.02246
G1 X127.827 Y101.795 E.03158
G1 X128.506 Y102.555 E.0345
G1 X128.841 Y103.127 E.02244
G1 X129.156 Y104.005 E.03157
G1 X129.253 Y104.796 E.02697
G1 X129.255 Y105.186 E.0132
G1 X129.166 Y105.951 E.02607
G1 X128.981 Y106.551 E.02125
G1 X128.487 Y107.472 E.03538
G1 X128.091 Y107.953 E.02109
G1 X127.604 Y108.39 E.02215
G1 X126.769 Y108.89 E.03294
G1 X126.148 Y109.117 E.02238
G1 X125.758 Y109.205 E.01353
M73 P87 R1
G1 X125.179 Y109.271 E.01973
G1 X124.484 Y109.242 E.02355
G1 X123.94 Y109.112 E.01893
M204 S1000
;WIPE_START
G1 F8640
G1 X123.882 Y109.098 E-.01378
G1 X123.533 Y109.014 E-.08289
G1 X122.696 Y108.6 E-.21561
G1 X122.168 Y108.202 E-.15267
G1 X121.786 Y107.803 E-.12755
G1 X121.487 Y107.417 E-.11274
G1 X121.273 Y107.066 E-.09476
;WIPE_END
G1 Z4.6 F720
G1 X124.989 Y99.195 F10800
G1 Z4.2 F720
G1 E.8 F2100
M204 S800
;TYPE:Perimeter
G1 F1292
G1 X125.694 Y99.224 E.02388
G1 X126.393 Y99.352 E.02405
G1 X127.018 Y99.546 E.02215
G1 X127.704 Y99.85 E.0254
G1 X128.304 Y100.213 E.02374
G1 X128.857 Y100.646 E.02377
G1 X129.348 Y101.136 E.02348
G1 X129.977 Y101.992 E.03596
G1 X130.213 Y102.477 E.01826
G1 X130.452 Y102.989 E.01913
G1 X130.728 Y104.004 E.0356
G1 X130.806 Y104.684 E.02317
G1 X130.806 Y105.342 E.02227
G1 X130.645 Y106.401 E.03626
G1 X130.441 Y107.055 E.02319
G1 X130.006 Y107.954 E.03381
G1 X129.792 Y108.298 E.01371
G1 X129.354 Y108.857 E.02404
G1 X128.864 Y109.348 E.02348
G1 X128.008 Y109.977 E.03596
G1 X127.062 Y110.438 E.03562
G1 X126.039 Y110.723 E.03595
G1 X125.351 Y110.806 E.02346
G1 X124.658 Y110.806 E.02346
G1 X123.598 Y110.645 E.03629
G1 X123.109 Y110.494 E.01732
G1 X122.594 Y110.295 E.01869
G1 X121.68 Y109.775 E.03559
G1 X121.038 Y109.25 E.02807
G1 X120.536 Y108.717 E.02478
G1 X120.195 Y108.274 E.01892
G1 X119.835 Y107.672 E.02374
G1 X119.551 Y107.023 E.02398
G1 X119.272 Y105.996 E.03602
G1 X119.194 Y105.13 E.02943
G1 X119.198 Y104.614 E.01747
G1 X119.35 Y103.615 E.0342
G1 X119.561 Y102.937 E.02404
G1 X119.849 Y102.297 E.02376
G1 X120.213 Y101.696 E.02378
G1 X120.646 Y101.143 E.02377
G1 X121.136 Y100.652 E.02348
G1 X121.992 Y100.023 E.03596
G1 X122.938 Y99.562 E.03562
G1 X124.004 Y99.272 E.03739
G1 X124.929 Y99.194 E.03142
M204 S1000
G1 X124.929 Y99.194 F10800
G1 X125.001 Y98.789
M204 S800
;TYPE:External perimeter
G1 F1292
G1 X125.748 Y98.82 E.02531
G1 X126.49 Y98.956 E.02553
G1 X127.161 Y99.164 E.02378
G1 X127.893 Y99.489 E.02711
G1 X128.536 Y99.877 E.02542
G1 X129.128 Y100.341 E.02546
G1 X129.657 Y100.87 E.02532
G1 X130.327 Y101.78 E.03825
G1 X130.82 Y102.793 E.03813
G1 X130.995 Y103.422 E.0221
G1 X131.132 Y103.955 E.01863
G1 X131.213 Y104.684 E.02483
G1 X131.213 Y105.373 E.02332
G1 X131.043 Y106.493 E.03834
G1 X130.821 Y107.205 E.02524
G1 X130.373 Y108.132 E.03485
G1 X130.124 Y108.534 E.01601
G1 X129.659 Y109.128 E.02553
G1 X129.13 Y109.657 E.02532
G1 X128.22 Y110.327 E.03825
G1 X127.207 Y110.82 E.03813
G1 X126.119 Y111.123 E.03823
G1 X125.376 Y111.213 E.02533
G1 X124.627 Y111.213 E.02535
G1 X123.507 Y111.043 E.03834
G1 X122.989 Y110.882 E.01836
G1 X122.447 Y110.677 E.01961
G1 X121.856 Y110.369 E.02256
G1 X121.429 Y110.095 E.01717
G1 X120.751 Y109.537 E.02972
G1 X120.216 Y108.968 E.02644
G1 X119.846 Y108.485 E.02059
G1 X119.464 Y107.839 E.0254
G1 X119.159 Y107.132 E.02606
G1 X118.868 Y106.045 E.03809
G1 X118.787 Y105.13 E.03109
G1 X118.794 Y104.566 E.01909
G1 X118.956 Y103.513 E.03606
G1 X119.18 Y102.792 E.02556
G1 X119.488 Y102.108 E.02539
G1 X119.877 Y101.464 E.02547
G1 X120.341 Y100.872 E.02546
G1 X120.87 Y100.343 E.02532
G1 X121.78 Y99.673 E.03825
G1 X122.793 Y99.18 E.03813
G1 X123.881 Y98.877 E.03823
G1 X124.551 Y98.796 E.02284
G1 X124.933 Y98.786 E.01293
G1 X124.941 Y98.786 E.00027
M204 S1000
;WIPE_START
G1 F8640
G1 X125.001 Y98.789 E-.01387
G1 X125.748 Y98.82 E-.17263
G1 X126.49 Y98.956 E-.17418
G1 X127.161 Y99.164 E-.16221
G1 X127.893 Y99.489 E-.18493
G1 X128.235 Y99.695 E-.09218
;WIPE_END
G1 Z4.6 F720
G1 X119.565 Y105.316 F10800
G1 Z4.2 F720
G1 E.8 F2100
M204 S2000
;TYPE:Solid infill
;WIDTH:0.459321
G1 F1292
G1 X119.565 Y104.67 E.02237
;WIDTH:0.45891
G1 X119.635 Y104.07 E.02089
;WIDTH:0.457236
G1 X119.712 Y103.746 E.01147
;WIDTH:0.446665
G1 X119.939 Y102.987 E.0266
;WIDTH:0.456242
G1 X120.184 Y102.458 E.02004
G1 X120.525 Y101.896 E.02259
;WIDTH:0.454627
G1 X120.93 Y101.378 E.02251
;WIDTH:0.450808
G1 X121.411 Y100.902 E.02295
;WIDTH:0.452441
G1 X122.199 Y100.331 E.03314
;WIDTH:0.45388
G1 X123.087 Y99.903 E.03368
;WIDTH:0.463345
G1 X124.049 Y99.642 E.03485
G1 X124.685 Y99.564 E.0224
;WIDTH:0.459875
G1 X125.323 Y99.567 E.02212
G1 X126.323 Y99.716 E.03505
;WIDTH:0.452944
G1 X126.9 Y99.894 E.02059
;WIDTH:0.449479
G1 X127.651 Y100.243 E.028
;WIDTH:0.462286
G1 X128.102 Y100.528 E.0186
G1 X128.623 Y100.929 E.02293
;WIDTH:0.449813
G1 X128.701 Y101.005 E.00368
;WIDTH:0.460993
G1 X129.074 Y101.392 E.01868
G1 X129.649 Y102.168 E.03357
;WIDTH:0.454163
G1 X129.876 Y102.605 E.01684
;WIDTH:0.459503
G1 X130.094 Y103.088 E.01836
G1 X130.36 Y104.049 E.03454
;WIDTH:0.459675
G1 X130.435 Y104.684 E.02216
G1 X130.434 Y105.33 E.02239
;WIDTH:0.457495
G1 X130.281 Y106.333 E.03498
;WIDTH:0.452195
G1 X130 Y107.137 E.02898
;WIDTH:0.457863
G1 X129.679 Y107.781 E.02483
G1 X129.449 Y108.119 E.01411
;WIDTH:0.45311
G1 X129.064 Y108.626 E.02171
;WIDTH:0.45353
G1 X128.634 Y109.057 E.02079
G1 X128.244 Y109.357 E.0168
;WIDTH:0.46059
G1 X127.798 Y109.666 E.01884
M73 P88 R1
G1 X126.913 Y110.097 E.03419
;WIDTH:0.45375
G1 X126.431 Y110.24 E.01717
;WIDTH:0.446963
G1 X125.93 Y110.368 E.01737
;WIDTH:0.451147
G1 X125.317 Y110.439 E.02095
;WIDTH:0.45475
G1 X124.701 Y110.437 E.02109
G1 X124.253 Y110.38 E.01546
;WIDTH:0.462497
G1 X123.667 Y110.276 E.02076
G1 X123.058 Y110.089 E.02223
;WIDTH:0.453766
G1 X122.228 Y109.687 E.03151
G1 X122.012 Y109.543 E.00887
;WIDTH:0.445667
G1 X121.306 Y109.002 E.02979
;WIDTH:0.455513
G1 X120.915 Y108.602 E.01919
G1 X120.51 Y108.084 E.02256
;WIDTH:0.45315
G1 X120.171 Y107.521 E.02242
G1 X119.906 Y106.931 E.02206
;WIDTH:0.457922
G1 X119.64 Y105.951 E.03504
;WIDTH:0.458876
G1 X119.589 Y105.518 E.01508
;WIDTH:0.449999
G1 X119.971 Y105.18 E.01727
;WIDTH:0.459321
G1 X120.095 Y106.158 E.03413
;WIDTH:0.450476
G1 X120.297 Y106.814 E.02326
;WIDTH:0.45315
G1 X120.542 Y107.345 E.01995
G1 X120.853 Y107.861 E.02055
;WIDTH:0.455513
G1 X121.229 Y108.335 E.02076
G1 X121.64 Y108.762 E.02033
;WIDTH:0.453766
G1 X122.408 Y109.318 E.03239
G1 X123.271 Y109.739 E.0328
;WIDTH:0.462497
G1 X124.367 Y110 E.03931
;WIDTH:0.443666
G1 X125.155 Y110.042 E.0263
;WIDTH:0.451147
G1 X125.884 Y109.967 E.02488
;WIDTH:0.446963
G1 X126.313 Y109.866 E.01481
;WIDTH:0.436613
G1 X127.105 Y109.58 E.02757
;WIDTH:0.46059
G1 X128.027 Y109.03 E.03728
;WIDTH:0.45353
G1 X128.353 Y108.758 E.0145
G1 X128.761 Y108.351 E.01968
;WIDTH:0.45311
G1 X129.138 Y107.878 E.02063
;WIDTH:0.457863
G1 X129.31 Y107.592 E.01151
G1 X129.711 Y106.782 E.03118
;WIDTH:0.453037
G1 X129.927 Y106.064 E.02557
;WIDTH:0.457495
G1 X130.023 Y105.276 E.02736
;WIDTH:0.459675
G1 X130.02 Y104.709 E.01965
G1 X129.894 Y103.797 E.0319
;WIDTH:0.437223
G1 X129.53 Y102.791 E.03508
;WIDTH:0.43618
G1 X129.1 Y102.069 E.02748
;WIDTH:0.460993
G1 X128.749 Y101.655 E.01887
G1 X128.36 Y101.238 E.01982
;WIDTH:0.462286
G1 X127.85 Y100.863 E.02207
G1 X127.354 Y100.545 E.02055
;WIDTH:0.452668
G1 X126.655 Y100.235 E.02605
;WIDTH:0.444707
G1 X125.931 Y100.046 E.025
;WIDTH:0.459875
G1 X125.275 Y99.981 E.02285
G1 X124.713 Y99.978 E.01948
;WIDTH:0.4582
G1 X123.686 Y100.135 E.03587
;WIDTH:0.436216
G1 X122.899 Y100.418 E.02735
;WIDTH:0.438523
G1 X122.195 Y100.812 E.02654
;WIDTH:0.446153
G1 X121.631 Y101.244 E.02382
G1 X121.159 Y101.731 E.02274
;WIDTH:0.454627
G1 X120.854 Y102.143 E.01755
;WIDTH:0.456242
G1 X120.546 Y102.657 E.02059
G1 X120.29 Y103.193 E.02041
;WIDTH:0.44837
G1 X120.09 Y103.856 E.02335
;WIDTH:0.457236
G1 X119.956 Y104.977 E.03889
M204 S1000
;WIPE_START
G1 F8640
G1 X120.09 Y103.856 E-.26068
G1 X120.29 Y103.193 E-.1599
G1 X120.546 Y102.657 E-.13716
G1 X120.854 Y102.143 E-.13836
G1 X121.121 Y101.782 E-.1039
;WIPE_END
G1 Z4.6 F720
; stop printing object Scheibe-Radhaenger.stl id:0 copy 0
; printing object Scheibe-Radhaenger.stl id:1 copy 0
G1 X123.747 Y127.929 F10800
G1 Z4.2 F720
G1 E.8 F2100
M204 S800
;TYPE:Perimeter
;WIDTH:0.449999
G1 F1292
G1 X123.311 Y127.812 E.01528
G1 X122.474 Y127.397 E.03162
G1 X121.88 Y126.958 E.025
G1 X121.449 Y126.516 E.0209
G1 X121.112 Y126.083 E.01857
G1 X120.828 Y125.616 E.0185
G1 X120.6 Y125.139 E.0179
G1 X120.403 Y124.501 E.0226
G1 X120.301 Y123.685 E.02784
G1 X120.281 Y123.362 E.01095
G1 X120.388 Y122.435 E.03159
G1 X120.595 Y121.743 E.02445
G1 X120.829 Y121.255 E.01832
G1 X121.111 Y120.785 E.01855
G1 X121.444 Y120.35 E.01854
G1 X121.81 Y119.97 E.01786
G1 X122.375 Y119.53 E.02424
G1 X123.001 Y119.181 E.02426
G1 X123.717 Y118.922 E.02577
G1 X124.712 Y118.761 E.03412
G1 X125.532 Y118.808 E.0278
G1 X126.063 Y118.893 E.0182
G1 X126.564 Y119.035 E.01763
G1 X127.163 Y119.308 E.02228
G1 X128.021 Y119.895 E.03519
G1 X128.781 Y120.729 E.03819
G1 X129.151 Y121.354 E.02458
G1 X129.499 Y122.301 E.03415
G1 X129.616 Y123.183 E.03012
G1 X129.637 Y123.503 E.01085
G1 X129.53 Y124.431 E.03162
G1 X129.328 Y125.107 E.02388
G1 X128.938 Y125.86 E.0287
G1 X128.76 Y126.164 E.01192
G1 X128.363 Y126.645 E.02111
G1 X127.833 Y127.127 E.02425
G1 X126.936 Y127.673 E.03554
G1 X126.244 Y127.933 E.02502
G1 X125.763 Y128.043 E.0167
G1 X125.184 Y128.108 E.01972
G1 X124.425 Y128.081 E.02571
G1 X123.821 Y127.949 E.02093
G1 X123.805 Y127.945 E.00056
M204 S1000
G1 X123.805 Y127.945 F10800
G1 X123.841 Y127.53
M204 S800
;TYPE:External perimeter
G1 F1292
G1 X123.492 Y127.447 E.01214
G1 X122.655 Y127.033 E.03161
G1 X122.127 Y126.635 E.02238
G1 X121.744 Y126.236 E.01872
G1 X121.446 Y125.85 E.01651
G1 X121.193 Y125.436 E.01642
G1 X120.988 Y125.015 E.01585
G1 X120.792 Y124.381 E.02246
G1 X120.706 Y123.64 E.02525
G1 X120.706 Y123.228 E.01395
G1 X120.792 Y122.481 E.02545
G1 X120.983 Y121.866 E.0218
G1 X121.299 Y121.227 E.02413
G1 X121.651 Y120.725 E.02075
G1 X122.104 Y120.252 E.02217
G1 X122.622 Y119.854 E.02211
G1 X123.196 Y119.539 E.02216
G1 X123.852 Y119.306 E.02356
G1 X124.773 Y119.163 E.03155
G1 X125.501 Y119.214 E.0247
G1 X125.956 Y119.286 E.01559
G1 X126.419 Y119.416 E.01628
G1 X127.023 Y119.691 E.02246
G1 X127.786 Y120.227 E.03156
G1 X128.465 Y120.988 E.03452
G1 X128.8 Y121.56 E.02244
G1 X129.115 Y122.437 E.03154
G1 X129.212 Y123.229 E.02701
G1 X129.214 Y123.619 E.0132
G1 X129.125 Y124.384 E.02607
G1 X128.939 Y124.984 E.02126
G1 X128.446 Y125.905 E.03536
G1 X128.049 Y126.386 E.02111
G1 X127.562 Y126.823 E.02215
G1 X126.728 Y127.323 E.03291
G1 X126.107 Y127.55 E.02238
G1 X125.717 Y127.638 E.01353
G1 X125.138 Y127.704 E.01973
G1 X124.443 Y127.675 E.02355
G1 X123.899 Y127.544 E.01894
M204 S1000
;WIPE_START
G1 F8640
G1 X123.841 Y127.53 E-.01378
G1 X123.492 Y127.447 E-.08283
G1 X122.655 Y127.033 E-.21561
G1 X122.127 Y126.635 E-.15267
G1 X121.744 Y126.236 E-.12771
G1 X121.446 Y125.85 E-.1126
G1 X121.232 Y125.499 E-.0948
;WIPE_END
G1 Z4.6 F720
G1 X124.948 Y117.628 F10800
G1 Z4.2 F720
M73 P89 R1
G1 E.8 F2100
M204 S800
;TYPE:Perimeter
G1 F1292
G1 X125.653 Y117.657 E.02388
G1 X126.351 Y117.785 E.02402
G1 X126.977 Y117.979 E.02218
G1 X127.663 Y118.283 E.0254
G1 X128.263 Y118.646 E.02374
G1 X128.816 Y119.079 E.02377
G1 X129.306 Y119.569 E.02346
G1 X129.936 Y120.425 E.03598
G1 X130.172 Y120.909 E.01823
G1 X130.41 Y121.422 E.01914
G1 X130.687 Y122.437 E.03561
G1 X130.765 Y123.117 E.02317
G1 X130.765 Y123.775 E.02227
G1 X130.604 Y124.834 E.03626
G1 X130.4 Y125.488 E.02319
G1 X129.965 Y126.387 E.03381
G1 X129.75 Y126.731 E.01373
G1 X129.313 Y127.29 E.02402
G1 X128.822 Y127.78 E.02348
G1 X127.967 Y128.41 E.03595
G1 X127.021 Y128.87 E.03561
G1 X125.998 Y129.155 E.03595
G1 X125.31 Y129.239 E.02346
G1 X124.617 Y129.239 E.02346
G1 X123.557 Y129.078 E.03629
G1 X123.068 Y128.926 E.01733
G1 X122.553 Y128.728 E.01868
G1 X121.638 Y128.207 E.03564
G1 X120.997 Y127.682 E.02805
G1 X120.495 Y127.15 E.02476
G1 X120.154 Y126.707 E.01892
G1 X119.794 Y126.105 E.02374
G1 X119.51 Y125.455 E.02401
G1 X119.231 Y124.429 E.03599
G1 X119.153 Y123.563 E.02943
G1 X119.157 Y123.047 E.01747
G1 X119.309 Y122.048 E.0342
G1 X119.52 Y121.37 E.02404
G1 X119.808 Y120.73 E.02376
G1 X120.172 Y120.129 E.02378
G1 X120.605 Y119.576 E.02377
G1 X121.095 Y119.085 E.02348
M73 P89 R0
G1 X121.95 Y118.456 E.03593
G1 X122.897 Y117.995 E.03565
G1 X123.963 Y117.705 E.03739
G1 X124.888 Y117.626 E.03142
M204 S1000
G1 X124.888 Y117.626 F10800
G1 X124.96 Y117.222
M204 S800
;TYPE:External perimeter
G1 F1292
G1 X125.706 Y117.253 E.02527
G1 X126.449 Y117.389 E.02557
G1 X127.12 Y117.597 E.02378
G1 X127.852 Y117.921 E.0271
G1 X128.495 Y118.31 E.02544
G1 X129.086 Y118.774 E.02543
G1 X129.616 Y119.303 E.02535
G1 X130.285 Y120.213 E.03823
G1 X130.779 Y121.226 E.03815
G1 X130.954 Y121.855 E.0221
G1 X131.091 Y122.388 E.01863
G1 X131.172 Y123.117 E.02483
G1 X131.172 Y123.806 E.02332
G1 X131.002 Y124.925 E.03831
G1 X130.78 Y125.638 E.02528
G1 X130.331 Y126.565 E.03486
G1 X130.083 Y126.967 E.01599
G1 X129.618 Y127.561 E.02553
G1 X129.088 Y128.09 E.02535
G1 X128.178 Y128.76 E.03825
G1 X127.166 Y129.253 E.0381
G1 X126.078 Y129.556 E.03823
G1 X125.335 Y129.646 E.02533
G1 X124.586 Y129.646 E.02535
G1 X123.466 Y129.476 E.03834
G1 X122.948 Y129.315 E.01836
G1 X122.406 Y129.11 E.01961
G1 X121.815 Y128.802 E.02256
G1 X121.387 Y128.528 E.0172
G1 X120.709 Y127.97 E.02972
G1 X120.175 Y127.401 E.02641
G1 X119.805 Y126.918 E.02059
G1 X119.423 Y126.272 E.0254
G1 X119.118 Y125.565 E.02606
G1 X118.827 Y124.478 E.03809
G1 X118.746 Y123.563 E.03109
G1 X118.752 Y122.999 E.01909
G1 X118.914 Y121.946 E.03606
G1 X119.139 Y121.225 E.02557
G1 X119.447 Y120.54 E.02542
G1 X119.836 Y119.897 E.02544
G1 X120.3 Y119.305 E.02546
G1 X120.829 Y118.776 E.02532
G1 X121.739 Y118.106 E.03825
G1 X122.752 Y117.613 E.03813
G1 X123.84 Y117.31 E.03823
G1 X124.51 Y117.229 E.02284
G1 X124.891 Y117.219 E.0129
G1 X124.9 Y117.219 E.0003
M204 S1000
;WIPE_START
G1 F8640
G1 X124.96 Y117.222 E-.01387
G1 X125.706 Y117.253 E-.1724
G1 X126.449 Y117.389 E-.17441
G1 X127.12 Y117.597 E-.16221
G1 X127.852 Y117.921 E-.18484
G1 X128.194 Y118.128 E-.09227
;WIPE_END
G1 Z4.6 F720
G1 X119.524 Y123.749 F10800
G1 Z4.2 F720
G1 E.8 F2100
M204 S2000
;TYPE:Solid infill
;WIDTH:0.459321
G1 F1292
G1 X119.523 Y123.103 E.02237
;WIDTH:0.45891
G1 X119.594 Y122.503 E.0209
;WIDTH:0.457236
G1 X119.671 Y122.179 E.01147
;WIDTH:0.446665
G1 X119.898 Y121.42 E.0266
;WIDTH:0.456242
G1 X120.142 Y120.891 E.02002
G1 X120.483 Y120.329 E.02259
;WIDTH:0.454627
G1 X120.889 Y119.811 E.02253
;WIDTH:0.450808
G1 X121.37 Y119.335 E.02295
;WIDTH:0.452441
G1 X122.158 Y118.764 E.03314
;WIDTH:0.45388
G1 X123.046 Y118.336 E.03368
;WIDTH:0.463345
G1 X124.008 Y118.075 E.03485
G1 X124.643 Y117.997 E.02237
;WIDTH:0.459875
G1 X125.282 Y118 E.02215
G1 X126.282 Y118.149 E.03505
;WIDTH:0.452944
G1 X126.859 Y118.327 E.02059
;WIDTH:0.449479
G1 X127.61 Y118.676 E.028
;WIDTH:0.462286
G1 X128.061 Y118.961 E.0186
G1 X128.581 Y119.362 E.0229
;WIDTH:0.449813
G1 X128.66 Y119.438 E.00371
;WIDTH:0.460993
G1 X129.033 Y119.825 E.01868
G1 X129.608 Y120.601 E.03357
;WIDTH:0.454163
G1 X129.835 Y121.038 E.01684
;WIDTH:0.459503
G1 X130.053 Y121.521 E.01836
G1 X130.318 Y122.482 E.03453
;WIDTH:0.459675
G1 X130.394 Y123.117 E.02216
G1 X130.392 Y123.763 E.02239
;WIDTH:0.457495
G1 X130.24 Y124.766 E.03497
;WIDTH:0.452195
G1 X129.958 Y125.57 E.029
;WIDTH:0.457863
G1 X129.637 Y126.214 E.02483
G1 X129.408 Y126.552 E.01409
;WIDTH:0.45311
G1 X129.023 Y127.059 E.02171
;WIDTH:0.45353
G1 X128.593 Y127.489 E.02076
G1 X128.203 Y127.79 E.01682
;WIDTH:0.46059
G1 X127.757 Y128.099 E.01884
G1 X126.872 Y128.53 E.03419
;WIDTH:0.45375
G1 X126.39 Y128.673 E.01717
;WIDTH:0.446963
G1 X125.888 Y128.801 E.0174
;WIDTH:0.451147
G1 X125.275 Y128.872 E.02095
;WIDTH:0.45475
G1 X124.66 Y128.87 E.02106
G1 X124.212 Y128.813 E.01546
;WIDTH:0.462497
G1 X123.626 Y128.709 E.02076
G1 X123.017 Y128.522 E.02223
;WIDTH:0.453766
G1 X122.186 Y128.119 E.03155
G1 X121.971 Y127.976 E.00882
;WIDTH:0.445667
G1 X121.265 Y127.435 E.02979
;WIDTH:0.455513
G1 X120.874 Y127.035 E.01919
G1 X120.468 Y126.517 E.02258
;WIDTH:0.45315
G1 X120.13 Y125.954 E.0224
M73 P90 R0
G1 X119.865 Y125.364 E.02206
;WIDTH:0.457922
G1 X119.599 Y124.384 E.03504
;WIDTH:0.458876
G1 X119.547 Y123.951 E.01508
;WIDTH:0.449999
G1 X119.93 Y123.613 E.01729
;WIDTH:0.459321
G1 X120.054 Y124.591 E.03413
;WIDTH:0.450476
G1 X120.256 Y125.247 E.02326
;WIDTH:0.45315
G1 X120.5 Y125.778 E.01993
G1 X120.812 Y126.294 E.02057
;WIDTH:0.455513
G1 X121.188 Y126.767 E.02073
G1 X121.598 Y127.195 E.02033
;WIDTH:0.453766
G1 X122.367 Y127.75 E.0324
G1 X123.23 Y128.172 E.03282
;WIDTH:0.462497
G1 X124.326 Y128.433 E.03931
;WIDTH:0.443666
G1 X125.114 Y128.475 E.0263
;WIDTH:0.451147
G1 X125.843 Y128.4 E.02488
;WIDTH:0.446963
G1 X126.271 Y128.299 E.01477
;WIDTH:0.436613
G1 X127.064 Y128.012 E.02761
;WIDTH:0.46059
G1 X127.986 Y127.463 E.03727
;WIDTH:0.45353
G1 X128.311 Y127.191 E.01447
G1 X128.719 Y126.784 E.01968
;WIDTH:0.45311
G1 X129.096 Y126.311 E.02063
;WIDTH:0.457863
G1 X129.268 Y126.024 E.01154
G1 X129.67 Y125.215 E.03117
;WIDTH:0.453037
G1 X129.886 Y124.497 E.02557
;WIDTH:0.457495
G1 X129.981 Y123.709 E.02736
;WIDTH:0.459675
G1 X129.978 Y123.141 E.01968
G1 X129.853 Y122.23 E.03186
;WIDTH:0.437223
G1 X129.488 Y121.224 E.03509
;WIDTH:0.43618
G1 X129.059 Y120.502 E.02746
;WIDTH:0.460993
G1 X128.708 Y120.088 E.01887
G1 X128.318 Y119.671 E.01985
;WIDTH:0.462286
G1 X127.809 Y119.296 E.02205
G1 X127.313 Y118.978 E.02055
;WIDTH:0.452668
G1 X126.614 Y118.668 E.02605
;WIDTH:0.444707
G1 X125.89 Y118.479 E.025
;WIDTH:0.459875
G1 X125.234 Y118.414 E.02285
G1 X124.672 Y118.41 E.01949
;WIDTH:0.4582
G1 X123.644 Y118.568 E.03591
;WIDTH:0.436216
G1 X122.858 Y118.851 E.02732
;WIDTH:0.438523
G1 X122.154 Y119.245 E.02654
;WIDTH:0.446153
G1 X121.59 Y119.677 E.02382
G1 X121.117 Y120.164 E.02276
;WIDTH:0.454627
G1 X120.812 Y120.576 E.01755
;WIDTH:0.456242
G1 X120.505 Y121.089 E.02055
G1 X120.249 Y121.626 E.02045
;WIDTH:0.44837
G1 X120.049 Y122.289 E.02335
;WIDTH:0.457236
G1 X119.915 Y123.41 E.03889
M204 S1000
;LAYER_CHANGE
;Z:4.4
;HEIGHT:0.2
;BEFORE_LAYER_CHANGE
G92 E0.0
;4.4


;WIPE_START
G1 F8640
G1 X120.049 Y122.289 E-.26068
G1 X120.249 Y121.626 E-.1599
G1 X120.505 Y121.089 E-.13736
G1 X120.812 Y120.576 E-.13804
G1 X121.08 Y120.214 E-.10402
;WIPE_END
G1 Z4.4 F720
;AFTER_LAYER_CHANGE
;4.4
G1 Z4.8
; stop printing object Scheibe-Radhaenger.stl id:1 copy 0
; printing object Scheibe-Radhaenger.stl id:0 copy 0
G1 X123.787 Y109.505 F10800
G1 Z4.4 F720
G1 E.8 F2100
M204 S800
;TYPE:Perimeter
;WIDTH:0.449999
G1 F1267
G1 X123.462 Y109.421 E.01136
G1 X122.997 Y109.227 E.01705
G1 X122.218 Y108.762 E.03071
G1 X121.435 Y108.03 E.03628
G1 X121.001 Y107.432 E.02501
G1 X120.734 Y106.909 E.01988
G1 X120.452 Y106.097 E.0291
G1 X120.342 Y105.252 E.02884
G1 X120.322 Y104.929 E.01095
G1 X120.429 Y104.002 E.03159
G1 X120.636 Y103.31 E.02445
G1 X121.015 Y102.549 E.02878
G1 X121.581 Y101.806 E.03162
G1 X122.399 Y101.111 E.03633
G1 X123.042 Y100.748 E.02499
G1 X123.592 Y100.543 E.01987
G1 X124.079 Y100.41 E.01709
G1 X124.749 Y100.328 E.02285
G1 X125.822 Y100.394 E.03639
G1 X126.538 Y100.579 E.02503
G1 X127.194 Y100.866 E.02424
G1 X127.823 Y101.268 E.02527
G1 X128.641 Y102.059 E.03852
G1 X128.999 Y102.568 E.02106
G1 X129.274 Y103.107 E.02048
G1 X129.551 Y103.913 E.02885
G1 X129.639 Y104.437 E.01799
G1 X129.667 Y105.332 E.03031
G1 X129.547 Y106.112 E.02671
G1 X129.359 Y106.706 E.02109
G1 X128.801 Y107.731 E.0395
G1 X128.405 Y108.212 E.02109
G1 X127.601 Y108.889 E.03558
G1 X126.903 Y109.252 E.02663
G1 X126.538 Y109.421 E.01361
G1 X125.937 Y109.586 E.0211
G1 X125.226 Y109.675 E.02425
G1 X124.178 Y109.606 E.03555
G1 X123.845 Y109.52 E.01164
M204 S1000
G1 X123.845 Y109.52 F10800
G1 X123.879 Y109.111
M204 S800
;TYPE:External perimeter
G1 F1267
G1 X123.57 Y109.028 E.01083
G1 X123.206 Y108.878 E.01333
G1 X122.427 Y108.412 E.03073
G1 X121.717 Y107.737 E.03316
G1 X121.334 Y107.198 E.02238
G1 X121.099 Y106.729 E.01776
G1 X120.841 Y105.976 E.02694
G1 X120.747 Y105.206 E.02626
G1 X120.745 Y104.814 E.01327
G1 X120.834 Y104.049 E.02607
G1 X121.024 Y103.433 E.02182
G1 X121.318 Y102.829 E.02274
G1 X121.937 Y102.019 E.03451
G1 X122.658 Y101.425 E.03162
G1 X123.237 Y101.106 E.02238
G1 X123.699 Y100.936 E.01666
G1 X124.195 Y100.802 E.01739
G1 X124.796 Y100.732 E.02048
G1 X125.541 Y100.781 E.02527
G1 X125.996 Y100.853 E.01559
G1 X126.459 Y100.982 E.01627
G1 X127.028 Y101.237 E.02111
G1 X127.6 Y101.609 E.0231
G1 X128.308 Y102.293 E.03332
G1 X128.666 Y102.802 E.02106
G1 X128.909 Y103.288 E.01839
G1 X129.163 Y104.034 E.02667
G1 X129.261 Y104.657 E.02135
G1 X129.26 Y105.33 E.02278
G1 X129.166 Y105.959 E.02153
G1 X128.974 Y106.573 E.02178
G1 X128.487 Y107.472 E.03461
G1 X128.091 Y107.953 E.02109
G1 X127.342 Y108.575 E.03295
G1 X126.43 Y109.028 E.03447
G1 X125.829 Y109.193 E.0211
G1 X125.179 Y109.271 E.02216
G1 X124.209 Y109.2 E.03292
G1 X123.937 Y109.127 E.00953
M204 S1000
;WIPE_START
G1 F8640
G1 X123.879 Y109.111 E-.01389
G1 X123.57 Y109.028 E-.07388
G1 X123.206 Y108.878 E-.09091
G1 X122.427 Y108.412 E-.2096
G1 X121.717 Y107.737 E-.22621
G1 X121.334 Y107.198 E-.15268
G1 X121.27 Y107.071 E-.03283
;WIPE_END
G1 Z4.8 F720
G1 X124.989 Y99.196 F10800
G1 Z4.4 F720
G1 E.8 F2100
M204 S800
;TYPE:Perimeter
G1 F1267
G1 X125.693 Y99.224 E.02385
G1 X126.392 Y99.352 E.02405
G1 X126.891 Y99.507 E.01769
G1 X127.404 Y99.705 E.01861
G1 X128.038 Y100.042 E.0243
G1 X128.684 Y100.506 E.02692
G1 X129.349 Y101.136 E.03101
G1 X129.782 Y101.689 E.02377
G1 X130.282 Y102.572 E.03435
G1 X130.445 Y102.958 E.01418
G1 X130.687 Y103.82 E.03031
M73 P91 R0
G1 X130.774 Y104.333 E.01761
G1 X130.805 Y105.36 E.03478
G1 X130.723 Y106.04 E.02318
G1 X130.452 Y107.019 E.03438
G1 X130.295 Y107.404 E.01407
G1 X129.975 Y108.012 E.02326
G1 X129.682 Y108.439 E.01753
G1 X129.24 Y108.971 E.02341
G1 X128.828 Y109.373 E.01948
G1 X127.963 Y110.002 E.0362
G1 X127.07 Y110.436 E.03361
G1 X126.392 Y110.648 E.02405
G1 X125.71 Y110.773 E.02347
G1 X125.208 Y110.788 E.017
G1 X124.597 Y110.797 E.02068
G1 X123.558 Y110.632 E.03561
G1 X122.935 Y110.437 E.0221
G1 X122.444 Y110.216 E.01823
G1 X121.702 Y109.792 E.02893
G1 X121.143 Y109.354 E.02404
G1 X120.683 Y108.894 E.02202
G1 X120.453 Y108.593 E.01282
G1 X119.946 Y107.866 E.03
G1 X119.555 Y107.043 E.03084
G1 X119.276 Y106.029 E.0356
G1 X119.194 Y105.132 E.03049
G1 X119.2 Y104.615 E.0175
G1 X119.371 Y103.548 E.03658
G1 X119.656 Y102.726 E.02945
G1 X120.018 Y101.997 E.02755
G1 X120.416 Y101.42 E.02373
G1 X120.814 Y100.997 E.01966
G1 X121.186 Y100.616 E.01802
G1 X122.037 Y99.998 E.0356
G1 X122.699 Y99.665 E.02508
G1 X123.305 Y99.438 E.0219
G1 X124.021 Y99.27 E.02489
G1 X124.929 Y99.194 E.03084
M204 S1000
G1 X124.929 Y99.194 F10800
G1 X125.001 Y98.789
M204 S800
;TYPE:External perimeter
G1 F1267
G1 X125.747 Y98.82 E.02527
G1 X126.49 Y98.956 E.02557
G1 X127.012 Y99.118 E.0185
G1 X127.594 Y99.344 E.02113
G1 X128.269 Y99.707 E.02594
G1 X128.954 Y100.201 E.02859
G1 X129.657 Y100.87 E.03285
G1 X130.121 Y101.462 E.02546
G1 X130.636 Y102.372 E.03539
G1 X130.834 Y102.837 E.01711
G1 X131.087 Y103.746 E.03194
G1 X131.181 Y104.321 E.01972
G1 X131.213 Y105.379 E.03583
G1 X131.123 Y106.119 E.02523
G1 X130.844 Y107.127 E.0354
G1 X130.656 Y107.593 E.01701
G1 X130.318 Y108.231 E.02444
G1 X130.002 Y108.69 E.01886
G1 X129.449 Y109.338 E.02884
G1 X129.07 Y109.701 E.01776
G1 X128.152 Y110.363 E.03831
G1 X127.21 Y110.819 E.03542
G1 X126.49 Y111.044 E.02553
G1 X125.753 Y111.179 E.02536
G1 X124.624 Y111.213 E.03823
G1 X123.99 Y111.116 E.02171
G1 X123.437 Y111.021 E.01899
G1 X122.781 Y110.814 E.02328
G1 X122.255 Y110.577 E.01953
G1 X121.466 Y110.125 E.03078
G1 X120.872 Y109.659 E.02556
G1 X120.395 Y109.182 E.02283
G1 X120.126 Y108.834 E.01489
G1 X119.586 Y108.055 E.03208
G1 X119.181 Y107.21 E.03172
G1 X118.977 Y106.558 E.02312
G1 X118.872 Y106.078 E.01663
G1 X118.787 Y105.132 E.03215
G1 X118.798 Y104.553 E.0196
G1 X118.982 Y103.427 E.03862
G1 X119.285 Y102.559 E.03112
G1 X119.671 Y101.782 E.02937
G1 X120.099 Y101.163 E.02547
G1 X120.873 Y100.341 E.03822
G1 X121.783 Y99.672 E.03823
G1 X122.416 Y99.338 E.02423
G1 X123.148 Y99.057 E.02654
G1 X123.878 Y98.877 E.02545
G1 X124.566 Y98.794 E.02346
G1 X124.933 Y98.786 E.01243
G1 X124.941 Y98.787 E.00027
M204 S1000
G1 X124.941 Y98.787 F10800
G1 X124.684 Y99.563
M204 S2000
;TYPE:Solid infill
;WIDTH:0.460241
G1 F1267
G1 X125.339 Y99.568 E.02273
G1 X126.322 Y99.716 E.03449
;WIDTH:0.452936
G1 X126.926 Y99.904 E.02157
;WIDTH:0.454395
G1 X127.834 Y100.349 E.0346
G1 X128.419 Y100.76 E.02446
;WIDTH:0.461551
G1 X128.844 Y101.148 E.02003
G1 X129.464 Y101.883 E.03347
;WIDTH:0.454606
G1 X129.719 Y102.308 E.01697
;WIDTH:0.438863
G1 X130.053 Y102.993 E.02509
;WIDTH:0.447425
G1 X130.306 Y103.767 E.02739
;WIDTH:0.454588
G1 X130.402 Y104.314 E.01901
G1 X130.424 Y104.666 E.01207
;WIDTH:0.444468
G1 X130.416 Y105.55 E.02952
G1 X130.273 Y106.314 E.02595
;WIDTH:0.453919
G1 X130.1 Y106.908 E.02114
G1 X129.984 Y107.171 E.00982
;WIDTH:0.457985
G1 X129.677 Y107.784 E.02366
G1 X129.447 Y108.123 E.01414
;WIDTH:0.45695
G1 X129.063 Y108.625 E.02176
;WIDTH:0.457994
G1 X128.609 Y109.075 E.02206
G1 X127.79 Y109.676 E.03506
;WIDTH:0.460578
G1 X127.268 Y109.948 E.02044
G1 X126.879 Y110.098 E.01448
;WIDTH:0.454375
G1 X126.285 Y110.293 E.02139
G1 X125.671 Y110.406 E.02136
;WIDTH:0.453352
G1 X125.156 Y110.43 E.01759
;WIDTH:0.460423
G1 X124.652 Y110.429 E.0175
G1 X123.977 Y110.338 E.02364
;WIDTH:0.444364
G1 X123.217 Y110.146 E.02617
G1 X122.729 Y109.936 E.01773
;WIDTH:0.462984
G1 X122.184 Y109.656 E.0214
G1 X121.376 Y109.062 E.03503
;WIDTH:0.459414
G1 X120.839 Y108.504 E.02682
;WIDTH:0.446118
G1 X120.303 Y107.761 E.03072
G1 X119.946 Y107.005 E.02803
;WIDTH:0.441762
G1 X119.682 Y106.142 E.02993
;WIDTH:0.458342
G1 X119.564 Y105.31 E.02903
G1 X119.566 Y104.67 E.02211
;WIDTH:0.457496
G1 X119.719 Y103.667 E.03498
;WIDTH:0.451983
G1 X119.977 Y102.898 E.02759
;WIDTH:0.444089
G1 X120.364 Y102.165 E.02765
;WIDTH:0.461356
G1 X120.709 Y101.652 E.02151
G1 X121.048 Y101.273 E.01769
;WIDTH:0.459622
G1 X121.406 Y100.915 E.01754
G1 X122.209 Y100.323 E.03457
;WIDTH:0.452928
G1 X122.777 Y100.026 E.02185
;WIDTH:0.450928
G1 X123.393 Y99.794 E.02233
G1 X124.03 Y99.638 E.02225
;WIDTH:0.453927
G1 X124.482 Y99.586 E.01555
;WIDTH:0.449999
G1 X124.718 Y99.973 E.01534
;WIDTH:0.455404
G1 X123.985 Y100.059 E.02531
;WIDTH:0.444738
G1 X123.375 Y100.226 E.02113
;WIDTH:0.446702
G1 X122.897 Y100.413 E.01723
G1 X122.201 Y100.808 E.02687
;WIDTH:0.438863
G1 X121.361 Y101.512 E.03608
;WIDTH:0.461356
G1 X121.04 Y101.908 E.01774
G1 X120.687 Y102.391 E.02081
;WIDTH:0.453391
G1 X120.531 Y102.677 E.01112
G1 X120.292 Y103.2 E.01963
;WIDTH:0.451724
G1 X120.073 Y103.936 E.0261
;WIDTH:0.457496
G1 X119.977 Y104.724 E.02736
;WIDTH:0.458342
G1 X119.979 Y105.286 E.01941
G1 X120.107 Y106.211 E.03226
;WIDTH:0.452293
G1 X120.412 Y107.082 E.03141
G1 X120.68 Y107.606 E.02003
G1 X121.229 Y108.341 E.03123
G1 X121.953 Y109.015 E.03367
;WIDTH:0.462984
G1 X122.416 Y109.306 E.0191
G1 X122.916 Y109.589 E.02007
M73 P92 R0
;WIDTH:0.444521
G1 X123.344 Y109.765 E.01545
G1 X124.094 Y109.958 E.02586
;WIDTH:0.437136
G1 X125.165 Y110.037 E.0352
;WIDTH:0.453352
G1 X125.626 Y109.997 E.01579
;WIDTH:0.454375
G1 X126.191 Y109.893 E.01965
G1 X126.76 Y109.721 E.02034
;WIDTH:0.460578
G1 X127.076 Y109.577 E.01206
G1 X127.799 Y109.192 E.02845
;WIDTH:0.457994
G1 X128.354 Y108.748 E.02453
G1 X128.758 Y108.346 E.01967
;WIDTH:0.45695
G1 X129.137 Y107.879 E.02071
;WIDTH:0.457985
G1 X129.308 Y107.594 E.01147
G1 X129.707 Y106.787 E.03107
;WIDTH:0.453919
G1 X129.957 Y105.895 E.03166
;WIDTH:0.453005
G1 X130.027 Y105.331 E.01938
;WIDTH:0.454588
G1 X129.996 Y104.383 E.03247
G1 X129.9 Y103.805 E.02006
;WIDTH:0.45106
G1 X129.596 Y102.932 E.03137
G1 X129.357 Y102.467 E.01774
;WIDTH:0.437165
G1 X128.889 Y101.793 E.0269
;WIDTH:0.461551
G1 X128.114 Y101.032 E.03781
;WIDTH:0.448485
G1 X127.383 Y100.557 E.0294
;WIDTH:0.444501
G1 X126.656 Y100.235 E.02655
G1 X125.931 Y100.046 E.02502
;WIDTH:0.445389
G1 X124.921 Y99.96 E.03392
M204 S1000
;WIPE_START
G1 F8640
G1 X125.931 Y100.046 E-.23406
G1 X126.656 Y100.235 E-.173
G1 X127.383 Y100.557 E-.1836
G1 X128.114 Y101.032 E-.20129
G1 X128.139 Y101.056 E-.00805
;WIPE_END
G1 Z4.8 F720
; stop printing object Scheibe-Radhaenger.stl id:0 copy 0
; printing object Scheibe-Radhaenger.stl id:1 copy 0
G1 X123.745 Y127.937 F10800
G1 Z4.4 F720
G1 E.8 F2100
M204 S800
;TYPE:Perimeter
;WIDTH:0.449999
G1 F1267
G1 X123.421 Y127.854 E.01132
G1 X122.956 Y127.66 E.01705
G1 X122.177 Y127.195 E.03071
G1 X121.394 Y126.463 E.03628
G1 X120.96 Y125.865 E.02501
G1 X120.693 Y125.342 E.01988
G1 X120.411 Y124.53 E.0291
G1 X120.301 Y123.684 E.02888
G1 X120.281 Y123.362 E.01092
G1 X120.388 Y122.435 E.03159
G1 X120.595 Y121.743 E.02445
G1 X120.973 Y120.982 E.02876
G1 X121.54 Y120.239 E.03164
G1 X122.358 Y119.544 E.03633
G1 X123.001 Y119.181 E.02499
G1 X123.551 Y118.976 E.01987
G1 X124.037 Y118.843 E.01706
G1 X124.708 Y118.761 E.02288
G1 X125.781 Y118.827 E.03639
G1 X126.497 Y119.012 E.02503
G1 X127.153 Y119.299 E.02424
G1 X127.782 Y119.701 E.02527
G1 X128.6 Y120.491 E.03849
G1 X128.958 Y121.001 E.02109
G1 X129.233 Y121.54 E.02048
G1 X129.51 Y122.346 E.02885
G1 X129.598 Y122.87 E.01799
G1 X129.626 Y123.765 E.03031
G1 X129.505 Y124.545 E.02672
G1 X129.317 Y125.139 E.02109
G1 X128.76 Y126.164 E.03949
G1 X128.363 Y126.645 E.02111
G1 X127.56 Y127.322 E.03555
G1 X126.862 Y127.685 E.02663
G1 X126.496 Y127.854 E.01365
G1 X125.896 Y128.019 E.02106
G1 X125.185 Y128.108 E.02425
G1 X124.136 Y128.039 E.03558
G1 X123.803 Y127.953 E.01164
M204 S1000
G1 X123.803 Y127.953 F10800
G1 X123.837 Y127.544
M204 S800
;TYPE:External perimeter
G1 F1267
G1 X123.529 Y127.461 E.0108
G1 X123.165 Y127.311 E.01333
G1 X122.386 Y126.845 E.03073
G1 X121.676 Y126.17 E.03316
G1 X121.293 Y125.631 E.02238
G1 X121.058 Y125.162 E.01776
G1 X120.799 Y124.409 E.02695
G1 X120.706 Y123.639 E.02625
G1 X120.704 Y123.247 E.01327
G1 X120.792 Y122.481 E.0261
G1 X120.983 Y121.866 E.0218
G1 X121.277 Y121.262 E.02274
G1 X121.896 Y120.452 E.03451
G1 X122.617 Y119.858 E.03162
G1 X123.196 Y119.539 E.02238
G1 X123.658 Y119.368 E.01667
G1 X124.154 Y119.234 E.01739
G1 X124.755 Y119.165 E.02048
G1 X125.499 Y119.214 E.02524
G1 X125.955 Y119.286 E.01563
G1 X126.418 Y119.415 E.01627
G1 X126.987 Y119.67 E.02111
G1 X127.559 Y120.042 E.0231
G1 X128.267 Y120.726 E.03332
G1 X128.625 Y121.235 E.02106
G1 X128.868 Y121.72 E.01836
G1 X129.121 Y122.467 E.0267
G1 X129.219 Y123.09 E.02135
G1 X129.219 Y123.763 E.02278
G1 X129.124 Y124.392 E.02153
G1 X128.933 Y125.006 E.02177
G1 X128.446 Y125.905 E.03461
G1 X128.049 Y126.386 E.02111
G1 X127.301 Y127.008 E.03293
G1 X126.389 Y127.461 E.03447
G1 X125.788 Y127.626 E.0211
G1 X125.138 Y127.704 E.02216
G1 X124.168 Y127.633 E.03292
G1 X123.895 Y127.56 E.00957
M204 S1000
;WIPE_START
G1 F8640
G1 X123.837 Y127.544 E-.01389
G1 X123.529 Y127.461 E-.07366
G1 X123.165 Y127.311 E-.09091
G1 X122.386 Y126.845 E-.2096
G1 X121.676 Y126.17 E-.22621
G1 X121.293 Y125.631 E-.15268
G1 X121.229 Y125.503 E-.03305
;WIPE_END
G1 Z4.8 F720
G1 X124.948 Y117.629 F10800
G1 Z4.4 F720
G1 E.8 F2100
M204 S800
;TYPE:Perimeter
G1 F1267
G1 X125.652 Y117.657 E.02385
G1 X126.351 Y117.785 E.02405
G1 X126.85 Y117.94 E.01769
G1 X127.363 Y118.138 E.01861
G1 X127.996 Y118.475 E.02427
G1 X128.643 Y118.939 E.02695
G1 X129.308 Y119.569 E.03101
G1 X129.741 Y120.122 E.02377
G1 X130.241 Y121.005 E.03435
G1 X130.404 Y121.391 E.01418
G1 X130.645 Y122.252 E.03026
G1 X130.733 Y122.766 E.01765
G1 X130.764 Y123.793 E.03478
G1 X130.681 Y124.473 E.02319
G1 X130.41 Y125.452 E.03438
G1 X130.254 Y125.837 E.01406
G1 X129.934 Y126.445 E.02326
G1 X129.64 Y126.872 E.01755
G1 X129.199 Y127.404 E.02339
G1 X128.787 Y127.806 E.01948
G1 X127.922 Y128.435 E.0362
G1 X127.029 Y128.869 E.03361
G1 X126.351 Y129.081 E.02405
G1 X125.669 Y129.206 E.02347
G1 X125.167 Y129.221 E.017
G1 X124.555 Y129.23 E.02072
G1 X123.517 Y129.065 E.03558
G1 X122.894 Y128.87 E.0221
G1 X122.403 Y128.649 E.01823
M73 P93 R0
G1 X121.661 Y128.225 E.02893
G1 X121.102 Y127.787 E.02404
G1 X120.642 Y127.327 E.02202
G1 X120.412 Y127.026 E.01282
G1 X119.905 Y126.299 E.03
G1 X119.514 Y125.476 E.03084
G1 X119.235 Y124.462 E.0356
G1 X119.153 Y123.565 E.03049
G1 X119.159 Y123.048 E.0175
G1 X119.33 Y121.981 E.03658
G1 X119.615 Y121.159 E.02945
G1 X119.976 Y120.43 E.02754
G1 X120.375 Y119.853 E.02375
G1 X120.773 Y119.43 E.01966
G1 X121.145 Y119.049 E.01802
G1 X121.996 Y118.431 E.0356
G1 X122.658 Y118.098 E.02508
G1 X123.264 Y117.871 E.0219
G1 X123.98 Y117.703 E.02489
G1 X124.888 Y117.627 E.03084
M204 S1000
G1 X124.888 Y117.627 F10800
G1 X124.96 Y117.222
M204 S800
;TYPE:External perimeter
G1 F1267
G1 X125.706 Y117.253 E.02527
G1 X126.449 Y117.389 E.02557
G1 X126.971 Y117.551 E.0185
G1 X127.552 Y117.777 E.0211
G1 X128.228 Y118.14 E.02597
G1 X128.912 Y118.634 E.02856
G1 X129.616 Y119.303 E.03287
G1 X130.08 Y119.895 E.02546
G1 X130.595 Y120.805 E.03539
G1 X130.793 Y121.27 E.01711
G1 X131.046 Y122.179 E.03194
G1 X131.14 Y122.754 E.01972
G1 X131.172 Y123.812 E.03583
G1 X131.082 Y124.552 E.02523
G1 X130.803 Y125.56 E.0354
G1 X130.615 Y126.026 E.01701
G1 X130.277 Y126.664 E.02444
G1 X129.961 Y127.123 E.01886
G1 X129.407 Y127.771 E.02886
G1 X129.028 Y128.134 E.01776
G1 X128.111 Y128.795 E.03826
G1 X127.169 Y129.252 E.03544
G1 X126.448 Y129.477 E.02557
G1 X125.712 Y129.612 E.02533
G1 X124.583 Y129.646 E.03823
G1 X123.948 Y129.549 E.02174
G1 X123.396 Y129.454 E.01896
G1 X122.74 Y129.246 E.02329
G1 X122.214 Y129.01 E.01951
G1 X121.425 Y128.557 E.0308
G1 X120.831 Y128.092 E.02553
G1 X120.354 Y127.615 E.02283
G1 X120.084 Y127.267 E.01491
G1 X119.545 Y126.488 E.03206
G1 X119.139 Y125.643 E.03173
G1 X118.935 Y124.991 E.02312
G1 X118.831 Y124.511 E.01662
G1 X118.746 Y123.565 E.03215
G1 X118.757 Y122.986 E.0196
G1 X118.941 Y121.859 E.03865
G1 X119.243 Y120.992 E.03108
G1 X119.63 Y120.215 E.02938
G1 X120.057 Y119.596 E.02545
G1 X120.832 Y118.774 E.03824
G1 X121.741 Y118.104 E.03822
G1 X122.375 Y117.771 E.02424
G1 X123.107 Y117.49 E.02654
G1 X123.837 Y117.31 E.02545
G1 X124.525 Y117.227 E.02346
G1 X124.892 Y117.219 E.01243
G1 X124.9 Y117.22 E.00027
M204 S1000
G1 X124.9 Y117.22 F10800
G1 X124.643 Y117.996
M204 S2000
;TYPE:Solid infill
;WIDTH:0.460241
G1 F1267
G1 X125.298 Y118.001 E.02273
G1 X126.281 Y118.149 E.03449
;WIDTH:0.452936
G1 X126.885 Y118.337 E.02157
;WIDTH:0.454395
G1 X127.793 Y118.782 E.0346
G1 X128.378 Y119.193 E.02446
;WIDTH:0.461551
G1 X128.803 Y119.581 E.02003
G1 X129.423 Y120.316 E.03347
;WIDTH:0.454606
G1 X129.678 Y120.741 E.01697
;WIDTH:0.438863
G1 X130.012 Y121.426 E.02509
;WIDTH:0.447425
G1 X130.264 Y122.2 E.02738
;WIDTH:0.454588
G1 X130.361 Y122.747 E.01902
G1 X130.383 Y123.099 E.01207
;WIDTH:0.444468
G1 X130.375 Y123.983 E.02952
G1 X130.232 Y124.747 E.02595
;WIDTH:0.453919
G1 X130.059 Y125.34 E.02111
G1 X129.942 Y125.604 E.00987
;WIDTH:0.457985
G1 X129.636 Y126.217 E.02365
G1 X129.405 Y126.556 E.01416
;WIDTH:0.45695
G1 X129.022 Y127.058 E.02174
;WIDTH:0.457994
G1 X128.568 Y127.508 E.02206
G1 X127.749 Y128.108 E.03504
;WIDTH:0.460578
G1 X127.227 Y128.381 E.02046
G1 X126.837 Y128.531 E.01451
;WIDTH:0.454375
G1 X126.244 Y128.726 E.02136
G1 X125.63 Y128.839 E.02136
;WIDTH:0.453352
G1 X125.115 Y128.863 E.01759
;WIDTH:0.460423
G1 X124.611 Y128.862 E.0175
G1 X123.936 Y128.771 E.02364
;WIDTH:0.444364
G1 X123.176 Y128.579 E.02617
G1 X122.688 Y128.369 E.01773
;WIDTH:0.462984
G1 X122.143 Y128.089 E.0214
G1 X121.334 Y127.495 E.03506
;WIDTH:0.459414
G1 X120.798 Y126.937 E.0268
;WIDTH:0.446118
G1 X120.262 Y126.194 E.03072
G1 X119.905 Y125.438 E.02803
;WIDTH:0.441762
G1 X119.641 Y124.575 E.02993
;WIDTH:0.458342
G1 X119.523 Y123.742 E.02906
G1 X119.525 Y123.103 E.02207
;WIDTH:0.457496
G1 X119.677 Y122.1 E.03497
;WIDTH:0.451983
G1 X119.936 Y121.331 E.0276
;WIDTH:0.444089
G1 X120.323 Y120.598 E.02765
;WIDTH:0.461356
G1 X120.667 Y120.085 E.02149
G1 X121.007 Y119.706 E.01772
;WIDTH:0.459622
G1 X121.365 Y119.348 E.01754
G1 X122.167 Y118.756 E.03454
;WIDTH:0.452928
G1 X122.735 Y118.459 E.02185
;WIDTH:0.450928
G1 X123.351 Y118.227 E.02233
G1 X123.989 Y118.071 E.02228
;WIDTH:0.453927
G1 X124.441 Y118.019 E.01555
;WIDTH:0.449999
G1 X124.677 Y118.406 E.01534
;WIDTH:0.455404
G1 X123.944 Y118.492 E.02531
;WIDTH:0.444738
G1 X123.334 Y118.659 E.02113
;WIDTH:0.446702
G1 X122.856 Y118.846 E.01723
G1 X122.16 Y119.241 E.02687
;WIDTH:0.438863
G1 X121.319 Y119.945 E.03611
;WIDTH:0.461356
G1 X120.999 Y120.341 E.01771
G1 X120.646 Y120.824 E.02081
;WIDTH:0.453391
G1 X120.49 Y121.11 E.01112
G1 X120.251 Y121.633 E.01963
;WIDTH:0.451724
G1 X120.032 Y122.369 E.0261
;WIDTH:0.457496
G1 X119.936 Y123.157 E.02736
;WIDTH:0.458342
G1 X119.937 Y123.719 E.01941
G1 X120.066 Y124.644 E.03226
;WIDTH:0.452293
G1 X120.371 Y125.515 E.03141
G1 X120.638 Y126.039 E.02002
G1 X121.188 Y126.774 E.03125
G1 X121.912 Y127.448 E.03367
;WIDTH:0.462984
G1 X122.375 Y127.739 E.0191
G1 X122.875 Y128.021 E.02005
;WIDTH:0.444521
G1 X123.303 Y128.198 E.01547
G1 X124.053 Y128.391 E.02586
;WIDTH:0.437136
G1 X125.124 Y128.47 E.0352
;WIDTH:0.453352
G1 X125.585 Y128.43 E.01579
;WIDTH:0.454375
G1 X126.15 Y128.325 E.01966
G1 X126.718 Y128.154 E.02029
;WIDTH:0.460578
G1 X127.035 Y128.01 E.01209
G1 X127.757 Y127.625 E.02842
;WIDTH:0.457994
G1 X128.313 Y127.181 E.02456
G1 X128.717 Y126.778 E.01969
;WIDTH:0.45695
G1 X129.095 Y126.312 E.02066
;WIDTH:0.457985
G1 X129.267 Y126.027 E.01149
G1 X129.666 Y125.22 E.03107
;WIDTH:0.453919
G1 X129.915 Y124.328 E.03165
;WIDTH:0.453005
G1 X129.986 Y123.764 E.01938
;WIDTH:0.454588
G1 X129.955 Y122.816 E.03247
G1 X129.859 Y122.238 E.02006
;WIDTH:0.45106
G1 X129.554 Y121.365 E.03138
G1 X129.315 Y120.9 E.01774
;WIDTH:0.437165
G1 X128.847 Y120.226 E.0269
M73 P94 R0
;WIDTH:0.461551
G1 X128.073 Y119.465 E.03778
;WIDTH:0.448485
G1 X127.342 Y118.99 E.0294
;WIDTH:0.444501
G1 X126.615 Y118.668 E.02655
G1 X125.89 Y118.479 E.02502
;WIDTH:0.445389
G1 X124.88 Y118.393 E.03392
M204 S1000
;LAYER_CHANGE
;Z:4.6
;HEIGHT:0.2
;BEFORE_LAYER_CHANGE
G92 E0.0
;4.6


;WIPE_START
G1 F8640
G1 X125.89 Y118.479 E-.23406
G1 X126.615 Y118.668 E-.173
G1 X127.342 Y118.99 E-.1836
G1 X128.073 Y119.465 E-.20129
G1 X128.098 Y119.489 E-.00805
;WIPE_END
G1 Z4.6 F720
;AFTER_LAYER_CHANGE
;4.6
G1 Z5
; stop printing object Scheibe-Radhaenger.stl id:1 copy 0
; printing object Scheibe-Radhaenger.stl id:0 copy 0
G1 X123.74 Y109.494 F10800
G1 Z4.6 F720
G1 E.8 F2100
M204 S800
;TYPE:Perimeter
;WIDTH:0.449999
G1 F1483
G1 X123.59 Y109.456 E.00524
G1 X123.084 Y109.258 E.01839
G1 X122.598 Y109.009 E.01848
G1 X122.14 Y108.707 E.01857
G1 X121.66 Y108.279 E.02177
G1 X121.014 Y107.45 E.03557
G1 X120.729 Y106.899 E.021
G1 X120.552 Y106.419 E.01732
G1 X120.426 Y105.984 E.01533
G1 X120.322 Y105.069 E.03117
G1 X120.454 Y103.888 E.04022
G1 X120.642 Y103.294 E.02109
G1 X120.87 Y102.818 E.01786
G1 X121.127 Y102.4 E.01661
G1 X121.581 Y101.806 E.02531
G1 X122.138 Y101.297 E.02554
G1 X122.582 Y101.002 E.01804
G1 X123.372 Y100.612 E.02982
G1 X123.462 Y100.579 E.00324
G1 X124.063 Y100.414 E.0211
G1 X124.749 Y100.328 E.0234
G1 X125.262 Y100.336 E.01737
G1 X125.884 Y100.403 E.02118
G1 X126.539 Y100.579 E.02296
G1 X127.195 Y100.866 E.02424
G1 X127.683 Y101.174 E.01953
G1 X128.094 Y101.503 E.01782
G1 X128.474 Y101.871 E.01791
G1 X128.801 Y102.269 E.01744
G1 X129.18 Y102.895 E.02477
G1 X129.446 Y103.605 E.02566
G1 X129.571 Y104.003 E.01412
G1 X129.678 Y104.93 E.03159
G1 X129.586 Y105.864 E.03177
G1 X129.459 Y106.388 E.01825
G1 X129.286 Y106.863 E.01711
G1 X128.866 Y107.634 E.02972
G1 X128.485 Y108.114 E.02074
G1 X128.118 Y108.462 E.01712
G1 X127.601 Y108.889 E.0227
G1 X126.957 Y109.252 E.02502
G1 X125.904 Y109.594 E.03748
G1 X125.226 Y109.675 E.02311
G1 X124.178 Y109.606 E.03555
G1 X123.799 Y109.509 E.01324
M204 S1000
G1 X123.799 Y109.509 F10800
G1 X123.863 Y109.107
M204 S800
;TYPE:External perimeter
G1 F1483
G1 X123.698 Y109.063 E.00578
G1 X122.96 Y108.755 E.02707
G1 X122.421 Y108.409 E.02168
G1 X121.931 Y107.975 E.02216
G1 X121.338 Y107.204 E.03292
G1 X121.094 Y106.718 E.01841
G1 X120.839 Y105.975 E.02659
G1 X120.726 Y105.023 E.03245
G1 X120.842 Y104.01 E.03451
G1 X121.03 Y103.417 E.02106
G1 X121.325 Y102.817 E.02263
G1 X121.905 Y102.053 E.03247
G1 X122.408 Y101.602 E.02287
G1 X122.944 Y101.252 E.02167
G1 X123.57 Y100.972 E.02321
G1 X124.171 Y100.807 E.0211
G1 X124.796 Y100.732 E.02131
G1 X125.474 Y100.752 E.02296
G1 X125.996 Y100.852 E.01799
G1 X126.46 Y100.982 E.01631
G1 X127.028 Y101.237 E.02107
G1 X127.462 Y101.515 E.01745
G1 X128.078 Y102.035 E.02729
G1 X128.487 Y102.528 E.02168
G1 X128.83 Y103.102 E.02263
G1 X129.167 Y104.049 E.03402
G1 X129.274 Y104.977 E.03162
G1 X129.182 Y105.817 E.0286
G1 X128.97 Y106.583 E.0269
G1 X128.509 Y107.44 E.03294
G1 X128.171 Y107.855 E.01812
G1 X127.342 Y108.575 E.03717
G1 X126.763 Y108.894 E.02238
G1 X125.836 Y109.191 E.03295
G1 X125.179 Y109.271 E.0224
G1 X124.209 Y109.2 E.03292
G1 X123.921 Y109.123 E.01009
M204 S1000
;WIPE_START
G1 F8640
G1 X123.863 Y109.107 E-.01389
G1 X123.698 Y109.063 E-.03943
G1 X122.96 Y108.755 E-.18465
G1 X122.421 Y108.409 E-.14789
G1 X121.931 Y107.975 E-.15114
G1 X121.338 Y107.204 E-.22459
G1 X121.263 Y107.055 E-.03841
;WIPE_END
G1 Z5 F720
G1 X124.989 Y99.194 F10800
G1 Z4.6 F720
G1 E.8 F2100
M204 S800
;TYPE:Perimeter
G1 F1483
G1 X125.326 Y99.193 E.01141
G1 X126.392 Y99.354 E.03649
G1 X127.387 Y99.697 E.03562
G1 X128.312 Y100.219 E.03595
G1 X128.857 Y100.646 E.02344
G1 X129.348 Y101.136 E.02348
G1 X129.982 Y101.999 E.03625
G1 X130.304 Y102.613 E.02347
G1 X130.545 Y103.246 E.02293
G1 X130.669 Y103.821 E.01991
G1 X130.775 Y104.353 E.01836
G1 X130.805 Y105.361 E.03413
G1 X130.724 Y106.033 E.02291
G1 X130.553 Y106.731 E.02433
G1 X130.307 Y107.379 E.02346
G1 X129.781 Y108.312 E.03625
G1 X129.354 Y108.857 E.02344
G1 X128.864 Y109.348 E.02348
G1 X128.001 Y109.982 E.03625
G1 X127.387 Y110.304 E.02347
G1 X126.754 Y110.545 E.02293
G1 X125.7 Y110.773 E.0365
G1 X124.639 Y110.805 E.03593
G1 X123.967 Y110.724 E.02291
G1 X123.269 Y110.553 E.02433
G1 X122.613 Y110.304 E.02375
G1 X121.991 Y109.978 E.02377
G1 X121.42 Y109.584 E.02348
G1 X120.647 Y108.856 E.03594
G1 X120.018 Y108.001 E.03593
G1 X119.696 Y107.387 E.02347
G1 X119.455 Y106.754 E.02293
G1 X119.227 Y105.7 E.0365
G1 X119.195 Y104.639 E.03593
G1 X119.275 Y103.976 E.0226
G1 X119.565 Y102.928 E.03681
G1 X119.85 Y102.297 E.02344
G1 X120.2 Y101.716 E.02296
G1 X120.884 Y100.892 E.03625
G1 X121.413 Y100.421 E.02397
G1 X121.983 Y100.027 E.02345
G1 X122.938 Y99.562 E.03595
G1 X123.961 Y99.277 E.03595
G1 X124.649 Y99.194 E.02346
G1 X124.929 Y99.194 E.00948
M204 S1000
G1 X124.929 Y99.194 F10800
G1 X125.001 Y98.787
M204 S800
;TYPE:External perimeter
G1 F1483
G1 X125.357 Y98.786 E.01205
G1 X126.49 Y98.957 E.03878
G1 X127.555 Y99.324 E.03813
G1 X128.538 Y99.879 E.03821
G1 X129.128 Y100.341 E.02536
G1 X129.657 Y100.87 E.02532
G1 X130.328 Y101.782 E.03833
G1 X130.676 Y102.445 E.02535
G1 X130.936 Y103.13 E.0248
G1 X131.067 Y103.735 E.02095
G1 X131.182 Y104.341 E.02088
G1 X131.213 Y105.379 E.03515
G1 X131.125 Y106.106 E.02479
G1 X130.943 Y106.852 E.02599
G1 X130.677 Y107.552 E.02535
G1 X130.121 Y108.538 E.03832
G1 X129.659 Y109.128 E.02536
G1 X129.13 Y109.657 E.02532
M73 P95 R0
G1 X128.217 Y110.328 E.03835
G1 X127.555 Y110.676 E.02532
G1 X126.87 Y110.936 E.0248
G1 X125.75 Y111.179 E.03879
G1 X124.621 Y111.213 E.03823
G1 X123.894 Y111.125 E.02479
G1 X123.148 Y110.943 E.02599
G1 X122.445 Y110.676 E.02545
G1 X121.78 Y110.327 E.02542
G1 X121.163 Y109.901 E.02538
G1 X120.341 Y109.127 E.03822
G1 X119.672 Y108.218 E.0382
G1 X119.324 Y107.555 E.02535
G1 X119.064 Y106.87 E.0248
G1 X118.821 Y105.75 E.03879
G1 X118.787 Y104.621 E.03823
G1 X118.875 Y103.897 E.02469
G1 X119.181 Y102.79 E.03888
G1 X119.488 Y102.107 E.02535
G1 X119.867 Y101.48 E.0248
G1 X120.59 Y100.608 E.03834
G1 X121.161 Y100.1 E.02587
G1 X121.777 Y99.675 E.02533
G1 X122.793 Y99.18 E.03825
G1 X123.881 Y98.877 E.03823
G1 X124.624 Y98.787 E.02533
G1 X124.941 Y98.787 E.01073
M204 S1000
;WIPE_START
G1 F8640
G1 X125.001 Y98.787 E-.01385
G1 X125.357 Y98.786 E-.0822
G1 X126.49 Y98.957 E-.26458
G1 X127.555 Y99.324 E-.2601
G1 X128.231 Y99.706 E-.17927
;WIPE_END
G1 Z5 F720
G1 X129.84 Y102.116 F10800
G1 Z4.6 F720
G1 E.8 F2100
M204 S2000
;TYPE:Top solid infill
;WIDTH:0.406948
G1 F1483
G1 X127.94 Y100.216 E.08133
M204 S1000
;WIPE_START
G1 F8640
G1 X129.84 Y102.116 E-.62044
;WIPE_END
G1 E-.17956 F2100
G1 Z5 F720
G1 X126.944 Y99.735 F10800
G1 Z4.6 F720
G1 E.8 F2100
M204 S2000
G1 F1483
G1 X130.289 Y103.08 E.14319
M204 S1000
;WIPE_START
G1 F8640
G1 X127.839 Y100.63 E-.8
;WIPE_END
G1 Z5 F720
G1 X129.094 Y102.401 F10800
G1 Z4.6 F720
G1 E.8 F2100
M204 S2000
G1 F1483
G1 X130.476 Y103.782 E.05914
M204 S1000
G1 X130.476 Y103.782 F10800
G1 X130.596 Y104.417
M204 S2000
G1 F1483
G1 X129.551 Y103.372 E.04473
M204 S1000
G1 X129.76 Y104.096 F10800
M204 S2000
G1 F1483
G1 X130.612 Y104.948 E.03647
M204 S1000
G1 X130.612 Y104.948 F10800
G1 X130.611 Y105.462
M204 S2000
G1 F1483
G1 X129.828 Y104.678 E.03354
M204 S1000
G1 X129.828 Y104.678 F10800
G1 X129.837 Y105.202
M204 S2000
G1 F1483
G1 X130.555 Y105.921 E.03076
M204 S1000
G1 X130.555 Y105.921 F10800
G1 X130.462 Y106.343
M204 S2000
G1 F1483
G1 X129.784 Y105.664 E.02904
M204 S1000
G1 X129.784 Y105.664 F10800
G1 X129.73 Y106.125
M204 S2000
G1 F1483
G1 X130.353 Y106.748 E.02667
M204 S1000
G1 X130.353 Y106.748 F10800
G1 X130.212 Y107.122
M204 S2000
G1 F1483
G1 X129.607 Y106.516 E.02592
M204 S1000
G1 X129.607 Y106.516 F10800
G1 X129.468 Y106.892
M204 S2000
G1 F1483
G1 X130.047 Y107.472 E.02481
M204 S1000
G1 X130.047 Y107.472 F10800
G1 X129.862 Y107.801
M204 S2000
G1 F1483
G1 X129.287 Y107.227 E.02459
M204 S1000
G1 X129.287 Y107.227 F10800
G1 X129.107 Y107.561
M204 S2000
G1 F1483
G1 X129.676 Y108.13 E.02436
M204 S1000
G1 X129.676 Y108.13 F10800
G1 X129.46 Y108.429
M204 S2000
G1 F1483
G1 X128.909 Y107.878 E.02359
M204 S1000
G1 X128.909 Y107.878 F10800
G1 X128.676 Y108.16
M204 S2000
G1 F1483
G1 X129.234 Y108.718 E.02389
M204 S1000
G1 X129.234 Y108.718 F10800
G1 X128.978 Y108.977
M204 S2000
G1 F1483
G1 X128.433 Y108.432 E.02333
M204 S1000
G1 X128.433 Y108.432 F10800
G1 X128.152 Y108.666
M204 S2000
G1 F1483
G1 X128.717 Y109.231 E.02419
M204 S1000
G1 X128.717 Y109.231 F10800
G1 X128.421 Y109.449
M204 S2000
G1 F1483
G1 X127.87 Y108.899 E.02357
M204 S1000
G1 X127.87 Y108.899 F10800
G1 X127.572 Y109.115
M204 S2000
G1 F1483
G1 X128.124 Y109.667 E.02363
M204 S1000
G1 X128.124 Y109.667 F10800
G1 X127.817 Y109.875
M204 S2000
G1 F1483
G1 X127.241 Y109.299 E.02466
M204 S1000
G1 X127.241 Y109.299 F10800
G1 X126.894 Y109.467
M204 S2000
G1 F1483
G1 X127.479 Y110.052 E.02504
M204 S1000
G1 X127.479 Y110.052 F10800
G1 X127.124 Y110.211
M204 S2000
G1 F1483
G1 X126.504 Y109.591 E.02654
M204 S1000
G1 X126.504 Y109.591 F10800
G1 X126.113 Y109.716
M204 S2000
G1 F1483
G1 X126.751 Y110.353 E.02729
M204 S1000
G1 X126.751 Y110.353 F10800
G1 X126.334 Y110.451
M204 S2000
G1 F1483
G1 X125.683 Y109.801 E.02785
M204 S1000
G1 X125.683 Y109.801 F10800
G1 X125.222 Y109.854
M204 S2000
G1 F1483
G1 X125.911 Y110.543 E.02949
M204 S1000
G1 X125.911 Y110.543 F10800
G1 X125.453 Y110.6
M204 S2000
G1 F1483
G1 X124.675 Y109.822 E.0333
M204 S1000
G1 X124.675 Y109.822 F10800
G1 X124.119 Y109.781
M204 S2000
G1 F1483
G1 X124.953 Y110.615 E.0357
M204 S1000
G1 X124.953 Y110.615 F10800
G1 X124.42 Y110.597
M204 S2000
G1 F1483
G1 X123.414 Y109.591 E.04306
M204 S1000
;WIPE_START
G1 F8640
G1 X124.42 Y110.597 E-.32851
;WIPE_END
G1 E-.47149 F2100
G1 Z5 F720
G1 X122.406 Y109.097 F10800
G1 Z4.6 F720
G1 E.8 F2100
M204 S2000
G1 F1483
G1 X123.807 Y110.499 E.05999
M204 S1000
;WIPE_START
G1 F8640
G1 X122.406 Y109.097 E-.45765
;WIPE_END
G1 E-.34235 F2100
G1 Z5 F720
G1 X127.599 Y100.906 F10800
G1 Z4.6 F720
G1 E.8 F2100
M204 S2000
G1 F1483
G1 X126.202 Y99.508 E.05982
M204 S1000
G1 X126.202 Y99.508 F10800
G1 X125.596 Y99.417
M204 S2000
G1 F1483
G1 X126.585 Y100.407 E.04236
M204 S1000
G1 X126.585 Y100.407 F10800
G1 X125.889 Y100.225
M204 S2000
G1 F1483
G1 X125.041 Y99.377 E.0363
M204 S1000
G1 X125.041 Y99.377 F10800
G1 X124.539 Y99.389
M204 S2000
G1 F1483
G1 X125.313 Y100.164 E.03315
M204 S1000
G1 X125.313 Y100.164 F10800
G1 X124.781 Y100.147
M204 S2000
G1 F1483
G1 X124.079 Y99.445 E.03005
M204 S1000
G1 X124.079 Y99.445 F10800
G1 X123.667 Y99.547
M204 S2000
G1 F1483
G1 X124.316 Y100.196 E.02778
M204 S1000
G1 X124.316 Y100.196 F10800
G1 X123.886 Y100.281
M204 S2000
G1 F1483
G1 X123.264 Y99.659 E.02663
M204 S1000
G1 X123.264 Y99.659 F10800
M73 P96 R0
G1 X122.881 Y99.791
M204 S2000
G1 F1483
G1 X123.478 Y100.388 E.02556
M204 S1000
G1 X123.478 Y100.388 F10800
G1 X123.112 Y100.536
M204 S2000
G1 F1483
G1 X122.535 Y99.96 E.02468
M204 S1000
G1 X122.535 Y99.96 F10800
G1 X122.189 Y100.128
M204 S2000
G1 F1483
G1 X122.752 Y100.692 E.02412
M204 S1000
G1 X122.752 Y100.692 F10800
G1 X122.434 Y100.888
M204 S2000
G1 F1483
G1 X121.87 Y100.325 E.02412
M204 S1000
G1 X121.87 Y100.325 F10800
G1 X121.566 Y100.535
M204 S2000
G1 F1483
G1 X122.118 Y101.087 E.02363
M204 S1000
G1 X122.118 Y101.087 F10800
G1 X121.843 Y101.327
M204 S2000
G1 F1483
G1 X121.289 Y100.773 E.02372
M204 S1000
G1 X121.016 Y101.015 F10800
M204 S2000
G1 F1483
G1 X121.571 Y101.57 E.02376
M204 S1000
G1 X121.571 Y101.57 F10800
G1 X121.328 Y101.842
M204 S2000
G1 F1483
G1 X120.783 Y101.296 E.02335
M204 S1000
G1 X120.783 Y101.296 F10800
G1 X120.549 Y101.578
M204 S2000
G1 F1483
G1 X121.106 Y102.135 E.02384
M204 S1000
G1 X121.106 Y102.135 F10800
G1 X120.884 Y102.428
M204 S2000
G1 F1483
G1 X120.321 Y101.865 E.0241
M204 S1000
G1 X120.321 Y101.865 F10800
G1 X120.128 Y102.186
M204 S2000
G1 F1483
G1 X120.7 Y102.758 E.02449
M204 S1000
G1 X120.7 Y102.758 F10800
G1 X120.528 Y103.101
M204 S2000
G1 F1483
G1 X119.947 Y102.52 E.02487
M204 S1000
G1 X119.947 Y102.52 F10800
G1 X119.787 Y102.875
M204 S2000
G1 F1483
G1 X120.395 Y103.483 E.02603
M204 S1000
G1 X120.395 Y103.483 F10800
G1 X120.272 Y103.875
M204 S2000
G1 F1483
G1 X119.66 Y103.263 E.0262
M204 S1000
G1 X119.66 Y103.263 F10800
G1 X119.548 Y103.666
M204 S2000
G1 F1483
G1 X120.212 Y104.33 E.02842
M204 S1000
G1 X120.212 Y104.33 F10800
G1 X120.162 Y104.794
M204 S2000
G1 F1483
G1 X119.445 Y104.077 E.03069
M204 S1000
G1 X119.445 Y104.077 F10800
G1 X119.389 Y104.536
M204 S2000
G1 F1483
G1 X120.172 Y105.319 E.03352
M204 S1000
G1 X120.172 Y105.319 F10800
G1 X120.239 Y105.901
M204 S2000
G1 F1483
G1 X119.388 Y105.05 E.03643
M204 S1000
G1 X119.388 Y105.05 F10800
G1 X119.404 Y105.581
M204 S2000
G1 F1483
G1 X120.42 Y106.596 E.04347
M204 S1000
;WIPE_START
G1 F8640
G1 X119.404 Y105.581 E-.33161
;WIPE_END
G1 E-.46839 F2100
G1 Z5 F720
G1 X120.902 Y107.593 F10800
G1 Z4.6 F720
G1 E.8 F2100
M204 S2000
G1 F1483
G1 X119.523 Y106.215 E.05901
M204 S1000
G1 X119.523 Y106.215 F10800
G1 X119.71 Y106.916
M204 S2000
G1 F1483
G1 X123.083 Y110.29 E.14441
M204 S1000
;WIPE_START
G1 F8640
G1 X120.633 Y107.84 E-.8
;WIPE_END
G1 Z5 F720
G1 X122.121 Y109.842 F10800
G1 Z4.6 F720
G1 E.8 F2100
M204 S2000
G1 F1483
G1 X120.158 Y107.879 E.08403
M204 S1000
;WIPE_START
G1 F8640
G1 X122.121 Y109.842 E-.64101
;WIPE_END
G1 E-.15899 F2100
G1 Z5 F720
; stop printing object Scheibe-Radhaenger.stl id:0 copy 0
; printing object Scheibe-Radhaenger.stl id:1 copy 0
G1 X123.699 Y127.927 F10800
G1 Z4.6 F720
G1 E.8 F2100
M204 S800
;TYPE:Perimeter
;WIDTH:0.449999
G1 F1483
G1 X123.549 Y127.889 E.00524
G1 X123.043 Y127.691 E.01839
G1 X122.557 Y127.442 E.01848
G1 X122.099 Y127.14 E.01857
G1 X121.619 Y126.712 E.02177
G1 X120.973 Y125.883 E.03557
G1 X120.688 Y125.332 E.021
G1 X120.51 Y124.852 E.01733
G1 X120.385 Y124.416 E.01535
G1 X120.281 Y123.502 E.03114
G1 X120.412 Y122.321 E.04022
G1 X120.6 Y121.726 E.02112
G1 X120.829 Y121.251 E.01785
G1 X121.086 Y120.833 E.01661
G1 X121.54 Y120.239 E.02531
G1 X122.097 Y119.73 E.02554
G1 X122.541 Y119.434 E.01806
G1 X123.331 Y119.045 E.02981
G1 X123.421 Y119.012 E.00324
G1 X124.022 Y118.847 E.0211
G1 X124.708 Y118.761 E.0234
G1 X125.221 Y118.769 E.01737
G1 X125.842 Y118.836 E.02114
G1 X126.497 Y119.012 E.02296
G1 X127.154 Y119.299 E.02427
G1 X127.642 Y119.607 E.01953
G1 X128.053 Y119.936 E.01782
G1 X128.433 Y120.304 E.01791
G1 X128.76 Y120.702 E.01744
G1 X129.139 Y121.328 E.02477
G1 X129.405 Y122.038 E.02566
G1 X129.53 Y122.436 E.01412
G1 X129.637 Y123.363 E.03159
G1 X129.545 Y124.297 E.03177
G1 X129.418 Y124.821 E.01825
G1 X129.245 Y125.296 E.01711
G1 X128.825 Y126.067 E.02972
G1 X128.444 Y126.547 E.02074
G1 X128.077 Y126.895 E.01712
G1 X127.56 Y127.322 E.0227
G1 X126.916 Y127.685 E.02502
G1 X125.863 Y128.027 E.03748
G1 X125.185 Y128.108 E.02311
G1 X124.136 Y128.039 E.03558
G1 X123.757 Y127.942 E.01324
M204 S1000
G1 X123.757 Y127.942 F10800
G1 X123.822 Y127.54
M204 S800
;TYPE:External perimeter
G1 F1483
G1 X123.657 Y127.496 E.00578
G1 X122.918 Y127.188 E.0271
G1 X122.38 Y126.842 E.02165
G1 X121.89 Y126.408 E.02216
G1 X121.297 Y125.637 E.03292
G1 X121.052 Y125.151 E.01842
G1 X120.798 Y124.408 E.02658
G1 X120.685 Y123.456 E.03245
G1 X120.8 Y122.443 E.03451
G1 X120.988 Y121.85 E.02106
G1 X121.284 Y121.25 E.02265
G1 X121.863 Y120.486 E.03245
G1 X122.367 Y120.035 E.02289
G1 X122.903 Y119.685 E.02167
G1 X123.529 Y119.405 E.02321
G1 X124.13 Y119.24 E.0211
G1 X124.754 Y119.165 E.02127
G1 X125.433 Y119.185 E.02299
G1 X125.955 Y119.285 E.01799
G1 X126.418 Y119.415 E.01628
G1 X126.987 Y119.67 E.02111
G1 X127.421 Y119.948 E.01745
G1 X128.037 Y120.468 E.02729
G1 X128.446 Y120.961 E.02168
G1 X128.788 Y121.535 E.02262
G1 X129.125 Y122.482 E.03402
G1 X129.232 Y123.41 E.03162
G1 X129.141 Y124.25 E.0286
G1 X128.929 Y125.016 E.0269
G1 X128.468 Y125.873 E.03294
G1 X128.13 Y126.288 E.01812
G1 X127.301 Y127.008 E.03717
G1 X126.722 Y127.327 E.02238
G1 X125.795 Y127.624 E.03295
G1 X125.138 Y127.704 E.0224
G1 X124.168 Y127.633 E.03292
G1 X123.88 Y127.556 E.01009
M204 S1000
;WIPE_START
G1 F8640
G1 X123.822 Y127.54 E-.01389
G1 X123.657 Y127.496 E-.03943
G1 X122.918 Y127.188 E-.18486
G1 X122.38 Y126.842 E-.1477
G1 X121.89 Y126.408 E-.15114
G1 X121.297 Y125.637 E-.22459
G1 X121.222 Y125.489 E-.03839
;WIPE_END
G1 Z5 F720
G1 X124.948 Y117.626 F10800
G1 Z4.6 F720
G1 E.8 F2100
M204 S800
;TYPE:Perimeter
G1 F1483
G1 X125.285 Y117.626 E.01141
G1 X126.351 Y117.787 E.03649
M73 P97 R0
G1 X127.346 Y118.13 E.03562
G1 X128.27 Y118.651 E.03591
G1 X128.816 Y119.079 E.02348
G1 X129.306 Y119.569 E.02346
G1 X129.941 Y120.432 E.03627
G1 X130.263 Y121.046 E.02347
G1 X130.504 Y121.679 E.02293
G1 X130.628 Y122.254 E.01991
G1 X130.733 Y122.786 E.01835
G1 X130.764 Y123.793 E.0341
G1 X130.683 Y124.466 E.02294
G1 X130.512 Y125.164 E.02433
G1 X130.266 Y125.812 E.02346
G1 X129.74 Y126.744 E.03622
G1 X129.313 Y127.29 E.02346
G1 X128.822 Y127.78 E.02348
G1 X127.96 Y128.415 E.03624
G1 X127.346 Y128.737 E.02347
G1 X126.713 Y128.978 E.02293
G1 X125.659 Y129.206 E.0365
G1 X124.598 Y129.238 E.03593
G1 X123.926 Y129.157 E.02291
G1 X123.228 Y128.986 E.02433
G1 X122.571 Y128.737 E.02378
G1 X121.95 Y128.411 E.02374
G1 X121.379 Y128.017 E.02348
G1 X120.606 Y127.289 E.03594
G1 X119.977 Y126.434 E.03593
G1 X119.654 Y125.82 E.02348
G1 X119.414 Y125.187 E.02291
G1 X119.186 Y124.133 E.0365
G1 X119.154 Y123.072 E.03593
G1 X119.234 Y122.409 E.0226
G1 X119.524 Y121.361 E.03681
G1 X119.808 Y120.729 E.02345
G1 X120.159 Y120.149 E.02295
G1 X120.842 Y119.325 E.03623
G1 X121.372 Y118.854 E.024
G1 X121.942 Y118.46 E.02345
G1 X122.897 Y117.995 E.03595
G1 X123.919 Y117.71 E.03591
G1 X124.608 Y117.627 E.02349
G1 X124.888 Y117.627 E.00948
M204 S1000
G1 X124.888 Y117.627 F10800
G1 X124.96 Y117.219
M204 S800
;TYPE:External perimeter
G1 F1483
G1 X125.316 Y117.219 E.01205
G1 X126.449 Y117.39 E.03878
G1 X127.514 Y117.757 E.03813
G1 X128.497 Y118.312 E.03821
G1 X129.086 Y118.774 E.02534
G1 X129.616 Y119.303 E.02535
G1 X130.287 Y120.215 E.03833
G1 X130.635 Y120.878 E.02535
G1 X130.895 Y121.563 E.0248
G1 X131.026 Y122.168 E.02095
G1 X131.14 Y122.773 E.02084
G1 X131.172 Y123.812 E.03519
G1 X131.084 Y124.539 E.02479
G1 X130.902 Y125.285 E.02599
G1 X130.636 Y125.985 E.02535
G1 X130.08 Y126.971 E.03832
G1 X129.618 Y127.561 E.02536
G1 X129.088 Y128.09 E.02535
G1 X128.176 Y128.761 E.03833
G1 X127.513 Y129.109 E.02535
G1 X126.829 Y129.369 E.02477
G1 X125.709 Y129.612 E.03879
G1 X124.58 Y129.646 E.03823
G1 X123.853 Y129.558 E.02479
G1 X123.107 Y129.376 E.02599
G1 X122.404 Y129.109 E.02545
G1 X121.739 Y128.76 E.02542
G1 X121.122 Y128.334 E.02538
G1 X120.3 Y127.56 E.03822
G1 X119.63 Y126.65 E.03825
G1 X119.283 Y125.987 E.02533
G1 X119.022 Y125.303 E.02478
G1 X118.78 Y124.183 E.03879
G1 X118.746 Y123.054 E.03823
G1 X118.833 Y122.33 E.02468
G1 X119.14 Y121.223 E.03888
G1 X119.447 Y120.54 E.02535
G1 X119.826 Y119.913 E.0248
G1 X120.549 Y119.041 E.03834
G1 X121.12 Y118.533 E.02587
G1 X121.736 Y118.108 E.02533
G1 X122.752 Y117.613 E.03825
G1 X123.84 Y117.31 E.03823
G1 X124.583 Y117.22 E.02533
G1 X124.9 Y117.219 E.01073
M204 S1000
;WIPE_START
G1 F8640
G1 X124.96 Y117.219 E-.01385
G1 X125.316 Y117.219 E-.0822
G1 X126.449 Y117.39 E-.26458
G1 X127.514 Y117.757 E-.2601
G1 X128.19 Y118.139 E-.17927
;WIPE_END
G1 Z5 F720
G1 X129.798 Y120.549 F10800
G1 Z4.6 F720
G1 E.8 F2100
M204 S2000
;TYPE:Top solid infill
;WIDTH:0.406948
G1 F1483
G1 X127.898 Y118.649 E.08133
M204 S1000
;WIPE_START
G1 F8640
G1 X129.798 Y120.549 E-.62044
;WIPE_END
G1 E-.17956 F2100
G1 Z5 F720
G1 X126.903 Y118.168 F10800
G1 Z4.6 F720
G1 E.8 F2100
M204 S2000
G1 F1483
G1 X130.247 Y121.513 E.14317
M204 S1000
;WIPE_START
G1 F8640
G1 X127.797 Y119.063 E-.8
;WIPE_END
G1 Z5 F720
G1 X129.053 Y120.834 F10800
G1 Z4.6 F720
G1 E.8 F2100
M204 S2000
G1 F1483
G1 X130.435 Y122.215 E.05914
M204 S1000
G1 X130.435 Y122.215 F10800
G1 X130.555 Y122.85
M204 S2000
G1 F1483
G1 X129.51 Y121.805 E.04473
M204 S1000
G1 X129.51 Y121.805 F10800
G1 X129.719 Y122.529
M204 S2000
G1 F1483
G1 X130.571 Y123.381 E.03647
M204 S1000
G1 X130.571 Y123.381 F10800
G1 X130.57 Y123.894
M204 S2000
G1 F1483
G1 X129.786 Y123.111 E.03354
M204 S1000
G1 X129.786 Y123.111 F10800
G1 X129.795 Y123.635
M204 S2000
G1 F1483
G1 X130.514 Y124.354 E.03078
M204 S1000
G1 X130.514 Y124.354 F10800
G1 X130.421 Y124.775
M204 S2000
G1 F1483
G1 X129.743 Y124.097 E.02902
M204 S1000
G1 X129.743 Y124.097 F10800
G1 X129.689 Y124.558
M204 S2000
G1 F1483
G1 X130.312 Y125.181 E.02667
M204 S1000
G1 X130.312 Y125.181 F10800
G1 X130.171 Y125.555
M204 S2000
G1 F1483
G1 X129.565 Y124.949 E.02594
M204 S1000
G1 X129.565 Y124.949 F10800
G1 X129.426 Y125.325
M204 S2000
G1 F1483
G1 X130.006 Y125.905 E.02483
M204 S1000
G1 X130.006 Y125.905 F10800
G1 X129.821 Y126.234
M204 S2000
G1 F1483
G1 X129.246 Y125.66 E.02459
M204 S1000
G1 X129.246 Y125.66 F10800
G1 X129.066 Y125.994
M204 S2000
G1 F1483
G1 X129.635 Y126.563 E.02436
M204 S1000
G1 X129.635 Y126.563 F10800
G1 X129.419 Y126.862
M204 S2000
G1 F1483
G1 X128.868 Y126.311 E.02359
M204 S1000
G1 X128.868 Y126.311 F10800
G1 X128.635 Y126.593
M204 S2000
G1 F1483
G1 X129.192 Y127.151 E.02386
M204 S1000
G1 X129.192 Y127.151 F10800
G1 X128.937 Y127.41
M204 S2000
G1 F1483
G1 X128.392 Y126.865 E.02333
M204 S1000
G1 X128.392 Y126.865 F10800
G1 X128.111 Y127.098
M204 S2000
G1 F1483
G1 X128.676 Y127.664 E.02421
M204 S1000
G1 X128.676 Y127.664 F10800
G1 X128.379 Y127.882
M204 S2000
G1 F1483
M73 P98 R0
G1 X127.829 Y127.332 E.02354
M204 S1000
G1 X127.829 Y127.332 F10800
G1 X127.531 Y127.548
M204 S2000
G1 F1483
G1 X128.083 Y128.1 E.02363
M204 S1000
G1 X128.083 Y128.1 F10800
G1 X127.776 Y128.308
M204 S2000
G1 F1483
G1 X127.199 Y127.732 E.02468
M204 S1000
G1 X127.199 Y127.732 F10800
G1 X126.853 Y127.9
M204 S2000
G1 F1483
G1 X127.438 Y128.485 E.02504
M204 S1000
G1 X127.082 Y128.644 F10800
M204 S2000
G1 F1483
G1 X126.462 Y128.024 E.02654
M204 S1000
G1 X126.462 Y128.024 F10800
G1 X126.072 Y128.149
M204 S2000
G1 F1483
G1 X126.709 Y128.786 E.02727
M204 S1000
G1 X126.709 Y128.786 F10800
G1 X126.293 Y128.884
M204 S2000
G1 F1483
G1 X125.642 Y128.233 E.02787
M204 S1000
G1 X125.642 Y128.233 F10800
G1 X125.181 Y128.287
M204 S2000
G1 F1483
G1 X125.869 Y128.976 E.02947
M204 S1000
G1 X125.869 Y128.976 F10800
G1 X125.412 Y129.033
M204 S2000
G1 F1483
G1 X124.634 Y128.255 E.0333
M204 S1000
G1 X124.078 Y128.214 F10800
M204 S2000
G1 F1483
G1 X124.912 Y129.048 E.0357
M204 S1000
G1 X124.912 Y129.048 F10800
G1 X124.379 Y129.029
M204 S2000
G1 F1483
G1 X123.373 Y128.024 E.04304
M204 S1000
;WIPE_START
G1 F8640
G1 X124.379 Y129.029 E-.32834
;WIPE_END
G1 E-.47166 F2100
G1 Z5 F720
G1 X122.364 Y127.53 F10800
G1 Z4.6 F720
G1 E.8 F2100
M204 S2000
G1 F1483
G1 X123.766 Y128.932 E.06002
M204 S1000
;WIPE_START
G1 F8640
G1 X122.364 Y127.53 E-.45782
;WIPE_END
G1 E-.34218 F2100
G1 Z5 F720
G1 X127.558 Y119.339 F10800
G1 Z4.6 F720
G1 E.8 F2100
M204 S2000
G1 F1483
G1 X126.16 Y117.941 E.05984
M204 S1000
G1 X126.16 Y117.941 F10800
G1 X125.554 Y117.849
M204 S2000
G1 F1483
G1 X126.544 Y118.839 E.04238
M204 S1000
G1 X126.544 Y118.839 F10800
G1 X125.848 Y118.658
M204 S2000
G1 F1483
G1 X124.999 Y117.809 E.03634
M204 S1000
G1 X124.999 Y117.809 F10800
G1 X124.497 Y117.822
M204 S2000
G1 F1483
G1 X125.272 Y118.597 E.03318
M204 S1000
G1 X125.272 Y118.597 F10800
G1 X124.74 Y118.579
M204 S2000
G1 F1483
G1 X124.038 Y117.878 E.03003
M204 S1000
G1 X124.038 Y117.878 F10800
G1 X123.625 Y117.98
M204 S2000
G1 F1483
G1 X124.274 Y118.629 E.02778
M204 S1000
G1 X124.274 Y118.629 F10800
G1 X123.844 Y118.714
M204 S2000
G1 F1483
G1 X123.223 Y118.092 E.0266
M204 S1000
G1 X123.223 Y118.092 F10800
G1 X122.84 Y118.224
M204 S2000
G1 F1483
G1 X123.437 Y118.821 E.02556
M204 S1000
G1 X123.07 Y118.969 F10800
M204 S2000
G1 F1483
G1 X122.494 Y118.393 E.02466
M204 S1000
G1 X122.494 Y118.393 F10800
G1 X122.147 Y118.561
M204 S2000
G1 F1483
G1 X122.711 Y119.125 E.02414
M204 S1000
G1 X122.711 Y119.125 F10800
G1 X122.393 Y119.321
M204 S2000
G1 F1483
G1 X121.829 Y118.758 E.02412
M204 S1000
G1 X121.829 Y118.758 F10800
G1 X121.525 Y118.968
M204 S2000
G1 F1483
G1 X122.077 Y119.52 E.02363
M204 S1000
G1 X122.077 Y119.52 F10800
G1 X121.802 Y119.76
M204 S2000
G1 F1483
G1 X121.248 Y119.206 E.02372
M204 S1000
G1 X121.248 Y119.206 F10800
G1 X120.975 Y119.448
M204 S2000
G1 F1483
G1 X121.53 Y120.003 E.02376
M204 S1000
G1 X121.287 Y120.275 F10800
M204 S2000
G1 F1483
G1 X120.742 Y119.729 E.02335
M204 S1000
G1 X120.742 Y119.729 F10800
G1 X120.508 Y120.011
M204 S2000
G1 F1483
G1 X121.065 Y120.568 E.02384
M204 S1000
G1 X121.065 Y120.568 F10800
G1 X120.843 Y120.861
M204 S2000
G1 F1483
G1 X120.28 Y120.298 E.0241
M204 S1000
G1 X120.28 Y120.298 F10800
G1 X120.086 Y120.619
M204 S2000
G1 F1483
G1 X120.659 Y121.191 E.02451
M204 S1000
G1 X120.659 Y121.191 F10800
G1 X120.487 Y121.534
M204 S2000
G1 F1483
G1 X119.906 Y120.953 E.02487
M204 S1000
G1 X119.746 Y121.308 F10800
M204 S2000
G1 F1483
G1 X120.354 Y121.916 E.02603
M204 S1000
G1 X120.354 Y121.916 F10800
G1 X120.231 Y122.308
M204 S2000
G1 F1483
G1 X119.619 Y121.696 E.0262
M204 S1000
G1 X119.619 Y121.696 F10800
G1 X119.507 Y122.099
M204 S2000
G1 F1483
G1 X120.171 Y122.762 E.0284
M204 S1000
G1 X120.171 Y122.762 F10800
G1 X120.121 Y123.227
M204 S2000
G1 F1483
G1 X119.404 Y122.51 E.03069
M204 S1000
G1 X119.404 Y122.51 F10800
G1 X119.348 Y122.969
M204 S2000
G1 F1483
G1 X120.13 Y123.752 E.0335
M204 S1000
G1 X120.13 Y123.752 F10800
G1 X120.198 Y124.333
M204 S2000
G1 F1483
G1 X119.347 Y123.483 E.03641
M204 S1000
G1 X119.347 Y123.483 F10800
G1 X119.363 Y124.014
M204 S2000
G1 F1483
G1 X120.379 Y125.029 E.04347
M204 S1000
;WIPE_START
G1 F8640
G1 X119.363 Y124.014 E-.33161
;WIPE_END
G1 E-.46839 F2100
G1 Z5 F720
G1 X120.861 Y126.026 F10800
G1 Z4.6 F720
G1 E.8 F2100
M204 S2000
G1 F1483
G1 X119.482 Y124.647 E.05903
M204 S1000
G1 X119.482 Y124.647 F10800
G1 X119.669 Y125.349
M204 S2000
G1 F1483
G1 X123.042 Y128.722 E.14439
M204 S1000
;WIPE_START
G1 F8640
G1 X120.592 Y126.272 E-.8
;WIPE_END
G1 Z5 F720
G1 X122.08 Y128.275 F10800
G1 Z4.6 F720
G1 E.8 F2100
M204 S2000
G1 F1483
G1 X120.116 Y126.312 E.08405
M204 S1000
; stop printing object Scheibe-Radhaenger.stl id:1 copy 0
;WIPE_START
G1 F8640;_WIPE
G1 X122.08 Y128.275 E-.64117
;WIPE_END
G1 E-.15883 F2100
M107
;TYPE:Custom
; Filament-specific end gcode
G1 Z5.6 F720 ; Move print head up
G1 X0 Y200 F3600 ; park
G1 Z53.6 F720 ; Move print head further up
M73 P99 R0
G4 ; wait
M104 S0 ; turn off temperature
M140 S0 ; turn off heatbed
M107 ; turn off fan
M900 K0 ; reset LA
M84 ; disable motors
M73 P100 R0
; objects_info = {"objects":[{"name":"Scheibe-Radhaenger.stl id:0 copy 0","polygon":[[125.389,98.562],[126.919,98.842],[127.997,99.289],[128.978,99.923],[129.828,100.723],[130.520,101.663],[131.158,103.081],[131.403,104.223],[131.438,105.389],[131.158,106.919],[130.711,107.997],[130.077,108.978],[129.277,109.828],[128.337,110.520],[126.919,111.158],[125.777,111.403],[124.611,111.438],[123.081,111.158],[122.003,110.711],[121.022,110.077],[120.172,109.277],[119.480,108.337],[118.842,106.919],[118.597,105.777],[118.562,104.611],[118.842,103.081],[119.289,102.003],[119.923,101.022],[120.723,100.172],[121.663,99.480],[123.081,98.842],[124.223,98.597]]},{"name":"Scheibe-Radhaenger.stl id:1 copy 0","polygon":[[125.348,116.995],[126.878,117.275],[127.956,117.722],[128.937,118.356],[129.787,119.156],[130.479,120.096],[131.117,121.514],[131.362,122.655],[131.397,123.822],[131.117,125.352],[130.670,126.430],[130.036,127.411],[129.236,128.261],[128.296,128.953],[126.878,129.591],[125.736,129.836],[124.569,129.871],[123.040,129.591],[121.961,129.144],[120.981,128.510],[120.131,127.710],[119.439,126.770],[118.801,125.352],[118.556,124.210],[118.521,123.043],[118.801,121.514],[119.248,120.435],[119.881,119.455],[120.682,118.605],[121.622,117.913],[123.040,117.275],[124.181,117.030]]}]}
; filament used [mm] = 330.94
; filament used [cm3] = 0.80
; filament used [g] = 1.01
; filament cost = 0.03
; total filament used [g] = 1.01
; total filament cost = 0.03
; total filament used for wipe tower [g] = 0.00
; estimated printing time (normal mode) = 9m 15s
; estimated first layer printing time (normal mode) = 39s

; prusaslicer_config = begin
; arc_fitting = disabled
; autoemit_temperature_commands = 1
; avoid_crossing_curled_overhangs = 0
; avoid_crossing_perimeters = 0
; avoid_crossing_perimeters_max_detour = 0
; bed_custom_model = 
; bed_custom_texture = 
; bed_shape = 0x0,250x0,250x210,0x210
; bed_temperature = 85
; before_layer_gcode = ;BEFORE_LAYER_CHANGE\nG92 E0.0\n;[layer_z]\n\n
; between_objects_gcode = 
; binary_gcode = 0
; bottom_fill_pattern = monotonic
; bottom_solid_layers = 4
; bottom_solid_min_thickness = 0.5
; bridge_acceleration = 1000
; bridge_angle = 0
; bridge_fan_speed = 50
; bridge_flow_ratio = 0.95
; bridge_speed = 25
; brim_separation = 0.1
; brim_type = outer_only
; brim_width = 0
; chamber_minimal_temperature = 0
; chamber_temperature = 0
; color_change_gcode = M600\nG1 E0.3 F1500 ; prime after color change
; colorprint_heights = 
; compatible_printers_condition_cummulative = "printer_notes=~/.*PRINTER_VENDOR_PRUSA3D.*/ and printer_notes=~/.*PRINTER_MODEL_MK2[^.].*/ and nozzle_diameter[0]==0.4";"nozzle_diameter[0]!=0.6 and ! (printer_notes=~/.*PRINTER_VENDOR_PRUSA3D.*/ and printer_notes=~/.*PRINTER_MODEL_MK(2.5|3).*/ and single_extruder_multi_material)"
; complete_objects = 0
; cooling = 1
; cooling_tube_length = 5
; cooling_tube_retraction = 91.5
; default_acceleration = 1000
; default_filament_profile = "Prusament PLA"
; default_print_profile = 0.15mm OPTIMAL
; deretract_speed = 0
; disable_fan_first_layers = 3
; dont_support_bridges = 0
; draft_shield = disabled
; duplicate_distance = 6
; elefant_foot_compensation = 0.2
; enable_dynamic_fan_speeds = 0
; enable_dynamic_overhang_speeds = 1
; end_filament_gcode = "; Filament-specific end gcode"
; end_gcode = {if max_layer_z < max_print_height}G1 Z{z_offset+min(max_layer_z+1, max_print_height)} F720 ; Move print head up{endif}\nG1 X0 Y200 F3600 ; park\n{if max_layer_z < max_print_height}G1 Z{z_offset+min(max_layer_z+49, max_print_height)} F720 ; Move print head further up{endif}\nG4 ; wait\nM104 S0 ; turn off temperature\nM140 S0 ; turn off heatbed\nM107 ; turn off fan\nM900 K0 ; reset LA\nM84 ; disable motors
; external_perimeter_acceleration = 0
; external_perimeter_extrusion_width = 0.45
; external_perimeter_speed = 40
; external_perimeters_first = 0
; extra_loading_move = -2
; extra_perimeters = 0
; extra_perimeters_on_overhangs = 0
; extruder_clearance_height = 20
; extruder_clearance_radius = 45
; extruder_colour = ""
; extruder_offset = 0x0
; extrusion_axis = E
; extrusion_multiplier = 1
; extrusion_width = 0.45
; fan_always_on = 1
; fan_below_layer_time = 20
; filament_colour = #FF8000
; filament_cooling_final_speed = 3.4
; filament_cooling_initial_speed = 2.2
; filament_cooling_moves = 4
; filament_cost = 27.82
; filament_density = 1.27
; filament_deretract_speed = nil
; filament_diameter = 1.75
; filament_infill_max_crossing_speed = 0
; filament_infill_max_speed = 0
; filament_load_time = 0
; filament_loading_speed = 28
; filament_loading_speed_start = 3
; filament_max_volumetric_speed = 8
; filament_minimal_purge_on_wipe_tower = 15
; filament_multitool_ramming = 0
; filament_multitool_ramming_flow = 10
; filament_multitool_ramming_volume = 10
; filament_notes = "List of manufacturers tested with standard PET print settings:\n\nE3D Edge\nPlasty Mladec PETG"
; filament_purge_multiplier = 100%
; filament_ramming_parameters = "120 100 6.6 6.8 7.2 7.6 7.9 8.2 8.7 9.4 9.9 10.0| 0.05 6.6 0.45 6.8 0.95 7.8 1.45 8.3 1.95 9.7 2.45 10 2.95 7.6 3.45 7.6 3.95 7.6 4.45 7.6 4.95 7.6"
; filament_retract_before_travel = nil
; filament_retract_before_wipe = nil
; filament_retract_layer_change = nil
; filament_retract_length = nil
; filament_retract_length_toolchange = nil
; filament_retract_lift = nil
; filament_retract_lift_above = nil
; filament_retract_lift_below = nil
; filament_retract_restart_extra = nil
; filament_retract_restart_extra_toolchange = nil
; filament_retract_speed = nil
; filament_settings_id = "PETG - HDglass"
; filament_shrinkage_compensation_xy = 0%
; filament_shrinkage_compensation_z = 0%
; filament_soluble = 0
; filament_spool_weight = 0
; filament_stamping_distance = 0
; filament_stamping_loading_speed = 20
; filament_toolchange_delay = 0
; filament_travel_lift_before_obstacle = nil
; filament_travel_max_lift = nil
; filament_travel_ramping_lift = nil
; filament_travel_slope = nil
; filament_type = PET
; filament_unload_time = 0
; filament_unloading_speed = 90
; filament_unloading_speed_start = 100
; filament_vendor = (Unknown)
; filament_wipe = nil
; fill_angle = 45
; fill_density = 80%
; fill_pattern = cubic
; first_layer_acceleration = 800
; first_layer_acceleration_over_raft = 0
; first_layer_bed_temperature = 80
; first_layer_extrusion_width = 0.42
; first_layer_height = 0.2
; first_layer_speed = 20
; first_layer_speed_over_raft = 30
; first_layer_temperature = 220
; full_fan_speed_layer = 0
; fuzzy_skin = none
; fuzzy_skin_point_dist = 0.8
; fuzzy_skin_thickness = 0.3
; gap_fill_enabled = 1
; gap_fill_speed = 40
; gcode_comments = 0
; gcode_flavor = marlin
; gcode_label_objects = octoprint
; gcode_resolution = 0.0125
; gcode_substitutions = 
; high_current_on_filament_swap = 0
; host_type = prusalink
; idle_temperature = nil
; infill_acceleration = 2000
; infill_anchor = 2.5
; infill_anchor_max = 12
; infill_every_layers = 1
; infill_extruder = 1
; infill_extrusion_width = 0.45
; infill_first = 0
; infill_overlap = 10%
; infill_speed = 60
; inherits_cummulative = "0.20mm NORMAL";"Prusa PET";
; interface_shells = 0
; ironing = 0
; ironing_flowrate = 15%
; ironing_spacing = 0.1
; ironing_speed = 15
; ironing_type = top
; layer_gcode = ;AFTER_LAYER_CHANGE\n;[layer_z]
; layer_height = 0.2
; machine_limits_usage = emit_to_gcode
; machine_max_acceleration_e = 10000
; machine_max_acceleration_extruding = 2000
; machine_max_acceleration_retracting = 1500
; machine_max_acceleration_travel = 1500,1250
; machine_max_acceleration_x = 9000
; machine_max_acceleration_y = 9000
; machine_max_acceleration_z = 500
; machine_max_feedrate_e = 120
; machine_max_feedrate_x = 500
; machine_max_feedrate_y = 500
; machine_max_feedrate_z = 12
; machine_max_jerk_e = 2.5
; machine_max_jerk_x = 10
; machine_max_jerk_y = 10
; machine_max_jerk_z = 0.2
; machine_min_extruding_rate = 0
; machine_min_travel_rate = 0
; max_fan_speed = 50
; max_layer_height = 0.25
; max_print_height = 200
; max_print_speed = 100
; max_volumetric_extrusion_rate_slope_negative = 0
; max_volumetric_extrusion_rate_slope_positive = 0
; max_volumetric_speed = 0
; min_bead_width = 85%
; min_fan_speed = 30
; min_feature_size = 25%
; min_layer_height = 0.07
; min_print_speed = 15
; min_skirt_length = 4
; mmu_segmented_region_interlocking_depth = 0
; mmu_segmented_region_max_width = 0
; multimaterial_purging = 140
; notes = 
; nozzle_diameter = 0.4
; only_one_perimeter_first_layer = 0
; only_retract_when_crossing_perimeters = 0
; ooze_prevention = 0
; output_filename_format = {input_filename_base}_{layer_height}mm_{printing_filament_types}_{printer_model}_{print_time}.gcode
; overhang_fan_speed_0 = 0
; overhang_fan_speed_1 = 0
; overhang_fan_speed_2 = 0
; overhang_fan_speed_3 = 0
; overhang_speed_0 = 15
; overhang_speed_1 = 15
; overhang_speed_2 = 20
; overhang_speed_3 = 25
; overhangs = 1
; parking_pos_retraction = 92
; pause_print_gcode = M601
; perimeter_acceleration = 800
; perimeter_extruder = 1
; perimeter_extrusion_width = 0.45
; perimeter_generator = arachne
; perimeter_speed = 50
; perimeters = 2
; physical_printer_settings_id = 
; post_process = 
; prefer_clockwise_movements = 0
; print_settings_id = 0.20mm NORMAL - Copy
; printer_model = MK2S
; printer_notes = Don't remove the following keywords! These keywords are used in the "compatible printer" condition of the print and filament profiles to link the particular print and filament profiles to this printer profile.\nPRINTER_VENDOR_PRUSA3D\nPRINTER_MODEL_MK2\n
; printer_settings_id = Original Prusa i3 MK2S
; printer_technology = FFF
; printer_variant = 0.4
; printer_vendor = 
; raft_contact_distance = 0.2
; raft_expansion = 1.5
; raft_first_layer_density = 90%
; raft_first_layer_expansion = 3
; raft_layers = 0
; remaining_times = 1
; resolution = 0
; retract_before_travel = 1
; retract_before_wipe = 0%
; retract_layer_change = 1
; retract_length = 0.8
; retract_length_toolchange = 4
; retract_lift = 0.4
; retract_lift_above = 0
; retract_lift_below = 199
; retract_restart_extra = 0
; retract_restart_extra_toolchange = 0
; retract_speed = 35
; seam_position = aligned
; silent_mode = 0
; single_extruder_multi_material = 0
; single_extruder_multi_material_priming = 1
; skirt_distance = 2
; skirt_height = 3
; skirts = 1
; slice_closing_radius = 0.049
; slicing_mode = regular
; slowdown_below_layer_time = 20
; small_perimeter_speed = 25
; solid_infill_acceleration = 0
; solid_infill_below_area = 0
; solid_infill_every_layers = 0
; solid_infill_extruder = 1
; solid_infill_extrusion_width = 0.45
; solid_infill_speed = 50
; spiral_vase = 0
; staggered_inner_seams = 0
; standby_temperature_delta = -5
; start_filament_gcode = "M900 K{if printer_notes=~/.*PRINTER_HAS_BOWDEN.*/}200{elsif nozzle_diameter[0]==0.6}24{else}45{endif} ; Filament gcode"
; start_gcode = M862.3 P "[printer_model]" ; printer model check\nM862.1 P[nozzle_diameter] ; nozzle diameter check\nM115 U3.2.3 ; tell printer latest fw version\nG90 ; use absolute coordinates\nM83 ; extruder relative mode\nM204 S[machine_max_acceleration_extruding] T[machine_max_acceleration_retracting] ; MK2 firmware only supports the old M204 format\nM104 S[first_layer_temperature] ; set extruder temp\nM140 S[first_layer_bed_temperature] ; set bed temp\nM190 S[first_layer_bed_temperature] ; wait for bed temp\nM109 S[first_layer_temperature] ; wait for extruder temp\nG28 W ; home all without mesh bed level\nG80 ; mesh bed leveling\nG1 Z0.2 F720\nG1 Y-2 F1000 ; go outside print area\nG92 E0\nG1 X60 E9 F1000 ; intro line\nG1 X100 E12.5 F1000 ; intro line\nG92 E0
; support_material = 0
; support_material_angle = 0
; support_material_auto = 1
; support_material_bottom_contact_distance = 0
; support_material_bottom_interface_layers = 0
; support_material_buildplate_only = 0
; support_material_closing_radius = 2
; support_material_contact_distance = 0.2
; support_material_enforce_layers = 0
; support_material_extruder = 0
; support_material_extrusion_width = 0.35
; support_material_interface_contact_loops = 0
; support_material_interface_extruder = 0
; support_material_interface_layers = 2
; support_material_interface_pattern = rectilinear
; support_material_interface_spacing = 0.2
; support_material_interface_speed = 80%
; support_material_pattern = rectilinear
; support_material_spacing = 2
; support_material_speed = 50
; support_material_style = grid
; support_material_synchronize_layers = 0
; support_material_threshold = 50
; support_material_with_sheath = 0
; support_material_xy_spacing = 60%
; support_tree_angle = 40
; support_tree_angle_slow = 30
; support_tree_branch_diameter = 2
; support_tree_branch_diameter_angle = 3
; support_tree_branch_diameter_double_wall = 3
; support_tree_branch_distance = 1
; support_tree_tip_diameter = 0.6
; support_tree_top_rate = 30%
; temperature = 225
; template_custom_gcode = 
; thick_bridges = 0
; thin_walls = 0
; thumbnails = 
; thumbnails_format = PNG
; toolchange_gcode = 
; top_fill_pattern = monotoniclines
; top_infill_extrusion_width = 0.4
; top_one_perimeter_type = none
; top_solid_infill_acceleration = 0
; top_solid_infill_speed = 40
; top_solid_layers = 5
; top_solid_min_thickness = 0.7
; travel_acceleration = 0
; travel_lift_before_obstacle = 0
; travel_max_lift = 0
; travel_ramping_lift = 0
; travel_slope = 0
; travel_speed = 180
; travel_speed_z = 12
; use_firmware_retraction = 0
; use_relative_e_distances = 1
; use_volumetric_e = 0
; variable_layer_height = 1
; wall_distribution_count = 1
; wall_transition_angle = 10
; wall_transition_filter_deviation = 25%
; wall_transition_length = 100%
; wipe = 1
; wipe_into_infill = 0
; wipe_into_objects = 0
; wipe_tower = 1
; wipe_tower_acceleration = 0
; wipe_tower_bridging = 10
; wipe_tower_brim_width = 2
; wipe_tower_cone_angle = 0
; wipe_tower_extra_flow = 100%
; wipe_tower_extra_spacing = 100%
; wipe_tower_extruder = 0
; wipe_tower_no_sparse_layers = 0
; wipe_tower_rotation_angle = 0
; wipe_tower_width = 60
; wipe_tower_x = 170
; wipe_tower_y = 140
; wiping_volumes_matrix = 0
; wiping_volumes_use_custom_matrix = 0
; xy_size_compensation = 0
; z_offset = 0
; prusaslicer_config = end
M84 ; disable motors
