solid OBJECT
  facet normal 0.99881071176593816 0.048756148962158123 0
    outer loop
      vertex 2.4000000953674316 0 10.399999618530273
      vertex 2.4000000953674316 0 9.6000003814697266
      vertex 2.3885898590087891 0.23374828696250916 9.6000003814697266
    endloop
  endfacet
  facet normal 0.98952168798060303 0.14438431014489836 -0
    outer loop
      vertex 2.3557925224304199 0.45852115750312805 10.399999618530273
      vertex 2.3885898590087891 0.23374828696250916 9.6000003814697266
      vertex 2.3557925224304199 0.45852115750312805 9.6000003814697266
    endloop
  endfacet
  facet normal 0.94284903446799995 0.33322019477030518 -0
    outer loop
      vertex 2.2200558185577393 0.91178500652313232 9.6000003814697266
      vertex 2.2200558185577393 0.91178500652313232 10.399999618530273
      vertex 2.2999680042266846 0.68567287921905518 10.399999618530273
    endloop
  endfacet
  facet normal 0.94284903446799995 0.33322019477030518 1.3084658835149642e-17
    outer loop
      vertex 2.2200558185577393 0.91178500652313232 9.6000003814697266
      vertex 2.2999680042266846 0.68567287921905518 10.399999618530273
      vertex 2.2999680042266846 0.68567287921905518 9.6000003814697266
    endloop
  endfacet
  facet normal 0.90455988599434267 0.42634658747303433 -0
    outer loop
      vertex 2.1162416934967041 1.1320426464080811 9.6000003814697266
      vertex 2.1162416934967041 1.1320426464080811 10.399999618530273
      vertex 2.2200558185577393 0.91178500652313232 10.399999618530273
    endloop
  endfacet
  facet normal 0.90455988599434267 0.42634658747303433 0
    outer loop
      vertex 2.1162416934967041 1.1320426464080811 9.6000003814697266
      vertex 2.2200558185577393 0.91178500652313232 10.399999618530273
      vertex 2.2200558185577393 0.91178500652313232 9.6000003814697266
    endloop
  endfacet
  facet normal 0.97110386504140078 0.23865725067898666 -0
    outer loop
      vertex 2.2999680042266846 0.68567287921905518 9.6000003814697266
      vertex 2.2999680042266846 0.68567287921905518 10.399999618530273
      vertex 2.3557925224304199 0.45852115750312805 10.399999618530273
    endloop
  endfacet
  facet normal 0.97110386504140078 0.23865725067898666 0
    outer loop
      vertex 2.2999680042266846 0.68567287921905518 9.6000003814697266
      vertex 2.3557925224304199 0.45852115750312805 10.399999618530273
      vertex 2.3557925224304199 0.45852115750312805 9.6000003814697266
    endloop
  endfacet
  facet normal 0.80043738504772843 0.59941637666813419 -0
    outer loop
      vertex 1.8454374074935913 1.5343925952911377 9.6000003814697266
      vertex 1.8454374074935913 1.5343925952911377 10.399999618530273
      vertex 1.9916943311691284 1.3390867710113525 10.399999618530273
    endloop
  endfacet
  facet normal 0.80043738504772843 0.59941637666813419 0
    outer loop
      vertex 1.8454374074935913 1.5343925952911377 9.6000003814697266
      vertex 1.9916943311691284 1.3390867710113525 10.399999618530273
      vertex 1.9916943311691284 1.3390867710113525 9.6000003814697266
    endloop
  endfacet
  facet normal 0.73527746500781743 0.67776622035306378 -0
    outer loop
      vertex 1.6792886257171631 1.7146397829055786 9.6000003814697266
      vertex 1.6792886257171631 1.7146397829055786 10.399999618530273
      vertex 1.8454374074935913 1.5343925952911377 10.399999618530273
    endloop
  endfacet
  facet normal 0.73527746500781743 0.67776622035306378 0
    outer loop
      vertex 1.6792886257171631 1.7146397829055786 9.6000003814697266
      vertex 1.8454374074935913 1.5343925952911377 10.399999618530273
      vertex 1.8454374074935913 1.5343925952911377 9.6000003814697266
    endloop
  endfacet
  facet normal 0.58272342193671234 0.81267054427139684 -0
    outer loop
      vertex 1.2977448701858521 2.0188755989074707 9.6000003814697266
      vertex 1.2977448701858521 2.0188755989074707 10.399999618530273
      vertex 1.4957215785980225 1.8769168853759766 10.399999618530273
    endloop
  endfacet
  facet normal 0.58272342193671234 0.81267054427139673 0
    outer loop
      vertex 1.2977448701858521 2.0188755989074707 9.6000003814697266
      vertex 1.4957215785980225 1.8769168853759766 10.399999618530273
      vertex 1.4957215785980225 1.8769168853759766 9.6000003814697266
    endloop
  endfacet
  facet normal 0.49781193654180039 0.86728500265858532 -0
    outer loop
      vertex 1.088740348815918 2.1388418674468994 9.6000003814697266
      vertex 1.088740348815918 2.1388418674468994 10.399999618530273
      vertex 1.2977448701858521 2.0188755989074707 10.399999618530273
    endloop
  endfacet
  facet normal 0.49781193654180039 0.86728500265858532 0
    outer loop
      vertex 1.088740348815918 2.1388418674468994 9.6000003814697266
      vertex 1.2977448701858521 2.0188755989074707 10.399999618530273
      vertex 1.2977448701858521 2.0188755989074707 9.6000003814697266
    endloop
  endfacet
  facet normal 0.6623239701745528 0.74921756421764307 -0
    outer loop
      vertex 1.4957215785980225 1.8769168853759766 9.6000003814697266
      vertex 1.4957215785980225 1.8769168853759766 10.399999618530273
      vertex 1.6792886257171631 1.7146397829055786 10.399999618530273
    endloop
  endfacet
  facet normal 0.6623239701745528 0.74921756421764307 0
    outer loop
      vertex 1.4957215785980225 1.8769168853759766 9.6000003814697266
      vertex 1.6792886257171631 1.7146397829055786 10.399999618530273
      vertex 1.6792886257171631 1.7146397829055786 9.6000003814697266
    endloop
  endfacet
  facet normal 0.85690645316285907 0.51547194931232554 -0
    outer loop
      vertex 1.9916943311691284 1.3390867710113525 9.6000003814697266
      vertex 1.9916943311691284 1.3390867710113525 10.399999618530273
      vertex 2.1162416934967041 1.1320426464080811 10.399999618530273
    endloop
  endfacet
  facet normal 0.85690645316285907 0.51547194931232554 0
    outer loop
      vertex 1.9916943311691284 1.3390867710113525 9.6000003814697266
      vertex 2.1162416934967041 1.1320426464080811 10.399999618530273
      vertex 2.1162416934967041 1.1320426464080811 9.6000003814697266
    endloop
  endfacet
  facet normal 0.98952168798060303 0.14438431014489836 0
    outer loop
      vertex 2.3557925224304199 0.45852115750312805 10.399999618530273
      vertex 2.3885898590087891 0.23374828696250916 11.199999809265137
      vertex 2.3885898590087891 0.23374828696250916 9.6000003814697266
    endloop
  endfacet
  facet normal 0.99881071176593816 0.048756148962158123 -0
    outer loop
      vertex 2.3885898590087891 0.23374828696250916 9.6000003814697266
      vertex 2.3885898590087891 0.23374828696250916 11.199999809265137
      vertex 2.4000000953674316 0 10.399999618530273
    endloop
  endfacet
  facet normal 0.97110386504140078 0.23865725067898666 -0
    outer loop
      vertex 2.2999680042266846 0.68567287921905518 10.399999618530273
      vertex 2.2999680042266846 0.68567287921905518 11.199999809265137
      vertex 2.3557925224304199 0.45852115750312805 11.199999809265137
    endloop
  endfacet
  facet normal 0.97110386504140078 0.23865725067898666 0
    outer loop
      vertex 2.2999680042266846 0.68567287921905518 10.399999618530273
      vertex 2.3557925224304199 0.45852115750312805 11.199999809265137
      vertex 2.3557925224304199 0.45852115750312805 10.399999618530273
    endloop
  endfacet
  facet normal 0.90455988599434267 0.42634658747303433 -0
    outer loop
      vertex 2.1162416934967041 1.1320426464080811 10.399999618530273
      vertex 2.1162416934967041 1.1320426464080811 11.199999809265137
      vertex 2.2200558185577393 0.91178500652313232 11.199999809265137
    endloop
  endfacet
  facet normal 0.90455988599434267 0.42634658747303433 0
    outer loop
      vertex 2.1162416934967041 1.1320426464080811 10.399999618530273
      vertex 2.2200558185577393 0.91178500652313232 11.199999809265137
      vertex 2.2200558185577393 0.91178500652313232 10.399999618530273
    endloop
  endfacet
  facet normal 0.85690645316285907 0.51547194931232554 -0
    outer loop
      vertex 1.9916943311691284 1.3390867710113525 10.399999618530273
      vertex 1.9916943311691284 1.3390867710113525 11.199999809265137
      vertex 2.1162416934967041 1.1320426464080811 11.199999809265137
    endloop
  endfacet
  facet normal 0.85690645316285907 0.51547194931232554 0
    outer loop
      vertex 1.9916943311691284 1.3390867710113525 10.399999618530273
      vertex 2.1162416934967041 1.1320426464080811 11.199999809265137
      vertex 2.1162416934967041 1.1320426464080811 10.399999618530273
    endloop
  endfacet
  facet normal 0.94284903446799995 0.33322019477030518 -0
    outer loop
      vertex 2.2200558185577393 0.91178500652313232 10.399999618530273
      vertex 2.2200558185577393 0.91178500652313232 11.199999809265137
      vertex 2.2999680042266846 0.68567287921905518 11.199999809265137
    endloop
  endfacet
  facet normal 0.94284903446799995 0.33322019477030518 0
    outer loop
      vertex 2.2200558185577393 0.91178500652313232 10.399999618530273
      vertex 2.2999680042266846 0.68567287921905518 11.199999809265137
      vertex 2.2999680042266846 0.68567287921905518 10.399999618530273
    endloop
  endfacet
  facet normal 0.73527746500781743 0.67776622035306378 -0
    outer loop
      vertex 1.6792886257171631 1.7146397829055786 10.399999618530273
      vertex 1.6792886257171631 1.7146397829055786 11.199999809265137
      vertex 1.8454374074935913 1.5343925952911377 11.199999809265137
    endloop
  endfacet
  facet normal 0.73527746500781743 0.67776622035306378 0
    outer loop
      vertex 1.6792886257171631 1.7146397829055786 10.399999618530273
      vertex 1.8454374074935913 1.5343925952911377 11.199999809265137
      vertex 1.8454374074935913 1.5343925952911377 10.399999618530273
    endloop
  endfacet
  facet normal 0.58272342193671234 0.81267054427139684 -0
    outer loop
      vertex 1.2977448701858521 2.0188755989074707 10.399999618530273
      vertex 1.2977448701858521 2.0188755989074707 11.199999809265137
      vertex 1.4957215785980225 1.8769168853759766 11.199999809265137
    endloop
  endfacet
  facet normal 0.58272342193671234 0.81267054427139684 0
    outer loop
      vertex 1.2977448701858521 2.0188755989074707 10.399999618530273
      vertex 1.4957215785980225 1.8769168853759766 11.199999809265137
      vertex 1.4957215785980225 1.8769168853759766 10.399999618530273
    endloop
  endfacet
  facet normal 0.49781193654180045 0.86728500265858544 -0
    outer loop
      vertex 1.088740348815918 2.1388418674468994 10.399999618530273
      vertex 1.088740348815918 2.1388418674468994 11.199999809265137
      vertex 1.2977448701858521 2.0188755989074707 11.199999809265137
    endloop
  endfacet
  facet normal 0.49781193654180039 0.86728500265858544 0
    outer loop
      vertex 1.088740348815918 2.1388418674468994 10.399999618530273
      vertex 1.2977448701858521 2.0188755989074707 11.199999809265137
      vertex 1.2977448701858521 2.0188755989074707 10.399999618530273
    endloop
  endfacet
  facet normal 0.40904576026521178 0.91251387168034603 -0
    outer loop
      vertex 0.87227880954742432 2.2358734607696533 9.6000003814697266
      vertex 0.87227880954742432 2.2358734607696533 10.399999618530273
      vertex 1.088740348815918 2.1388418674468994 10.399999618530273
    endloop
  endfacet
  facet normal 0.40904576026521178 0.91251387168034603 0
    outer loop
      vertex 0.87227880954742432 2.2358734607696533 9.6000003814697266
      vertex 1.088740348815918 2.1388418674468994 10.399999618530273
      vertex 1.088740348815918 2.1388418674468994 9.6000003814697266
    endloop
  endfacet
  facet normal 0.6623239701745528 0.74921756421764307 -0
    outer loop
      vertex 1.4957215785980225 1.8769168853759766 10.399999618530273
      vertex 1.4957215785980225 1.8769168853759766 11.199999809265137
      vertex 1.6792886257171631 1.7146397829055786 11.199999809265137
    endloop
  endfacet
  facet normal 0.6623239701745528 0.74921756421764307 0
    outer loop
      vertex 1.4957215785980225 1.8769168853759766 10.399999618530273
      vertex 1.6792886257171631 1.7146397829055786 11.199999809265137
      vertex 1.6792886257171631 1.7146397829055786 10.399999618530273
    endloop
  endfacet
  facet normal 0.80043738504772854 0.59941637666813419 -0
    outer loop
      vertex 1.8454374074935913 1.5343925952911377 10.399999618530273
      vertex 1.8454374074935913 1.5343925952911377 11.199999809265137
      vertex 1.9916943311691284 1.3390867710113525 11.199999809265137
    endloop
  endfacet
  facet normal 0.80043738504772854 0.59941637666813419 0
    outer loop
      vertex 1.8454374074935913 1.5343925952911377 10.399999618530273
      vertex 1.9916943311691284 1.3390867710113525 11.199999809265137
      vertex 1.9916943311691284 1.3390867710113525 10.399999618530273
    endloop
  endfacet
  facet normal 0.22588565064296456 0.97415382401015327 -0
    outer loop
      vertex 0.43110790848731995 2.3609628677368164 9.6000003814697266
      vertex 0.43110790848731995 2.3609628677368164 10.399999618530273
      vertex 0.65193307399749756 2.309758186340332 10.399999618530273
    endloop
  endfacet
  facet normal 0.22588565064296456 0.97415382401015327 0
    outer loop
      vertex 0.43110790848731995 2.3609628677368164 9.6000003814697266
      vertex 0.65193307399749756 2.309758186340332 10.399999618530273
      vertex 0.65193307399749756 2.309758186340332 9.6000003814697266
    endloop
  endfacet
  facet normal 0.1315751637144712 0.99130619704181722 -0
    outer loop
      vertex 0.19970574975013733 2.391676664352417 9.6000003814697266
      vertex 0.19970574975013733 2.391676664352417 10.399999618530273
      vertex 0.43110790848731995 2.3609628677368164 10.399999618530273
    endloop
  endfacet
  facet normal 0.1315751637144712 0.99130619704181722 0
    outer loop
      vertex 0.19970574975013733 2.391676664352417 9.6000003814697266
      vertex 0.43110790848731995 2.3609628677368164 10.399999618530273
      vertex 0.43110790848731995 2.3609628677368164 9.6000003814697266
    endloop
  endfacet
  facet normal 0.041642321936524708 0.99913258230513879 2.0811851887910185e-17
    outer loop
      vertex 1.4695762231022014e-16 2.4000000953674316 9.6000003814697266
      vertex -2.5286315755705018e-16 2.4000000953674316 10.399999618530273
      vertex 0.19970574975013733 2.391676664352417 10.399999618530273
    endloop
  endfacet
  facet normal 0.041642321936524791 0.99913258230513879 0
    outer loop
      vertex 1.4695762231022014e-16 2.4000000953674316 9.6000003814697266
      vertex 0.19970574975013733 2.391676664352417 10.399999618530273
      vertex 0.19970574975013733 2.391676664352417 9.6000003814697266
    endloop
  endfacet
  facet normal -0.048756148962158172 0.99881071176593816 -0
    outer loop
      vertex -0.23374828696250916 2.3885898590087891 9.6000003814697266
      vertex -0.23374828696250916 2.3885898590087891 10.399999618530273
      vertex -2.5286315755705018e-16 2.4000000953674316 10.399999618530273
    endloop
  endfacet
  facet normal -0.048756148962158088 0.99881071176593827 -2.4367175115067633e-17
    outer loop
      vertex -0.23374828696250916 2.3885898590087891 9.6000003814697266
      vertex -2.5286315755705018e-16 2.4000000953674316 10.399999618530273
      vertex 1.4695762231022014e-16 2.4000000953674316 9.6000003814697266
    endloop
  endfacet
  facet normal -0.23865725067898666 0.97110386504140078 -0
    outer loop
      vertex -0.68567287921905518 2.2999680042266846 9.6000003814697266
      vertex -0.68567287921905518 2.2999680042266846 10.399999618530273
      vertex -0.45852115750312805 2.3557925224304199 10.399999618530273
    endloop
  endfacet
  facet normal -0.23865725067898666 0.97110386504140078 0
    outer loop
      vertex -0.68567287921905518 2.2999680042266846 9.6000003814697266
      vertex -0.45852115750312805 2.3557925224304199 10.399999618530273
      vertex -0.45852115750312805 2.3557925224304199 9.6000003814697266
    endloop
  endfacet
  facet normal -0.33322019477030518 0.94284903446799995 -0
    outer loop
      vertex -0.91178500652313232 2.2200558185577393 9.6000003814697266
      vertex -0.91178500652313232 2.2200558185577393 10.399999618530273
      vertex -0.68567287921905518 2.2999680042266846 10.399999618530273
    endloop
  endfacet
  facet normal -0.33322019477030518 0.94284903446799995 1.3084658835149642e-17
    outer loop
      vertex -0.91178500652313232 2.2200558185577393 9.6000003814697266
      vertex -0.68567287921905518 2.2999680042266846 10.399999618530273
      vertex -0.68567287921905518 2.2999680042266846 9.6000003814697266
    endloop
  endfacet
  facet normal -0.51547194931232554 0.85690645316285907 0
    outer loop
      vertex -1.3390867710113525 1.9916943311691284 9.6000003814697266
      vertex -1.3390867710113525 1.9916943311691284 10.399999618530273
      vertex -1.1320426464080811 2.1162416934967041 10.399999618530273
    endloop
  endfacet
  facet normal -0.51547194931232554 0.85690645316285907 0
    outer loop
      vertex -1.3390867710113525 1.9916943311691284 9.6000003814697266
      vertex -1.1320426464080811 2.1162416934967041 10.399999618530273
      vertex -1.1320426464080811 2.1162416934967041 9.6000003814697266
    endloop
  endfacet
  facet normal -0.59941637666813419 0.80043738504772843 0
    outer loop
      vertex -1.5343925952911377 1.8454374074935913 9.6000003814697266
      vertex -1.5343925952911377 1.8454374074935913 10.399999618530273
      vertex -1.3390867710113525 1.9916943311691284 10.399999618530273
    endloop
  endfacet
  facet normal -0.59941637666813419 0.80043738504772843 0
    outer loop
      vertex -1.5343925952911377 1.8454374074935913 9.6000003814697266
      vertex -1.3390867710113525 1.9916943311691284 10.399999618530273
      vertex -1.3390867710113525 1.9916943311691284 9.6000003814697266
    endloop
  endfacet
  facet normal -0.42634658747303433 0.90455988599434267 -0
    outer loop
      vertex -1.1320426464080811 2.1162416934967041 9.6000003814697266
      vertex -1.1320426464080811 2.1162416934967041 10.399999618530273
      vertex -0.91178500652313232 2.2200558185577393 10.399999618530273
    endloop
  endfacet
  facet normal -0.42634658747303433 0.90455988599434267 0
    outer loop
      vertex -1.1320426464080811 2.1162416934967041 9.6000003814697266
      vertex -0.91178500652313232 2.2200558185577393 10.399999618530273
      vertex -0.91178500652313232 2.2200558185577393 9.6000003814697266
    endloop
  endfacet
  facet normal -0.14438431014489836 0.98952168798060303 -0
    outer loop
      vertex -0.45852115750312805 2.3557925224304199 9.6000003814697266
      vertex -0.45852115750312805 2.3557925224304199 10.399999618530273
      vertex -0.23374828696250916 2.3885898590087891 10.399999618530273
    endloop
  endfacet
  facet normal -0.14438431014489836 0.98952168798060303 0
    outer loop
      vertex -0.45852115750312805 2.3557925224304199 9.6000003814697266
      vertex -0.23374828696250916 2.3885898590087891 10.399999618530273
      vertex -0.23374828696250916 2.3885898590087891 9.6000003814697266
    endloop
  endfacet
  facet normal 0.31791628002909222 0.94811878944173655 -0
    outer loop
      vertex 0.65193307399749756 2.309758186340332 9.6000003814697266
      vertex 0.65193307399749756 2.309758186340332 10.399999618530273
      vertex 0.87227880954742432 2.2358734607696533 10.399999618530273
    endloop
  endfacet
  facet normal 0.31791628002909222 0.94811878944173655 0
    outer loop
      vertex 0.65193307399749756 2.309758186340332 9.6000003814697266
      vertex 0.87227880954742432 2.2358734607696533 10.399999618530273
      vertex 0.87227880954742432 2.2358734607696533 9.6000003814697266
    endloop
  endfacet
  facet normal -0.67776622035306378 0.73527746500781743 -0
    outer loop
      vertex -1.7146397829055786 1.6792886257171631 9.6000003814697266
      vertex -1.7146397829055786 1.6792886257171631 10.399999618530273
      vertex -1.5343925952911377 1.8454374074935913 10.399999618530273
    endloop
  endfacet
  facet normal -0.67776622035306378 0.73527746500781743 0
    outer loop
      vertex -1.7146397829055786 1.6792886257171631 9.6000003814697266
      vertex -1.5343925952911377 1.8454374074935913 10.399999618530273
      vertex -1.5343925952911377 1.8454374074935913 9.6000003814697266
    endloop
  endfacet
  facet normal -0.74921756421764307 0.6623239701745528 0
    outer loop
      vertex -1.8769168853759766 1.4957215785980225 9.6000003814697266
      vertex -1.8769168853759766 1.4957215785980225 10.399999618530273
      vertex -1.7146397829055786 1.6792886257171631 10.399999618530273
    endloop
  endfacet
  facet normal -0.74921756421764307 0.6623239701745528 0
    outer loop
      vertex -1.8769168853759766 1.4957215785980225 9.6000003814697266
      vertex -1.7146397829055786 1.6792886257171631 10.399999618530273
      vertex -1.7146397829055786 1.6792886257171631 9.6000003814697266
    endloop
  endfacet
  facet normal 0.22588565064296459 0.97415382401015327 -0
    outer loop
      vertex 0.43110790848731995 2.3609628677368164 10.399999618530273
      vertex 0.43110790848731995 2.3609628677368164 11.199999809265137
      vertex 0.65193307399749756 2.309758186340332 11.199999809265137
    endloop
  endfacet
  facet normal 0.22588565064296459 0.97415382401015327 0
    outer loop
      vertex 0.43110790848731995 2.3609628677368164 10.399999618530273
      vertex 0.65193307399749756 2.309758186340332 11.199999809265137
      vertex 0.65193307399749756 2.309758186340332 10.399999618530273
    endloop
  endfacet
  facet normal 0.1315751637144712 0.99130619704181722 -0
    outer loop
      vertex 0.19970574975013733 2.391676664352417 10.399999618530273
      vertex 0.19970574975013733 2.391676664352417 11.199999809265137
      vertex 0.43110790848731995 2.3609628677368164 11.199999809265137
    endloop
  endfacet
  facet normal 0.1315751637144712 0.99130619704181722 0
    outer loop
      vertex 0.19970574975013733 2.391676664352417 10.399999618530273
      vertex 0.43110790848731995 2.3609628677368164 11.199999809265137
      vertex 0.43110790848731995 2.3609628677368164 10.399999618530273
    endloop
  endfacet
  facet normal -0.81267054427139684 0.58272342193671234 0
    outer loop
      vertex -2.0188755989074707 1.2977448701858521 9.6000003814697266
      vertex -2.0188755989074707 1.2977448701858521 10.399999618530273
      vertex -1.8769168853759766 1.4957215785980225 10.399999618530273
    endloop
  endfacet
  facet normal -0.81267054427139673 0.58272342193671234 0
    outer loop
      vertex -2.0188755989074707 1.2977448701858521 9.6000003814697266
      vertex -1.8769168853759766 1.4957215785980225 10.399999618530273
      vertex -1.8769168853759766 1.4957215785980225 9.6000003814697266
    endloop
  endfacet
  facet normal 0.31791628002909222 0.94811878944173644 -0
    outer loop
      vertex 0.65193307399749756 2.309758186340332 10.399999618530273
      vertex 0.65193307399749756 2.309758186340332 11.199999809265137
      vertex 0.87227880954742432 2.2358734607696533 11.199999809265137
    endloop
  endfacet
  facet normal 0.31791628002909222 0.94811878944173644 0
    outer loop
      vertex 0.65193307399749756 2.309758186340332 10.399999618530273
      vertex 0.87227880954742432 2.2358734607696533 11.199999809265137
      vertex 0.87227880954742432 2.2358734607696533 10.399999618530273
    endloop
  endfacet
  facet normal -0.86728500265858532 0.49781193654180039 0
    outer loop
      vertex -2.1388418674468994 1.088740348815918 9.6000003814697266
      vertex -2.1388418674468994 1.088740348815918 10.399999618530273
      vertex -2.0188755989074707 1.2977448701858521 10.399999618530273
    endloop
  endfacet
  facet normal -0.86728500265858532 0.49781193654180039 0
    outer loop
      vertex -2.1388418674468994 1.088740348815918 9.6000003814697266
      vertex -2.0188755989074707 1.2977448701858521 10.399999618530273
      vertex -2.0188755989074707 1.2977448701858521 9.6000003814697266
    endloop
  endfacet
  facet normal -0.91251387168034603 0.40904576026521178 0
    outer loop
      vertex -2.2358734607696533 0.87227880954742432 9.6000003814697266
      vertex -2.2358734607696533 0.87227880954742432 10.399999618530273
      vertex -2.1388418674468994 1.088740348815918 10.399999618530273
    endloop
  endfacet
  facet normal -0.91251387168034603 0.40904576026521178 0
    outer loop
      vertex -2.2358734607696533 0.87227880954742432 9.6000003814697266
      vertex -2.1388418674468994 1.088740348815918 10.399999618530273
      vertex -2.1388418674468994 1.088740348815918 9.6000003814697266
    endloop
  endfacet
  facet normal -0.97415382401015327 0.22588565064296456 0
    outer loop
      vertex -2.3609628677368164 0.43110790848731995 9.6000003814697266
      vertex -2.3609628677368164 0.43110790848731995 10.399999618530273
      vertex -2.309758186340332 0.65193307399749756 10.399999618530273
    endloop
  endfacet
  facet normal -0.97415382401015327 0.22588565064296456 0
    outer loop
      vertex -2.3609628677368164 0.43110790848731995 9.6000003814697266
      vertex -2.309758186340332 0.65193307399749756 10.399999618530273
      vertex -2.309758186340332 0.65193307399749756 9.6000003814697266
    endloop
  endfacet
  facet normal -0.99130619704181722 0.1315751637144712 0
    outer loop
      vertex -2.391676664352417 0.19970574975013733 9.6000003814697266
      vertex -2.391676664352417 0.19970574975013733 10.399999618530273
      vertex -2.3609628677368164 0.43110790848731995 10.399999618530273
    endloop
  endfacet
  facet normal -0.99130619704181722 0.1315751637144712 0
    outer loop
      vertex -2.391676664352417 0.19970574975013733 9.6000003814697266
      vertex -2.3609628677368164 0.43110790848731995 10.399999618530273
      vertex -2.3609628677368164 0.43110790848731995 9.6000003814697266
    endloop
  endfacet
  facet normal -0.94811878944173655 0.31791628002909222 0
    outer loop
      vertex -2.309758186340332 0.65193307399749756 9.6000003814697266
      vertex -2.309758186340332 0.65193307399749756 10.399999618530273
      vertex -2.2358734607696533 0.87227880954742432 10.399999618530273
    endloop
  endfacet
  facet normal -0.94811878944173655 0.31791628002909222 0
    outer loop
      vertex -2.309758186340332 0.65193307399749756 9.6000003814697266
      vertex -2.2358734607696533 0.87227880954742432 10.399999618530273
      vertex -2.2358734607696533 0.87227880954742432 9.6000003814697266
    endloop
  endfacet
  facet normal -0.99913258230513868 0.04164232193652459 4.1623701020159913e-17
    outer loop
      vertex -2.4000000953674316 0 9.6000003814697266
      vertex -2.4000000953674316 -7.9964150679498144e-16 10.399999618530273
      vertex -2.391676664352417 0.19970574975013733 10.399999618530273
    endloop
  endfacet
  facet normal -0.99913258230513879 0.041642321936524763 0
    outer loop
      vertex -2.4000000953674316 0 9.6000003814697266
      vertex -2.391676664352417 0.19970574975013733 10.399999618530273
      vertex -2.391676664352417 0.19970574975013733 9.6000003814697266
    endloop
  endfacet
  facet normal 0.40904576026521178 0.91251387168034603 -0
    outer loop
      vertex 0.87227880954742432 2.2358734607696533 10.399999618530273
      vertex 0.87227880954742432 2.2358734607696533 11.199999809265137
      vertex 1.088740348815918 2.1388418674468994 11.199999809265137
    endloop
  endfacet
  facet normal 0.40904576026521178 0.91251387168034603 0
    outer loop
      vertex 0.87227880954742432 2.2358734607696533 10.399999618530273
      vertex 1.088740348815918 2.1388418674468994 11.199999809265137
      vertex 1.088740348815918 2.1388418674468994 10.399999618530273
    endloop
  endfacet
  facet normal 0.99881071176593816 0.048756148962158123 0
    outer loop
      vertex 2.3885898590087891 0.23374828696250916 11.199999809265137
      vertex 2.4000000953674316 0 11.199999809265137
      vertex 2.4000000953674316 0 10.399999618530273
    endloop
  endfacet
  facet normal 0.98952168798060303 0.14438431014489836 0
    outer loop
      vertex 2.3557925224304199 0.45852115750312805 11.199999809265137
      vertex 2.3885898590087891 0.23374828696250916 11.199999809265137
      vertex 2.3557925224304199 0.45852115750312805 10.399999618530273
    endloop
  endfacet
  facet normal -0.048756148962158095 0.99881071176593816 0
    outer loop
      vertex -0.23374828696250916 2.3885898590087891 10.399999618530273
      vertex -0.23374828696250916 2.3885898590087891 11.199999809265137
      vertex 1.4695762231022014e-16 2.4000000953674316 11.199999809265137
    endloop
  endfacet
  facet normal -0.048756148962158186 0.99881071176593816 2.4367146067138269e-17
    outer loop
      vertex -0.23374828696250916 2.3885898590087891 10.399999618530273
      vertex 1.4695762231022014e-16 2.4000000953674316 11.199999809265137
      vertex -2.5286315755705018e-16 2.4000000953674316 10.399999618530273
    endloop
  endfacet
  facet normal -0.14438431014489836 0.98952168798060303 -0
    outer loop
      vertex -0.45852115750312805 2.3557925224304199 10.399999618530273
      vertex -0.45852115750312805 2.3557925224304199 11.199999809265137
      vertex -0.23374828696250916 2.3885898590087891 11.199999809265137
    endloop
  endfacet
  facet normal -0.14438431014489836 0.98952168798060303 0
    outer loop
      vertex -0.45852115750312805 2.3557925224304199 10.399999618530273
      vertex -0.23374828696250916 2.3885898590087891 11.199999809265137
      vertex -0.23374828696250916 2.3885898590087891 10.399999618530273
    endloop
  endfacet
  facet normal -0.23865725067898666 0.97110386504140078 -0
    outer loop
      vertex -0.68567287921905518 2.2999680042266846 10.399999618530273
      vertex -0.68567287921905518 2.2999680042266846 11.199999809265137
      vertex -0.45852115750312805 2.3557925224304199 11.199999809265137
    endloop
  endfacet
  facet normal -0.23865725067898666 0.97110386504140078 0
    outer loop
      vertex -0.68567287921905518 2.2999680042266846 10.399999618530273
      vertex -0.45852115750312805 2.3557925224304199 11.199999809265137
      vertex -0.45852115750312805 2.3557925224304199 10.399999618530273
    endloop
  endfacet
  facet normal 0.041642321936524715 0.99913258230513891 0
    outer loop
      vertex 0.19970574975013733 2.391676664352417 11.199999809265137
      vertex 0.19970574975013733 2.391676664352417 10.399999618530273
      vertex -2.5286315755705018e-16 2.4000000953674316 10.399999618530273
    endloop
  endfacet
  facet normal 0.041642321936524798 0.99913258230513879 -2.0811827078255365e-17
    outer loop
      vertex 0.19970574975013733 2.391676664352417 11.199999809265137
      vertex -2.5286315755705018e-16 2.4000000953674316 10.399999618530273
      vertex 1.4695762231022014e-16 2.4000000953674316 11.199999809265137
    endloop
  endfacet
  facet normal -0.33322019477030518 0.94284903446799995 0
    outer loop
      vertex -0.68567287921905518 2.2999680042266846 11.199999809265137
      vertex -0.68567287921905518 2.2999680042266846 10.399999618530273
      vertex -0.91178500652313232 2.2200558185577393 10.399999618530273
    endloop
  endfacet
  facet normal -0.33322019477030518 0.94284903446799995 0
    outer loop
      vertex -0.68567287921905518 2.2999680042266846 11.199999809265137
      vertex -0.91178500652313232 2.2200558185577393 10.399999618530273
      vertex -0.91178500652313232 2.2200558185577393 11.199999809265137
    endloop
  endfacet
  facet normal -0.42634658747303433 0.90455988599434267 -0
    outer loop
      vertex -1.1320426464080811 2.1162416934967041 10.399999618530273
      vertex -1.1320426464080811 2.1162416934967041 11.199999809265137
      vertex -0.91178500652313232 2.2200558185577393 11.199999809265137
    endloop
  endfacet
  facet normal -0.42634658747303433 0.90455988599434267 0
    outer loop
      vertex -1.1320426464080811 2.1162416934967041 10.399999618530273
      vertex -0.91178500652313232 2.2200558185577393 11.199999809265137
      vertex -0.91178500652313232 2.2200558185577393 10.399999618530273
    endloop
  endfacet
  facet normal -0.51547194931232554 0.85690645316285907 0
    outer loop
      vertex -1.3390867710113525 1.9916943311691284 10.399999618530273
      vertex -1.3390867710113525 1.9916943311691284 11.199999809265137
      vertex -1.1320426464080811 2.1162416934967041 11.199999809265137
    endloop
  endfacet
  facet normal -0.51547194931232554 0.85690645316285907 0
    outer loop
      vertex -1.3390867710113525 1.9916943311691284 10.399999618530273
      vertex -1.1320426464080811 2.1162416934967041 11.199999809265137
      vertex -1.1320426464080811 2.1162416934967041 10.399999618530273
    endloop
  endfacet
  facet normal -0.67776622035306378 0.73527746500781743 -0
    outer loop
      vertex -1.7146397829055786 1.6792886257171631 10.399999618530273
      vertex -1.7146397829055786 1.6792886257171631 11.199999809265137
      vertex -1.5343925952911377 1.8454374074935913 11.199999809265137
    endloop
  endfacet
  facet normal -0.67776622035306378 0.73527746500781743 0
    outer loop
      vertex -1.7146397829055786 1.6792886257171631 10.399999618530273
      vertex -1.5343925952911377 1.8454374074935913 11.199999809265137
      vertex -1.5343925952911377 1.8454374074935913 10.399999618530273
    endloop
  endfacet
  facet normal -0.74921756421764307 0.6623239701745528 0
    outer loop
      vertex -1.8769168853759766 1.4957215785980225 10.399999618530273
      vertex -1.8769168853759766 1.4957215785980225 11.199999809265137
      vertex -1.7146397829055786 1.6792886257171631 11.199999809265137
    endloop
  endfacet
  facet normal -0.74921756421764307 0.6623239701745528 0
    outer loop
      vertex -1.8769168853759766 1.4957215785980225 10.399999618530273
      vertex -1.7146397829055786 1.6792886257171631 11.199999809265137
      vertex -1.7146397829055786 1.6792886257171631 10.399999618530273
    endloop
  endfacet
  facet normal -0.59941637666813419 0.80043738504772854 -0
    outer loop
      vertex -1.5343925952911377 1.8454374074935913 10.399999618530273
      vertex -1.5343925952911377 1.8454374074935913 11.199999809265137
      vertex -1.3390867710113525 1.9916943311691284 11.199999809265137
    endloop
  endfacet
  facet normal -0.59941637666813419 0.80043738504772854 0
    outer loop
      vertex -1.5343925952911377 1.8454374074935913 10.399999618530273
      vertex -1.3390867710113525 1.9916943311691284 11.199999809265137
      vertex -1.3390867710113525 1.9916943311691284 10.399999618530273
    endloop
  endfacet
  facet normal -0.86728500265858544 0.49781193654180045 0
    outer loop
      vertex -2.1388418674468994 1.088740348815918 10.399999618530273
      vertex -2.1388418674468994 1.088740348815918 11.199999809265137
      vertex -2.0188755989074707 1.2977448701858521 11.199999809265137
    endloop
  endfacet
  facet normal -0.86728500265858544 0.49781193654180039 0
    outer loop
      vertex -2.1388418674468994 1.088740348815918 10.399999618530273
      vertex -2.0188755989074707 1.2977448701858521 11.199999809265137
      vertex -2.0188755989074707 1.2977448701858521 10.399999618530273
    endloop
  endfacet
  facet normal -0.91251387168034603 0.40904576026521178 0
    outer loop
      vertex -2.2358734607696533 0.87227880954742432 10.399999618530273
      vertex -2.2358734607696533 0.87227880954742432 11.199999809265137
      vertex -2.1388418674468994 1.088740348815918 11.199999809265137
    endloop
  endfacet
  facet normal -0.91251387168034603 0.40904576026521178 0
    outer loop
      vertex -2.2358734607696533 0.87227880954742432 10.399999618530273
      vertex -2.1388418674468994 1.088740348815918 11.199999809265137
      vertex -2.1388418674468994 1.088740348815918 10.399999618530273
    endloop
  endfacet
  facet normal -0.97415382401015327 0.22588565064296459 0
    outer loop
      vertex -2.3609628677368164 0.43110790848731995 10.399999618530273
      vertex -2.3609628677368164 0.43110790848731995 11.199999809265137
      vertex -2.309758186340332 0.65193307399749756 11.199999809265137
    endloop
  endfacet
  facet normal -0.97415382401015327 0.22588565064296459 0
    outer loop
      vertex -2.3609628677368164 0.43110790848731995 10.399999618530273
      vertex -2.309758186340332 0.65193307399749756 11.199999809265137
      vertex -2.309758186340332 0.65193307399749756 10.399999618530273
    endloop
  endfacet
  facet normal -0.99130619704181722 0.1315751637144712 0
    outer loop
      vertex -2.391676664352417 0.19970574975013733 10.399999618530273
      vertex -2.391676664352417 0.19970574975013733 11.199999809265137
      vertex -2.3609628677368164 0.43110790848731995 11.199999809265137
    endloop
  endfacet
  facet normal -0.99130619704181722 0.1315751637144712 0
    outer loop
      vertex -2.391676664352417 0.19970574975013733 10.399999618530273
      vertex -2.3609628677368164 0.43110790848731995 11.199999809265137
      vertex -2.3609628677368164 0.43110790848731995 10.399999618530273
    endloop
  endfacet
  facet normal -0.94811878944173644 0.31791628002909222 0
    outer loop
      vertex -2.309758186340332 0.65193307399749756 10.399999618530273
      vertex -2.309758186340332 0.65193307399749756 11.199999809265137
      vertex -2.2358734607696533 0.87227880954742432 11.199999809265137
    endloop
  endfacet
  facet normal -0.94811878944173644 0.31791628002909222 0
    outer loop
      vertex -2.309758186340332 0.65193307399749756 10.399999618530273
      vertex -2.2358734607696533 0.87227880954742432 11.199999809265137
      vertex -2.2358734607696533 0.87227880954742432 10.399999618530273
    endloop
  endfacet
  facet normal -0.81267054427139684 0.58272342193671234 0
    outer loop
      vertex -2.0188755989074707 1.2977448701858521 10.399999618530273
      vertex -2.0188755989074707 1.2977448701858521 11.199999809265137
      vertex -1.8769168853759766 1.4957215785980225 11.199999809265137
    endloop
  endfacet
  facet normal -0.81267054427139684 0.58272342193671234 0
    outer loop
      vertex -2.0188755989074707 1.2977448701858521 10.399999618530273
      vertex -1.8769168853759766 1.4957215785980225 11.199999809265137
      vertex -1.8769168853759766 1.4957215785980225 10.399999618530273
    endloop
  endfacet
  facet normal -0.99913258230513891 0.041642321936524763 -4.1623651400853644e-17
    outer loop
      vertex -2.4000000953674316 -7.9964150679498144e-16 10.399999618530273
      vertex -2.4000000953674316 0 11.199999809265137
      vertex -2.391676664352417 0.19970574975013733 11.199999809265137
    endloop
  endfacet
  facet normal -0.99913258230513891 0.041642321936524597 0
    outer loop
      vertex -2.4000000953674316 -7.9964150679498144e-16 10.399999618530273
      vertex -2.391676664352417 0.19970574975013733 11.199999809265137
      vertex -2.391676664352417 0.19970574975013733 10.399999618530273
    endloop
  endfacet
  facet normal -0.99881071176593816 -0.048756148962158123 -4.8734347003720929e-17
    outer loop
      vertex -2.4000000953674316 -7.9964150679498144e-16 10.399999618530273
      vertex -2.4000000953674316 0 9.6000003814697266
      vertex -2.3885898590087891 -0.23374828696250916 9.6000003814697266
    endloop
  endfacet
  facet normal -0.99881071176593816 -0.04875614896215829 0
    outer loop
      vertex -2.4000000953674316 -7.9964150679498144e-16 10.399999618530273
      vertex -2.3885898590087891 -0.23374828696250916 9.6000003814697266
      vertex -2.3885898590087891 -0.23374828696250916 10.399999618530273
    endloop
  endfacet
  facet normal -0.98952168798060303 -0.14438431014489836 0
    outer loop
      vertex -2.3557925224304199 -0.45852115750312805 9.6000003814697266
      vertex -2.3557925224304199 -0.45852115750312805 10.399999618530273
      vertex -2.3885898590087891 -0.23374828696250916 10.399999618530273
    endloop
  endfacet
  facet normal -0.98952168798060303 -0.14438431014489836 -0
    outer loop
      vertex -2.3557925224304199 -0.45852115750312805 9.6000003814697266
      vertex -2.3885898590087891 -0.23374828696250916 10.399999618530273
      vertex -2.3885898590087891 -0.23374828696250916 9.6000003814697266
    endloop
  endfacet
  facet normal -0.97110386504140078 -0.23865725067898666 0
    outer loop
      vertex -2.2999680042266846 -0.68567287921905518 9.6000003814697266
      vertex -2.2999680042266846 -0.68567287921905518 10.399999618530273
      vertex -2.3557925224304199 -0.45852115750312805 10.399999618530273
    endloop
  endfacet
  facet normal -0.97110386504140078 -0.23865725067898666 0
    outer loop
      vertex -2.2999680042266846 -0.68567287921905518 9.6000003814697266
      vertex -2.3557925224304199 -0.45852115750312805 10.399999618530273
      vertex -2.3557925224304199 -0.45852115750312805 9.6000003814697266
    endloop
  endfacet
  facet normal -0.90455988599434267 -0.42634658747303433 0
    outer loop
      vertex -2.1162416934967041 -1.1320426464080811 9.6000003814697266
      vertex -2.1162416934967041 -1.1320426464080811 10.399999618530273
      vertex -2.2200558185577393 -0.91178500652313232 10.399999618530273
    endloop
  endfacet
  facet normal -0.90455988599434267 -0.42634658747303433 0
    outer loop
      vertex -2.1162416934967041 -1.1320426464080811 9.6000003814697266
      vertex -2.2200558185577393 -0.91178500652313232 10.399999618530273
      vertex -2.2200558185577393 -0.91178500652313232 9.6000003814697266
    endloop
  endfacet
  facet normal -0.85690645316285907 -0.51547194931232554 0
    outer loop
      vertex -1.9916943311691284 -1.3390867710113525 9.6000003814697266
      vertex -1.9916943311691284 -1.3390867710113525 10.399999618530273
      vertex -2.1162416934967041 -1.1320426464080811 10.399999618530273
    endloop
  endfacet
  facet normal -0.85690645316285907 -0.51547194931232554 -0
    outer loop
      vertex -1.9916943311691284 -1.3390867710113525 9.6000003814697266
      vertex -2.1162416934967041 -1.1320426464080811 10.399999618530273
      vertex -2.1162416934967041 -1.1320426464080811 9.6000003814697266
    endloop
  endfacet
  facet normal -0.94284903446799995 -0.33322019477030518 0
    outer loop
      vertex -2.2200558185577393 -0.91178500652313232 9.6000003814697266
      vertex -2.2200558185577393 -0.91178500652313232 10.399999618530273
      vertex -2.2999680042266846 -0.68567287921905518 10.399999618530273
    endloop
  endfacet
  facet normal -0.94284903446799995 -0.33322019477030518 1.3084658835149642e-17
    outer loop
      vertex -2.2200558185577393 -0.91178500652313232 9.6000003814697266
      vertex -2.2999680042266846 -0.68567287921905518 10.399999618530273
      vertex -2.2999680042266846 -0.68567287921905518 9.6000003814697266
    endloop
  endfacet
  facet normal -0.73527746500781743 -0.67776622035306378 0
    outer loop
      vertex -1.6792886257171631 -1.7146397829055786 9.6000003814697266
      vertex -1.6792886257171631 -1.7146397829055786 10.399999618530273
      vertex -1.8454374074935913 -1.5343925952911377 10.399999618530273
    endloop
  endfacet
  facet normal -0.73527746500781743 -0.67776622035306378 -0
    outer loop
      vertex -1.6792886257171631 -1.7146397829055786 9.6000003814697266
      vertex -1.8454374074935913 -1.5343925952911377 10.399999618530273
      vertex -1.8454374074935913 -1.5343925952911377 9.6000003814697266
    endloop
  endfacet
  facet normal -0.6623239701745528 -0.74921756421764307 0
    outer loop
      vertex -1.4957215785980225 -1.8769168853759766 9.6000003814697266
      vertex -1.4957215785980225 -1.8769168853759766 10.399999618530273
      vertex -1.6792886257171631 -1.7146397829055786 10.399999618530273
    endloop
  endfacet
  facet normal -0.6623239701745528 -0.74921756421764307 0
    outer loop
      vertex -1.4957215785980225 -1.8769168853759766 9.6000003814697266
      vertex -1.6792886257171631 -1.7146397829055786 10.399999618530273
      vertex -1.6792886257171631 -1.7146397829055786 9.6000003814697266
    endloop
  endfacet
  facet normal -0.49781193654180039 -0.86728500265858532 0
    outer loop
      vertex -1.088740348815918 -2.1388418674468994 9.6000003814697266
      vertex -1.088740348815918 -2.1388418674468994 10.399999618530273
      vertex -1.2977448701858521 -2.0188755989074707 10.399999618530273
    endloop
  endfacet
  facet normal -0.49781193654180039 -0.86728500265858532 -0
    outer loop
      vertex -1.088740348815918 -2.1388418674468994 9.6000003814697266
      vertex -1.2977448701858521 -2.0188755989074707 10.399999618530273
      vertex -1.2977448701858521 -2.0188755989074707 9.6000003814697266
    endloop
  endfacet
  facet normal -0.40904576026521178 -0.91251387168034603 0
    outer loop
      vertex -0.87227880954742432 -2.2358734607696533 9.6000003814697266
      vertex -0.87227880954742432 -2.2358734607696533 10.399999618530273
      vertex -1.088740348815918 -2.1388418674468994 10.399999618530273
    endloop
  endfacet
  facet normal -0.40904576026521178 -0.91251387168034603 0
    outer loop
      vertex -0.87227880954742432 -2.2358734607696533 9.6000003814697266
      vertex -1.088740348815918 -2.1388418674468994 10.399999618530273
      vertex -1.088740348815918 -2.1388418674468994 9.6000003814697266
    endloop
  endfacet
  facet normal -0.58272342193671234 -0.81267054427139684 0
    outer loop
      vertex -1.2977448701858521 -2.0188755989074707 9.6000003814697266
      vertex -1.2977448701858521 -2.0188755989074707 10.399999618530273
      vertex -1.4957215785980225 -1.8769168853759766 10.399999618530273
    endloop
  endfacet
  facet normal -0.58272342193671234 -0.81267054427139673 -0
    outer loop
      vertex -1.2977448701858521 -2.0188755989074707 9.6000003814697266
      vertex -1.4957215785980225 -1.8769168853759766 10.399999618530273
      vertex -1.4957215785980225 -1.8769168853759766 9.6000003814697266
    endloop
  endfacet
  facet normal -0.80043738504772843 -0.59941637666813419 0
    outer loop
      vertex -1.8454374074935913 -1.5343925952911377 9.6000003814697266
      vertex -1.8454374074935913 -1.5343925952911377 10.399999618530273
      vertex -1.9916943311691284 -1.3390867710113525 10.399999618530273
    endloop
  endfacet
  facet normal -0.80043738504772843 -0.59941637666813419 -0
    outer loop
      vertex -1.8454374074935913 -1.5343925952911377 9.6000003814697266
      vertex -1.9916943311691284 -1.3390867710113525 10.399999618530273
      vertex -1.9916943311691284 -1.3390867710113525 9.6000003814697266
    endloop
  endfacet
  facet normal -0.98952168798060303 -0.14438431014489836 0
    outer loop
      vertex -2.3557925224304199 -0.45852115750312805 10.399999618530273
      vertex -2.3557925224304199 -0.45852115750312805 11.199999809265137
      vertex -2.3885898590087891 -0.23374828696250916 11.199999809265137
    endloop
  endfacet
  facet normal -0.98952168798060303 -0.14438431014489836 0
    outer loop
      vertex -2.3557925224304199 -0.45852115750312805 10.399999618530273
      vertex -2.3885898590087891 -0.23374828696250916 11.199999809265137
      vertex -2.3885898590087891 -0.23374828696250916 10.399999618530273
    endloop
  endfacet
  facet normal -0.97110386504140078 -0.23865725067898666 0
    outer loop
      vertex -2.2999680042266846 -0.68567287921905518 10.399999618530273
      vertex -2.2999680042266846 -0.68567287921905518 11.199999809265137
      vertex -2.3557925224304199 -0.45852115750312805 11.199999809265137
    endloop
  endfacet
  facet normal -0.97110386504140078 -0.23865725067898666 0
    outer loop
      vertex -2.2999680042266846 -0.68567287921905518 10.399999618530273
      vertex -2.3557925224304199 -0.45852115750312805 11.199999809265137
      vertex -2.3557925224304199 -0.45852115750312805 10.399999618530273
    endloop
  endfacet
  facet normal -0.90455988599434267 -0.42634658747303433 0
    outer loop
      vertex -2.1162416934967041 -1.1320426464080811 10.399999618530273
      vertex -2.1162416934967041 -1.1320426464080811 11.199999809265137
      vertex -2.2200558185577393 -0.91178500652313232 11.199999809265137
    endloop
  endfacet
  facet normal -0.90455988599434267 -0.42634658747303433 0
    outer loop
      vertex -2.1162416934967041 -1.1320426464080811 10.399999618530273
      vertex -2.2200558185577393 -0.91178500652313232 11.199999809265137
      vertex -2.2200558185577393 -0.91178500652313232 10.399999618530273
    endloop
  endfacet
  facet normal -0.85690645316285907 -0.51547194931232554 0
    outer loop
      vertex -1.9916943311691284 -1.3390867710113525 10.399999618530273
      vertex -1.9916943311691284 -1.3390867710113525 11.199999809265137
      vertex -2.1162416934967041 -1.1320426464080811 11.199999809265137
    endloop
  endfacet
  facet normal -0.85690645316285907 -0.51547194931232554 -0
    outer loop
      vertex -1.9916943311691284 -1.3390867710113525 10.399999618530273
      vertex -2.1162416934967041 -1.1320426464080811 11.199999809265137
      vertex -2.1162416934967041 -1.1320426464080811 10.399999618530273
    endloop
  endfacet
  facet normal -0.94284903446799995 -0.33322019477030518 0
    outer loop
      vertex -2.2200558185577393 -0.91178500652313232 10.399999618530273
      vertex -2.2200558185577393 -0.91178500652313232 11.199999809265137
      vertex -2.2999680042266846 -0.68567287921905518 11.199999809265137
    endloop
  endfacet
  facet normal -0.94284903446799995 -0.33322019477030518 0
    outer loop
      vertex -2.2200558185577393 -0.91178500652313232 10.399999618530273
      vertex -2.2999680042266846 -0.68567287921905518 11.199999809265137
      vertex -2.2999680042266846 -0.68567287921905518 10.399999618530273
    endloop
  endfacet
  facet normal -0.73527746500781743 -0.67776622035306378 0
    outer loop
      vertex -1.6792886257171631 -1.7146397829055786 10.399999618530273
      vertex -1.6792886257171631 -1.7146397829055786 11.199999809265137
      vertex -1.8454374074935913 -1.5343925952911377 11.199999809265137
    endloop
  endfacet
  facet normal -0.73527746500781743 -0.67776622035306378 0
    outer loop
      vertex -1.6792886257171631 -1.7146397829055786 10.399999618530273
      vertex -1.8454374074935913 -1.5343925952911377 11.199999809265137
      vertex -1.8454374074935913 -1.5343925952911377 10.399999618530273
    endloop
  endfacet
  facet normal -0.6623239701745528 -0.74921756421764307 0
    outer loop
      vertex -1.4957215785980225 -1.8769168853759766 10.399999618530273
      vertex -1.4957215785980225 -1.8769168853759766 11.199999809265137
      vertex -1.6792886257171631 -1.7146397829055786 11.199999809265137
    endloop
  endfacet
  facet normal -0.6623239701745528 -0.74921756421764307 0
    outer loop
      vertex -1.4957215785980225 -1.8769168853759766 10.399999618530273
      vertex -1.6792886257171631 -1.7146397829055786 11.199999809265137
      vertex -1.6792886257171631 -1.7146397829055786 10.399999618530273
    endloop
  endfacet
  facet normal -0.49781193654180045 -0.86728500265858544 0
    outer loop
      vertex -1.088740348815918 -2.1388418674468994 10.399999618530273
      vertex -1.088740348815918 -2.1388418674468994 11.199999809265137
      vertex -1.2977448701858521 -2.0188755989074707 11.199999809265137
    endloop
  endfacet
  facet normal -0.49781193654180039 -0.86728500265858544 0
    outer loop
      vertex -1.088740348815918 -2.1388418674468994 10.399999618530273
      vertex -1.2977448701858521 -2.0188755989074707 11.199999809265137
      vertex -1.2977448701858521 -2.0188755989074707 10.399999618530273
    endloop
  endfacet
  facet normal -0.40904576026521178 -0.91251387168034603 0
    outer loop
      vertex -0.87227880954742432 -2.2358734607696533 10.399999618530273
      vertex -0.87227880954742432 -2.2358734607696533 11.199999809265137
      vertex -1.088740348815918 -2.1388418674468994 11.199999809265137
    endloop
  endfacet
  facet normal -0.40904576026521178 -0.91251387168034603 0
    outer loop
      vertex -0.87227880954742432 -2.2358734607696533 10.399999618530273
      vertex -1.088740348815918 -2.1388418674468994 11.199999809265137
      vertex -1.088740348815918 -2.1388418674468994 10.399999618530273
    endloop
  endfacet
  facet normal -0.58272342193671234 -0.81267054427139684 0
    outer loop
      vertex -1.2977448701858521 -2.0188755989074707 10.399999618530273
      vertex -1.2977448701858521 -2.0188755989074707 11.199999809265137
      vertex -1.4957215785980225 -1.8769168853759766 11.199999809265137
    endloop
  endfacet
  facet normal -0.58272342193671234 -0.81267054427139684 0
    outer loop
      vertex -1.2977448701858521 -2.0188755989074707 10.399999618530273
      vertex -1.4957215785980225 -1.8769168853759766 11.199999809265137
      vertex -1.4957215785980225 -1.8769168853759766 10.399999618530273
    endloop
  endfacet
  facet normal -0.80043738504772854 -0.59941637666813419 0
    outer loop
      vertex -1.8454374074935913 -1.5343925952911377 10.399999618530273
      vertex -1.8454374074935913 -1.5343925952911377 11.199999809265137
      vertex -1.9916943311691284 -1.3390867710113525 11.199999809265137
    endloop
  endfacet
  facet normal -0.80043738504772854 -0.59941637666813419 0
    outer loop
      vertex -1.8454374074935913 -1.5343925952911377 10.399999618530273
      vertex -1.9916943311691284 -1.3390867710113525 11.199999809265137
      vertex -1.9916943311691284 -1.3390867710113525 10.399999618530273
    endloop
  endfacet
  facet normal -0.31791628002909222 -0.94811878944173655 -0
    outer loop
      vertex -0.87227880954742432 -2.2358734607696533 10.399999618530273
      vertex -0.87227880954742432 -2.2358734607696533 9.6000003814697266
      vertex -0.65193307399749756 -2.309758186340332 9.6000003814697266
    endloop
  endfacet
  facet normal -0.31791628002909222 -0.94811878944173655 0
    outer loop
      vertex -0.87227880954742432 -2.2358734607696533 10.399999618530273
      vertex -0.65193307399749756 -2.309758186340332 9.6000003814697266
      vertex -0.65193307399749756 -2.309758186340332 10.399999618530273
    endloop
  endfacet
  facet normal -0.99881071176593816 -0.04875614896215829 4.8734288907866114e-17
    outer loop
      vertex -2.4000000953674316 0 11.199999809265137
      vertex -2.4000000953674316 -7.9964150679498144e-16 10.399999618530273
      vertex -2.3885898590087891 -0.23374828696250916 10.399999618530273
    endloop
  endfacet
  facet normal -0.99881071176593816 -0.048756148962158123 0
    outer loop
      vertex -2.4000000953674316 0 11.199999809265137
      vertex -2.3885898590087891 -0.23374828696250916 10.399999618530273
      vertex -2.3885898590087891 -0.23374828696250916 11.199999809265137
    endloop
  endfacet
  facet normal -0.22588565064296456 -0.97415382401015327 0
    outer loop
      vertex -0.43110790848731995 -2.3609628677368164 9.6000003814697266
      vertex -0.43110790848731995 -2.3609628677368164 10.399999618530273
      vertex -0.65193307399749756 -2.309758186340332 10.399999618530273
    endloop
  endfacet
  facet normal -0.22588565064296456 -0.97415382401015327 0
    outer loop
      vertex -0.43110790848731995 -2.3609628677368164 9.6000003814697266
      vertex -0.65193307399749756 -2.309758186340332 10.399999618530273
      vertex -0.65193307399749756 -2.309758186340332 9.6000003814697266
    endloop
  endfacet
  facet normal -0.1315751637144712 -0.99130619704181722 0
    outer loop
      vertex -0.19970574975013733 -2.391676664352417 9.6000003814697266
      vertex -0.19970574975013733 -2.391676664352417 10.399999618530273
      vertex -0.43110790848731995 -2.3609628677368164 10.399999618530273
    endloop
  endfacet
  facet normal -0.1315751637144712 -0.99130619704181722 0
    outer loop
      vertex -0.19970574975013733 -2.391676664352417 9.6000003814697266
      vertex -0.43110790848731995 -2.3609628677368164 10.399999618530273
      vertex -0.43110790848731995 -2.3609628677368164 9.6000003814697266
    endloop
  endfacet
  facet normal 0.048756148962158033 -0.99881071176593816 -9.7468695620648862e-17
    outer loop
      vertex 1.1584101995988617e-15 -2.4000000953674316 10.399999618530273
      vertex -4.4087284046088083e-16 -2.4000000953674316 9.6000003814697266
      vertex 0.23374828696250916 -2.3885898590087891 9.6000003814697266
    endloop
  endfacet
  facet normal 0.048756148962158366 -0.99881071176593816 0
    outer loop
      vertex 1.1584101995988617e-15 -2.4000000953674316 10.399999618530273
      vertex 0.23374828696250916 -2.3885898590087891 9.6000003814697266
      vertex 0.23374828696250916 -2.3885898590087891 10.399999618530273
    endloop
  endfacet
  facet normal -0.041642321936524521 -0.99913258230513879 8.3247403418149842e-17
    outer loop
      vertex -4.4087284046088083e-16 -2.4000000953674316 9.6000003814697266
      vertex 1.1584101995988617e-15 -2.4000000953674316 10.399999618530273
      vertex -0.19970574975013733 -2.391676664352417 10.399999618530273
    endloop
  endfacet
  facet normal -0.041642321936524854 -0.99913258230513868 -0
    outer loop
      vertex -4.4087284046088083e-16 -2.4000000953674316 9.6000003814697266
      vertex -0.19970574975013733 -2.391676664352417 10.399999618530273
      vertex -0.19970574975013733 -2.391676664352417 9.6000003814697266
    endloop
  endfacet
  facet normal 0.23865725067898666 -0.97110386504140078 0
    outer loop
      vertex 0.68567287921905518 -2.2999680042266846 9.6000003814697266
      vertex 0.68567287921905518 -2.2999680042266846 10.399999618530273
      vertex 0.45852115750312805 -2.3557925224304199 10.399999618530273
    endloop
  endfacet
  facet normal 0.23865725067898666 -0.97110386504140078 0
    outer loop
      vertex 0.68567287921905518 -2.2999680042266846 9.6000003814697266
      vertex 0.45852115750312805 -2.3557925224304199 10.399999618530273
      vertex 0.45852115750312805 -2.3557925224304199 9.6000003814697266
    endloop
  endfacet
  facet normal 0.33322019477030518 -0.94284903446799995 0
    outer loop
      vertex 0.91178500652313232 -2.2200558185577393 9.6000003814697266
      vertex 0.91178500652313232 -2.2200558185577393 10.399999618530273
      vertex 0.68567287921905518 -2.2999680042266846 10.399999618530273
    endloop
  endfacet
  facet normal 0.33322019477030518 -0.94284903446799995 1.3084658835149642e-17
    outer loop
      vertex 0.91178500652313232 -2.2200558185577393 9.6000003814697266
      vertex 0.68567287921905518 -2.2999680042266846 10.399999618530273
      vertex 0.68567287921905518 -2.2999680042266846 9.6000003814697266
    endloop
  endfacet
  facet normal 0.51547194931232554 -0.85690645316285907 0
    outer loop
      vertex 1.3390867710113525 -1.9916943311691284 9.6000003814697266
      vertex 1.3390867710113525 -1.9916943311691284 10.399999618530273
      vertex 1.1320426464080811 -2.1162416934967041 10.399999618530273
    endloop
  endfacet
  facet normal 0.51547194931232554 -0.85690645316285907 0
    outer loop
      vertex 1.3390867710113525 -1.9916943311691284 9.6000003814697266
      vertex 1.1320426464080811 -2.1162416934967041 10.399999618530273
      vertex 1.1320426464080811 -2.1162416934967041 9.6000003814697266
    endloop
  endfacet
  facet normal 0.59941637666813419 -0.80043738504772843 0
    outer loop
      vertex 1.5343925952911377 -1.8454374074935913 9.6000003814697266
      vertex 1.5343925952911377 -1.8454374074935913 10.399999618530273
      vertex 1.3390867710113525 -1.9916943311691284 10.399999618530273
    endloop
  endfacet
  facet normal 0.59941637666813419 -0.80043738504772843 0
    outer loop
      vertex 1.5343925952911377 -1.8454374074935913 9.6000003814697266
      vertex 1.3390867710113525 -1.9916943311691284 10.399999618530273
      vertex 1.3390867710113525 -1.9916943311691284 9.6000003814697266
    endloop
  endfacet
  facet normal 0.42634658747303433 -0.90455988599434267 0
    outer loop
      vertex 1.1320426464080811 -2.1162416934967041 9.6000003814697266
      vertex 1.1320426464080811 -2.1162416934967041 10.399999618530273
      vertex 0.91178500652313232 -2.2200558185577393 10.399999618530273
    endloop
  endfacet
  facet normal 0.42634658747303433 -0.90455988599434267 0
    outer loop
      vertex 1.1320426464080811 -2.1162416934967041 9.6000003814697266
      vertex 0.91178500652313232 -2.2200558185577393 10.399999618530273
      vertex 0.91178500652313232 -2.2200558185577393 9.6000003814697266
    endloop
  endfacet
  facet normal 0.14438431014489836 -0.98952168798060303 0
    outer loop
      vertex 0.45852115750312805 -2.3557925224304199 9.6000003814697266
      vertex 0.45852115750312805 -2.3557925224304199 10.399999618530273
      vertex 0.23374828696250916 -2.3885898590087891 10.399999618530273
    endloop
  endfacet
  facet normal 0.14438431014489836 -0.98952168798060303 0
    outer loop
      vertex 0.45852115750312805 -2.3557925224304199 9.6000003814697266
      vertex 0.23374828696250916 -2.3885898590087891 10.399999618530273
      vertex 0.23374828696250916 -2.3885898590087891 9.6000003814697266
    endloop
  endfacet
  facet normal 0.67776622035306378 -0.73527746500781743 0
    outer loop
      vertex 1.7146397829055786 -1.6792886257171631 9.6000003814697266
      vertex 1.7146397829055786 -1.6792886257171631 10.399999618530273
      vertex 1.5343925952911377 -1.8454374074935913 10.399999618530273
    endloop
  endfacet
  facet normal 0.67776622035306378 -0.73527746500781743 0
    outer loop
      vertex 1.7146397829055786 -1.6792886257171631 9.6000003814697266
      vertex 1.5343925952911377 -1.8454374074935913 10.399999618530273
      vertex 1.5343925952911377 -1.8454374074935913 9.6000003814697266
    endloop
  endfacet
  facet normal 0.74921756421764307 -0.6623239701745528 -0
    outer loop
      vertex 1.8769168853759766 -1.4957215785980225 9.6000003814697266
      vertex 1.8769168853759766 -1.4957215785980225 10.399999618530273
      vertex 1.7146397829055786 -1.6792886257171631 10.399999618530273
    endloop
  endfacet
  facet normal 0.74921756421764307 -0.6623239701745528 0
    outer loop
      vertex 1.8769168853759766 -1.4957215785980225 9.6000003814697266
      vertex 1.7146397829055786 -1.6792886257171631 10.399999618530273
      vertex 1.7146397829055786 -1.6792886257171631 9.6000003814697266
    endloop
  endfacet
  facet normal -0.1315751637144712 -0.99130619704181722 0
    outer loop
      vertex -0.19970574975013733 -2.391676664352417 10.399999618530273
      vertex -0.19970574975013733 -2.391676664352417 11.199999809265137
      vertex -0.43110790848731995 -2.3609628677368164 11.199999809265137
    endloop
  endfacet
  facet normal -0.1315751637144712 -0.99130619704181722 -0
    outer loop
      vertex -0.19970574975013733 -2.391676664352417 10.399999618530273
      vertex -0.43110790848731995 -2.3609628677368164 11.199999809265137
      vertex -0.43110790848731995 -2.3609628677368164 10.399999618530273
    endloop
  endfacet
  facet normal -0.041642321936524854 -0.99913258230513879 -8.3247304179535985e-17
    outer loop
      vertex 1.1584101995988617e-15 -2.4000000953674316 10.399999618530273
      vertex -4.4087284046088083e-16 -2.4000000953674316 11.199999809265137
      vertex -0.19970574975013733 -2.391676664352417 11.199999809265137
    endloop
  endfacet
  facet normal -0.041642321936524521 -0.99913258230513879 0
    outer loop
      vertex 1.1584101995988617e-15 -2.4000000953674316 10.399999618530273
      vertex -0.19970574975013733 -2.391676664352417 11.199999809265137
      vertex -0.19970574975013733 -2.391676664352417 10.399999618530273
    endloop
  endfacet
  facet normal 0.81267054427139684 -0.58272342193671234 -0
    outer loop
      vertex 2.0188755989074707 -1.2977448701858521 9.6000003814697266
      vertex 2.0188755989074707 -1.2977448701858521 10.399999618530273
      vertex 1.8769168853759766 -1.4957215785980225 10.399999618530273
    endloop
  endfacet
  facet normal 0.81267054427139673 -0.58272342193671234 0
    outer loop
      vertex 2.0188755989074707 -1.2977448701858521 9.6000003814697266
      vertex 1.8769168853759766 -1.4957215785980225 10.399999618530273
      vertex 1.8769168853759766 -1.4957215785980225 9.6000003814697266
    endloop
  endfacet
  facet normal -0.22588565064296459 -0.97415382401015327 0
    outer loop
      vertex -0.43110790848731995 -2.3609628677368164 10.399999618530273
      vertex -0.43110790848731995 -2.3609628677368164 11.199999809265137
      vertex -0.65193307399749756 -2.309758186340332 11.199999809265137
    endloop
  endfacet
  facet normal -0.22588565064296459 -0.97415382401015327 -0
    outer loop
      vertex -0.43110790848731995 -2.3609628677368164 10.399999618530273
      vertex -0.65193307399749756 -2.309758186340332 11.199999809265137
      vertex -0.65193307399749756 -2.309758186340332 10.399999618530273
    endloop
  endfacet
  facet normal 0.86728500265858532 -0.49781193654180039 0
    outer loop
      vertex 2.1388418674468994 -1.088740348815918 9.6000003814697266
      vertex 2.1388418674468994 -1.088740348815918 10.399999618530273
      vertex 2.0188755989074707 -1.2977448701858521 10.399999618530273
    endloop
  endfacet
  facet normal 0.86728500265858532 -0.49781193654180039 0
    outer loop
      vertex 2.1388418674468994 -1.088740348815918 9.6000003814697266
      vertex 2.0188755989074707 -1.2977448701858521 10.399999618530273
      vertex 2.0188755989074707 -1.2977448701858521 9.6000003814697266
    endloop
  endfacet
  facet normal 0.91251387168034603 -0.40904576026521178 -0
    outer loop
      vertex 2.2358734607696533 -0.87227880954742432 9.6000003814697266
      vertex 2.2358734607696533 -0.87227880954742432 10.399999618530273
      vertex 2.1388418674468994 -1.088740348815918 10.399999618530273
    endloop
  endfacet
  facet normal 0.91251387168034603 -0.40904576026521178 0
    outer loop
      vertex 2.2358734607696533 -0.87227880954742432 9.6000003814697266
      vertex 2.1388418674468994 -1.088740348815918 10.399999618530273
      vertex 2.1388418674468994 -1.088740348815918 9.6000003814697266
    endloop
  endfacet
  facet normal 0.97415382401015327 -0.22588565064296456 -0
    outer loop
      vertex 2.3609628677368164 -0.43110790848731995 9.6000003814697266
      vertex 2.3609628677368164 -0.43110790848731995 10.399999618530273
      vertex 2.309758186340332 -0.65193307399749756 10.399999618530273
    endloop
  endfacet
  facet normal 0.97415382401015327 -0.22588565064296456 0
    outer loop
      vertex 2.3609628677368164 -0.43110790848731995 9.6000003814697266
      vertex 2.309758186340332 -0.65193307399749756 10.399999618530273
      vertex 2.309758186340332 -0.65193307399749756 9.6000003814697266
    endloop
  endfacet
  facet normal 0.99130619704181722 -0.1315751637144712 -0
    outer loop
      vertex 2.391676664352417 -0.19970574975013733 9.6000003814697266
      vertex 2.391676664352417 -0.19970574975013733 10.399999618530273
      vertex 2.3609628677368164 -0.43110790848731995 10.399999618530273
    endloop
  endfacet
  facet normal 0.99130619704181722 -0.1315751637144712 0
    outer loop
      vertex 2.391676664352417 -0.19970574975013733 9.6000003814697266
      vertex 2.3609628677368164 -0.43110790848731995 10.399999618530273
      vertex 2.3609628677368164 -0.43110790848731995 9.6000003814697266
    endloop
  endfacet
  facet normal 0.94811878944173655 -0.31791628002909222 0
    outer loop
      vertex 2.309758186340332 -0.65193307399749756 9.6000003814697266
      vertex 2.309758186340332 -0.65193307399749756 10.399999618530273
      vertex 2.2358734607696533 -0.87227880954742432 10.399999618530273
    endloop
  endfacet
  facet normal 0.94811878944173655 -0.31791628002909222 0
    outer loop
      vertex 2.309758186340332 -0.65193307399749756 9.6000003814697266
      vertex 2.2358734607696533 -0.87227880954742432 10.399999618530273
      vertex 2.2358734607696533 -0.87227880954742432 9.6000003814697266
    endloop
  endfacet
  facet normal 0.99913258230513879 -0.041642321936524763 -0
    outer loop
      vertex 2.4000000953674316 0 9.6000003814697266
      vertex 2.4000000953674316 0 10.399999618530273
      vertex 2.391676664352417 -0.19970574975013733 10.399999618530273
    endloop
  endfacet
  facet normal 0.99913258230513879 -0.041642321936524763 0
    outer loop
      vertex 2.4000000953674316 0 9.6000003814697266
      vertex 2.391676664352417 -0.19970574975013733 10.399999618530273
      vertex 2.391676664352417 -0.19970574975013733 9.6000003814697266
    endloop
  endfacet
  facet normal -0.31791628002909222 -0.94811878944173644 0
    outer loop
      vertex -0.65193307399749756 -2.309758186340332 10.399999618530273
      vertex -0.65193307399749756 -2.309758186340332 11.199999809265137
      vertex -0.87227880954742432 -2.2358734607696533 11.199999809265137
    endloop
  endfacet
  facet normal -0.31791628002909222 -0.94811878944173644 -0
    outer loop
      vertex -0.65193307399749756 -2.309758186340332 10.399999618530273
      vertex -0.87227880954742432 -2.2358734607696533 11.199999809265137
      vertex -0.87227880954742432 -2.2358734607696533 10.399999618530273
    endloop
  endfacet
  facet normal 0.14438431014489836 -0.98952168798060303 0
    outer loop
      vertex 0.45852115750312805 -2.3557925224304199 10.399999618530273
      vertex 0.45852115750312805 -2.3557925224304199 11.199999809265137
      vertex 0.23374828696250916 -2.3885898590087891 11.199999809265137
    endloop
  endfacet
  facet normal 0.14438431014489836 -0.98952168798060303 0
    outer loop
      vertex 0.45852115750312805 -2.3557925224304199 10.399999618530273
      vertex 0.23374828696250916 -2.3885898590087891 11.199999809265137
      vertex 0.23374828696250916 -2.3885898590087891 10.399999618530273
    endloop
  endfacet
  facet normal 0.23865725067898666 -0.97110386504140078 0
    outer loop
      vertex 0.68567287921905518 -2.2999680042266846 10.399999618530273
      vertex 0.68567287921905518 -2.2999680042266846 11.199999809265137
      vertex 0.45852115750312805 -2.3557925224304199 11.199999809265137
    endloop
  endfacet
  facet normal 0.23865725067898666 -0.97110386504140078 0
    outer loop
      vertex 0.68567287921905518 -2.2999680042266846 10.399999618530273
      vertex 0.45852115750312805 -2.3557925224304199 11.199999809265137
      vertex 0.45852115750312805 -2.3557925224304199 10.399999618530273
    endloop
  endfacet
  facet normal 0.33322019477030518 -0.94284903446799995 -0
    outer loop
      vertex 0.68567287921905518 -2.2999680042266846 11.199999809265137
      vertex 0.68567287921905518 -2.2999680042266846 10.399999618530273
      vertex 0.91178500652313232 -2.2200558185577393 10.399999618530273
    endloop
  endfacet
  facet normal 0.33322019477030518 -0.94284903446799995 0
    outer loop
      vertex 0.68567287921905518 -2.2999680042266846 11.199999809265137
      vertex 0.91178500652313232 -2.2200558185577393 10.399999618530273
      vertex 0.91178500652313232 -2.2200558185577393 11.199999809265137
    endloop
  endfacet
  facet normal 0.048756148962158366 -0.99881071176593816 9.7468579428937643e-17
    outer loop
      vertex -4.4087284046088083e-16 -2.4000000953674316 11.199999809265137
      vertex 1.1584101995988617e-15 -2.4000000953674316 10.399999618530273
      vertex 0.23374828696250916 -2.3885898590087891 10.399999618530273
    endloop
  endfacet
  facet normal 0.048756148962158033 -0.99881071176593816 0
    outer loop
      vertex -4.4087284046088083e-16 -2.4000000953674316 11.199999809265137
      vertex 0.23374828696250916 -2.3885898590087891 10.399999618530273
      vertex 0.23374828696250916 -2.3885898590087891 11.199999809265137
    endloop
  endfacet
  facet normal 0.51547194931232554 -0.85690645316285907 0
    outer loop
      vertex 1.3390867710113525 -1.9916943311691284 10.399999618530273
      vertex 1.3390867710113525 -1.9916943311691284 11.199999809265137
      vertex 1.1320426464080811 -2.1162416934967041 11.199999809265137
    endloop
  endfacet
  facet normal 0.51547194931232554 -0.85690645316285907 0
    outer loop
      vertex 1.3390867710113525 -1.9916943311691284 10.399999618530273
      vertex 1.1320426464080811 -2.1162416934967041 11.199999809265137
      vertex 1.1320426464080811 -2.1162416934967041 10.399999618530273
    endloop
  endfacet
  facet normal 0.59941637666813419 -0.80043738504772854 0
    outer loop
      vertex 1.5343925952911377 -1.8454374074935913 10.399999618530273
      vertex 1.5343925952911377 -1.8454374074935913 11.199999809265137
      vertex 1.3390867710113525 -1.9916943311691284 11.199999809265137
    endloop
  endfacet
  facet normal 0.59941637666813419 -0.80043738504772854 0
    outer loop
      vertex 1.5343925952911377 -1.8454374074935913 10.399999618530273
      vertex 1.3390867710113525 -1.9916943311691284 11.199999809265137
      vertex 1.3390867710113525 -1.9916943311691284 10.399999618530273
    endloop
  endfacet
  facet normal 0.74921756421764307 -0.6623239701745528 -0
    outer loop
      vertex 1.8769168853759766 -1.4957215785980225 10.399999618530273
      vertex 1.8769168853759766 -1.4957215785980225 11.199999809265137
      vertex 1.7146397829055786 -1.6792886257171631 11.199999809265137
    endloop
  endfacet
  facet normal 0.74921756421764307 -0.6623239701745528 0
    outer loop
      vertex 1.8769168853759766 -1.4957215785980225 10.399999618530273
      vertex 1.7146397829055786 -1.6792886257171631 11.199999809265137
      vertex 1.7146397829055786 -1.6792886257171631 10.399999618530273
    endloop
  endfacet
  facet normal 0.81267054427139684 -0.58272342193671234 -0
    outer loop
      vertex 2.0188755989074707 -1.2977448701858521 10.399999618530273
      vertex 2.0188755989074707 -1.2977448701858521 11.199999809265137
      vertex 1.8769168853759766 -1.4957215785980225 11.199999809265137
    endloop
  endfacet
  facet normal 0.81267054427139684 -0.58272342193671234 0
    outer loop
      vertex 2.0188755989074707 -1.2977448701858521 10.399999618530273
      vertex 1.8769168853759766 -1.4957215785980225 11.199999809265137
      vertex 1.8769168853759766 -1.4957215785980225 10.399999618530273
    endloop
  endfacet
  facet normal 0.67776622035306378 -0.73527746500781743 0
    outer loop
      vertex 1.7146397829055786 -1.6792886257171631 10.399999618530273
      vertex 1.7146397829055786 -1.6792886257171631 11.199999809265137
      vertex 1.5343925952911377 -1.8454374074935913 11.199999809265137
    endloop
  endfacet
  facet normal 0.67776622035306378 -0.73527746500781743 0
    outer loop
      vertex 1.7146397829055786 -1.6792886257171631 10.399999618530273
      vertex 1.5343925952911377 -1.8454374074935913 11.199999809265137
      vertex 1.5343925952911377 -1.8454374074935913 10.399999618530273
    endloop
  endfacet
  facet normal 0.91251387168034603 -0.40904576026521178 -0
    outer loop
      vertex 2.2358734607696533 -0.87227880954742432 10.399999618530273
      vertex 2.2358734607696533 -0.87227880954742432 11.199999809265137
      vertex 2.1388418674468994 -1.088740348815918 11.199999809265137
    endloop
  endfacet
  facet normal 0.91251387168034603 -0.40904576026521178 0
    outer loop
      vertex 2.2358734607696533 -0.87227880954742432 10.399999618530273
      vertex 2.1388418674468994 -1.088740348815918 11.199999809265137
      vertex 2.1388418674468994 -1.088740348815918 10.399999618530273
    endloop
  endfacet
  facet normal 0.94811878944173644 -0.31791628002909222 0
    outer loop
      vertex 2.309758186340332 -0.65193307399749756 10.399999618530273
      vertex 2.309758186340332 -0.65193307399749756 11.199999809265137
      vertex 2.2358734607696533 -0.87227880954742432 11.199999809265137
    endloop
  endfacet
  facet normal 0.94811878944173644 -0.31791628002909222 0
    outer loop
      vertex 2.309758186340332 -0.65193307399749756 10.399999618530273
      vertex 2.2358734607696533 -0.87227880954742432 11.199999809265137
      vertex 2.2358734607696533 -0.87227880954742432 10.399999618530273
    endloop
  endfacet
  facet normal 0.99130619704181722 -0.1315751637144712 -0
    outer loop
      vertex 2.391676664352417 -0.19970574975013733 10.399999618530273
      vertex 2.391676664352417 -0.19970574975013733 11.199999809265137
      vertex 2.3609628677368164 -0.43110790848731995 11.199999809265137
    endloop
  endfacet
  facet normal 0.99130619704181722 -0.1315751637144712 0
    outer loop
      vertex 2.391676664352417 -0.19970574975013733 10.399999618530273
      vertex 2.3609628677368164 -0.43110790848731995 11.199999809265137
      vertex 2.3609628677368164 -0.43110790848731995 10.399999618530273
    endloop
  endfacet
  facet normal 0.99913258230513879 -0.041642321936524763 -0
    outer loop
      vertex 2.4000000953674316 0 10.399999618530273
      vertex 2.4000000953674316 0 11.199999809265137
      vertex 2.391676664352417 -0.19970574975013733 11.199999809265137
    endloop
  endfacet
  facet normal 0.99913258230513879 -0.041642321936524763 0
    outer loop
      vertex 2.4000000953674316 0 10.399999618530273
      vertex 2.391676664352417 -0.19970574975013733 11.199999809265137
      vertex 2.391676664352417 -0.19970574975013733 10.399999618530273
    endloop
  endfacet
  facet normal 0.97415382401015327 -0.22588565064296459 0
    outer loop
      vertex 2.3609628677368164 -0.43110790848731995 10.399999618530273
      vertex 2.3609628677368164 -0.43110790848731995 11.199999809265137
      vertex 2.309758186340332 -0.65193307399749756 11.199999809265137
    endloop
  endfacet
  facet normal 0.97415382401015327 -0.22588565064296459 0
    outer loop
      vertex 2.3609628677368164 -0.43110790848731995 10.399999618530273
      vertex 2.309758186340332 -0.65193307399749756 11.199999809265137
      vertex 2.309758186340332 -0.65193307399749756 10.399999618530273
    endloop
  endfacet
  facet normal 0.86728500265858544 -0.49781193654180045 -0
    outer loop
      vertex 2.1388418674468994 -1.088740348815918 10.399999618530273
      vertex 2.1388418674468994 -1.088740348815918 11.199999809265137
      vertex 2.0188755989074707 -1.2977448701858521 11.199999809265137
    endloop
  endfacet
  facet normal 0.86728500265858544 -0.49781193654180039 0
    outer loop
      vertex 2.1388418674468994 -1.088740348815918 10.399999618530273
      vertex 2.0188755989074707 -1.2977448701858521 11.199999809265137
      vertex 2.0188755989074707 -1.2977448701858521 10.399999618530273
    endloop
  endfacet
  facet normal 0.42634658747303433 -0.90455988599434267 0
    outer loop
      vertex 1.1320426464080811 -2.1162416934967041 10.399999618530273
      vertex 1.1320426464080811 -2.1162416934967041 11.199999809265137
      vertex 0.91178500652313232 -2.2200558185577393 11.199999809265137
    endloop
  endfacet
  facet normal 0.42634658747303433 -0.90455988599434267 0
    outer loop
      vertex 1.1320426464080811 -2.1162416934967041 10.399999618530273
      vertex 0.91178500652313232 -2.2200558185577393 11.199999809265137
      vertex 0.91178500652313232 -2.2200558185577393 10.399999618530273
    endloop
  endfacet
  facet normal 0 -0 1
    outer loop
      vertex 0.30000001192092896 2.0999999046325684 11.199999809265137
      vertex 0 2.0999999046325684 11.199999809265137
      vertex 0 1.7999999523162842 11.199999809265137
    endloop
  endfacet
  facet normal 0 -0 1
    outer loop
      vertex 0.30000001192092896 2.0999999046325684 11.199999809265137
      vertex 0 1.7999999523162842 11.199999809265137
      vertex 0.30000001192092896 1.7999999523162842 11.199999809265137
    endloop
  endfacet
  facet normal 0 -0 1
    outer loop
      vertex 0.60000002384185791 2.0999999046325684 11.199999809265137
      vertex 0.30000001192092896 2.0999999046325684 11.199999809265137
      vertex 0.30000001192092896 1.7999999523162842 11.199999809265137
    endloop
  endfacet
  facet normal 0 -0 1
    outer loop
      vertex 0.60000002384185791 2.0999999046325684 11.199999809265137
      vertex 0.30000001192092896 1.7999999523162842 11.199999809265137
      vertex 0.60000002384185791 1.7999999523162842 11.199999809265137
    endloop
  endfacet
  facet normal -0 0 1
    outer loop
      vertex 0.30000001192092896 1.7999999523162842 11.199999809265137
      vertex 0 1.7999999523162842 11.199999809265137
      vertex 0 1.2000000476837158 11.199999809265137
    endloop
  endfacet
  facet normal -0 -0 1
    outer loop
      vertex 0.60000002384185791 1.2000000476837158 11.199999809265137
      vertex 0.60000002384185791 1.7999999523162842 11.199999809265137
      vertex 0.30000001192092896 1.7999999523162842 11.199999809265137
    endloop
  endfacet
  facet normal -0 0 1
    outer loop
      vertex 0 1.2000000476837158 11.199999809265137
      vertex 0.60000002384185791 1.2000000476837158 11.199999809265137
      vertex 0.30000001192092896 1.7999999523162842 11.199999809265137
    endloop
  endfacet
  facet normal 0 -0 1
    outer loop
      vertex 1.2000000476837158 1.7999999523162842 11.199999809265137
      vertex 0.60000002384185791 1.7999999523162842 11.199999809265137
      vertex 0.60000002384185791 1.2000000476837158 11.199999809265137
    endloop
  endfacet
  facet normal 0 -0 1
    outer loop
      vertex 1.2000000476837158 1.7999999523162842 11.199999809265137
      vertex 0.60000002384185791 1.2000000476837158 11.199999809265137
      vertex 1.2000000476837158 1.2000000476837158 11.199999809265137
    endloop
  endfacet
  facet normal 0 0 1
    outer loop
      vertex 1.2000000476837158 0.60000002384185791 11.199999809265137
      vertex 1.2000000476837158 1.2000000476837158 11.199999809265137
      vertex 0.60000002384185791 1.2000000476837158 11.199999809265137
    endloop
  endfacet
  facet normal -0 0 1
    outer loop
      vertex 0.60000002384185791 1.2000000476837158 11.199999809265137
      vertex 0 1.2000000476837158 11.199999809265137
      vertex 0 0 11.199999809265137
    endloop
  endfacet
  facet normal -0 0 1
    outer loop
      vertex 0 0 11.199999809265137
      vertex 1.2000000476837158 0 11.199999809265137
      vertex 1.2000000476837158 0.60000002384185791 11.199999809265137
    endloop
  endfacet
  facet normal 0 -0 1
    outer loop
      vertex 1.2000000476837158 0.60000002384185791 11.199999809265137
      vertex 0.60000002384185791 1.2000000476837158 11.199999809265137
      vertex 0 0 11.199999809265137
    endloop
  endfacet
  facet normal -0 0 1
    outer loop
      vertex 1.7999999523162842 1.2000000476837158 11.199999809265137
      vertex 1.2000000476837158 1.2000000476837158 11.199999809265137
      vertex 1.2000000476837158 0.60000002384185791 11.199999809265137
    endloop
  endfacet
  facet normal 0 0 1
    outer loop
      vertex 1.7999999523162842 1.2000000476837158 11.199999809265137
      vertex 1.2000000476837158 0.60000002384185791 11.199999809265137
      vertex 1.7999999523162842 0.60000002384185791 11.199999809265137
    endloop
  endfacet
  facet normal 0 0 1
    outer loop
      vertex 1.7999999523162842 0.30000001192092896 11.199999809265137
      vertex 1.7999999523162842 0.60000002384185791 11.199999809265137
      vertex 1.2000000476837158 0.60000002384185791 11.199999809265137
    endloop
  endfacet
  facet normal -0 0 1
    outer loop
      vertex 1.2000000476837158 0 11.199999809265137
      vertex 1.7999999523162842 0 11.199999809265137
      vertex 1.7999999523162842 0.30000001192092896 11.199999809265137
    endloop
  endfacet
  facet normal 0 0 1
    outer loop
      vertex 1.2000000476837158 0.60000002384185791 11.199999809265137
      vertex 1.2000000476837158 0 11.199999809265137
      vertex 1.7999999523162842 0.30000001192092896 11.199999809265137
    endloop
  endfacet
  facet normal -0 0 1
    outer loop
      vertex 2.0999999046325684 0.60000002384185791 11.199999809265137
      vertex 1.7999999523162842 0.60000002384185791 11.199999809265137
      vertex 1.7999999523162842 0.30000001192092896 11.199999809265137
    endloop
  endfacet
  facet normal 0 0 1
    outer loop
      vertex 2.0999999046325684 0.60000002384185791 11.199999809265137
      vertex 1.7999999523162842 0.30000001192092896 11.199999809265137
      vertex 2.0999999046325684 0.30000001192092896 11.199999809265137
    endloop
  endfacet
  facet normal -0 0 1
    outer loop
      vertex 2.0999999046325684 0.30000001192092896 11.199999809265137
      vertex 1.7999999523162842 0.30000001192092896 11.199999809265137
      vertex 1.7999999523162842 0 11.199999809265137
    endloop
  endfacet
  facet normal 0 0 1
    outer loop
      vertex 2.0999999046325684 0.30000001192092896 11.199999809265137
      vertex 1.7999999523162842 0 11.199999809265137
      vertex 2.0999999046325684 0 11.199999809265137
    endloop
  endfacet
  facet normal 0 -0 1
    outer loop
      vertex -0.60000002384185791 1.7999999523162842 11.199999809265137
      vertex -1.2000000476837158 1.7999999523162842 11.199999809265137
      vertex -1.2000000476837158 1.2000000476837158 11.199999809265137
    endloop
  endfacet
  facet normal 0 -0 1
    outer loop
      vertex -0.60000002384185791 1.7999999523162842 11.199999809265137
      vertex -1.2000000476837158 1.2000000476837158 11.199999809265137
      vertex -0.60000002384185791 1.2000000476837158 11.199999809265137
    endloop
  endfacet
  facet normal 0 -0 1
    outer loop
      vertex 0 1.7999999523162842 11.199999809265137
      vertex -0.60000002384185791 1.7999999523162842 11.199999809265137
      vertex -0.60000002384185791 1.2000000476837158 11.199999809265137
    endloop
  endfacet
  facet normal 0 -0 1
    outer loop
      vertex 0 1.7999999523162842 11.199999809265137
      vertex -0.60000002384185791 1.2000000476837158 11.199999809265137
      vertex 0 1.2000000476837158 11.199999809265137
    endloop
  endfacet
  facet normal -0 0 1
    outer loop
      vertex -1.2000000476837158 1.2000000476837158 11.199999809265137
      vertex -1.7999999523162842 1.2000000476837158 11.199999809265137
      vertex -1.7999999523162842 0.60000002384185791 11.199999809265137
    endloop
  endfacet
  facet normal 0 0 1
    outer loop
      vertex -1.2000000476837158 1.2000000476837158 11.199999809265137
      vertex -1.7999999523162842 0.60000002384185791 11.199999809265137
      vertex -1.2000000476837158 0.60000002384185791 11.199999809265137
    endloop
  endfacet
  facet normal -0 0 1
    outer loop
      vertex -1.7999999523162842 0.60000002384185791 11.199999809265137
      vertex -2.0999999046325684 0.60000002384185791 11.199999809265137
      vertex -2.0999999046325684 0.30000001192092896 11.199999809265137
    endloop
  endfacet
  facet normal 0 0 1
    outer loop
      vertex -1.7999999523162842 0.60000002384185791 11.199999809265137
      vertex -2.0999999046325684 0.30000001192092896 11.199999809265137
      vertex -1.7999999523162842 0.30000001192092896 11.199999809265137
    endloop
  endfacet
  facet normal -0 0 1
    outer loop
      vertex -1.7999999523162842 0.30000001192092896 11.199999809265137
      vertex -2.0999999046325684 0.30000001192092896 11.199999809265137
      vertex -2.0999999046325684 0 11.199999809265137
    endloop
  endfacet
  facet normal 0 0 1
    outer loop
      vertex -1.7999999523162842 0.30000001192092896 11.199999809265137
      vertex -2.0999999046325684 0 11.199999809265137
      vertex -1.7999999523162842 0 11.199999809265137
    endloop
  endfacet
  facet normal -0 -0 1
    outer loop
      vertex -1.7999999523162842 0.30000001192092896 11.199999809265137
      vertex -1.7999999523162842 0 11.199999809265137
      vertex -1.2000000476837158 0 11.199999809265137
    endloop
  endfacet
  facet normal 0 -0 1
    outer loop
      vertex -1.2000000476837158 0.60000002384185791 11.199999809265137
      vertex -1.7999999523162842 0.60000002384185791 11.199999809265137
      vertex -1.7999999523162842 0.30000001192092896 11.199999809265137
    endloop
  endfacet
  facet normal -0 -0 1
    outer loop
      vertex -1.2000000476837158 0 11.199999809265137
      vertex -1.2000000476837158 0.60000002384185791 11.199999809265137
      vertex -1.7999999523162842 0.30000001192092896 11.199999809265137
    endloop
  endfacet
  facet normal 0 -0 1
    outer loop
      vertex -0.60000002384185791 1.2000000476837158 11.199999809265137
      vertex -1.2000000476837158 1.2000000476837158 11.199999809265137
      vertex -1.2000000476837158 0.60000002384185791 11.199999809265137
    endloop
  endfacet
  facet normal -0 -0 1
    outer loop
      vertex -1.2000000476837158 0.60000002384185791 11.199999809265137
      vertex -1.2000000476837158 0 11.199999809265137
      vertex 0 0 11.199999809265137
    endloop
  endfacet
  facet normal -0 -0 1
    outer loop
      vertex 0 0 11.199999809265137
      vertex 0 1.2000000476837158 11.199999809265137
      vertex -0.60000002384185791 1.2000000476837158 11.199999809265137
    endloop
  endfacet
  facet normal -0 -0 1
    outer loop
      vertex -0.60000002384185791 1.2000000476837158 11.199999809265137
      vertex -1.2000000476837158 0.60000002384185791 11.199999809265137
      vertex 0 0 11.199999809265137
    endloop
  endfacet
  facet normal -0 -0 1
    outer loop
      vertex -1.2000000476837158 -0.60000002384185791 11.199999809265137
      vertex -1.2000000476837158 -1.2000000476837158 11.199999809265137
      vertex -0.60000002384185791 -1.2000000476837158 11.199999809265137
    endloop
  endfacet
  facet normal 0 -0 1
    outer loop
      vertex -0.60000002384185791 -1.2000000476837158 11.199999809265137
      vertex 0 -1.2000000476837158 11.199999809265137
      vertex 0 0 11.199999809265137
    endloop
  endfacet
  facet normal 0 -0 1
    outer loop
      vertex 0 0 11.199999809265137
      vertex -1.2000000476837158 0 11.199999809265137
      vertex -1.2000000476837158 -0.60000002384185791 11.199999809265137
    endloop
  endfacet
  facet normal 0 0 1
    outer loop
      vertex -1.2000000476837158 -0.60000002384185791 11.199999809265137
      vertex -0.60000002384185791 -1.2000000476837158 11.199999809265137
      vertex 0 0 11.199999809265137
    endloop
  endfacet
  facet normal -0 0 1
    outer loop
      vertex -1.2000000476837158 0 11.199999809265137
      vertex -1.7999999523162842 0 11.199999809265137
      vertex -1.7999999523162842 -0.60000002384185791 11.199999809265137
    endloop
  endfacet
  facet normal 0 0 1
    outer loop
      vertex -1.2000000476837158 0 11.199999809265137
      vertex -1.7999999523162842 -0.60000002384185791 11.199999809265137
      vertex -1.2000000476837158 -0.60000002384185791 11.199999809265137
    endloop
  endfacet
  facet normal -0 0 1
    outer loop
      vertex -1.2000000476837158 -0.60000002384185791 11.199999809265137
      vertex -1.7999999523162842 -0.60000002384185791 11.199999809265137
      vertex -1.7999999523162842 -1.2000000476837158 11.199999809265137
    endloop
  endfacet
  facet normal 0 0 1
    outer loop
      vertex -1.2000000476837158 -0.60000002384185791 11.199999809265137
      vertex -1.7999999523162842 -1.2000000476837158 11.199999809265137
      vertex -1.2000000476837158 -1.2000000476837158 11.199999809265137
    endloop
  endfacet
  facet normal 0 -0 1
    outer loop
      vertex -0.30000001192092896 -1.7999999523162842 11.199999809265137
      vertex 0 -1.7999999523162842 11.199999809265137
      vertex 0 -1.2000000476837158 11.199999809265137
    endloop
  endfacet
  facet normal 0 0 1
    outer loop
      vertex -0.60000002384185791 -1.2000000476837158 11.199999809265137
      vertex -0.60000002384185791 -1.7999999523162842 11.199999809265137
      vertex -0.30000001192092896 -1.7999999523162842 11.199999809265137
    endloop
  endfacet
  facet normal 0 -0 1
    outer loop
      vertex 0 -1.2000000476837158 11.199999809265137
      vertex -0.60000002384185791 -1.2000000476837158 11.199999809265137
      vertex -0.30000001192092896 -1.7999999523162842 11.199999809265137
    endloop
  endfacet
  facet normal 0 -0 1
    outer loop
      vertex -0.60000002384185791 -1.2000000476837158 11.199999809265137
      vertex -1.2000000476837158 -1.2000000476837158 11.199999809265137
      vertex -1.2000000476837158 -1.7999999523162842 11.199999809265137
    endloop
  endfacet
  facet normal 0 -0 1
    outer loop
      vertex -0.60000002384185791 -1.2000000476837158 11.199999809265137
      vertex -1.2000000476837158 -1.7999999523162842 11.199999809265137
      vertex -0.60000002384185791 -1.7999999523162842 11.199999809265137
    endloop
  endfacet
  facet normal 0 -0 1
    outer loop
      vertex 0 -1.7999999523162842 11.199999809265137
      vertex -0.30000001192092896 -1.7999999523162842 11.199999809265137
      vertex -0.30000001192092896 -2.0999999046325684 11.199999809265137
    endloop
  endfacet
  facet normal 0 -0 1
    outer loop
      vertex 0 -1.7999999523162842 11.199999809265137
      vertex -0.30000001192092896 -2.0999999046325684 11.199999809265137
      vertex 0 -2.0999999046325684 11.199999809265137
    endloop
  endfacet
  facet normal 0 -0 1
    outer loop
      vertex -0.30000001192092896 -1.7999999523162842 11.199999809265137
      vertex -0.60000002384185791 -1.7999999523162842 11.199999809265137
      vertex -0.60000002384185791 -2.0999999046325684 11.199999809265137
    endloop
  endfacet
  facet normal 0 -0 1
    outer loop
      vertex -0.30000001192092896 -1.7999999523162842 11.199999809265137
      vertex -0.60000002384185791 -2.0999999046325684 11.199999809265137
      vertex -0.30000001192092896 -2.0999999046325684 11.199999809265137
    endloop
  endfacet
  facet normal -0 0 1
    outer loop
      vertex 2.0999999046325684 0 11.199999809265137
      vertex 1.7999999523162842 0 11.199999809265137
      vertex 1.7999999523162842 -0.30000001192092896 11.199999809265137
    endloop
  endfacet
  facet normal 0 0 1
    outer loop
      vertex 2.0999999046325684 0 11.199999809265137
      vertex 1.7999999523162842 -0.30000001192092896 11.199999809265137
      vertex 2.0999999046325684 -0.30000001192092896 11.199999809265137
    endloop
  endfacet
  facet normal -0 0 1
    outer loop
      vertex 2.0999999046325684 -0.30000001192092896 11.199999809265137
      vertex 1.7999999523162842 -0.30000001192092896 11.199999809265137
      vertex 1.7999999523162842 -0.60000002384185791 11.199999809265137
    endloop
  endfacet
  facet normal 0 0 1
    outer loop
      vertex 2.0999999046325684 -0.30000001192092896 11.199999809265137
      vertex 1.7999999523162842 -0.60000002384185791 11.199999809265137
      vertex 2.0999999046325684 -0.60000002384185791 11.199999809265137
    endloop
  endfacet
  facet normal 0 0 1
    outer loop
      vertex 1.7999999523162842 -0.30000001192092896 11.199999809265137
      vertex 1.7999999523162842 0 11.199999809265137
      vertex 1.2000000476837158 0 11.199999809265137
    endloop
  endfacet
  facet normal -0 0 1
    outer loop
      vertex 1.2000000476837158 -0.60000002384185791 11.199999809265137
      vertex 1.7999999523162842 -0.60000002384185791 11.199999809265137
      vertex 1.7999999523162842 -0.30000001192092896 11.199999809265137
    endloop
  endfacet
  facet normal 0 0 1
    outer loop
      vertex 1.2000000476837158 0 11.199999809265137
      vertex 1.2000000476837158 -0.60000002384185791 11.199999809265137
      vertex 1.7999999523162842 -0.30000001192092896 11.199999809265137
    endloop
  endfacet
  facet normal -0 0 1
    outer loop
      vertex 1.7999999523162842 -0.60000002384185791 11.199999809265137
      vertex 1.2000000476837158 -0.60000002384185791 11.199999809265137
      vertex 1.2000000476837158 -1.2000000476837158 11.199999809265137
    endloop
  endfacet
  facet normal 0 0 1
    outer loop
      vertex 1.7999999523162842 -0.60000002384185791 11.199999809265137
      vertex 1.2000000476837158 -1.2000000476837158 11.199999809265137
      vertex 1.7999999523162842 -1.2000000476837158 11.199999809265137
    endloop
  endfacet
  facet normal -0 0 1
    outer loop
      vertex 0.60000002384185791 -1.2000000476837158 11.199999809265137
      vertex 1.2000000476837158 -1.2000000476837158 11.199999809265137
      vertex 1.2000000476837158 -0.60000002384185791 11.199999809265137
    endloop
  endfacet
  facet normal 0 0 1
    outer loop
      vertex 1.2000000476837158 -0.60000002384185791 11.199999809265137
      vertex 1.2000000476837158 0 11.199999809265137
      vertex 0 0 11.199999809265137
    endloop
  endfacet
  facet normal 0 0 1
    outer loop
      vertex 0 0 11.199999809265137
      vertex 0 -1.2000000476837158 11.199999809265137
      vertex 0.60000002384185791 -1.2000000476837158 11.199999809265137
    endloop
  endfacet
  facet normal 0 0 1
    outer loop
      vertex 0.60000002384185791 -1.2000000476837158 11.199999809265137
      vertex 1.2000000476837158 -0.60000002384185791 11.199999809265137
      vertex 0 0 11.199999809265137
    endloop
  endfacet
  facet normal 0 -0 1
    outer loop
      vertex 1.2000000476837158 -1.2000000476837158 11.199999809265137
      vertex 0.60000002384185791 -1.2000000476837158 11.199999809265137
      vertex 0.60000002384185791 -1.7999999523162842 11.199999809265137
    endloop
  endfacet
  facet normal 0 -0 1
    outer loop
      vertex 1.2000000476837158 -1.2000000476837158 11.199999809265137
      vertex 0.60000002384185791 -1.7999999523162842 11.199999809265137
      vertex 1.2000000476837158 -1.7999999523162842 11.199999809265137
    endloop
  endfacet
  facet normal 0 -0 1
    outer loop
      vertex 0.60000002384185791 -1.2000000476837158 11.199999809265137
      vertex 0 -1.2000000476837158 11.199999809265137
      vertex 0 -1.7999999523162842 11.199999809265137
    endloop
  endfacet
  facet normal 0 -0 1
    outer loop
      vertex 0.60000002384185791 -1.2000000476837158 11.199999809265137
      vertex 0 -1.7999999523162842 11.199999809265137
      vertex 0.60000002384185791 -1.7999999523162842 11.199999809265137
    endloop
  endfacet
  facet normal 0 -0 1
    outer loop
      vertex -1.7999999523162842 -1.2000000476837158 11.199999809265137
      vertex -1.9916943311691284 -1.3390867710113525 11.199999809265137
      vertex -1.8454374074935913 -1.5343925952911377 11.199999809265137
    endloop
  endfacet
  facet normal -0 -0 1
    outer loop
      vertex -1.6792886257171631 -1.7146397829055786 11.199999809265137
      vertex -1.7999999523162842 -1.2000000476837158 11.199999809265137
      vertex -1.8454374074935913 -1.5343925952911377 11.199999809265137
    endloop
  endfacet
  facet normal 0 0 1
    outer loop
      vertex -2.1162416934967041 -1.1320426464080811 11.199999809265137
      vertex -1.9916943311691284 -1.3390867710113525 11.199999809265137
      vertex -1.7999999523162842 -1.2000000476837158 11.199999809265137
    endloop
  endfacet
  facet normal 0 0 1
    outer loop
      vertex -1.4957215785980225 -1.8769168853759766 11.199999809265137
      vertex -1.2000000476837158 -1.7999999523162842 11.199999809265137
      vertex -1.6792886257171631 -1.7146397829055786 11.199999809265137
    endloop
  endfacet
  facet normal 0 0 1
    outer loop
      vertex -1.7999999523162842 -1.2000000476837158 11.199999809265137
      vertex -1.6792886257171631 -1.7146397829055786 11.199999809265137
      vertex -1.2000000476837158 -1.2000000476837158 11.199999809265137
    endloop
  endfacet
  facet normal 0 -0 1
    outer loop
      vertex -2.3885898590087891 -0.23374828696250916 11.199999809265137
      vertex -2.3557925224304199 -0.45852115750312805 11.199999809265137
      vertex -2.0999999046325684 0 11.199999809265137
    endloop
  endfacet
  facet normal 0 0 1
    outer loop
      vertex -2.2999680042266846 -0.68567287921905518 11.199999809265137
      vertex -1.7999999523162842 -0.60000002384185791 11.199999809265137
      vertex -2.3557925224304199 -0.45852115750312805 11.199999809265137
    endloop
  endfacet
  facet normal -0 0 1
    outer loop
      vertex -1.7999999523162842 -0.60000002384185791 11.199999809265137
      vertex -2.2200558185577393 -0.91178500652313232 11.199999809265137
      vertex -2.1162416934967041 -1.1320426464080811 11.199999809265137
    endloop
  endfacet
  facet normal -0 -0 1
    outer loop
      vertex -1.7999999523162842 -1.2000000476837158 11.199999809265137
      vertex -1.7999999523162842 -0.60000002384185791 11.199999809265137
      vertex -2.1162416934967041 -1.1320426464080811 11.199999809265137
    endloop
  endfacet
  facet normal 0 0 1
    outer loop
      vertex -2.2999680042266846 -0.68567287921905518 11.199999809265137
      vertex -2.2200558185577393 -0.91178500652313232 11.199999809265137
      vertex -1.7999999523162842 -0.60000002384185791 11.199999809265137
    endloop
  endfacet
  facet normal -0 -0 1
    outer loop
      vertex -1.7999999523162842 -0.60000002384185791 11.199999809265137
      vertex -2.0999999046325684 0 11.199999809265137
      vertex -2.3557925224304199 -0.45852115750312805 11.199999809265137
    endloop
  endfacet
  facet normal 0 -0 1
    outer loop
      vertex -1.2977448701858521 -2.0188755989074707 11.199999809265137
      vertex -1.2000000476837158 -1.7999999523162842 11.199999809265137
      vertex -1.4957215785980225 -1.8769168853759766 11.199999809265137
    endloop
  endfacet
  facet normal 0 -0 1
    outer loop
      vertex -1.088740348815918 -2.1388418674468994 11.199999809265137
      vertex -0.87227880954742432 -2.2358734607696533 11.199999809265137
      vertex -0.60000002384185791 -1.7999999523162842 11.199999809265137
    endloop
  endfacet
  facet normal 0 0 1
    outer loop
      vertex -0.87227880954742432 -2.2358734607696533 11.199999809265137
      vertex -0.65193307399749756 -2.309758186340332 11.199999809265137
      vertex -0.60000002384185791 -2.0999999046325684 11.199999809265137
    endloop
  endfacet
  facet normal 0 0 1
    outer loop
      vertex -0.43110790848731995 -2.3609628677368164 11.199999809265137
      vertex -0.19970574975013733 -2.391676664352417 11.199999809265137
      vertex -0.30000001192092896 -2.0999999046325684 11.199999809265137
    endloop
  endfacet
  facet normal 0 0 1
    outer loop
      vertex -0.60000002384185791 -2.0999999046325684 11.199999809265137
      vertex -0.65193307399749756 -2.309758186340332 11.199999809265137
      vertex -0.43110790848731995 -2.3609628677368164 11.199999809265137
    endloop
  endfacet
  facet normal 0 -0 1
    outer loop
      vertex -4.4087284046088083e-16 -2.4000000953674316 11.199999809265137
      vertex 0 -2.0999999046325684 11.199999809265137
      vertex -0.19970574975013733 -2.391676664352417 11.199999809265137
    endloop
  endfacet
  facet normal -0 0 1
    outer loop
      vertex -0.60000002384185791 -2.0999999046325684 11.199999809265137
      vertex -0.60000002384185791 -1.7999999523162842 11.199999809265137
      vertex -0.87227880954742432 -2.2358734607696533 11.199999809265137
    endloop
  endfacet
  facet normal 0 -0 1
    outer loop
      vertex -0.60000002384185791 -1.7999999523162842 11.199999809265137
      vertex -1.2000000476837158 -1.7999999523162842 11.199999809265137
      vertex -1.088740348815918 -2.1388418674468994 11.199999809265137
    endloop
  endfacet
  facet normal 0 -0 1
    outer loop
      vertex -1.6792886257171631 -1.7146397829055786 11.199999809265137
      vertex -1.2000000476837158 -1.7999999523162842 11.199999809265137
      vertex -1.2000000476837158 -1.2000000476837158 11.199999809265137
    endloop
  endfacet
  facet normal 0 0 1
    outer loop
      vertex -0.19970574975013733 -2.391676664352417 11.199999809265137
      vertex 0 -2.0999999046325684 11.199999809265137
      vertex -0.30000001192092896 -2.0999999046325684 11.199999809265137
    endloop
  endfacet
  facet normal 0 -0 1
    outer loop
      vertex 0 -1.7999999523162842 11.199999809265137
      vertex 0 -2.0999999046325684 11.199999809265137
      vertex 0.60000002384185791 -1.7999999523162842 11.199999809265137
    endloop
  endfacet
  facet normal 0 -0 1
    outer loop
      vertex -0.30000001192092896 -2.0999999046325684 11.199999809265137
      vertex -0.60000002384185791 -2.0999999046325684 11.199999809265137
      vertex -0.43110790848731995 -2.3609628677368164 11.199999809265137
    endloop
  endfacet
  facet normal 0 0 1
    outer loop
      vertex 0 -2.0999999046325684 11.199999809265137
      vertex -4.4087284046088083e-16 -2.4000000953674316 11.199999809265137
      vertex 0.23374828696250916 -2.3885898590087891 11.199999809265137
    endloop
  endfacet
  facet normal 0 0 1
    outer loop
      vertex -1.2977448701858521 -2.0188755989074707 11.199999809265137
      vertex -1.088740348815918 -2.1388418674468994 11.199999809265137
      vertex -1.2000000476837158 -1.7999999523162842 11.199999809265137
    endloop
  endfacet
  facet normal 0 -0 1
    outer loop
      vertex -2.3609628677368164 0.43110790848731995 11.199999809265137
      vertex -2.391676664352417 0.19970574975013733 11.199999809265137
      vertex -2.0999999046325684 0.30000001192092896 11.199999809265137
    endloop
  endfacet
  facet normal -0 0 1
    outer loop
      vertex -2.4000000953674316 0 11.199999809265137
      vertex -2.0999999046325684 0 11.199999809265137
      vertex -2.391676664352417 0.19970574975013733 11.199999809265137
    endloop
  endfacet
  facet normal -0 -0 1
    outer loop
      vertex -1.7999999523162842 -0.60000002384185791 11.199999809265137
      vertex -1.7999999523162842 0 11.199999809265137
      vertex -2.0999999046325684 0 11.199999809265137
    endloop
  endfacet
  facet normal 0 -0 1
    outer loop
      vertex -2.391676664352417 0.19970574975013733 11.199999809265137
      vertex -2.0999999046325684 0 11.199999809265137
      vertex -2.0999999046325684 0.30000001192092896 11.199999809265137
    endloop
  endfacet
  facet normal 0 -0 1
    outer loop
      vertex -2.0999999046325684 0 11.199999809265137
      vertex -2.4000000953674316 0 11.199999809265137
      vertex -2.3885898590087891 -0.23374828696250916 11.199999809265137
    endloop
  endfacet
  facet normal 0 -0 1
    outer loop
      vertex -2.0999999046325684 0.60000002384185791 11.199999809265137
      vertex -2.3609628677368164 0.43110790848731995 11.199999809265137
      vertex -2.0999999046325684 0.30000001192092896 11.199999809265137
    endloop
  endfacet
  facet normal -0 -0 1
    outer loop
      vertex -1.7999999523162842 0.60000002384185791 11.199999809265137
      vertex -2.1388418674468994 1.088740348815918 11.199999809265137
      vertex -2.2358734607696533 0.87227880954742432 11.199999809265137
    endloop
  endfacet
  facet normal 0 0 1
    outer loop
      vertex -2.309758186340332 0.65193307399749756 11.199999809265137
      vertex -2.0999999046325684 0.60000002384185791 11.199999809265137
      vertex -2.2358734607696533 0.87227880954742432 11.199999809265137
    endloop
  endfacet
  facet normal -0 -0 1
    outer loop
      vertex -1.8769168853759766 1.4957215785980225 11.199999809265137
      vertex -2.0188755989074707 1.2977448701858521 11.199999809265137
      vertex -1.7999999523162842 1.2000000476837158 11.199999809265137
    endloop
  endfacet
  facet normal 0 0 1
    outer loop
      vertex -2.0999999046325684 0.60000002384185791 11.199999809265137
      vertex -1.7999999523162842 0.60000002384185791 11.199999809265137
      vertex -2.2358734607696533 0.87227880954742432 11.199999809265137
    endloop
  endfacet
  facet normal 0 -0 1
    outer loop
      vertex -2.0188755989074707 1.2977448701858521 11.199999809265137
      vertex -2.1388418674468994 1.088740348815918 11.199999809265137
      vertex -1.7999999523162842 1.2000000476837158 11.199999809265137
    endloop
  endfacet
  facet normal 0 -0 1
    outer loop
      vertex -2.0999999046325684 0.60000002384185791 11.199999809265137
      vertex -2.309758186340332 0.65193307399749756 11.199999809265137
      vertex -2.3609628677368164 0.43110790848731995 11.199999809265137
    endloop
  endfacet
  facet normal -0 -0 1
    outer loop
      vertex -1.7146397829055786 1.6792886257171631 11.199999809265137
      vertex -1.7999999523162842 1.2000000476837158 11.199999809265137
      vertex -1.2000000476837158 1.2000000476837158 11.199999809265137
    endloop
  endfacet
  facet normal 0 -0 1
    outer loop
      vertex -1.8769168853759766 1.4957215785980225 11.199999809265137
      vertex -1.7999999523162842 1.2000000476837158 11.199999809265137
      vertex -1.7146397829055786 1.6792886257171631 11.199999809265137
    endloop
  endfacet
  facet normal 0 -0 1
    outer loop
      vertex -2.1388418674468994 1.088740348815918 11.199999809265137
      vertex -1.7999999523162842 0.60000002384185791 11.199999809265137
      vertex -1.7999999523162842 1.2000000476837158 11.199999809265137
    endloop
  endfacet
  facet normal -0 -0 1
    outer loop
      vertex -1.1320426464080811 2.1162416934967041 11.199999809265137
      vertex -1.2000000476837158 1.7999999523162842 11.199999809265137
      vertex -0.60000002384185791 1.7999999523162842 11.199999809265137
    endloop
  endfacet
  facet normal 0 -0 1
    outer loop
      vertex -1.7146397829055786 1.6792886257171631 11.199999809265137
      vertex -1.2000000476837158 1.2000000476837158 11.199999809265137
      vertex -1.2000000476837158 1.7999999523162842 11.199999809265137
    endloop
  endfacet
  facet normal 0 -0 1
    outer loop
      vertex -1.5343925952911377 1.8454374074935913 11.199999809265137
      vertex -1.7146397829055786 1.6792886257171631 11.199999809265137
      vertex -1.2000000476837158 1.7999999523162842 11.199999809265137
    endloop
  endfacet
  facet normal 0 -0 1
    outer loop
      vertex -1.3390867710113525 1.9916943311691284 11.199999809265137
      vertex -1.2000000476837158 1.7999999523162842 11.199999809265137
      vertex -1.1320426464080811 2.1162416934967041 11.199999809265137
    endloop
  endfacet
  facet normal -0 -0 1
    outer loop
      vertex -1.2000000476837158 1.7999999523162842 11.199999809265137
      vertex -1.3390867710113525 1.9916943311691284 11.199999809265137
      vertex -1.5343925952911377 1.8454374074935913 11.199999809265137
    endloop
  endfacet
  facet normal 0 0 1
    outer loop
      vertex -0.68567287921905518 2.2999680042266846 11.199999809265137
      vertex -0.91178500652313232 2.2200558185577393 11.199999809265137
      vertex -0.60000002384185791 1.7999999523162842 11.199999809265137
    endloop
  endfacet
  facet normal 0 0 1
    outer loop
      vertex -1.1320426464080811 2.1162416934967041 11.199999809265137
      vertex -0.60000002384185791 1.7999999523162842 11.199999809265137
      vertex -0.91178500652313232 2.2200558185577393 11.199999809265137
    endloop
  endfacet
  facet normal 0 -0 1
    outer loop
      vertex -0.45852115750312805 2.3557925224304199 11.199999809265137
      vertex -0.68567287921905518 2.2999680042266846 11.199999809265137
      vertex -0.60000002384185791 1.7999999523162842 11.199999809265137
    endloop
  endfacet
  facet normal -0 -0 1
    outer loop
      vertex -0.23374828696250916 2.3885898590087891 11.199999809265137
      vertex -0.45852115750312805 2.3557925224304199 11.199999809265137
      vertex 0 2.0999999046325684 11.199999809265137
    endloop
  endfacet
  facet normal -0 0 1
    outer loop
      vertex -0.60000002384185791 1.7999999523162842 11.199999809265137
      vertex 0 2.0999999046325684 11.199999809265137
      vertex -0.45852115750312805 2.3557925224304199 11.199999809265137
    endloop
  endfacet
  facet normal 0 0 1
    outer loop
      vertex 0.45852115750312805 -2.3557925224304199 11.199999809265137
      vertex 0.60000002384185791 -1.7999999523162842 11.199999809265137
      vertex 0 -2.0999999046325684 11.199999809265137
    endloop
  endfacet
  facet normal -0 0 1
    outer loop
      vertex 0.45852115750312805 -2.3557925224304199 11.199999809265137
      vertex 0.68567287921905518 -2.2999680042266846 11.199999809265137
      vertex 0.60000002384185791 -1.7999999523162842 11.199999809265137
    endloop
  endfacet
  facet normal 0 -0 1
    outer loop
      vertex 1.1320426464080811 -2.1162416934967041 11.199999809265137
      vertex 0.60000002384185791 -1.7999999523162842 11.199999809265137
      vertex 0.91178500652313232 -2.2200558185577393 11.199999809265137
    endloop
  endfacet
  facet normal 0 0 1
    outer loop
      vertex 0.60000002384185791 -1.7999999523162842 11.199999809265137
      vertex 0.68567287921905518 -2.2999680042266846 11.199999809265137
      vertex 0.91178500652313232 -2.2200558185577393 11.199999809265137
    endloop
  endfacet
  facet normal -0 0 1
    outer loop
      vertex 1.1320426464080811 -2.1162416934967041 11.199999809265137
      vertex 1.3390867710113525 -1.9916943311691284 11.199999809265137
      vertex 1.2000000476837158 -1.7999999523162842 11.199999809265137
    endloop
  endfacet
  facet normal 0 -0 1
    outer loop
      vertex 1.2000000476837158 -1.7999999523162842 11.199999809265137
      vertex 0.60000002384185791 -1.7999999523162842 11.199999809265137
      vertex 1.1320426464080811 -2.1162416934967041 11.199999809265137
    endloop
  endfacet
  facet normal -0 0 1
    outer loop
      vertex 1.7146397829055786 -1.6792886257171631 11.199999809265137
      vertex 1.2000000476837158 -1.2000000476837158 11.199999809265137
      vertex 1.2000000476837158 -1.7999999523162842 11.199999809265137
    endloop
  endfacet
  facet normal 0 0 1
    outer loop
      vertex 1.2000000476837158 -1.2000000476837158 11.199999809265137
      vertex 1.7146397829055786 -1.6792886257171631 11.199999809265137
      vertex 1.7999999523162842 -1.2000000476837158 11.199999809265137
    endloop
  endfacet
  facet normal -0 0 1
    outer loop
      vertex 1.8769168853759766 -1.4957215785980225 11.199999809265137
      vertex 1.7999999523162842 -1.2000000476837158 11.199999809265137
      vertex 1.7146397829055786 -1.6792886257171631 11.199999809265137
    endloop
  endfacet
  facet normal 0 0 1
    outer loop
      vertex 1.5343925952911377 -1.8454374074935913 11.199999809265137
      vertex 1.7146397829055786 -1.6792886257171631 11.199999809265137
      vertex 1.2000000476837158 -1.7999999523162842 11.199999809265137
    endloop
  endfacet
  facet normal 0 0 1
    outer loop
      vertex 1.2000000476837158 -1.7999999523162842 11.199999809265137
      vertex 1.3390867710113525 -1.9916943311691284 11.199999809265137
      vertex 1.5343925952911377 -1.8454374074935913 11.199999809265137
    endloop
  endfacet
  facet normal 0 0 1
    outer loop
      vertex 1.7999999523162842 -1.2000000476837158 11.199999809265137
      vertex 2.0188755989074707 -1.2977448701858521 11.199999809265137
      vertex 2.1388418674468994 -1.088740348815918 11.199999809265137
    endloop
  endfacet
  facet normal 0 0 1
    outer loop
      vertex 1.8769168853759766 -1.4957215785980225 11.199999809265137
      vertex 2.0188755989074707 -1.2977448701858521 11.199999809265137
      vertex 1.7999999523162842 -1.2000000476837158 11.199999809265137
    endloop
  endfacet
  facet normal 0 0 1
    outer loop
      vertex 1.7999999523162842 -0.60000002384185791 11.199999809265137
      vertex 1.7999999523162842 -1.2000000476837158 11.199999809265137
      vertex 2.1388418674468994 -1.088740348815918 11.199999809265137
    endloop
  endfacet
  facet normal -0 -0 1
    outer loop
      vertex 2.0999999046325684 -0.60000002384185791 11.199999809265137
      vertex 1.7999999523162842 -0.60000002384185791 11.199999809265137
      vertex 2.2358734607696533 -0.87227880954742432 11.199999809265137
    endloop
  endfacet
  facet normal 0 0 1
    outer loop
      vertex 2.1388418674468994 -1.088740348815918 11.199999809265137
      vertex 2.2358734607696533 -0.87227880954742432 11.199999809265137
      vertex 1.7999999523162842 -0.60000002384185791 11.199999809265137
    endloop
  endfacet
  facet normal -0 0 1
    outer loop
      vertex 2.309758186340332 -0.65193307399749756 11.199999809265137
      vertex 2.0999999046325684 -0.60000002384185791 11.199999809265137
      vertex 2.2358734607696533 -0.87227880954742432 11.199999809265137
    endloop
  endfacet
  facet normal -0 0 1
    outer loop
      vertex 2.3609628677368164 -0.43110790848731995 11.199999809265137
      vertex 2.0999999046325684 -0.30000001192092896 11.199999809265137
      vertex 2.0999999046325684 -0.60000002384185791 11.199999809265137
    endloop
  endfacet
  facet normal -0 0 1
    outer loop
      vertex 2.391676664352417 -0.19970574975013733 11.199999809265137
      vertex 2.0999999046325684 0 11.199999809265137
      vertex 2.0999999046325684 -0.30000001192092896 11.199999809265137
    endloop
  endfacet
  facet normal 0 0 1
    outer loop
      vertex 2.391676664352417 -0.19970574975013733 11.199999809265137
      vertex 2.4000000953674316 0 11.199999809265137
      vertex 2.0999999046325684 0 11.199999809265137
    endloop
  endfacet
  facet normal -0 -0 1
    outer loop
      vertex 2.4000000953674316 0 11.199999809265137
      vertex 2.3885898590087891 0.23374828696250916 11.199999809265137
      vertex 2.0999999046325684 0 11.199999809265137
    endloop
  endfacet
  facet normal 0 0 1
    outer loop
      vertex 2.3609628677368164 -0.43110790848731995 11.199999809265137
      vertex 2.391676664352417 -0.19970574975013733 11.199999809265137
      vertex 2.0999999046325684 -0.30000001192092896 11.199999809265137
    endloop
  endfacet
  facet normal 0 0 1
    outer loop
      vertex 2.3609628677368164 -0.43110790848731995 11.199999809265137
      vertex 2.0999999046325684 -0.60000002384185791 11.199999809265137
      vertex 2.309758186340332 -0.65193307399749756 11.199999809265137
    endloop
  endfacet
  facet normal 0 0 1
    outer loop
      vertex 2.0999999046325684 0.30000001192092896 11.199999809265137
      vertex 2.0999999046325684 0 11.199999809265137
      vertex 2.3885898590087891 0.23374828696250916 11.199999809265137
    endloop
  endfacet
  facet normal -0 -0 1
    outer loop
      vertex 0.19970574975013733 2.391676664352417 11.199999809265137
      vertex 0 2.0999999046325684 11.199999809265137
      vertex 0.30000001192092896 2.0999999046325684 11.199999809265137
    endloop
  endfacet
  facet normal -0 0 1
    outer loop
      vertex -0.60000002384185791 1.7999999523162842 11.199999809265137
      vertex 0 1.7999999523162842 11.199999809265137
      vertex 0 2.0999999046325684 11.199999809265137
    endloop
  endfacet
  facet normal -0 0 1
    outer loop
      vertex 1.6792886257171631 1.7146397829055786 11.199999809265137
      vertex 1.2000000476837158 1.7999999523162842 11.199999809265137
      vertex 1.2000000476837158 1.2000000476837158 11.199999809265137
    endloop
  endfacet
  facet normal -0 -0 1
    outer loop
      vertex 1.2000000476837158 1.7999999523162842 11.199999809265137
      vertex 1.088740348815918 2.1388418674468994 11.199999809265137
      vertex 0.60000002384185791 1.7999999523162842 11.199999809265137
    endloop
  endfacet
  facet normal 0 0 1
    outer loop
      vertex 0.19970574975013733 2.391676664352417 11.199999809265137
      vertex 0.30000001192092896 2.0999999046325684 11.199999809265137
      vertex 0.43110790848731995 2.3609628677368164 11.199999809265137
    endloop
  endfacet
  facet normal -0 0 1
    outer loop
      vertex 0 2.0999999046325684 11.199999809265137
      vertex 0.19970574975013733 2.391676664352417 11.199999809265137
      vertex 1.4695762231022014e-16 2.4000000953674316 11.199999809265137
    endloop
  endfacet
  facet normal 0 -0 1
    outer loop
      vertex 0.60000002384185791 2.0999999046325684 11.199999809265137
      vertex 0.60000002384185791 1.7999999523162842 11.199999809265137
      vertex 0.87227880954742432 2.2358734607696533 11.199999809265137
    endloop
  endfacet
  facet normal -0 0 1
    outer loop
      vertex 1.088740348815918 2.1388418674468994 11.199999809265137
      vertex 0.87227880954742432 2.2358734607696533 11.199999809265137
      vertex 0.60000002384185791 1.7999999523162842 11.199999809265137
    endloop
  endfacet
  facet normal -0 0 1
    outer loop
      vertex 0.60000002384185791 2.0999999046325684 11.199999809265137
      vertex 0.87227880954742432 2.2358734607696533 11.199999809265137
      vertex 0.65193307399749756 2.309758186340332 11.199999809265137
    endloop
  endfacet
  facet normal -0 0 1
    outer loop
      vertex 0.43110790848731995 2.3609628677368164 11.199999809265137
      vertex 0.60000002384185791 2.0999999046325684 11.199999809265137
      vertex 0.65193307399749756 2.309758186340332 11.199999809265137
    endloop
  endfacet
  facet normal -0 0 1
    outer loop
      vertex 0.30000001192092896 2.0999999046325684 11.199999809265137
      vertex 0.60000002384185791 2.0999999046325684 11.199999809265137
      vertex 0.43110790848731995 2.3609628677368164 11.199999809265137
    endloop
  endfacet
  facet normal 0 0 1
    outer loop
      vertex 1.088740348815918 2.1388418674468994 11.199999809265137
      vertex 1.2000000476837158 1.7999999523162842 11.199999809265137
      vertex 1.2977448701858521 2.0188755989074707 11.199999809265137
    endloop
  endfacet
  facet normal 0 -0 1
    outer loop
      vertex -0.23374828696250916 2.3885898590087891 11.199999809265137
      vertex 0 2.0999999046325684 11.199999809265137
      vertex 1.4695762231022014e-16 2.4000000953674316 11.199999809265137
    endloop
  endfacet
  facet normal -0 0 1
    outer loop
      vertex 2.3557925224304199 0.45852115750312805 11.199999809265137
      vertex 2.0999999046325684 0.60000002384185791 11.199999809265137
      vertex 2.0999999046325684 0.30000001192092896 11.199999809265137
    endloop
  endfacet
  facet normal 0 -0 1
    outer loop
      vertex 2.2200558185577393 0.91178500652313232 11.199999809265137
      vertex 1.7999999523162842 0.60000002384185791 11.199999809265137
      vertex 2.0999999046325684 0.60000002384185791 11.199999809265137
    endloop
  endfacet
  facet normal 0 0 1
    outer loop
      vertex 2.2200558185577393 0.91178500652313232 11.199999809265137
      vertex 2.0999999046325684 0.60000002384185791 11.199999809265137
      vertex 2.2999680042266846 0.68567287921905518 11.199999809265137
    endloop
  endfacet
  facet normal 0 0 1
    outer loop
      vertex 2.3557925224304199 0.45852115750312805 11.199999809265137
      vertex 2.2999680042266846 0.68567287921905518 11.199999809265137
      vertex 2.0999999046325684 0.60000002384185791 11.199999809265137
    endloop
  endfacet
  facet normal -0 -0 1
    outer loop
      vertex 2.3557925224304199 0.45852115750312805 11.199999809265137
      vertex 2.0999999046325684 0.30000001192092896 11.199999809265137
      vertex 2.3885898590087891 0.23374828696250916 11.199999809265137
    endloop
  endfacet
  facet normal 0 0 1
    outer loop
      vertex 2.1162416934967041 1.1320426464080811 11.199999809265137
      vertex 1.7999999523162842 0.60000002384185791 11.199999809265137
      vertex 2.2200558185577393 0.91178500652313232 11.199999809265137
    endloop
  endfacet
  facet normal -0 -0 1
    outer loop
      vertex 1.4957215785980225 1.8769168853759766 11.199999809265137
      vertex 1.2000000476837158 1.7999999523162842 11.199999809265137
      vertex 1.6792886257171631 1.7146397829055786 11.199999809265137
    endloop
  endfacet
  facet normal -0 0 1
    outer loop
      vertex 1.2000000476837158 1.7999999523162842 11.199999809265137
      vertex 1.4957215785980225 1.8769168853759766 11.199999809265137
      vertex 1.2977448701858521 2.0188755989074707 11.199999809265137
    endloop
  endfacet
  facet normal -0 -0 1
    outer loop
      vertex 1.9916943311691284 1.3390867710113525 11.199999809265137
      vertex 1.7999999523162842 1.2000000476837158 11.199999809265137
      vertex 2.1162416934967041 1.1320426464080811 11.199999809265137
    endloop
  endfacet
  facet normal -0 0 1
    outer loop
      vertex 1.7999999523162842 0.60000002384185791 11.199999809265137
      vertex 2.1162416934967041 1.1320426464080811 11.199999809265137
      vertex 1.7999999523162842 1.2000000476837158 11.199999809265137
    endloop
  endfacet
  facet normal -0 0 1
    outer loop
      vertex 1.7999999523162842 1.2000000476837158 11.199999809265137
      vertex 1.9916943311691284 1.3390867710113525 11.199999809265137
      vertex 1.8454374074935913 1.5343925952911377 11.199999809265137
    endloop
  endfacet
  facet normal 0 0 1
    outer loop
      vertex 1.6792886257171631 1.7146397829055786 11.199999809265137
      vertex 1.7999999523162842 1.2000000476837158 11.199999809265137
      vertex 1.8454374074935913 1.5343925952911377 11.199999809265137
    endloop
  endfacet
  facet normal -0 -0 1
    outer loop
      vertex 1.7999999523162842 1.2000000476837158 11.199999809265137
      vertex 1.6792886257171631 1.7146397829055786 11.199999809265137
      vertex 1.2000000476837158 1.2000000476837158 11.199999809265137
    endloop
  endfacet
  facet normal 0 0 1
    outer loop
      vertex 0.45852115750312805 -2.3557925224304199 11.199999809265137
      vertex 0 -2.0999999046325684 11.199999809265137
      vertex 0.23374828696250916 -2.3885898590087891 11.199999809265137
    endloop
  endfacet
  facet normal 0 -1 -0
    outer loop
      vertex 2 -4 7.1999998092651367
      vertex 0 -4 7.1999998092651367
      vertex 0 -4 4.8000001907348633
    endloop
  endfacet
  facet normal -0 -1 0
    outer loop
      vertex 2 -4 7.1999998092651367
      vertex 0 -4 4.8000001907348633
      vertex 2 -4 4.8000001907348633
    endloop
  endfacet
  facet normal 0 -1 -0
    outer loop
      vertex 0 -4 7.1999998092651367
      vertex -2 -4 7.1999998092651367
      vertex -2 -4 4.8000001907348633
    endloop
  endfacet
  facet normal -0 -1 0
    outer loop
      vertex 0 -4 7.1999998092651367
      vertex -2 -4 4.8000001907348633
      vertex 0 -4 4.8000001907348633
    endloop
  endfacet
  facet normal 0 -1 -0
    outer loop
      vertex 0 -4 4.8000001907348633
      vertex -2 -4 4.8000001907348633
      vertex -2 -4 2.4000000953674316
    endloop
  endfacet
  facet normal -0 -1 0
    outer loop
      vertex 0 -4 4.8000001907348633
      vertex -2 -4 2.4000000953674316
      vertex 0 -4 2.4000000953674316
    endloop
  endfacet
  facet normal 0 -1 -0
    outer loop
      vertex 2 -4 4.8000001907348633
      vertex 0 -4 4.8000001907348633
      vertex 0 -4 2.4000000953674316
    endloop
  endfacet
  facet normal -0 -1 0
    outer loop
      vertex 2 -4 4.8000001907348633
      vertex 0 -4 2.4000000953674316
      vertex 2 -4 2.4000000953674316
    endloop
  endfacet
  facet normal -0 -1 0
    outer loop
      vertex -2 -4 2.4000000953674316
      vertex -4 -4 0
      vertex -3.2000000476837158 -4 0
    endloop
  endfacet
  facet normal -0 -1 0
    outer loop
      vertex -3.2000000476837158 -4 0
      vertex -2.4000000953674316 -4 0
      vertex -2 -4 2.4000000953674316
    endloop
  endfacet
  facet normal 0 -1 0
    outer loop
      vertex -1.6000000238418579 -4 0
      vertex -2 -4 2.4000000953674316
      vertex -2.4000000953674316 -4 0
    endloop
  endfacet
  facet normal -0 -1 -0
    outer loop
      vertex -4 -4 4.8000001907348633
      vertex -4 -4 0
      vertex -2 -4 2.4000000953674316
    endloop
  endfacet
  facet normal 0 -1 0
    outer loop
      vertex 0 -4 2.4000000953674316
      vertex -2 -4 2.4000000953674316
      vertex -1.6000000238418579 -4 0
    endloop
  endfacet
  facet normal -0 -1 0
    outer loop
      vertex 0 -4 2.4000000953674316
      vertex -1.6000000238418579 -4 0
      vertex -0.80000001192092896 -4 0
    endloop
  endfacet
  facet normal -0 -1 0
    outer loop
      vertex -0.80000001192092896 -4 0
      vertex 0 -4 0
      vertex 0 -4 2.4000000953674316
    endloop
  endfacet
  facet normal 0 -1 0
    outer loop
      vertex 0.80000001192092896 -4 0
      vertex 0 -4 2.4000000953674316
      vertex 0 -4 0
    endloop
  endfacet
  facet normal 0 -1 0
    outer loop
      vertex -2 -4 7.1999998092651367
      vertex -3.2000000476837158 -4 9.6000003814697266
      vertex -4 -4 9.6000003814697266
    endloop
  endfacet
  facet normal -0 -1 -0
    outer loop
      vertex -3.2000000476837158 -4 9.6000003814697266
      vertex -2 -4 7.1999998092651367
      vertex -2.4000000953674316 -4 9.6000003814697266
    endloop
  endfacet
  facet normal 0 -1 -0
    outer loop
      vertex -4 -4 4.8000001907348633
      vertex -2 -4 7.1999998092651367
      vertex -4 -4 9.6000003814697266
    endloop
  endfacet
  facet normal -0 -1 0
    outer loop
      vertex -4 -4 4.8000001907348633
      vertex -2 -4 4.8000001907348633
      vertex -2 -4 7.1999998092651367
    endloop
  endfacet
  facet normal 0 -1 0
    outer loop
      vertex -2 -4 7.1999998092651367
      vertex -0.80000001192092896 -4 9.6000003814697266
      vertex -1.6000000238418579 -4 9.6000003814697266
    endloop
  endfacet
  facet normal -0 -1 0
    outer loop
      vertex -0.80000001192092896 -4 9.6000003814697266
      vertex -2 -4 7.1999998092651367
      vertex 0 -4 7.1999998092651367
    endloop
  endfacet
  facet normal -0 -1 -0
    outer loop
      vertex -2.4000000953674316 -4 9.6000003814697266
      vertex -2 -4 7.1999998092651367
      vertex -1.6000000238418579 -4 9.6000003814697266
    endloop
  endfacet
  facet normal 0 -1 0
    outer loop
      vertex -2 -4 4.8000001907348633
      vertex -4 -4 4.8000001907348633
      vertex -2 -4 2.4000000953674316
    endloop
  endfacet
  facet normal -0 -1 0
    outer loop
      vertex 2 -4 2.4000000953674316
      vertex 0.80000001192092896 -4 0
      vertex 1.6000000238418579 -4 0
    endloop
  endfacet
  facet normal 0 -1 -0
    outer loop
      vertex 4 -4 4.8000001907348633
      vertex 2 -4 4.8000001907348633
      vertex 2 -4 2.4000000953674316
    endloop
  endfacet
  facet normal -0 -1 0
    outer loop
      vertex 2 -4 2.4000000953674316
      vertex 1.6000000238418579 -4 0
      vertex 2.4000000953674316 -4 0
    endloop
  endfacet
  facet normal -0 -1 0
    outer loop
      vertex 3.2000000476837158 -4 0
      vertex 4 -4 0
      vertex 2 -4 2.4000000953674316
    endloop
  endfacet
  facet normal 0 -1 0
    outer loop
      vertex 4 -4 0
      vertex 4 -4 4.8000001907348633
      vertex 2 -4 2.4000000953674316
    endloop
  endfacet
  facet normal -0 -1 0
    outer loop
      vertex 2.4000000953674316 -4 0
      vertex 3.2000000476837158 -4 0
      vertex 2 -4 2.4000000953674316
    endloop
  endfacet
  facet normal -0 -1 -0
    outer loop
      vertex 2 -4 7.1999998092651367
      vertex 2 -4 4.8000001907348633
      vertex 4 -4 4.8000001907348633
    endloop
  endfacet
  facet normal -0 -1 -0
    outer loop
      vertex -0.80000001192092896 -4 9.6000003814697266
      vertex 0 -4 7.1999998092651367
      vertex 0 -4 9.6000003814697266
    endloop
  endfacet
  facet normal 0 -1 -0
    outer loop
      vertex 0.80000001192092896 -4 9.6000003814697266
      vertex 0 -4 9.6000003814697266
      vertex 0 -4 7.1999998092651367
    endloop
  endfacet
  facet normal -0 -1 -0
    outer loop
      vertex 0.80000001192092896 -4 9.6000003814697266
      vertex 2 -4 7.1999998092651367
      vertex 1.6000000238418579 -4 9.6000003814697266
    endloop
  endfacet
  facet normal 0 -1 0
    outer loop
      vertex 2 -4 7.1999998092651367
      vertex 0.80000001192092896 -4 9.6000003814697266
      vertex 0 -4 7.1999998092651367
    endloop
  endfacet
  facet normal -0 -1 -0
    outer loop
      vertex 1.6000000238418579 -4 9.6000003814697266
      vertex 2 -4 7.1999998092651367
      vertex 2.4000000953674316 -4 9.6000003814697266
    endloop
  endfacet
  facet normal 0 -1 -0
    outer loop
      vertex 3.2000000476837158 -4 9.6000003814697266
      vertex 2.4000000953674316 -4 9.6000003814697266
      vertex 2 -4 7.1999998092651367
    endloop
  endfacet
  facet normal 0 -1 0
    outer loop
      vertex 2 -4 7.1999998092651367
      vertex 4 -4 9.6000003814697266
      vertex 3.2000000476837158 -4 9.6000003814697266
    endloop
  endfacet
  facet normal -0 -1 0
    outer loop
      vertex 4 -4 9.6000003814697266
      vertex 2 -4 7.1999998092651367
      vertex 4 -4 4.8000001907348633
    endloop
  endfacet
  facet normal 0 -1 0
    outer loop
      vertex 0.80000001192092896 -4 0
      vertex 2 -4 2.4000000953674316
      vertex 0 -4 2.4000000953674316
    endloop
  endfacet
  facet normal 1 -0 0
    outer loop
      vertex 4 2 7.1999998092651367
      vertex 4 0 7.1999998092651367
      vertex 4 0 4.8000001907348633
    endloop
  endfacet
  facet normal 1 0 0
    outer loop
      vertex 4 2 7.1999998092651367
      vertex 4 0 4.8000001907348633
      vertex 4 2 4.8000001907348633
    endloop
  endfacet
  facet normal 1 -0 0
    outer loop
      vertex 4 0 7.1999998092651367
      vertex 4 -2 7.1999998092651367
      vertex 4 -2 4.8000001907348633
    endloop
  endfacet
  facet normal 1 0 0
    outer loop
      vertex 4 0 7.1999998092651367
      vertex 4 -2 4.8000001907348633
      vertex 4 0 4.8000001907348633
    endloop
  endfacet
  facet normal 1 -0 0
    outer loop
      vertex 4 0 4.8000001907348633
      vertex 4 -2 4.8000001907348633
      vertex 4 -2 2.4000000953674316
    endloop
  endfacet
  facet normal 1 0 0
    outer loop
      vertex 4 0 4.8000001907348633
      vertex 4 -2 2.4000000953674316
      vertex 4 0 2.4000000953674316
    endloop
  endfacet
  facet normal 1 -0 0
    outer loop
      vertex 4 2 4.8000001907348633
      vertex 4 0 4.8000001907348633
      vertex 4 0 2.4000000953674316
    endloop
  endfacet
  facet normal 1 0 0
    outer loop
      vertex 4 2 4.8000001907348633
      vertex 4 0 2.4000000953674316
      vertex 4 2 2.4000000953674316
    endloop
  endfacet
  facet normal 1 0 0
    outer loop
      vertex 4 -2 2.4000000953674316
      vertex 4 -4 0
      vertex 4 -3.2000000476837158 0
    endloop
  endfacet
  facet normal 1 0 -0
    outer loop
      vertex 4 -3.2000000476837158 0
      vertex 4 -2.4000000953674316 0
      vertex 4 -2 2.4000000953674316
    endloop
  endfacet
  facet normal 1 -0 -0
    outer loop
      vertex 4 -1.6000000238418579 0
      vertex 4 -2 2.4000000953674316
      vertex 4 -2.4000000953674316 0
    endloop
  endfacet
  facet normal 1 0 0
    outer loop
      vertex 4 -4 4.8000001907348633
      vertex 4 -4 0
      vertex 4 -2 2.4000000953674316
    endloop
  endfacet
  facet normal 1 -0 0
    outer loop
      vertex 4 0 2.4000000953674316
      vertex 4 -2 2.4000000953674316
      vertex 4 -1.6000000238418579 0
    endloop
  endfacet
  facet normal 1 0 0
    outer loop
      vertex 4 0 2.4000000953674316
      vertex 4 -1.6000000238418579 0
      vertex 4 -0.80000001192092896 0
    endloop
  endfacet
  facet normal 1 0 -0
    outer loop
      vertex 4 -0.80000001192092896 0
      vertex 4 0 0
      vertex 4 0 2.4000000953674316
    endloop
  endfacet
  facet normal 1 -0 -0
    outer loop
      vertex 4 0.80000001192092896 0
      vertex 4 0 2.4000000953674316
      vertex 4 0 0
    endloop
  endfacet
  facet normal 1 -0 -0
    outer loop
      vertex 4 -2 7.1999998092651367
      vertex 4 -3.2000000476837158 9.6000003814697266
      vertex 4 -4 9.6000003814697266
    endloop
  endfacet
  facet normal 1 0 0
    outer loop
      vertex 4 -3.2000000476837158 9.6000003814697266
      vertex 4 -2 7.1999998092651367
      vertex 4 -2.4000000953674316 9.6000003814697266
    endloop
  endfacet
  facet normal 1 -0 0
    outer loop
      vertex 4 -4 4.8000001907348633
      vertex 4 -2 7.1999998092651367
      vertex 4 -4 9.6000003814697266
    endloop
  endfacet
  facet normal 1 0 -0
    outer loop
      vertex 4 -4 4.8000001907348633
      vertex 4 -2 4.8000001907348633
      vertex 4 -2 7.1999998092651367
    endloop
  endfacet
  facet normal 1 -0 0
    outer loop
      vertex 4 -2 7.1999998092651367
      vertex 4 -0.80000001192092896 9.6000003814697266
      vertex 4 -1.6000000238418579 9.6000003814697266
    endloop
  endfacet
  facet normal 1 0 0
    outer loop
      vertex 4 -0.80000001192092896 9.6000003814697266
      vertex 4 -2 7.1999998092651367
      vertex 4 0 7.1999998092651367
    endloop
  endfacet
  facet normal 1 0 0
    outer loop
      vertex 4 -2.4000000953674316 9.6000003814697266
      vertex 4 -2 7.1999998092651367
      vertex 4 -1.6000000238418579 9.6000003814697266
    endloop
  endfacet
  facet normal 1 -0 0
    outer loop
      vertex 4 -2 4.8000001907348633
      vertex 4 -4 4.8000001907348633
      vertex 4 -2 2.4000000953674316
    endloop
  endfacet
  facet normal 1 0 0
    outer loop
      vertex 4 2 2.4000000953674316
      vertex 4 0.80000001192092896 0
      vertex 4 1.6000000238418579 0
    endloop
  endfacet
  facet normal 1 -0 0
    outer loop
      vertex 4 4 4.8000001907348633
      vertex 4 2 4.8000001907348633
      vertex 4 2 2.4000000953674316
    endloop
  endfacet
  facet normal 1 0 0
    outer loop
      vertex 4 2 2.4000000953674316
      vertex 4 1.6000000238418579 0
      vertex 4 2.4000000953674316 0
    endloop
  endfacet
  facet normal 1 0 0
    outer loop
      vertex 4 3.2000000476837158 0
      vertex 4 4 0
      vertex 4 2 2.4000000953674316
    endloop
  endfacet
  facet normal 1 -0 -0
    outer loop
      vertex 4 4 0
      vertex 4 4 4.8000001907348633
      vertex 4 2 2.4000000953674316
    endloop
  endfacet
  facet normal 1 0 0
    outer loop
      vertex 4 2.4000000953674316 0
      vertex 4 3.2000000476837158 0
      vertex 4 2 2.4000000953674316
    endloop
  endfacet
  facet normal 1 0 0
    outer loop
      vertex 4 2 7.1999998092651367
      vertex 4 2 4.8000001907348633
      vertex 4 4 4.8000001907348633
    endloop
  endfacet
  facet normal 1 0 0
    outer loop
      vertex 4 -0.80000001192092896 9.6000003814697266
      vertex 4 0 7.1999998092651367
      vertex 4 0 9.6000003814697266
    endloop
  endfacet
  facet normal 1 -0 0
    outer loop
      vertex 4 0.80000001192092896 9.6000003814697266
      vertex 4 0 9.6000003814697266
      vertex 4 0 7.1999998092651367
    endloop
  endfacet
  facet normal 1 0 0
    outer loop
      vertex 4 0.80000001192092896 9.6000003814697266
      vertex 4 2 7.1999998092651367
      vertex 4 1.6000000238418579 9.6000003814697266
    endloop
  endfacet
  facet normal 1 -0 -0
    outer loop
      vertex 4 2 7.1999998092651367
      vertex 4 0.80000001192092896 9.6000003814697266
      vertex 4 0 7.1999998092651367
    endloop
  endfacet
  facet normal 1 0 0
    outer loop
      vertex 4 1.6000000238418579 9.6000003814697266
      vertex 4 2 7.1999998092651367
      vertex 4 2.4000000953674316 9.6000003814697266
    endloop
  endfacet
  facet normal 1 -0 0
    outer loop
      vertex 4 3.2000000476837158 9.6000003814697266
      vertex 4 2.4000000953674316 9.6000003814697266
      vertex 4 2 7.1999998092651367
    endloop
  endfacet
  facet normal 1 -0 0
    outer loop
      vertex 4 2 7.1999998092651367
      vertex 4 4 9.6000003814697266
      vertex 4 3.2000000476837158 9.6000003814697266
    endloop
  endfacet
  facet normal 1 0 -0
    outer loop
      vertex 4 4 9.6000003814697266
      vertex 4 2 7.1999998092651367
      vertex 4 4 4.8000001907348633
    endloop
  endfacet
  facet normal 1 -0 0
    outer loop
      vertex 4 0.80000001192092896 0
      vertex 4 2 2.4000000953674316
      vertex 4 0 2.4000000953674316
    endloop
  endfacet
  facet normal 0 1 0
    outer loop
      vertex -2 4 7.1999998092651367
      vertex 0 4 7.1999998092651367
      vertex 0 4 4.8000001907348633
    endloop
  endfacet
  facet normal -0 1 0
    outer loop
      vertex -2 4 7.1999998092651367
      vertex 0 4 4.8000001907348633
      vertex -2 4 4.8000001907348633
    endloop
  endfacet
  facet normal 0 1 0
    outer loop
      vertex 0 4 7.1999998092651367
      vertex 2 4 7.1999998092651367
      vertex 2 4 4.8000001907348633
    endloop
  endfacet
  facet normal -0 1 0
    outer loop
      vertex 0 4 7.1999998092651367
      vertex 2 4 4.8000001907348633
      vertex 0 4 4.8000001907348633
    endloop
  endfacet
  facet normal 0 1 0
    outer loop
      vertex 0 4 4.8000001907348633
      vertex 2 4 4.8000001907348633
      vertex 2 4 2.4000000953674316
    endloop
  endfacet
  facet normal -0 1 0
    outer loop
      vertex 0 4 4.8000001907348633
      vertex 2 4 2.4000000953674316
      vertex 0 4 2.4000000953674316
    endloop
  endfacet
  facet normal 0 1 0
    outer loop
      vertex -2 4 4.8000001907348633
      vertex 0 4 4.8000001907348633
      vertex 0 4 2.4000000953674316
    endloop
  endfacet
  facet normal -0 1 0
    outer loop
      vertex -2 4 4.8000001907348633
      vertex 0 4 2.4000000953674316
      vertex -2 4 2.4000000953674316
    endloop
  endfacet
  facet normal -0 1 0
    outer loop
      vertex 2 4 2.4000000953674316
      vertex 4 4 0
      vertex 3.2000000476837158 4 0
    endloop
  endfacet
  facet normal -0 1 -0
    outer loop
      vertex 3.2000000476837158 4 0
      vertex 2.4000000953674316 4 0
      vertex 2 4 2.4000000953674316
    endloop
  endfacet
  facet normal 0 1 -0
    outer loop
      vertex 1.6000000238418579 4 0
      vertex 2 4 2.4000000953674316
      vertex 2.4000000953674316 4 0
    endloop
  endfacet
  facet normal -0 1 0
    outer loop
      vertex 4 4 4.8000001907348633
      vertex 4 4 0
      vertex 2 4 2.4000000953674316
    endloop
  endfacet
  facet normal 0 1 0
    outer loop
      vertex 0 4 2.4000000953674316
      vertex 2 4 2.4000000953674316
      vertex 1.6000000238418579 4 0
    endloop
  endfacet
  facet normal -0 1 0
    outer loop
      vertex 0 4 2.4000000953674316
      vertex 1.6000000238418579 4 0
      vertex 0.80000001192092896 4 0
    endloop
  endfacet
  facet normal -0 1 -0
    outer loop
      vertex 0.80000001192092896 4 0
      vertex 0 4 0
      vertex 0 4 2.4000000953674316
    endloop
  endfacet
  facet normal 0 1 -0
    outer loop
      vertex -0.80000001192092896 4 0
      vertex 0 4 2.4000000953674316
      vertex 0 4 0
    endloop
  endfacet
  facet normal 0 1 -0
    outer loop
      vertex 2 4 7.1999998092651367
      vertex 3.2000000476837158 4 9.6000003814697266
      vertex 4 4 9.6000003814697266
    endloop
  endfacet
  facet normal -0 1 0
    outer loop
      vertex 3.2000000476837158 4 9.6000003814697266
      vertex 2 4 7.1999998092651367
      vertex 2.4000000953674316 4 9.6000003814697266
    endloop
  endfacet
  facet normal 0 1 0
    outer loop
      vertex 4 4 4.8000001907348633
      vertex 2 4 7.1999998092651367
      vertex 4 4 9.6000003814697266
    endloop
  endfacet
  facet normal -0 1 -0
    outer loop
      vertex 4 4 4.8000001907348633
      vertex 2 4 4.8000001907348633
      vertex 2 4 7.1999998092651367
    endloop
  endfacet
  facet normal 0 1 0
    outer loop
      vertex 2 4 7.1999998092651367
      vertex 0.80000001192092896 4 9.6000003814697266
      vertex 1.6000000238418579 4 9.6000003814697266
    endloop
  endfacet
  facet normal -0 1 0
    outer loop
      vertex 0.80000001192092896 4 9.6000003814697266
      vertex 2 4 7.1999998092651367
      vertex 0 4 7.1999998092651367
    endloop
  endfacet
  facet normal -0 1 0
    outer loop
      vertex 2.4000000953674316 4 9.6000003814697266
      vertex 2 4 7.1999998092651367
      vertex 1.6000000238418579 4 9.6000003814697266
    endloop
  endfacet
  facet normal 0 1 0
    outer loop
      vertex 2 4 4.8000001907348633
      vertex 4 4 4.8000001907348633
      vertex 2 4 2.4000000953674316
    endloop
  endfacet
  facet normal -0 1 0
    outer loop
      vertex -2 4 2.4000000953674316
      vertex -0.80000001192092896 4 0
      vertex -1.6000000238418579 4 0
    endloop
  endfacet
  facet normal 0 1 0
    outer loop
      vertex -4 4 4.8000001907348633
      vertex -2 4 4.8000001907348633
      vertex -2 4 2.4000000953674316
    endloop
  endfacet
  facet normal -0 1 0
    outer loop
      vertex -2 4 2.4000000953674316
      vertex -1.6000000238418579 4 0
      vertex -2.4000000953674316 4 0
    endloop
  endfacet
  facet normal -0 1 0
    outer loop
      vertex -3.2000000476837158 4 0
      vertex -4 4 0
      vertex -2 4 2.4000000953674316
    endloop
  endfacet
  facet normal 0 1 -0
    outer loop
      vertex -4 4 0
      vertex -4 4 4.8000001907348633
      vertex -2 4 2.4000000953674316
    endloop
  endfacet
  facet normal -0 1 0
    outer loop
      vertex -2.4000000953674316 4 0
      vertex -3.2000000476837158 4 0
      vertex -2 4 2.4000000953674316
    endloop
  endfacet
  facet normal -0 1 0
    outer loop
      vertex -2 4 7.1999998092651367
      vertex -2 4 4.8000001907348633
      vertex -4 4 4.8000001907348633
    endloop
  endfacet
  facet normal -0 1 0
    outer loop
      vertex 0.80000001192092896 4 9.6000003814697266
      vertex 0 4 7.1999998092651367
      vertex 0 4 9.6000003814697266
    endloop
  endfacet
  facet normal 0 1 0
    outer loop
      vertex -0.80000001192092896 4 9.6000003814697266
      vertex 0 4 9.6000003814697266
      vertex 0 4 7.1999998092651367
    endloop
  endfacet
  facet normal -0 1 0
    outer loop
      vertex -0.80000001192092896 4 9.6000003814697266
      vertex -2 4 7.1999998092651367
      vertex -1.6000000238418579 4 9.6000003814697266
    endloop
  endfacet
  facet normal 0 1 -0
    outer loop
      vertex -2 4 7.1999998092651367
      vertex -0.80000001192092896 4 9.6000003814697266
      vertex 0 4 7.1999998092651367
    endloop
  endfacet
  facet normal -0 1 0
    outer loop
      vertex -1.6000000238418579 4 9.6000003814697266
      vertex -2 4 7.1999998092651367
      vertex -2.4000000953674316 4 9.6000003814697266
    endloop
  endfacet
  facet normal 0 1 0
    outer loop
      vertex -3.2000000476837158 4 9.6000003814697266
      vertex -2.4000000953674316 4 9.6000003814697266
      vertex -2 4 7.1999998092651367
    endloop
  endfacet
  facet normal 0 1 0
    outer loop
      vertex -2 4 7.1999998092651367
      vertex -4 4 9.6000003814697266
      vertex -3.2000000476837158 4 9.6000003814697266
    endloop
  endfacet
  facet normal -0 1 -0
    outer loop
      vertex -4 4 9.6000003814697266
      vertex -2 4 7.1999998092651367
      vertex -4 4 4.8000001907348633
    endloop
  endfacet
  facet normal 0 1 0
    outer loop
      vertex -0.80000001192092896 4 0
      vertex -2 4 2.4000000953674316
      vertex 0 4 2.4000000953674316
    endloop
  endfacet
  facet normal -1 -0 -0
    outer loop
      vertex -4 -2 7.1999998092651367
      vertex -4 0 7.1999998092651367
      vertex -4 0 4.8000001907348633
    endloop
  endfacet
  facet normal -1 0 0
    outer loop
      vertex -4 -2 7.1999998092651367
      vertex -4 0 4.8000001907348633
      vertex -4 -2 4.8000001907348633
    endloop
  endfacet
  facet normal -1 -0 -0
    outer loop
      vertex -4 0 7.1999998092651367
      vertex -4 2 7.1999998092651367
      vertex -4 2 4.8000001907348633
    endloop
  endfacet
  facet normal -1 0 0
    outer loop
      vertex -4 0 7.1999998092651367
      vertex -4 2 4.8000001907348633
      vertex -4 0 4.8000001907348633
    endloop
  endfacet
  facet normal -1 -0 -0
    outer loop
      vertex -4 0 4.8000001907348633
      vertex -4 2 4.8000001907348633
      vertex -4 2 2.4000000953674316
    endloop
  endfacet
  facet normal -1 0 0
    outer loop
      vertex -4 0 4.8000001907348633
      vertex -4 2 2.4000000953674316
      vertex -4 0 2.4000000953674316
    endloop
  endfacet
  facet normal -1 -0 -0
    outer loop
      vertex -4 -2 4.8000001907348633
      vertex -4 0 4.8000001907348633
      vertex -4 0 2.4000000953674316
    endloop
  endfacet
  facet normal -1 0 0
    outer loop
      vertex -4 -2 4.8000001907348633
      vertex -4 0 2.4000000953674316
      vertex -4 -2 2.4000000953674316
    endloop
  endfacet
  facet normal -1 0 0
    outer loop
      vertex -4 2 2.4000000953674316
      vertex -4 4 0
      vertex -4 3.2000000476837158 0
    endloop
  endfacet
  facet normal -1 0 0
    outer loop
      vertex -4 3.2000000476837158 0
      vertex -4 2.4000000953674316 0
      vertex -4 2 2.4000000953674316
    endloop
  endfacet
  facet normal -1 -0 0
    outer loop
      vertex -4 1.6000000238418579 0
      vertex -4 2 2.4000000953674316
      vertex -4 2.4000000953674316 0
    endloop
  endfacet
  facet normal -1 0 -0
    outer loop
      vertex -4 4 4.8000001907348633
      vertex -4 4 0
      vertex -4 2 2.4000000953674316
    endloop
  endfacet
  facet normal -1 -0 0
    outer loop
      vertex -4 0 2.4000000953674316
      vertex -4 2 2.4000000953674316
      vertex -4 1.6000000238418579 0
    endloop
  endfacet
  facet normal -1 0 0
    outer loop
      vertex -4 0 2.4000000953674316
      vertex -4 1.6000000238418579 0
      vertex -4 0.80000001192092896 0
    endloop
  endfacet
  facet normal -1 0 0
    outer loop
      vertex -4 0.80000001192092896 0
      vertex -4 0 0
      vertex -4 0 2.4000000953674316
    endloop
  endfacet
  facet normal -1 -0 0
    outer loop
      vertex -4 -0.80000001192092896 0
      vertex -4 0 2.4000000953674316
      vertex -4 0 0
    endloop
  endfacet
  facet normal -1 -0 0
    outer loop
      vertex -4 2 7.1999998092651367
      vertex -4 3.2000000476837158 9.6000003814697266
      vertex -4 4 9.6000003814697266
    endloop
  endfacet
  facet normal -1 0 -0
    outer loop
      vertex -4 3.2000000476837158 9.6000003814697266
      vertex -4 2 7.1999998092651367
      vertex -4 2.4000000953674316 9.6000003814697266
    endloop
  endfacet
  facet normal -1 -0 -0
    outer loop
      vertex -4 4 4.8000001907348633
      vertex -4 2 7.1999998092651367
      vertex -4 4 9.6000003814697266
    endloop
  endfacet
  facet normal -1 0 0
    outer loop
      vertex -4 4 4.8000001907348633
      vertex -4 2 4.8000001907348633
      vertex -4 2 7.1999998092651367
    endloop
  endfacet
  facet normal -1 -0 0
    outer loop
      vertex -4 2 7.1999998092651367
      vertex -4 0.80000001192092896 9.6000003814697266
      vertex -4 1.6000000238418579 9.6000003814697266
    endloop
  endfacet
  facet normal -1 0 0
    outer loop
      vertex -4 0.80000001192092896 9.6000003814697266
      vertex -4 2 7.1999998092651367
      vertex -4 0 7.1999998092651367
    endloop
  endfacet
  facet normal -1 0 -0
    outer loop
      vertex -4 2.4000000953674316 9.6000003814697266
      vertex -4 2 7.1999998092651367
      vertex -4 1.6000000238418579 9.6000003814697266
    endloop
  endfacet
  facet normal -1 -0 0
    outer loop
      vertex -4 2 4.8000001907348633
      vertex -4 4 4.8000001907348633
      vertex -4 2 2.4000000953674316
    endloop
  endfacet
  facet normal -1 0 0
    outer loop
      vertex -4 -2 2.4000000953674316
      vertex -4 -0.80000001192092896 0
      vertex -4 -1.6000000238418579 0
    endloop
  endfacet
  facet normal -1 -0 -0
    outer loop
      vertex -4 -4 4.8000001907348633
      vertex -4 -2 4.8000001907348633
      vertex -4 -2 2.4000000953674316
    endloop
  endfacet
  facet normal -1 0 0
    outer loop
      vertex -4 -2 2.4000000953674316
      vertex -4 -1.6000000238418579 0
      vertex -4 -2.4000000953674316 0
    endloop
  endfacet
  facet normal -1 0 0
    outer loop
      vertex -4 -3.2000000476837158 0
      vertex -4 -4 0
      vertex -4 -2 2.4000000953674316
    endloop
  endfacet
  facet normal -1 -0 0
    outer loop
      vertex -4 -4 0
      vertex -4 -4 4.8000001907348633
      vertex -4 -2 2.4000000953674316
    endloop
  endfacet
  facet normal -1 0 0
    outer loop
      vertex -4 -2.4000000953674316 0
      vertex -4 -3.2000000476837158 0
      vertex -4 -2 2.4000000953674316
    endloop
  endfacet
  facet normal -1 0 -0
    outer loop
      vertex -4 -2 7.1999998092651367
      vertex -4 -2 4.8000001907348633
      vertex -4 -4 4.8000001907348633
    endloop
  endfacet
  facet normal -1 0 -0
    outer loop
      vertex -4 0.80000001192092896 9.6000003814697266
      vertex -4 0 7.1999998092651367
      vertex -4 0 9.6000003814697266
    endloop
  endfacet
  facet normal -1 -0 -0
    outer loop
      vertex -4 -0.80000001192092896 9.6000003814697266
      vertex -4 0 9.6000003814697266
      vertex -4 0 7.1999998092651367
    endloop
  endfacet
  facet normal -1 0 -0
    outer loop
      vertex -4 -0.80000001192092896 9.6000003814697266
      vertex -4 -2 7.1999998092651367
      vertex -4 -1.6000000238418579 9.6000003814697266
    endloop
  endfacet
  facet normal -1 -0 0
    outer loop
      vertex -4 -2 7.1999998092651367
      vertex -4 -0.80000001192092896 9.6000003814697266
      vertex -4 0 7.1999998092651367
    endloop
  endfacet
  facet normal -1 0 -0
    outer loop
      vertex -4 -1.6000000238418579 9.6000003814697266
      vertex -4 -2 7.1999998092651367
      vertex -4 -2.4000000953674316 9.6000003814697266
    endloop
  endfacet
  facet normal -1 -0 -0
    outer loop
      vertex -4 -3.2000000476837158 9.6000003814697266
      vertex -4 -2.4000000953674316 9.6000003814697266
      vertex -4 -2 7.1999998092651367
    endloop
  endfacet
  facet normal -1 -0 0
    outer loop
      vertex -4 -2 7.1999998092651367
      vertex -4 -4 9.6000003814697266
      vertex -4 -3.2000000476837158 9.6000003814697266
    endloop
  endfacet
  facet normal -1 0 0
    outer loop
      vertex -4 -4 9.6000003814697266
      vertex -4 -2 7.1999998092651367
      vertex -4 -4 4.8000001907348633
    endloop
  endfacet
  facet normal -1 -0 0
    outer loop
      vertex -4 -0.80000001192092896 0
      vertex -4 -2 2.4000000953674316
      vertex -4 0 2.4000000953674316
    endloop
  endfacet
  facet normal -0 -0 -1
    outer loop
      vertex -3.2000000476837158 -4 0
      vertex -4 -4 0
      vertex -4 -3.2000000476837158 0
    endloop
  endfacet
  facet normal 0 0 -1
    outer loop
      vertex -2.8571429252624512 -2.8571429252624512 0
      vertex -2.4000000953674316 -4 0
      vertex -3.2000000476837158 -4 0
    endloop
  endfacet
  facet normal 0 0 -1
    outer loop
      vertex -2.4000000953674316 -2.4000000953674316 0
      vertex -2.8571429252624512 -2.8571429252624512 0
      vertex -2.4000000953674316 -1.6000000238418579 0
    endloop
  endfacet
  facet normal 0 0 -1
    outer loop
      vertex -4 -3.2000000476837158 0
      vertex -2.8571429252624512 -2.8571429252624512 0
      vertex -3.2000000476837158 -4 0
    endloop
  endfacet
  facet normal 0 0 -1
    outer loop
      vertex -4 -2.4000000953674316 0
      vertex -2.8571429252624512 -2.8571429252624512 0
      vertex -4 -3.2000000476837158 0
    endloop
  endfacet
  facet normal 0 0 -1
    outer loop
      vertex -4 -1.6000000238418579 0
      vertex -2.8571429252624512 -2.8571429252624512 0
      vertex -4 -2.4000000953674316 0
    endloop
  endfacet
  facet normal 0 0 -1
    outer loop
      vertex -4 0 0
      vertex -2.8571429252624512 -0.57142859697341919 0
      vertex -4 -0.80000001192092896 0
    endloop
  endfacet
  facet normal 0 -0 -1
    outer loop
      vertex -4 -1.6000000238418579 0
      vertex -4 -0.80000001192092896 0
      vertex -2.8571429252624512 -0.57142859697341919 0
    endloop
  endfacet
  facet normal -0 -0 -1
    outer loop
      vertex -2.8571429252624512 -0.57142859697341919 0
      vertex -4 0 0
      vertex -2.8571429252624512 0.57142859697341919 0
    endloop
  endfacet
  facet normal -0 -0 -1
    outer loop
      vertex -4 -1.6000000238418579 0
      vertex -2.8571429252624512 -0.57142859697341919 0
      vertex -2.8571429252624512 -2.8571429252624512 0
    endloop
  endfacet
  facet normal 0 -0 -1
    outer loop
      vertex -2.8571429252624512 -2.8571429252624512 0
      vertex -1.6000000238418579 -4 0
      vertex -2.4000000953674316 -4 0
    endloop
  endfacet
  facet normal 0 -0 -1
    outer loop
      vertex -1.6000000238418579 -2.4000000953674316 0
      vertex -2.8571429252624512 -2.8571429252624512 0
      vertex -2.4000000953674316 -2.4000000953674316 0
    endloop
  endfacet
  facet normal 0 0 -1
    outer loop
      vertex -2.8571429252624512 -2.8571429252624512 0
      vertex -0.57142859697341919 -2.8571429252624512 0
      vertex -1.6000000238418579 -4 0
    endloop
  endfacet
  facet normal 0 0 -1
    outer loop
      vertex -0.57142859697341919 -2.8571429252624512 0
      vertex 0 -4 0
      vertex -0.80000001192092896 -4 0
    endloop
  endfacet
  facet normal -0 -0 -1
    outer loop
      vertex 0.57142859697341919 -2.8571429252624512 0
      vertex -0.57142859697341919 -2.8571429252624512 0
      vertex 0 -2.4000000953674316 0
    endloop
  endfacet
  facet normal -0 0 -1
    outer loop
      vertex -1.6000000238418579 -4 0
      vertex -0.57142859697341919 -2.8571429252624512 0
      vertex -0.80000001192092896 -4 0
    endloop
  endfacet
  facet normal -0 0 -1
    outer loop
      vertex -1.6000000238418579 -2.4000000953674316 0
      vertex -0.57142859697341919 -2.8571429252624512 0
      vertex -2.8571429252624512 -2.8571429252624512 0
    endloop
  endfacet
  facet normal 0 0 -1
    outer loop
      vertex -2.8571429252624512 -0.57142859697341919 0
      vertex -2.4000000953674316 -0.80000001192092896 0
      vertex -2.4000000953674316 -1.6000000238418579 0
    endloop
  endfacet
  facet normal -0 -0 -1
    outer loop
      vertex -0.57142859697341919 -2.8571429252624512 0
      vertex -1.6000000238418579 -2.4000000953674316 0
      vertex -0.80000001192092896 -2.4000000953674316 0
    endloop
  endfacet
  facet normal 0 -0 -1
    outer loop
      vertex -0.57142859697341919 -2.8571429252624512 0
      vertex -0.80000001192092896 -2.4000000953674316 0
      vertex 0 -2.4000000953674316 0
    endloop
  endfacet
  facet normal 0 -0 -1
    outer loop
      vertex 0.57142859697341919 -2.8571429252624512 0
      vertex 0 -4 0
      vertex -0.57142859697341919 -2.8571429252624512 0
    endloop
  endfacet
  facet normal 0 0 -1
    outer loop
      vertex -2.4000000953674316 -1.6000000238418579 0
      vertex -2.8571429252624512 -2.8571429252624512 0
      vertex -2.8571429252624512 -0.57142859697341919 0
    endloop
  endfacet
  facet normal -0 -0 -1
    outer loop
      vertex -2.4000000953674316 -0.80000001192092896 0
      vertex -2.8571429252624512 -0.57142859697341919 0
      vertex -2.4000000953674316 0 0
    endloop
  endfacet
  facet normal -0 -0 -1
    outer loop
      vertex -4 1.6000000238418579 0
      vertex -2.8571429252624512 1.7142857313156128 0
      vertex -2.8571429252624512 0.57142859697341919 0
    endloop
  endfacet
  facet normal 0 0 -1
    outer loop
      vertex -4 1.6000000238418579 0
      vertex -2.8571429252624512 0.57142859697341919 0
      vertex -4 0.80000001192092896 0
    endloop
  endfacet
  facet normal 0 0 -1
    outer loop
      vertex -4 2.4000000953674316 0
      vertex -2.8571429252624512 1.7142857313156128 0
      vertex -4 1.6000000238418579 0
    endloop
  endfacet
  facet normal -0 0 -1
    outer loop
      vertex -2.8571429252624512 2.8571429252624512 0
      vertex -2.4000000953674316 2.4000000953674316 0
      vertex -2.4000000953674316 1.6000000238418579 0
    endloop
  endfacet
  facet normal 0 0 -1
    outer loop
      vertex -2.8571429252624512 2.8571429252624512 0
      vertex -2.4000000953674316 1.6000000238418579 0
      vertex -2.8571429252624512 1.7142857313156128 0
    endloop
  endfacet
  facet normal 0 -0 -1
    outer loop
      vertex -2.8571429252624512 2.8571429252624512 0
      vertex -2.8571429252624512 1.7142857313156128 0
      vertex -4 2.4000000953674316 0
    endloop
  endfacet
  facet normal 0 0 -1
    outer loop
      vertex -4 0.80000001192092896 0
      vertex -2.8571429252624512 0.57142859697341919 0
      vertex -4 0 0
    endloop
  endfacet
  facet normal 0 -0 -1
    outer loop
      vertex -3.2000000476837158 4 0
      vertex -4 3.2000000476837158 0
      vertex -4 4 0
    endloop
  endfacet
  facet normal 0 -0 -1
    outer loop
      vertex -2.4000000953674316 4 0
      vertex -2.8571429252624512 2.8571429252624512 0
      vertex -3.2000000476837158 4 0
    endloop
  endfacet
  facet normal 0 0 -1
    outer loop
      vertex -4 3.2000000476837158 0
      vertex -3.2000000476837158 4 0
      vertex -2.8571429252624512 2.8571429252624512 0
    endloop
  endfacet
  facet normal 0 -0 -1
    outer loop
      vertex -1.6000000238418579 2.4000000953674316 0
      vertex -2.4000000953674316 2.4000000953674316 0
      vertex -2.8571429252624512 2.8571429252624512 0
    endloop
  endfacet
  facet normal 0 -0 -1
    outer loop
      vertex -2.8571429252624512 2.8571429252624512 0
      vertex -4 2.4000000953674316 0
      vertex -4 3.2000000476837158 0
    endloop
  endfacet
  facet normal 0 0 -1
    outer loop
      vertex -2.8571429252624512 1.7142857313156128 0
      vertex -2.4000000953674316 1.6000000238418579 0
      vertex -2.4000000953674316 0.80000001192092896 0
    endloop
  endfacet
  facet normal 0 0 -1
    outer loop
      vertex -2.8571429252624512 1.7142857313156128 0
      vertex -2.4000000953674316 0.80000001192092896 0
      vertex -2.8571429252624512 0.57142859697341919 0
    endloop
  endfacet
  facet normal -0 -0 -1
    outer loop
      vertex -2.8571429252624512 0.57142859697341919 0
      vertex -2.4000000953674316 0.80000001192092896 0
      vertex -2.4000000953674316 0 0
    endloop
  endfacet
  facet normal 0 -0 -1
    outer loop
      vertex -1.6000000238418579 2.4000000953674316 0
      vertex -2.8571429252624512 2.8571429252624512 0
      vertex -0.57142859697341919 2.8571429252624512 0
    endloop
  endfacet
  facet normal -0 0 -1
    outer loop
      vertex -0.57142859697341919 2.8571429252624512 0
      vertex -1.6000000238418579 4 0
      vertex -0.80000001192092896 4 0
    endloop
  endfacet
  facet normal -0 0 -1
    outer loop
      vertex -0.57142859697341919 2.8571429252624512 0
      vertex 0 2.4000000953674316 0
      vertex -0.80000001192092896 2.4000000953674316 0
    endloop
  endfacet
  facet normal 0 -0 -1
    outer loop
      vertex 0 4 0
      vertex -0.57142859697341919 2.8571429252624512 0
      vertex -0.80000001192092896 4 0
    endloop
  endfacet
  facet normal 0 -0 -1
    outer loop
      vertex -2.8571429252624512 2.8571429252624512 0
      vertex -2.4000000953674316 4 0
      vertex -1.6000000238418579 4 0
    endloop
  endfacet
  facet normal -0 0 -1
    outer loop
      vertex -2.8571429252624512 2.8571429252624512 0
      vertex -1.6000000238418579 4 0
      vertex -0.57142859697341919 2.8571429252624512 0
    endloop
  endfacet
  facet normal 0 -0 -1
    outer loop
      vertex -0.57142859697341919 2.8571429252624512 0
      vertex -0.80000001192092896 2.4000000953674316 0
      vertex -1.6000000238418579 2.4000000953674316 0
    endloop
  endfacet
  facet normal -0 0 -1
    outer loop
      vertex 0.57142859697341919 2.8571429252624512 0
      vertex 0.80000001192092896 2.4000000953674316 0
      vertex 0 2.4000000953674316 0
    endloop
  endfacet
  facet normal 0 -0 -1
    outer loop
      vertex 0.57142859697341919 2.8571429252624512 0
      vertex 0 2.4000000953674316 0
      vertex -0.57142859697341919 2.8571429252624512 0
    endloop
  endfacet
  facet normal 0 0 -1
    outer loop
      vertex -2.8571429252624512 0.57142859697341919 0
      vertex -2.4000000953674316 0 0
      vertex -2.8571429252624512 -0.57142859697341919 0
    endloop
  endfacet
  facet normal 0 -0 -1
    outer loop
      vertex 1.7142857313156128 -2.8571429252624512 0
      vertex 1.6000000238418579 -4 0
      vertex 0.80000001192092896 -4 0
    endloop
  endfacet
  facet normal 0 -0 -1
    outer loop
      vertex 1.7142857313156128 -2.8571429252624512 0
      vertex 0.80000001192092896 -4 0
      vertex 0.57142859697341919 -2.8571429252624512 0
    endloop
  endfacet
  facet normal -0 0 -1
    outer loop
      vertex 0 -4 0
      vertex 0.57142859697341919 -2.8571429252624512 0
      vertex 0.80000001192092896 -4 0
    endloop
  endfacet
  facet normal 0 0 -1
    outer loop
      vertex 1.7142857313156128 -2.8571429252624512 0
      vertex 2.4000000953674316 -4 0
      vertex 1.6000000238418579 -4 0
    endloop
  endfacet
  facet normal 0 -0 -1
    outer loop
      vertex 1.7142857313156128 -2.8571429252624512 0
      vertex 1.6000000238418579 -2.4000000953674316 0
      vertex 2.4000000953674316 -2.4000000953674316 0
    endloop
  endfacet
  facet normal -0 0 -1
    outer loop
      vertex 1.7142857313156128 -2.8571429252624512 0
      vertex 2.4000000953674316 -2.4000000953674316 0
      vertex 2.8571429252624512 -2.8571429252624512 0
    endloop
  endfacet
  facet normal -0 0 -1
    outer loop
      vertex 0.57142859697341919 -2.8571429252624512 0
      vertex 0.80000001192092896 -2.4000000953674316 0
      vertex 1.6000000238418579 -2.4000000953674316 0
    endloop
  endfacet
  facet normal -0 0 -1
    outer loop
      vertex 0.57142859697341919 -2.8571429252624512 0
      vertex 1.6000000238418579 -2.4000000953674316 0
      vertex 1.7142857313156128 -2.8571429252624512 0
    endloop
  endfacet
  facet normal 0 0 -1
    outer loop
      vertex 2.4000000953674316 -1.6000000238418579 0
      vertex 2.8571429252624512 -2.8571429252624512 0
      vertex 2.4000000953674316 -2.4000000953674316 0
    endloop
  endfacet
  facet normal 0 -0 -1
    outer loop
      vertex 2.8571429252624512 -0.57142859697341919 0
      vertex 2.4000000953674316 -1.6000000238418579 0
      vertex 2.4000000953674316 -0.80000001192092896 0
    endloop
  endfacet
  facet normal 0 -0 -1
    outer loop
      vertex 2.8571429252624512 -2.8571429252624512 0
      vertex 2.4000000953674316 -4 0
      vertex 1.7142857313156128 -2.8571429252624512 0
    endloop
  endfacet
  facet normal 0 -0 -1
    outer loop
      vertex 4 -3.2000000476837158 0
      vertex 3.2000000476837158 -4 0
      vertex 2.8571429252624512 -2.8571429252624512 0
    endloop
  endfacet
  facet normal -0 0 -1
    outer loop
      vertex 2.4000000953674316 -4 0
      vertex 2.8571429252624512 -2.8571429252624512 0
      vertex 3.2000000476837158 -4 0
    endloop
  endfacet
  facet normal 0 0 -1
    outer loop
      vertex 3.2000000476837158 -4 0
      vertex 4 -3.2000000476837158 0
      vertex 4 -4 0
    endloop
  endfacet
  facet normal 0 0 -1
    outer loop
      vertex 2.8571429252624512 -2.8571429252624512 0
      vertex 4 -2.4000000953674316 0
      vertex 4 -3.2000000476837158 0
    endloop
  endfacet
  facet normal -0 0 -1
    outer loop
      vertex 2.8571429252624512 -0.57142859697341919 0
      vertex 4 -1.6000000238418579 0
      vertex 4 -2.4000000953674316 0
    endloop
  endfacet
  facet normal 0 0 -1
    outer loop
      vertex 2.8571429252624512 -0.57142859697341919 0
      vertex 4 -2.4000000953674316 0
      vertex 2.8571429252624512 -2.8571429252624512 0
    endloop
  endfacet
  facet normal -0 -0 -1
    outer loop
      vertex 2.8571429252624512 -0.57142859697341919 0
      vertex 2.4000000953674316 0 0
      vertex 2.4000000953674316 0.80000001192092896 0
    endloop
  endfacet
  facet normal 0 0 -1
    outer loop
      vertex 2.8571429252624512 -0.57142859697341919 0
      vertex 2.4000000953674316 0.80000001192092896 0
      vertex 2.8571429252624512 0.57142859697341919 0
    endloop
  endfacet
  facet normal 0 0 -1
    outer loop
      vertex 2.8571429252624512 -0.57142859697341919 0
      vertex 2.4000000953674316 -0.80000001192092896 0
      vertex 2.4000000953674316 0 0
    endloop
  endfacet
  facet normal 0 0 -1
    outer loop
      vertex 2.8571429252624512 -0.57142859697341919 0
      vertex 4 -0.80000001192092896 0
      vertex 4 -1.6000000238418579 0
    endloop
  endfacet
  facet normal 0 0 -1
    outer loop
      vertex 2.8571429252624512 -0.57142859697341919 0
      vertex 4 0 0
      vertex 4 -0.80000001192092896 0
    endloop
  endfacet
  facet normal -0 -0 -1
    outer loop
      vertex 2.4000000953674316 -1.6000000238418579 0
      vertex 2.8571429252624512 -0.57142859697341919 0
      vertex 2.8571429252624512 -2.8571429252624512 0
    endloop
  endfacet
  facet normal 0 0 -1
    outer loop
      vertex 4 0 0
      vertex 2.8571429252624512 -0.57142859697341919 0
      vertex 2.8571429252624512 0.57142859697341919 0
    endloop
  endfacet
  facet normal 0 -0 -1
    outer loop
      vertex 1.7142857313156128 2.8571429252624512 0
      vertex 1.6000000238418579 2.4000000953674316 0
      vertex 0.80000001192092896 2.4000000953674316 0
    endloop
  endfacet
  facet normal 0 -0 -1
    outer loop
      vertex 1.7142857313156128 2.8571429252624512 0
      vertex 0.80000001192092896 2.4000000953674316 0
      vertex 0.57142859697341919 2.8571429252624512 0
    endloop
  endfacet
  facet normal -0 -0 -1
    outer loop
      vertex 2.4000000953674316 1.6000000238418579 0
      vertex 2.8571429252624512 1.7142857313156128 0
      vertex 2.8571429252624512 0.57142859697341919 0
    endloop
  endfacet
  facet normal 0 0 -1
    outer loop
      vertex 2.4000000953674316 1.6000000238418579 0
      vertex 2.8571429252624512 0.57142859697341919 0
      vertex 2.4000000953674316 0.80000001192092896 0
    endloop
  endfacet
  facet normal -0 -0 -1
    outer loop
      vertex 2.4000000953674316 2.4000000953674316 0
      vertex 1.6000000238418579 2.4000000953674316 0
      vertex 1.7142857313156128 2.8571429252624512 0
    endloop
  endfacet
  facet normal 0 -0 -1
    outer loop
      vertex 0.80000001192092896 4 0
      vertex 0.57142859697341919 2.8571429252624512 0
      vertex 0 4 0
    endloop
  endfacet
  facet normal 0 -0 -1
    outer loop
      vertex 2.4000000953674316 4 0
      vertex 1.7142857313156128 2.8571429252624512 0
      vertex 1.6000000238418579 4 0
    endloop
  endfacet
  facet normal -0 0 -1
    outer loop
      vertex 1.6000000238418579 4 0
      vertex 1.7142857313156128 2.8571429252624512 0
      vertex 0.57142859697341919 2.8571429252624512 0
    endloop
  endfacet
  facet normal 0 -0 -1
    outer loop
      vertex 1.6000000238418579 4 0
      vertex 0.57142859697341919 2.8571429252624512 0
      vertex 0.80000001192092896 4 0
    endloop
  endfacet
  facet normal -0 0 -1
    outer loop
      vertex 1.7142857313156128 2.8571429252624512 0
      vertex 2.4000000953674316 4 0
      vertex 2.8571429252624512 2.8571429252624512 0
    endloop
  endfacet
  facet normal -0 -0 -1
    outer loop
      vertex 0.57142859697341919 2.8571429252624512 0
      vertex -0.57142859697341919 2.8571429252624512 0
      vertex 0 4 0
    endloop
  endfacet
  facet normal 0 0 -1
    outer loop
      vertex 2.4000000953674316 2.4000000953674316 0
      vertex 2.8571429252624512 1.7142857313156128 0
      vertex 2.4000000953674316 1.6000000238418579 0
    endloop
  endfacet
  facet normal 0 0 -1
    outer loop
      vertex 4 0.80000001192092896 0
      vertex 2.8571429252624512 0.57142859697341919 0
      vertex 2.8571429252624512 1.7142857313156128 0
    endloop
  endfacet
  facet normal -0 -0 -1
    outer loop
      vertex 4 0.80000001192092896 0
      vertex 2.8571429252624512 1.7142857313156128 0
      vertex 4 1.6000000238418579 0
    endloop
  endfacet
  facet normal 0 -0 -1
    outer loop
      vertex 2.8571429252624512 2.8571429252624512 0
      vertex 2.8571429252624512 1.7142857313156128 0
      vertex 2.4000000953674316 2.4000000953674316 0
    endloop
  endfacet
  facet normal 0 0 -1
    outer loop
      vertex 4 0.80000001192092896 0
      vertex 4 0 0
      vertex 2.8571429252624512 0.57142859697341919 0
    endloop
  endfacet
  facet normal -0 -0 -1
    outer loop
      vertex 4 1.6000000238418579 0
      vertex 2.8571429252624512 1.7142857313156128 0
      vertex 4 2.4000000953674316 0
    endloop
  endfacet
  facet normal -0 0 -1
    outer loop
      vertex 2.8571429252624512 2.8571429252624512 0
      vertex 2.4000000953674316 4 0
      vertex 3.2000000476837158 4 0
    endloop
  endfacet
  facet normal 0 -0 -1
    outer loop
      vertex 4 3.2000000476837158 0
      vertex 2.8571429252624512 2.8571429252624512 0
      vertex 3.2000000476837158 4 0
    endloop
  endfacet
  facet normal 0 0 -1
    outer loop
      vertex 2.8571429252624512 2.8571429252624512 0
      vertex 4 3.2000000476837158 0
      vertex 4 2.4000000953674316 0
    endloop
  endfacet
  facet normal 0 0 -1
    outer loop
      vertex 3.2000000476837158 4 0
      vertex 4 4 0
      vertex 4 3.2000000476837158 0
    endloop
  endfacet
  facet normal 0 0 -1
    outer loop
      vertex 4 2.4000000953674316 0
      vertex 2.8571429252624512 1.7142857313156128 0
      vertex 2.8571429252624512 2.8571429252624512 0
    endloop
  endfacet
  facet normal 0 -0 -1
    outer loop
      vertex 2.4000000953674316 2.4000000953674316 0
      vertex 1.7142857313156128 2.8571429252624512 0
      vertex 2.8571429252624512 2.8571429252624512 0
    endloop
  endfacet
  facet normal 0 -0 -1
    outer loop
      vertex 0.80000001192092896 -2.4000000953674316 0
      vertex 0.57142859697341919 -2.8571429252624512 0
      vertex 0 -2.4000000953674316 0
    endloop
  endfacet
  facet normal 0 -0 1
    outer loop
      vertex -2.2857143878936768 -1.1428571939468384 9.6000003814697266
      vertex -2.8571429252624512 -1.1428571939468384 9.6000003814697266
      vertex -2.8571429252624512 -1.7142857313156128 9.6000003814697266
    endloop
  endfacet
  facet normal 0 -0 1
    outer loop
      vertex -2.2857143878936768 -1.1428571939468384 9.6000003814697266
      vertex -2.8571429252624512 -1.7142857313156128 9.6000003814697266
      vertex -2.2857143878936768 -1.7142857313156128 9.6000003814697266
    endloop
  endfacet
  facet normal 0 -0 1
    outer loop
      vertex -2.2857143878936768 1.7142857313156128 9.6000003814697266
      vertex -2.8571429252624512 1.7142857313156128 9.6000003814697266
      vertex -2.8571429252624512 1.1428571939468384 9.6000003814697266
    endloop
  endfacet
  facet normal 0 -0 1
    outer loop
      vertex -2.2857143878936768 1.7142857313156128 9.6000003814697266
      vertex -2.8571429252624512 1.1428571939468384 9.6000003814697266
      vertex -2.2857143878936768 1.1428571939468384 9.6000003814697266
    endloop
  endfacet
  facet normal 0 -0 1
    outer loop
      vertex -1.1428571939468384 -2.2857143878936768 9.6000003814697266
      vertex -1.7142857313156128 -2.2857143878936768 9.6000003814697266
      vertex -1.7142857313156128 -2.8571429252624512 9.6000003814697266
    endloop
  endfacet
  facet normal 0 -0 1
    outer loop
      vertex -1.1428571939468384 -2.2857143878936768 9.6000003814697266
      vertex -1.7142857313156128 -2.8571429252624512 9.6000003814697266
      vertex -1.1428571939468384 -2.8571429252624512 9.6000003814697266
    endloop
  endfacet
  facet normal 0 -0 1
    outer loop
      vertex -1.1428571939468384 2.8571429252624512 9.6000003814697266
      vertex -1.7142857313156128 2.8571429252624512 9.6000003814697266
      vertex -1.7142857313156128 2.2857143878936768 9.6000003814697266
    endloop
  endfacet
  facet normal 0 -0 1
    outer loop
      vertex -1.1428571939468384 2.8571429252624512 9.6000003814697266
      vertex -1.7142857313156128 2.2857143878936768 9.6000003814697266
      vertex -1.1428571939468384 2.2857143878936768 9.6000003814697266
    endloop
  endfacet
  facet normal 0 -0 1
    outer loop
      vertex 1.7142857313156128 -2.2857143878936768 9.6000003814697266
      vertex 1.1428571939468384 -2.2857143878936768 9.6000003814697266
      vertex 1.1428571939468384 -2.8571429252624512 9.6000003814697266
    endloop
  endfacet
  facet normal 0 -0 1
    outer loop
      vertex 1.7142857313156128 -2.2857143878936768 9.6000003814697266
      vertex 1.1428571939468384 -2.8571429252624512 9.6000003814697266
      vertex 1.7142857313156128 -2.8571429252624512 9.6000003814697266
    endloop
  endfacet
  facet normal 0 -0 1
    outer loop
      vertex 1.7142857313156128 2.8571429252624512 9.6000003814697266
      vertex 1.1428571939468384 2.8571429252624512 9.6000003814697266
      vertex 1.1428571939468384 2.2857143878936768 9.6000003814697266
    endloop
  endfacet
  facet normal 0 -0 1
    outer loop
      vertex 1.7142857313156128 2.8571429252624512 9.6000003814697266
      vertex 1.1428571939468384 2.2857143878936768 9.6000003814697266
      vertex 1.7142857313156128 2.2857143878936768 9.6000003814697266
    endloop
  endfacet
  facet normal 0 -0 1
    outer loop
      vertex 2.8571429252624512 -1.1428571939468384 9.6000003814697266
      vertex 2.2857143878936768 -1.1428571939468384 9.6000003814697266
      vertex 2.2857143878936768 -1.7142857313156128 9.6000003814697266
    endloop
  endfacet
  facet normal 0 -0 1
    outer loop
      vertex 2.8571429252624512 -1.1428571939468384 9.6000003814697266
      vertex 2.2857143878936768 -1.7142857313156128 9.6000003814697266
      vertex 2.8571429252624512 -1.7142857313156128 9.6000003814697266
    endloop
  endfacet
  facet normal 0 -0 1
    outer loop
      vertex 2.8571429252624512 1.7142857313156128 9.6000003814697266
      vertex 2.2857143878936768 1.7142857313156128 9.6000003814697266
      vertex 2.2857143878936768 1.1428571939468384 9.6000003814697266
    endloop
  endfacet
  facet normal 0 -0 1
    outer loop
      vertex 2.8571429252624512 1.7142857313156128 9.6000003814697266
      vertex 2.2857143878936768 1.1428571939468384 9.6000003814697266
      vertex 2.8571429252624512 1.1428571939468384 9.6000003814697266
    endloop
  endfacet
  facet normal 0 -0 1
    outer loop
      vertex -3.2000000476837158 -4 9.6000003814697266
      vertex -4 -3.2000000476837158 9.6000003814697266
      vertex -4 -4 9.6000003814697266
    endloop
  endfacet
  facet normal 0 -0 1
    outer loop
      vertex -2.8571429252624512 -1.7142857313156128 9.6000003814697266
      vertex -4 -1.6000000238418579 9.6000003814697266
      vertex -4 -2.4000000953674316 9.6000003814697266
    endloop
  endfacet
  facet normal 0 -0 1
    outer loop
      vertex -4 -2.4000000953674316 9.6000003814697266
      vertex -4 -3.2000000476837158 9.6000003814697266
      vertex -2.8571429252624512 -1.7142857313156128 9.6000003814697266
    endloop
  endfacet
  facet normal 0 0 1
    outer loop
      vertex -3.2000000476837158 -4 9.6000003814697266
      vertex -1.7142857313156128 -2.8571429252624512 9.6000003814697266
      vertex -4 -3.2000000476837158 9.6000003814697266
    endloop
  endfacet
  facet normal 0 -0 1
    outer loop
      vertex -2.8571429252624512 -1.1428571939468384 9.6000003814697266
      vertex -4 -1.6000000238418579 9.6000003814697266
      vertex -2.8571429252624512 -1.7142857313156128 9.6000003814697266
    endloop
  endfacet
  facet normal 0 0 1
    outer loop
      vertex -2.8571429252624512 -1.7142857313156128 9.6000003814697266
      vertex -1.7142857313156128 -2.8571429252624512 9.6000003814697266
      vertex -2.2857143878936768 -1.7142857313156128 9.6000003814697266
    endloop
  endfacet
  facet normal -0 0 1
    outer loop
      vertex -1.9916943311691284 -1.3390867710113525 9.6000003814697266
      vertex -2.2857143878936768 -1.1428571939468384 9.6000003814697266
      vertex -2.2857143878936768 -1.7142857313156128 9.6000003814697266
    endloop
  endfacet
  facet normal 0 -0 1
    outer loop
      vertex -2.8571429252624512 -1.7142857313156128 9.6000003814697266
      vertex -4 -3.2000000476837158 9.6000003814697266
      vertex -1.7142857313156128 -2.8571429252624512 9.6000003814697266
    endloop
  endfacet
  facet normal 0 0 1
    outer loop
      vertex -4 0 9.6000003814697266
      vertex -4 -0.80000001192092896 9.6000003814697266
      vertex -2.8571429252624512 -1.1428571939468384 9.6000003814697266
    endloop
  endfacet
  facet normal -0 0 1
    outer loop
      vertex -4 -1.6000000238418579 9.6000003814697266
      vertex -2.8571429252624512 -1.1428571939468384 9.6000003814697266
      vertex -4 -0.80000001192092896 9.6000003814697266
    endloop
  endfacet
  facet normal 0 -0 1
    outer loop
      vertex -4 0 9.6000003814697266
      vertex -2.8571429252624512 -1.1428571939468384 9.6000003814697266
      vertex -2.8571429252624512 0.57142859697341919 9.6000003814697266
    endloop
  endfacet
  facet normal -0 0 1
    outer loop
      vertex -2.3885898590087891 -0.23374828696250916 9.6000003814697266
      vertex -2.8571429252624512 0.57142859697341919 9.6000003814697266
      vertex -2.8571429252624512 -1.1428571939468384 9.6000003814697266
    endloop
  endfacet
  facet normal -0 0 1
    outer loop
      vertex -2.3885898590087891 -0.23374828696250916 9.6000003814697266
      vertex -2.8571429252624512 -1.1428571939468384 9.6000003814697266
      vertex -2.3557925224304199 -0.45852115750312805 9.6000003814697266
    endloop
  endfacet
  facet normal 0 0 1
    outer loop
      vertex -2.2200558185577393 -0.91178500652313232 9.6000003814697266
      vertex -2.2857143878936768 -1.1428571939468384 9.6000003814697266
      vertex -2.1162416934967041 -1.1320426464080811 9.6000003814697266
    endloop
  endfacet
  facet normal 0 0 1
    outer loop
      vertex -2.2857143878936768 -1.1428571939468384 9.6000003814697266
      vertex -1.9916943311691284 -1.3390867710113525 9.6000003814697266
      vertex -2.1162416934967041 -1.1320426464080811 9.6000003814697266
    endloop
  endfacet
  facet normal 0 0 1
    outer loop
      vertex -2.2999680042266846 -0.68567287921905518 9.6000003814697266
      vertex -2.3557925224304199 -0.45852115750312805 9.6000003814697266
      vertex -2.8571429252624512 -1.1428571939468384 9.6000003814697266
    endloop
  endfacet
  facet normal 0 -0 1
    outer loop
      vertex -2.2200558185577393 -0.91178500652313232 9.6000003814697266
      vertex -2.2999680042266846 -0.68567287921905518 9.6000003814697266
      vertex -2.8571429252624512 -1.1428571939468384 9.6000003814697266
    endloop
  endfacet
  facet normal 0 -0 1
    outer loop
      vertex -2.2200558185577393 -0.91178500652313232 9.6000003814697266
      vertex -2.8571429252624512 -1.1428571939468384 9.6000003814697266
      vertex -2.2857143878936768 -1.1428571939468384 9.6000003814697266
    endloop
  endfacet
  facet normal 0 -0 1
    outer loop
      vertex -3.2000000476837158 -4 9.6000003814697266
      vertex -2.4000000953674316 -4 9.6000003814697266
      vertex -1.7142857313156128 -2.8571429252624512 9.6000003814697266
    endloop
  endfacet
  facet normal 0 0 1
    outer loop
      vertex -1.6000000238418579 -4 9.6000003814697266
      vertex -0.80000001192092896 -4 9.6000003814697266
      vertex -1.1428571939468384 -2.8571429252624512 9.6000003814697266
    endloop
  endfacet
  facet normal -0 0 1
    outer loop
      vertex -1.6000000238418579 -4 9.6000003814697266
      vertex -1.1428571939468384 -2.8571429252624512 9.6000003814697266
      vertex -1.7142857313156128 -2.8571429252624512 9.6000003814697266
    endloop
  endfacet
  facet normal 0 0 1
    outer loop
      vertex -1.1428571939468384 -2.8571429252624512 9.6000003814697266
      vertex -0.80000001192092896 -4 9.6000003814697266
      vertex 0 -4 9.6000003814697266
    endloop
  endfacet
  facet normal -0 0 1
    outer loop
      vertex -1.7142857313156128 -2.8571429252624512 9.6000003814697266
      vertex -1.7142857313156128 -2.2857143878936768 9.6000003814697266
      vertex -2.2857143878936768 -1.7142857313156128 9.6000003814697266
    endloop
  endfacet
  facet normal -0 -0 1
    outer loop
      vertex -4.4087284046088083e-16 -2.4000000953674316 9.6000003814697266
      vertex -0.19970574975013733 -2.391676664352417 9.6000003814697266
      vertex 0.57142859697341919 -2.8571429252624512 9.6000003814697266
    endloop
  endfacet
  facet normal -0 0 1
    outer loop
      vertex -0.43110790848731995 -2.3609628677368164 9.6000003814697266
      vertex -0.65193307399749756 -2.309758186340332 9.6000003814697266
      vertex -1.1428571939468384 -2.8571429252624512 9.6000003814697266
    endloop
  endfacet
  facet normal 0 -0 1
    outer loop
      vertex -0.19970574975013733 -2.391676664352417 9.6000003814697266
      vertex -0.43110790848731995 -2.3609628677368164 9.6000003814697266
      vertex -1.1428571939468384 -2.8571429252624512 9.6000003814697266
    endloop
  endfacet
  facet normal 0 0 1
    outer loop
      vertex -1.1428571939468384 -2.8571429252624512 9.6000003814697266
      vertex 0 -4 9.6000003814697266
      vertex 0.57142859697341919 -2.8571429252624512 9.6000003814697266
    endloop
  endfacet
  facet normal -0 0 1
    outer loop
      vertex -0.65193307399749756 -2.309758186340332 9.6000003814697266
      vertex -0.87227880954742432 -2.2358734607696533 9.6000003814697266
      vertex -1.1428571939468384 -2.8571429252624512 9.6000003814697266
    endloop
  endfacet
  facet normal 0 0 1
    outer loop
      vertex -2.2857143878936768 -1.7142857313156128 9.6000003814697266
      vertex -1.6792886257171631 -1.7146397829055786 9.6000003814697266
      vertex -1.8454374074935913 -1.5343925952911377 9.6000003814697266
    endloop
  endfacet
  facet normal -0 0 1
    outer loop
      vertex -1.4957215785980225 -1.8769168853759766 9.6000003814697266
      vertex -1.6792886257171631 -1.7146397829055786 9.6000003814697266
      vertex -1.7142857313156128 -2.2857143878936768 9.6000003814697266
    endloop
  endfacet
  facet normal 0 -0 1
    outer loop
      vertex -1.8454374074935913 -1.5343925952911377 9.6000003814697266
      vertex -1.9916943311691284 -1.3390867710113525 9.6000003814697266
      vertex -2.2857143878936768 -1.7142857313156128 9.6000003814697266
    endloop
  endfacet
  facet normal 0 0 1
    outer loop
      vertex -2.2857143878936768 -1.7142857313156128 9.6000003814697266
      vertex -1.7142857313156128 -2.2857143878936768 9.6000003814697266
      vertex -1.6792886257171631 -1.7146397829055786 9.6000003814697266
    endloop
  endfacet
  facet normal 0 -0 1
    outer loop
      vertex -1.088740348815918 -2.1388418674468994 9.6000003814697266
      vertex -1.1428571939468384 -2.2857143878936768 9.6000003814697266
      vertex -0.87227880954742432 -2.2358734607696533 9.6000003814697266
    endloop
  endfacet
  facet normal -0 0 1
    outer loop
      vertex -1.1428571939468384 -2.8571429252624512 9.6000003814697266
      vertex -0.87227880954742432 -2.2358734607696533 9.6000003814697266
      vertex -1.1428571939468384 -2.2857143878936768 9.6000003814697266
    endloop
  endfacet
  facet normal 0 -0 1
    outer loop
      vertex -1.2977448701858521 -2.0188755989074707 9.6000003814697266
      vertex -1.4957215785980225 -1.8769168853759766 9.6000003814697266
      vertex -1.7142857313156128 -2.2857143878936768 9.6000003814697266
    endloop
  endfacet
  facet normal -0 0 1
    outer loop
      vertex -1.1428571939468384 -2.2857143878936768 9.6000003814697266
      vertex -1.088740348815918 -2.1388418674468994 9.6000003814697266
      vertex -1.2977448701858521 -2.0188755989074707 9.6000003814697266
    endloop
  endfacet
  facet normal -0 -0 1
    outer loop
      vertex -1.1428571939468384 -2.2857143878936768 9.6000003814697266
      vertex -1.2977448701858521 -2.0188755989074707 9.6000003814697266
      vertex -1.7142857313156128 -2.2857143878936768 9.6000003814697266
    endloop
  endfacet
  facet normal -0 -0 1
    outer loop
      vertex -1.6000000238418579 -4 9.6000003814697266
      vertex -1.7142857313156128 -2.8571429252624512 9.6000003814697266
      vertex -2.4000000953674316 -4 9.6000003814697266
    endloop
  endfacet
  facet normal -0 0 1
    outer loop
      vertex -2.309758186340332 0.65193307399749756 9.6000003814697266
      vertex -2.8571429252624512 1.1428571939468384 9.6000003814697266
      vertex -2.8571429252624512 0.57142859697341919 9.6000003814697266
    endloop
  endfacet
  facet normal -0 0 1
    outer loop
      vertex -4 0 9.6000003814697266
      vertex -2.8571429252624512 0.57142859697341919 9.6000003814697266
      vertex -4 0.80000001192092896 9.6000003814697266
    endloop
  endfacet
  facet normal 0 -0 1
    outer loop
      vertex -4 1.6000000238418579 9.6000003814697266
      vertex -4 0.80000001192092896 9.6000003814697266
      vertex -2.8571429252624512 1.1428571939468384 9.6000003814697266
    endloop
  endfacet
  facet normal 0 0 1
    outer loop
      vertex -4 1.6000000238418579 9.6000003814697266
      vertex -2.8571429252624512 1.1428571939468384 9.6000003814697266
      vertex -2.8571429252624512 1.7142857313156128 9.6000003814697266
    endloop
  endfacet
  facet normal 0 0 1
    outer loop
      vertex -2.8571429252624512 0.57142859697341919 9.6000003814697266
      vertex -2.8571429252624512 1.1428571939468384 9.6000003814697266
      vertex -4 0.80000001192092896 9.6000003814697266
    endloop
  endfacet
  facet normal 0 0 1
    outer loop
      vertex -2.391676664352417 0.19970574975013733 9.6000003814697266
      vertex -2.8571429252624512 0.57142859697341919 9.6000003814697266
      vertex -2.4000000953674316 0 9.6000003814697266
    endloop
  endfacet
  facet normal -0 0 1
    outer loop
      vertex -2.4000000953674316 0 9.6000003814697266
      vertex -2.8571429252624512 0.57142859697341919 9.6000003814697266
      vertex -2.3885898590087891 -0.23374828696250916 9.6000003814697266
    endloop
  endfacet
  facet normal 0 0 1
    outer loop
      vertex -2.3609628677368164 0.43110790848731995 9.6000003814697266
      vertex -2.309758186340332 0.65193307399749756 9.6000003814697266
      vertex -2.8571429252624512 0.57142859697341919 9.6000003814697266
    endloop
  endfacet
  facet normal 0 0 1
    outer loop
      vertex -2.8571429252624512 1.1428571939468384 9.6000003814697266
      vertex -2.2358734607696533 0.87227880954742432 9.6000003814697266
      vertex -2.2857143878936768 1.1428571939468384 9.6000003814697266
    endloop
  endfacet
  facet normal -0 0 1
    outer loop
      vertex -2.0188755989074707 1.2977448701858521 9.6000003814697266
      vertex -2.2857143878936768 1.7142857313156128 9.6000003814697266
      vertex -2.2857143878936768 1.1428571939468384 9.6000003814697266
    endloop
  endfacet
  facet normal 0 -0 1
    outer loop
      vertex -2.2358734607696533 0.87227880954742432 9.6000003814697266
      vertex -2.8571429252624512 1.1428571939468384 9.6000003814697266
      vertex -2.309758186340332 0.65193307399749756 9.6000003814697266
    endloop
  endfacet
  facet normal 0 0 1
    outer loop
      vertex -2.391676664352417 0.19970574975013733 9.6000003814697266
      vertex -2.3609628677368164 0.43110790848731995 9.6000003814697266
      vertex -2.8571429252624512 0.57142859697341919 9.6000003814697266
    endloop
  endfacet
  facet normal 0 -0 1
    outer loop
      vertex -2.8571429252624512 1.7142857313156128 9.6000003814697266
      vertex -4 2.4000000953674316 9.6000003814697266
      vertex -4 1.6000000238418579 9.6000003814697266
    endloop
  endfacet
  facet normal 0 -0 1
    outer loop
      vertex -3.2000000476837158 4 9.6000003814697266
      vertex -4 4 9.6000003814697266
      vertex -4 3.2000000476837158 9.6000003814697266
    endloop
  endfacet
  facet normal 0 -0 1
    outer loop
      vertex -4 3.2000000476837158 9.6000003814697266
      vertex -4 2.4000000953674316 9.6000003814697266
      vertex -2.8571429252624512 2.8571429252624512 9.6000003814697266
    endloop
  endfacet
  facet normal 0 0 1
    outer loop
      vertex -2.8571429252624512 2.8571429252624512 9.6000003814697266
      vertex -2.8571429252624512 1.7142857313156128 9.6000003814697266
      vertex -2.2857143878936768 1.7142857313156128 9.6000003814697266
    endloop
  endfacet
  facet normal -0 0 1
    outer loop
      vertex -2.4000000953674316 4 9.6000003814697266
      vertex -3.2000000476837158 4 9.6000003814697266
      vertex -2.8571429252624512 2.8571429252624512 9.6000003814697266
    endloop
  endfacet
  facet normal -0 -0 1
    outer loop
      vertex -2.8571429252624512 2.8571429252624512 9.6000003814697266
      vertex -3.2000000476837158 4 9.6000003814697266
      vertex -4 3.2000000476837158 9.6000003814697266
    endloop
  endfacet
  facet normal 0 0 1
    outer loop
      vertex -2.8571429252624512 2.8571429252624512 9.6000003814697266
      vertex -1.7142857313156128 2.8571429252624512 9.6000003814697266
      vertex -1.6000000238418579 4 9.6000003814697266
    endloop
  endfacet
  facet normal 0 -0 1
    outer loop
      vertex -2.8571429252624512 2.8571429252624512 9.6000003814697266
      vertex -1.6000000238418579 4 9.6000003814697266
      vertex -2.4000000953674316 4 9.6000003814697266
    endloop
  endfacet
  facet normal 0 0 1
    outer loop
      vertex -2.2857143878936768 1.7142857313156128 9.6000003814697266
      vertex -1.7142857313156128 2.2857143878936768 9.6000003814697266
      vertex -2.8571429252624512 2.8571429252624512 9.6000003814697266
    endloop
  endfacet
  facet normal -0 -0 1
    outer loop
      vertex -2.8571429252624512 1.7142857313156128 9.6000003814697266
      vertex -2.8571429252624512 2.8571429252624512 9.6000003814697266
      vertex -4 2.4000000953674316 9.6000003814697266
    endloop
  endfacet
  facet normal -0 0 1
    outer loop
      vertex -2.2358734607696533 0.87227880954742432 9.6000003814697266
      vertex -2.1388418674468994 1.088740348815918 9.6000003814697266
      vertex -2.2857143878936768 1.1428571939468384 9.6000003814697266
    endloop
  endfacet
  facet normal -0 0 1
    outer loop
      vertex -2.0188755989074707 1.2977448701858521 9.6000003814697266
      vertex -1.8769168853759766 1.4957215785980225 9.6000003814697266
      vertex -2.2857143878936768 1.7142857313156128 9.6000003814697266
    endloop
  endfacet
  facet normal 0 -0 1
    outer loop
      vertex -2.2857143878936768 1.7142857313156128 9.6000003814697266
      vertex -1.7146397829055786 1.6792886257171631 9.6000003814697266
      vertex -1.7142857313156128 2.2857143878936768 9.6000003814697266
    endloop
  endfacet
  facet normal 0 0 1
    outer loop
      vertex -1.8769168853759766 1.4957215785980225 9.6000003814697266
      vertex -1.7146397829055786 1.6792886257171631 9.6000003814697266
      vertex -2.2857143878936768 1.7142857313156128 9.6000003814697266
    endloop
  endfacet
  facet normal 0 0 1
    outer loop
      vertex -1.7142857313156128 2.2857143878936768 9.6000003814697266
      vertex -1.5343925952911377 1.8454374074935913 9.6000003814697266
      vertex -1.3390867710113525 1.9916943311691284 9.6000003814697266
    endloop
  endfacet
  facet normal -0 0 1
    outer loop
      vertex -1.3390867710113525 1.9916943311691284 9.6000003814697266
      vertex -1.1320426464080811 2.1162416934967041 9.6000003814697266
      vertex -1.1428571939468384 2.2857143878936768 9.6000003814697266
    endloop
  endfacet
  facet normal 0 0 1
    outer loop
      vertex -1.7142857313156128 2.2857143878936768 9.6000003814697266
      vertex -1.3390867710113525 1.9916943311691284 9.6000003814697266
      vertex -1.1428571939468384 2.2857143878936768 9.6000003814697266
    endloop
  endfacet
  facet normal 0 -0 1
    outer loop
      vertex -0.91178500652313232 2.2200558185577393 9.6000003814697266
      vertex -1.1428571939468384 2.2857143878936768 9.6000003814697266
      vertex -1.1320426464080811 2.1162416934967041 9.6000003814697266
    endloop
  endfacet
  facet normal -0 0 1
    outer loop
      vertex -1.7146397829055786 1.6792886257171631 9.6000003814697266
      vertex -1.5343925952911377 1.8454374074935913 9.6000003814697266
      vertex -1.7142857313156128 2.2857143878936768 9.6000003814697266
    endloop
  endfacet
  facet normal 0 -0 1
    outer loop
      vertex -1.7142857313156128 2.8571429252624512 9.6000003814697266
      vertex -2.8571429252624512 2.8571429252624512 9.6000003814697266
      vertex -1.7142857313156128 2.2857143878936768 9.6000003814697266
    endloop
  endfacet
  facet normal -0 0 1
    outer loop
      vertex -0.80000001192092896 4 9.6000003814697266
      vertex -1.6000000238418579 4 9.6000003814697266
      vertex -1.7142857313156128 2.8571429252624512 9.6000003814697266
    endloop
  endfacet
  facet normal 0 0 1
    outer loop
      vertex -0.80000001192092896 4 9.6000003814697266
      vertex -1.7142857313156128 2.8571429252624512 9.6000003814697266
      vertex -1.1428571939468384 2.8571429252624512 9.6000003814697266
    endloop
  endfacet
  facet normal 0 0 1
    outer loop
      vertex -1.1428571939468384 2.2857143878936768 9.6000003814697266
      vertex -0.91178500652313232 2.2200558185577393 9.6000003814697266
      vertex -1.1428571939468384 2.8571429252624512 9.6000003814697266
    endloop
  endfacet
  facet normal 0 0 1
    outer loop
      vertex -0.45852115750312805 2.3557925224304199 9.6000003814697266
      vertex -0.23374828696250916 2.3885898590087891 9.6000003814697266
      vertex -1.1428571939468384 2.8571429252624512 9.6000003814697266
    endloop
  endfacet
  facet normal 0 0 1
    outer loop
      vertex -0.23374828696250916 2.3885898590087891 9.6000003814697266
      vertex 0.57142859697341919 2.8571429252624512 9.6000003814697266
      vertex -1.1428571939468384 2.8571429252624512 9.6000003814697266
    endloop
  endfacet
  facet normal -0 0 1
    outer loop
      vertex -1.1428571939468384 2.8571429252624512 9.6000003814697266
      vertex 0 4 9.6000003814697266
      vertex -0.80000001192092896 4 9.6000003814697266
    endloop
  endfacet
  facet normal 0 0 1
    outer loop
      vertex 1.4695762231022014e-16 2.4000000953674316 9.6000003814697266
      vertex 0.57142859697341919 2.8571429252624512 9.6000003814697266
      vertex -0.23374828696250916 2.3885898590087891 9.6000003814697266
    endloop
  endfacet
  facet normal 0 -0 1
    outer loop
      vertex -0.68567287921905518 2.2999680042266846 9.6000003814697266
      vertex -0.45852115750312805 2.3557925224304199 9.6000003814697266
      vertex -1.1428571939468384 2.8571429252624512 9.6000003814697266
    endloop
  endfacet
  facet normal 0 0 1
    outer loop
      vertex -1.1428571939468384 2.8571429252624512 9.6000003814697266
      vertex -0.91178500652313232 2.2200558185577393 9.6000003814697266
      vertex -0.68567287921905518 2.2999680042266846 9.6000003814697266
    endloop
  endfacet
  facet normal 0 -0 1
    outer loop
      vertex -2.0188755989074707 1.2977448701858521 9.6000003814697266
      vertex -2.2857143878936768 1.1428571939468384 9.6000003814697266
      vertex -2.1388418674468994 1.088740348815918 9.6000003814697266
    endloop
  endfacet
  facet normal -0 -0 1
    outer loop
      vertex 0.57142859697341919 -2.8571429252624512 9.6000003814697266
      vertex -0.19970574975013733 -2.391676664352417 9.6000003814697266
      vertex -1.1428571939468384 -2.8571429252624512 9.6000003814697266
    endloop
  endfacet
  facet normal 0 0 1
    outer loop
      vertex 0.45852115750312805 -2.3557925224304199 9.6000003814697266
      vertex 0.23374828696250916 -2.3885898590087891 9.6000003814697266
      vertex 0.57142859697341919 -2.8571429252624512 9.6000003814697266
    endloop
  endfacet
  facet normal 0 0 1
    outer loop
      vertex 0.57142859697341919 -2.8571429252624512 9.6000003814697266
      vertex 0.23374828696250916 -2.3885898590087891 9.6000003814697266
      vertex -4.4087284046088083e-16 -2.4000000953674316 9.6000003814697266
    endloop
  endfacet
  facet normal 0 -0 1
    outer loop
      vertex 0.57142859697341919 -2.8571429252624512 9.6000003814697266
      vertex 0.68567287921905518 -2.2999680042266846 9.6000003814697266
      vertex 0.45852115750312805 -2.3557925224304199 9.6000003814697266
    endloop
  endfacet
  facet normal -0 -0 1
    outer loop
      vertex 0.68567287921905518 -2.2999680042266846 9.6000003814697266
      vertex 0.57142859697341919 -2.8571429252624512 9.6000003814697266
      vertex 1.1428571939468384 -2.8571429252624512 9.6000003814697266
    endloop
  endfacet
  facet normal 0 -0 1
    outer loop
      vertex 0.80000001192092896 -4 9.6000003814697266
      vertex 1.6000000238418579 -4 9.6000003814697266
      vertex 1.7142857313156128 -2.8571429252624512 9.6000003814697266
    endloop
  endfacet
  facet normal -0 0 1
    outer loop
      vertex 0.80000001192092896 -4 9.6000003814697266
      vertex 1.7142857313156128 -2.8571429252624512 9.6000003814697266
      vertex 1.1428571939468384 -2.8571429252624512 9.6000003814697266
    endloop
  endfacet
  facet normal 0 0 1
    outer loop
      vertex 0.91178500652313232 -2.2200558185577393 9.6000003814697266
      vertex 0.68567287921905518 -2.2999680042266846 9.6000003814697266
      vertex 1.1428571939468384 -2.8571429252624512 9.6000003814697266
    endloop
  endfacet
  facet normal 0 -0 1
    outer loop
      vertex 2.8571429252624512 -2.8571429252624512 9.6000003814697266
      vertex 1.7142857313156128 -2.2857143878936768 9.6000003814697266
      vertex 1.7142857313156128 -2.8571429252624512 9.6000003814697266
    endloop
  endfacet
  facet normal 0 0 1
    outer loop
      vertex 0.57142859697341919 -2.8571429252624512 9.6000003814697266
      vertex 0.80000001192092896 -4 9.6000003814697266
      vertex 1.1428571939468384 -2.8571429252624512 9.6000003814697266
    endloop
  endfacet
  facet normal 0 0 1
    outer loop
      vertex 0.57142859697341919 -2.8571429252624512 9.6000003814697266
      vertex 0 -4 9.6000003814697266
      vertex 0.80000001192092896 -4 9.6000003814697266
    endloop
  endfacet
  facet normal -0 -0 1
    outer loop
      vertex 1.1320426464080811 -2.1162416934967041 9.6000003814697266
      vertex 0.91178500652313232 -2.2200558185577393 9.6000003814697266
      vertex 1.1428571939468384 -2.2857143878936768 9.6000003814697266
    endloop
  endfacet
  facet normal -0 0 1
    outer loop
      vertex 1.1428571939468384 -2.8571429252624512 9.6000003814697266
      vertex 1.1428571939468384 -2.2857143878936768 9.6000003814697266
      vertex 0.91178500652313232 -2.2200558185577393 9.6000003814697266
    endloop
  endfacet
  facet normal -0 0 1
    outer loop
      vertex 1.1428571939468384 -2.2857143878936768 9.6000003814697266
      vertex 1.3390867710113525 -1.9916943311691284 9.6000003814697266
      vertex 1.1320426464080811 -2.1162416934967041 9.6000003814697266
    endloop
  endfacet
  facet normal -0 -0 1
    outer loop
      vertex 1.3390867710113525 -1.9916943311691284 9.6000003814697266
      vertex 1.1428571939468384 -2.2857143878936768 9.6000003814697266
      vertex 1.7142857313156128 -2.2857143878936768 9.6000003814697266
    endloop
  endfacet
  facet normal 0 -0 1
    outer loop
      vertex 1.7146397829055786 -1.6792886257171631 9.6000003814697266
      vertex 1.5343925952911377 -1.8454374074935913 9.6000003814697266
      vertex 1.7142857313156128 -2.2857143878936768 9.6000003814697266
    endloop
  endfacet
  facet normal 0 0 1
    outer loop
      vertex 1.3390867710113525 -1.9916943311691284 9.6000003814697266
      vertex 1.7142857313156128 -2.2857143878936768 9.6000003814697266
      vertex 1.5343925952911377 -1.8454374074935913 9.6000003814697266
    endloop
  endfacet
  facet normal 0 0 1
    outer loop
      vertex 1.7146397829055786 -1.6792886257171631 9.6000003814697266
      vertex 2.2857143878936768 -1.7142857313156128 9.6000003814697266
      vertex 1.8769168853759766 -1.4957215785980225 9.6000003814697266
    endloop
  endfacet
  facet normal 0 0 1
    outer loop
      vertex 1.8769168853759766 -1.4957215785980225 9.6000003814697266
      vertex 2.2857143878936768 -1.7142857313156128 9.6000003814697266
      vertex 2.0188755989074707 -1.2977448701858521 9.6000003814697266
    endloop
  endfacet
  facet normal -0 0 1
    outer loop
      vertex 1.7146397829055786 -1.6792886257171631 9.6000003814697266
      vertex 1.7142857313156128 -2.2857143878936768 9.6000003814697266
      vertex 2.2857143878936768 -1.7142857313156128 9.6000003814697266
    endloop
  endfacet
  facet normal -0 -0 1
    outer loop
      vertex 2.4000000953674316 -4 9.6000003814697266
      vertex 1.7142857313156128 -2.8571429252624512 9.6000003814697266
      vertex 1.6000000238418579 -4 9.6000003814697266
    endloop
  endfacet
  facet normal 0 0 1
    outer loop
      vertex 1.7142857313156128 -2.2857143878936768 9.6000003814697266
      vertex 2.8571429252624512 -2.8571429252624512 9.6000003814697266
      vertex 2.2857143878936768 -1.7142857313156128 9.6000003814697266
    endloop
  endfacet
  facet normal -0 -0 1
    outer loop
      vertex 3.2000000476837158 -4 9.6000003814697266
      vertex 2.8571429252624512 -2.8571429252624512 9.6000003814697266
      vertex 2.4000000953674316 -4 9.6000003814697266
    endloop
  endfacet
  facet normal -0 -0 1
    outer loop
      vertex 2.8571429252624512 -2.8571429252624512 9.6000003814697266
      vertex 2.8571429252624512 -1.7142857313156128 9.6000003814697266
      vertex 2.2857143878936768 -1.7142857313156128 9.6000003814697266
    endloop
  endfacet
  facet normal 0 0 1
    outer loop
      vertex 2.8571429252624512 -1.7142857313156128 9.6000003814697266
      vertex 2.8571429252624512 -2.8571429252624512 9.6000003814697266
      vertex 4 -2.4000000953674316 9.6000003814697266
    endloop
  endfacet
  facet normal 0 0 1
    outer loop
      vertex 2.8571429252624512 -1.7142857313156128 9.6000003814697266
      vertex 4 -2.4000000953674316 9.6000003814697266
      vertex 4 -1.6000000238418579 9.6000003814697266
    endloop
  endfacet
  facet normal -0 -0 1
    outer loop
      vertex 2.2857143878936768 -1.7142857313156128 9.6000003814697266
      vertex 2.2857143878936768 -1.1428571939468384 9.6000003814697266
      vertex 2.0188755989074707 -1.2977448701858521 9.6000003814697266
    endloop
  endfacet
  facet normal 0 -0 1
    outer loop
      vertex 4 -3.2000000476837158 9.6000003814697266
      vertex 3.2000000476837158 -4 9.6000003814697266
      vertex 4 -4 9.6000003814697266
    endloop
  endfacet
  facet normal 0 0 1
    outer loop
      vertex 4 -3.2000000476837158 9.6000003814697266
      vertex 4 -2.4000000953674316 9.6000003814697266
      vertex 2.8571429252624512 -2.8571429252624512 9.6000003814697266
    endloop
  endfacet
  facet normal 0 -0 1
    outer loop
      vertex 4 -3.2000000476837158 9.6000003814697266
      vertex 2.8571429252624512 -2.8571429252624512 9.6000003814697266
      vertex 3.2000000476837158 -4 9.6000003814697266
    endloop
  endfacet
  facet normal 0 -0 1
    outer loop
      vertex 4 -1.6000000238418579 9.6000003814697266
      vertex 2.8571429252624512 -1.1428571939468384 9.6000003814697266
      vertex 2.8571429252624512 -1.7142857313156128 9.6000003814697266
    endloop
  endfacet
  facet normal 0 0 1
    outer loop
      vertex 2.2358734607696533 -0.87227880954742432 9.6000003814697266
      vertex 2.1388418674468994 -1.088740348815918 9.6000003814697266
      vertex 2.2857143878936768 -1.1428571939468384 9.6000003814697266
    endloop
  endfacet
  facet normal 0 -0 1
    outer loop
      vertex 2.2857143878936768 -1.1428571939468384 9.6000003814697266
      vertex 2.1388418674468994 -1.088740348815918 9.6000003814697266
      vertex 2.0188755989074707 -1.2977448701858521 9.6000003814697266
    endloop
  endfacet
  facet normal 0 0 1
    outer loop
      vertex 2.2358734607696533 -0.87227880954742432 9.6000003814697266
      vertex 2.8571429252624512 -1.1428571939468384 9.6000003814697266
      vertex 2.309758186340332 -0.65193307399749756 9.6000003814697266
    endloop
  endfacet
  facet normal 0 -0 1
    outer loop
      vertex 2.8571429252624512 -1.1428571939468384 9.6000003814697266
      vertex 2.2358734607696533 -0.87227880954742432 9.6000003814697266
      vertex 2.2857143878936768 -1.1428571939468384 9.6000003814697266
    endloop
  endfacet
  facet normal 0 0 1
    outer loop
      vertex 2.8571429252624512 0.57142859697341919 9.6000003814697266
      vertex 2.8571429252624512 -1.1428571939468384 9.6000003814697266
      vertex 4 -0.80000001192092896 9.6000003814697266
    endloop
  endfacet
  facet normal 0 0 1
    outer loop
      vertex 2.8571429252624512 0.57142859697341919 9.6000003814697266
      vertex 4 -0.80000001192092896 9.6000003814697266
      vertex 4 0 9.6000003814697266
    endloop
  endfacet
  facet normal 0 0 1
    outer loop
      vertex 4 -1.6000000238418579 9.6000003814697266
      vertex 4 -0.80000001192092896 9.6000003814697266
      vertex 2.8571429252624512 -1.1428571939468384 9.6000003814697266
    endloop
  endfacet
  facet normal 0 0 1
    outer loop
      vertex 2.8571429252624512 -1.1428571939468384 9.6000003814697266
      vertex 2.391676664352417 -0.19970574975013733 9.6000003814697266
      vertex 2.3609628677368164 -0.43110790848731995 9.6000003814697266
    endloop
  endfacet
  facet normal 0 -0 1
    outer loop
      vertex 2.391676664352417 -0.19970574975013733 9.6000003814697266
      vertex 2.8571429252624512 0.57142859697341919 9.6000003814697266
      vertex 2.4000000953674316 0 9.6000003814697266
    endloop
  endfacet
  facet normal -0 -0 1
    outer loop
      vertex 2.309758186340332 -0.65193307399749756 9.6000003814697266
      vertex 2.8571429252624512 -1.1428571939468384 9.6000003814697266
      vertex 2.3609628677368164 -0.43110790848731995 9.6000003814697266
    endloop
  endfacet
  facet normal 0 -0 1
    outer loop
      vertex 2.8571429252624512 -2.8571429252624512 9.6000003814697266
      vertex 1.7142857313156128 -2.8571429252624512 9.6000003814697266
      vertex 2.4000000953674316 -4 9.6000003814697266
    endloop
  endfacet
  facet normal 0 0 1
    outer loop
      vertex 1.1428571939468384 2.2857143878936768 9.6000003814697266
      vertex 1.088740348815918 2.1388418674468994 9.6000003814697266
      vertex 1.2977448701858521 2.0188755989074707 9.6000003814697266
    endloop
  endfacet
  facet normal 0 0 1
    outer loop
      vertex 1.1428571939468384 2.8571429252624512 9.6000003814697266
      vertex 0.87227880954742432 2.2358734607696533 9.6000003814697266
      vertex 1.1428571939468384 2.2857143878936768 9.6000003814697266
    endloop
  endfacet
  facet normal 0 0 1
    outer loop
      vertex 1.088740348815918 2.1388418674468994 9.6000003814697266
      vertex 1.1428571939468384 2.2857143878936768 9.6000003814697266
      vertex 0.87227880954742432 2.2358734607696533 9.6000003814697266
    endloop
  endfacet
  facet normal 0 0 1
    outer loop
      vertex 1.1428571939468384 2.2857143878936768 9.6000003814697266
      vertex 1.2977448701858521 2.0188755989074707 9.6000003814697266
      vertex 1.7142857313156128 2.2857143878936768 9.6000003814697266
    endloop
  endfacet
  facet normal 0 0 1
    outer loop
      vertex 1.8454374074935913 1.5343925952911377 9.6000003814697266
      vertex 2.2857143878936768 1.7142857313156128 9.6000003814697266
      vertex 1.6792886257171631 1.7146397829055786 9.6000003814697266
    endloop
  endfacet
  facet normal 0 -0 1
    outer loop
      vertex 1.7142857313156128 2.2857143878936768 9.6000003814697266
      vertex 1.4957215785980225 1.8769168853759766 9.6000003814697266
      vertex 1.6792886257171631 1.7146397829055786 9.6000003814697266
    endloop
  endfacet
  facet normal -0 -0 1
    outer loop
      vertex 1.6792886257171631 1.7146397829055786 9.6000003814697266
      vertex 2.2857143878936768 1.7142857313156128 9.6000003814697266
      vertex 1.7142857313156128 2.2857143878936768 9.6000003814697266
    endloop
  endfacet
  facet normal 0 0 1
    outer loop
      vertex 1.2977448701858521 2.0188755989074707 9.6000003814697266
      vertex 1.4957215785980225 1.8769168853759766 9.6000003814697266
      vertex 1.7142857313156128 2.2857143878936768 9.6000003814697266
    endloop
  endfacet
  facet normal 0 0 1
    outer loop
      vertex 1.7142857313156128 2.8571429252624512 9.6000003814697266
      vertex 1.7142857313156128 2.2857143878936768 9.6000003814697266
      vertex 2.2857143878936768 1.7142857313156128 9.6000003814697266
    endloop
  endfacet
  facet normal 0 -0 1
    outer loop
      vertex 0.57142859697341919 2.8571429252624512 9.6000003814697266
      vertex 0.19970574975013733 2.391676664352417 9.6000003814697266
      vertex 0.43110790848731995 2.3609628677368164 9.6000003814697266
    endloop
  endfacet
  facet normal -0 0 1
    outer loop
      vertex 0.80000001192092896 4 9.6000003814697266
      vertex 0 4 9.6000003814697266
      vertex 0.57142859697341919 2.8571429252624512 9.6000003814697266
    endloop
  endfacet
  facet normal -0 -0 1
    outer loop
      vertex 0 4 9.6000003814697266
      vertex -1.1428571939468384 2.8571429252624512 9.6000003814697266
      vertex 0.57142859697341919 2.8571429252624512 9.6000003814697266
    endloop
  endfacet
  facet normal 0 0 1
    outer loop
      vertex 0.57142859697341919 2.8571429252624512 9.6000003814697266
      vertex 0.43110790848731995 2.3609628677368164 9.6000003814697266
      vertex 0.65193307399749756 2.309758186340332 9.6000003814697266
    endloop
  endfacet
  facet normal 0 -0 1
    outer loop
      vertex 0.57142859697341919 2.8571429252624512 9.6000003814697266
      vertex 1.4695762231022014e-16 2.4000000953674316 9.6000003814697266
      vertex 0.19970574975013733 2.391676664352417 9.6000003814697266
    endloop
  endfacet
  facet normal 0 0 1
    outer loop
      vertex 0.57142859697341919 2.8571429252624512 9.6000003814697266
      vertex 1.1428571939468384 2.8571429252624512 9.6000003814697266
      vertex 0.80000001192092896 4 9.6000003814697266
    endloop
  endfacet
  facet normal 0 -0 1
    outer loop
      vertex 1.1428571939468384 2.8571429252624512 9.6000003814697266
      vertex 0.65193307399749756 2.309758186340332 9.6000003814697266
      vertex 0.87227880954742432 2.2358734607696533 9.6000003814697266
    endloop
  endfacet
  facet normal -0 0 1
    outer loop
      vertex 1.6000000238418579 4 9.6000003814697266
      vertex 0.80000001192092896 4 9.6000003814697266
      vertex 1.1428571939468384 2.8571429252624512 9.6000003814697266
    endloop
  endfacet
  facet normal 0 0 1
    outer loop
      vertex 1.6000000238418579 4 9.6000003814697266
      vertex 1.1428571939468384 2.8571429252624512 9.6000003814697266
      vertex 1.7142857313156128 2.8571429252624512 9.6000003814697266
    endloop
  endfacet
  facet normal -0 0 1
    outer loop
      vertex 1.7142857313156128 2.8571429252624512 9.6000003814697266
      vertex 2.4000000953674316 4 9.6000003814697266
      vertex 1.6000000238418579 4 9.6000003814697266
    endloop
  endfacet
  facet normal 0 0 1
    outer loop
      vertex 0.65193307399749756 2.309758186340332 9.6000003814697266
      vertex 1.1428571939468384 2.8571429252624512 9.6000003814697266
      vertex 0.57142859697341919 2.8571429252624512 9.6000003814697266
    endloop
  endfacet
  facet normal 0 0 1
    outer loop
      vertex 1.8454374074935913 1.5343925952911377 9.6000003814697266
      vertex 1.9916943311691284 1.3390867710113525 9.6000003814697266
      vertex 2.2857143878936768 1.7142857313156128 9.6000003814697266
    endloop
  endfacet
  facet normal 0 -0 1
    outer loop
      vertex 2.8571429252624512 1.1428571939468384 9.6000003814697266
      vertex 2.2857143878936768 1.1428571939468384 9.6000003814697266
      vertex 2.2200558185577393 0.91178500652313232 9.6000003814697266
    endloop
  endfacet
  facet normal 0 -0 1
    outer loop
      vertex 1.9916943311691284 1.3390867710113525 9.6000003814697266
      vertex 2.2857143878936768 1.1428571939468384 9.6000003814697266
      vertex 2.2857143878936768 1.7142857313156128 9.6000003814697266
    endloop
  endfacet
  facet normal -0 0 1
    outer loop
      vertex 2.2200558185577393 0.91178500652313232 9.6000003814697266
      vertex 2.2857143878936768 1.1428571939468384 9.6000003814697266
      vertex 2.1162416934967041 1.1320426464080811 9.6000003814697266
    endloop
  endfacet
  facet normal 0 0 1
    outer loop
      vertex 2.2999680042266846 0.68567287921905518 9.6000003814697266
      vertex 2.8571429252624512 1.1428571939468384 9.6000003814697266
      vertex 2.2200558185577393 0.91178500652313232 9.6000003814697266
    endloop
  endfacet
  facet normal 0 -0 1
    outer loop
      vertex 2.3885898590087891 0.23374828696250916 9.6000003814697266
      vertex 2.4000000953674316 0 9.6000003814697266
      vertex 2.8571429252624512 0.57142859697341919 9.6000003814697266
    endloop
  endfacet
  facet normal 0 -0 1
    outer loop
      vertex 2.8571429252624512 0.57142859697341919 9.6000003814697266
      vertex 2.391676664352417 -0.19970574975013733 9.6000003814697266
      vertex 2.8571429252624512 -1.1428571939468384 9.6000003814697266
    endloop
  endfacet
  facet normal 0 0 1
    outer loop
      vertex 2.3557925224304199 0.45852115750312805 9.6000003814697266
      vertex 2.3885898590087891 0.23374828696250916 9.6000003814697266
      vertex 2.8571429252624512 0.57142859697341919 9.6000003814697266
    endloop
  endfacet
  facet normal 0 -0 1
    outer loop
      vertex 4 0.80000001192092896 9.6000003814697266
      vertex 2.8571429252624512 0.57142859697341919 9.6000003814697266
      vertex 4 0 9.6000003814697266
    endloop
  endfacet
  facet normal -0 -0 1
    outer loop
      vertex 2.8571429252624512 0.57142859697341919 9.6000003814697266
      vertex 2.8571429252624512 1.1428571939468384 9.6000003814697266
      vertex 2.2999680042266846 0.68567287921905518 9.6000003814697266
    endloop
  endfacet
  facet normal 0 0 1
    outer loop
      vertex 2.2999680042266846 0.68567287921905518 9.6000003814697266
      vertex 2.3557925224304199 0.45852115750312805 9.6000003814697266
      vertex 2.8571429252624512 0.57142859697341919 9.6000003814697266
    endloop
  endfacet
  facet normal 0 -0 1
    outer loop
      vertex 4 0.80000001192092896 9.6000003814697266
      vertex 2.8571429252624512 1.1428571939468384 9.6000003814697266
      vertex 2.8571429252624512 0.57142859697341919 9.6000003814697266
    endloop
  endfacet
  facet normal -0 0 1
    outer loop
      vertex 2.4000000953674316 4 9.6000003814697266
      vertex 1.7142857313156128 2.8571429252624512 9.6000003814697266
      vertex 3.2000000476837158 4 9.6000003814697266
    endloop
  endfacet
  facet normal 0 -0 1
    outer loop
      vertex 3.2000000476837158 4 9.6000003814697266
      vertex 1.7142857313156128 2.8571429252624512 9.6000003814697266
      vertex 2.8571429252624512 1.7142857313156128 9.6000003814697266
    endloop
  endfacet
  facet normal 0 -0 1
    outer loop
      vertex 2.8571429252624512 1.7142857313156128 9.6000003814697266
      vertex 2.8571429252624512 1.1428571939468384 9.6000003814697266
      vertex 4 1.6000000238418579 9.6000003814697266
    endloop
  endfacet
  facet normal 0 -0 1
    outer loop
      vertex 2.8571429252624512 1.7142857313156128 9.6000003814697266
      vertex 1.7142857313156128 2.8571429252624512 9.6000003814697266
      vertex 2.2857143878936768 1.7142857313156128 9.6000003814697266
    endloop
  endfacet
  facet normal -0 0 1
    outer loop
      vertex 4 2.4000000953674316 9.6000003814697266
      vertex 4 3.2000000476837158 9.6000003814697266
      vertex 2.8571429252624512 1.7142857313156128 9.6000003814697266
    endloop
  endfacet
  facet normal 0 -0 1
    outer loop
      vertex 4 4 9.6000003814697266
      vertex 3.2000000476837158 4 9.6000003814697266
      vertex 4 3.2000000476837158 9.6000003814697266
    endloop
  endfacet
  facet normal -0 0 1
    outer loop
      vertex 4 3.2000000476837158 9.6000003814697266
      vertex 3.2000000476837158 4 9.6000003814697266
      vertex 2.8571429252624512 1.7142857313156128 9.6000003814697266
    endloop
  endfacet
  facet normal 0 0 1
    outer loop
      vertex 4 1.6000000238418579 9.6000003814697266
      vertex 4 2.4000000953674316 9.6000003814697266
      vertex 2.8571429252624512 1.7142857313156128 9.6000003814697266
    endloop
  endfacet
  facet normal 0 -0 1
    outer loop
      vertex 4 1.6000000238418579 9.6000003814697266
      vertex 2.8571429252624512 1.1428571939468384 9.6000003814697266
      vertex 4 0.80000001192092896 9.6000003814697266
    endloop
  endfacet
  facet normal 0 -0 1
    outer loop
      vertex 2.2857143878936768 1.1428571939468384 9.6000003814697266
      vertex 1.9916943311691284 1.3390867710113525 9.6000003814697266
      vertex 2.1162416934967041 1.1320426464080811 9.6000003814697266
    endloop
  endfacet
  facet normal -0.99538438409497287 -0.095968369267542056 0
    outer loop
      vertex 1.2000000476837158 0 8.8000001907348633
      vertex 1.17789626121521 0.22926057875156403 8
      vertex 1.2000000476837158 0 8
    endloop
  endfacet
  facet normal -0.95796720196296237 -0.28687774393154464 -0
    outer loop
      vertex 1.1100279092788696 0.45589250326156616 8.8000001907348633
      vertex 1.1100279092788696 0.45589250326156616 8
      vertex 1.17789626121521 0.22926057875156403 8
    endloop
  endfacet
  facet normal -0.76877987251444535 -0.63951349291213011 0
    outer loop
      vertex 0.83964431285858154 0.85731989145278931 8
      vertex 0.99584716558456421 0.66954338550567627 8
      vertex 0.99584716558456421 0.66954338550567627 8.8000001907348633
    endloop
  endfacet
  facet normal -0.76877987251444535 -0.63951349291213011 0
    outer loop
      vertex 0.83964431285858154 0.85731989145278931 8
      vertex 0.99584716558456421 0.66954338550567627 8.8000001907348633
      vertex 0.83964431285858154 0.85731989145278931 8.8000001907348633
    endloop
  endfacet
  facet normal -0.62344573952544402 -0.78186661897511134 0
    outer loop
      vertex 0.64887243509292603 1.0094377994537354 8
      vertex 0.83964431285858154 0.85731989145278931 8
      vertex 0.83964431285858154 0.85731989145278931 8.8000001907348633
    endloop
  endfacet
  facet normal -0.62344573952544402 -0.78186661897511134 0
    outer loop
      vertex 0.64887243509292603 1.0094377994537354 8
      vertex 0.83964431285858154 0.85731989145278931 8.8000001907348633
      vertex 0.64887243509292603 1.0094377994537354 8.8000001907348633
    endloop
  endfacet
  facet normal -0.88195220829354515 -0.47133884020536537 0
    outer loop
      vertex 0.99584716558456421 0.66954338550567627 8
      vertex 1.1100279092788696 0.45589250326156616 8
      vertex 1.1100279092788696 0.45589250326156616 8.8000001907348633
    endloop
  endfacet
  facet normal -0.88195220829354515 -0.47133884020536537 0
    outer loop
      vertex 0.99584716558456421 0.66954338550567627 8
      vertex 1.1100279092788696 0.45589250326156616 8.8000001907348633
      vertex 0.99584716558456421 0.66954338550567627 8.8000001907348633
    endloop
  endfacet
  facet normal -0.95796720196296237 -0.28687774393154464 0
    outer loop
      vertex 1.1100279092788696 0.45589250326156616 8.8000001907348633
      vertex 1.17789626121521 0.22926057875156403 8
      vertex 1.17789626121521 0.22926057875156403 9.6000003814697266
    endloop
  endfacet
  facet normal -0.99538438409497287 -0.095968369267542056 -0
    outer loop
      vertex 1.17789626121521 0.22926057875156403 8
      vertex 1.2000000476837158 0 8.8000001907348633
      vertex 1.17789626121521 0.22926057875156403 9.6000003814697266
    endloop
  endfacet
  facet normal -0.88195220829354515 -0.47133884020536537 0
    outer loop
      vertex 0.99584716558456421 0.66954338550567627 8.8000001907348633
      vertex 1.1100279092788696 0.45589250326156616 8.8000001907348633
      vertex 1.1100279092788696 0.45589250326156616 9.6000003814697266
    endloop
  endfacet
  facet normal -0.88195220829354515 -0.47133884020536537 0
    outer loop
      vertex 0.99584716558456421 0.66954338550567627 8.8000001907348633
      vertex 1.1100279092788696 0.45589250326156616 9.6000003814697266
      vertex 0.99584716558456421 0.66954338550567627 9.6000003814697266
    endloop
  endfacet
  facet normal -0.45434298262088058 -0.89082683735008927 0
    outer loop
      vertex 0.43613940477371216 1.1179367303848267 8
      vertex 0.64887243509292603 1.0094377994537354 8
      vertex 0.64887243509292603 1.0094377994537354 8.8000001907348633
    endloop
  endfacet
  facet normal -0.45434298262088058 -0.89082683735008927 -0
    outer loop
      vertex 0.43613940477371216 1.1179367303848267 8
      vertex 0.64887243509292603 1.0094377994537354 8.8000001907348633
      vertex 0.43613940477371216 1.1179367303848267 8.8000001907348633
    endloop
  endfacet
  facet normal -0.62344573952544402 -0.78186661897511134 0
    outer loop
      vertex 0.64887243509292603 1.0094377994537354 8.8000001907348633
      vertex 0.83964431285858154 0.85731989145278931 8.8000001907348633
      vertex 0.83964431285858154 0.85731989145278931 9.6000003814697266
    endloop
  endfacet
  facet normal -0.62344573952544402 -0.78186661897511134 0
    outer loop
      vertex 0.64887243509292603 1.0094377994537354 8.8000001907348633
      vertex 0.83964431285858154 0.85731989145278931 9.6000003814697266
      vertex 0.64887243509292603 1.0094377994537354 9.6000003814697266
    endloop
  endfacet
  facet normal -0.76877987251444535 -0.63951349291213011 0
    outer loop
      vertex 0.83964431285858154 0.85731989145278931 8.8000001907348633
      vertex 0.99584716558456421 0.66954338550567627 8.8000001907348633
      vertex 0.99584716558456421 0.66954338550567627 9.6000003814697266
    endloop
  endfacet
  facet normal -0.76877987251444535 -0.63951349291213011 0
    outer loop
      vertex 0.83964431285858154 0.85731989145278931 8.8000001907348633
      vertex 0.99584716558456421 0.66954338550567627 9.6000003814697266
      vertex 0.83964431285858154 0.85731989145278931 9.6000003814697266
    endloop
  endfacet
  facet normal -0.090181975401452924 -0.99592530408293767 -2.2535386961507498e-17
    outer loop
      vertex 0.21555395424365997 1.1804814338684082 8.8000001907348633
      vertex -1.2643157877852509e-16 1.2000000476837158 8.8000001907348633
      vertex 7.3478811155110071e-17 1.2000000476837158 8
    endloop
  endfacet
  facet normal -0.090181975401453021 -0.99592530408293767 0
    outer loop
      vertex 0.21555395424365997 1.1804814338684082 8.8000001907348633
      vertex 7.3478811155110071e-17 1.2000000476837158 8
      vertex 0.21555395424365997 1.1804814338684082 8
    endloop
  endfacet
  facet normal 0.28687774393154464 -0.95796720196296237 0
    outer loop
      vertex -0.45589250326156616 1.1100279092788696 8
      vertex -0.22926057875156403 1.17789626121521 8
      vertex -0.22926057875156403 1.17789626121521 8.8000001907348633
    endloop
  endfacet
  facet normal 0.28687774393154464 -0.95796720196296237 -1.3294465555687728e-17
    outer loop
      vertex -0.45589250326156616 1.1100279092788696 8
      vertex -0.22926057875156403 1.17789626121521 8.8000001907348633
      vertex -0.45589250326156616 1.1100279092788696 8.8000001907348633
    endloop
  endfacet
  facet normal 0.47133884020536537 -0.88195220829354515 0
    outer loop
      vertex -0.66954338550567627 0.99584716558456421 8
      vertex -0.45589250326156616 1.1100279092788696 8
      vertex -0.45589250326156616 1.1100279092788696 8.8000001907348633
    endloop
  endfacet
  facet normal 0.47133884020536537 -0.88195220829354515 0
    outer loop
      vertex -0.66954338550567627 0.99584716558456421 8
      vertex -0.45589250326156616 1.1100279092788696 8.8000001907348633
      vertex -0.66954338550567627 0.99584716558456421 8.8000001907348633
    endloop
  endfacet
  facet normal 0.095968369267542014 -0.99538438409497287 2.398133693436549e-17
    outer loop
      vertex -0.22926057875156403 1.17789626121521 8
      vertex 7.3478811155110071e-17 1.2000000476837158 8
      vertex -1.2643157877852509e-16 1.2000000476837158 8.8000001907348633
    endloop
  endfacet
  facet normal 0.095968369267542111 -0.99538438409497298 0
    outer loop
      vertex -0.22926057875156403 1.17789626121521 8
      vertex -1.2643157877852509e-16 1.2000000476837158 8.8000001907348633
      vertex -0.22926057875156403 1.17789626121521 8.8000001907348633
    endloop
  endfacet
  facet normal -0.27278623666522051 -0.96207466918427209 0
    outer loop
      vertex 0.21555395424365997 1.1804814338684082 8
      vertex 0.43613940477371216 1.1179367303848267 8
      vertex 0.43613940477371216 1.1179367303848267 8.8000001907348633
    endloop
  endfacet
  facet normal -0.27278623666522051 -0.96207466918427209 0
    outer loop
      vertex 0.21555395424365997 1.1804814338684082 8
      vertex 0.43613940477371216 1.1179367303848267 8.8000001907348633
      vertex 0.21555395424365997 1.1804814338684082 8.8000001907348633
    endloop
  endfacet
  facet normal 0.63951349291213011 -0.76877987251444535 0
    outer loop
      vertex -0.85731989145278931 0.83964431285858154 8
      vertex -0.66954338550567627 0.99584716558456421 8
      vertex -0.66954338550567627 0.99584716558456421 8.8000001907348633
    endloop
  endfacet
  facet normal 0.63951349291213011 -0.76877987251444535 0
    outer loop
      vertex -0.85731989145278931 0.83964431285858154 8
      vertex -0.66954338550567627 0.99584716558456421 8.8000001907348633
      vertex -0.85731989145278931 0.83964431285858154 8.8000001907348633
    endloop
  endfacet
  facet normal 0.78186661897511134 -0.62344573952544402 -0
    outer loop
      vertex -1.0094377994537354 0.64887243509292603 8
      vertex -0.85731989145278931 0.83964431285858154 8
      vertex -0.85731989145278931 0.83964431285858154 8.8000001907348633
    endloop
  endfacet
  facet normal 0.78186661897511134 -0.62344573952544402 0
    outer loop
      vertex -1.0094377994537354 0.64887243509292603 8
      vertex -0.85731989145278931 0.83964431285858154 8.8000001907348633
      vertex -1.0094377994537354 0.64887243509292603 8.8000001907348633
    endloop
  endfacet
  facet normal -0.27278623666522051 -0.96207466918427209 0
    outer loop
      vertex 0.21555395424365997 1.1804814338684082 8.8000001907348633
      vertex 0.43613940477371216 1.1179367303848267 8.8000001907348633
      vertex 0.43613940477371216 1.1179367303848267 9.6000003814697266
    endloop
  endfacet
  facet normal -0.27278623666522051 -0.96207466918427209 0
    outer loop
      vertex 0.21555395424365997 1.1804814338684082 8.8000001907348633
      vertex 0.43613940477371216 1.1179367303848267 9.6000003814697266
      vertex 0.21555395424365997 1.1804814338684082 9.6000003814697266
    endloop
  endfacet
  facet normal 0.89082683735008927 -0.45434298262088058 0
    outer loop
      vertex -1.1179367303848267 0.43613940477371216 8
      vertex -1.0094377994537354 0.64887243509292603 8
      vertex -1.0094377994537354 0.64887243509292603 8.8000001907348633
    endloop
  endfacet
  facet normal 0.89082683735008927 -0.45434298262088058 0
    outer loop
      vertex -1.1179367303848267 0.43613940477371216 8
      vertex -1.0094377994537354 0.64887243509292603 8.8000001907348633
      vertex -1.1179367303848267 0.43613940477371216 8.8000001907348633
    endloop
  endfacet
  facet normal 0.96207466918427209 -0.27278623666522051 -0
    outer loop
      vertex -1.1804814338684082 0.21555395424365997 8
      vertex -1.1179367303848267 0.43613940477371216 8
      vertex -1.1179367303848267 0.43613940477371216 8.8000001907348633
    endloop
  endfacet
  facet normal 0.96207466918427209 -0.27278623666522051 0
    outer loop
      vertex -1.1804814338684082 0.21555395424365997 8
      vertex -1.1179367303848267 0.43613940477371216 8.8000001907348633
      vertex -1.1804814338684082 0.21555395424365997 8.8000001907348633
    endloop
  endfacet
  facet normal 0.99592530408293767 -0.09018197540145298 -0
    outer loop
      vertex -1.2000000476837158 0 8
      vertex -1.1804814338684082 0.21555395424365997 8
      vertex -1.1804814338684082 0.21555395424365997 8.8000001907348633
    endloop
  endfacet
  facet normal 0.99592530408293767 -0.090181975401452827 -4.1463720127488293e-17
    outer loop
      vertex -1.2000000476837158 0 8
      vertex -1.1804814338684082 0.21555395424365997 8.8000001907348633
      vertex -1.2000000476837158 -3.9982075339749072e-16 8.8000001907348633
    endloop
  endfacet
  facet normal -0.45434298262088058 -0.89082683735008927 0
    outer loop
      vertex 0.43613940477371216 1.1179367303848267 8.8000001907348633
      vertex 0.64887243509292603 1.0094377994537354 8.8000001907348633
      vertex 0.64887243509292603 1.0094377994537354 9.6000003814697266
    endloop
  endfacet
  facet normal -0.45434298262088058 -0.89082683735008927 -0
    outer loop
      vertex 0.43613940477371216 1.1179367303848267 8.8000001907348633
      vertex 0.64887243509292603 1.0094377994537354 9.6000003814697266
      vertex 0.43613940477371216 1.1179367303848267 9.6000003814697266
    endloop
  endfacet
  facet normal -0.99538438409497287 -0.095968369267542056 0
    outer loop
      vertex 1.17789626121521 0.22926057875156403 9.6000003814697266
      vertex 1.2000000476837158 0 8.8000001907348633
      vertex 1.2000000476837158 0 9.6000003814697266
    endloop
  endfacet
  facet normal -0.95796720196296237 -0.28687774393154464 -0
    outer loop
      vertex 1.1100279092788696 0.45589250326156616 9.6000003814697266
      vertex 1.1100279092788696 0.45589250326156616 8.8000001907348633
      vertex 1.17789626121521 0.22926057875156403 9.6000003814697266
    endloop
  endfacet
  facet normal 0.095968369267542111 -0.99538438409497298 -2.3981336934365515e-17
    outer loop
      vertex -0.22926057875156403 1.17789626121521 8.8000001907348633
      vertex -1.2643157877852509e-16 1.2000000476837158 8.8000001907348633
      vertex 7.3478811155110071e-17 1.2000000476837158 9.6000003814697266
    endloop
  endfacet
  facet normal 0.095968369267542014 -0.99538438409497287 0
    outer loop
      vertex -0.22926057875156403 1.17789626121521 8.8000001907348633
      vertex 7.3478811155110071e-17 1.2000000476837158 9.6000003814697266
      vertex -0.22926057875156403 1.17789626121521 9.6000003814697266
    endloop
  endfacet
  facet normal -0.090181975401453035 -0.99592530408293778 2.2535386961507523e-17
    outer loop
      vertex 0.21555395424365997 1.1804814338684082 9.6000003814697266
      vertex 7.3478811155110071e-17 1.2000000476837158 9.6000003814697266
      vertex -1.2643157877852509e-16 1.2000000476837158 8.8000001907348633
    endloop
  endfacet
  facet normal -0.090181975401452924 -0.99592530408293767 0
    outer loop
      vertex 0.21555395424365997 1.1804814338684082 9.6000003814697266
      vertex -1.2643157877852509e-16 1.2000000476837158 8.8000001907348633
      vertex 0.21555395424365997 1.1804814338684082 8.8000001907348633
    endloop
  endfacet
  facet normal 0.28687774393154464 -0.95796720196296237 -0
    outer loop
      vertex -0.22926057875156403 1.17789626121521 9.6000003814697266
      vertex -0.45589250326156616 1.1100279092788696 9.6000003814697266
      vertex -0.45589250326156616 1.1100279092788696 8.8000001907348633
    endloop
  endfacet
  facet normal 0.28687774393154464 -0.95796720196296237 -1.3294465555687728e-17
    outer loop
      vertex -0.22926057875156403 1.17789626121521 9.6000003814697266
      vertex -0.45589250326156616 1.1100279092788696 8.8000001907348633
      vertex -0.22926057875156403 1.17789626121521 8.8000001907348633
    endloop
  endfacet
  facet normal 0.47133884020536537 -0.88195220829354515 0
    outer loop
      vertex -0.66954338550567627 0.99584716558456421 8.8000001907348633
      vertex -0.45589250326156616 1.1100279092788696 8.8000001907348633
      vertex -0.45589250326156616 1.1100279092788696 9.6000003814697266
    endloop
  endfacet
  facet normal 0.47133884020536537 -0.88195220829354515 0
    outer loop
      vertex -0.66954338550567627 0.99584716558456421 8.8000001907348633
      vertex -0.45589250326156616 1.1100279092788696 9.6000003814697266
      vertex -0.66954338550567627 0.99584716558456421 9.6000003814697266
    endloop
  endfacet
  facet normal 0.63951349291213011 -0.76877987251444535 0
    outer loop
      vertex -0.85731989145278931 0.83964431285858154 8.8000001907348633
      vertex -0.66954338550567627 0.99584716558456421 8.8000001907348633
      vertex -0.66954338550567627 0.99584716558456421 9.6000003814697266
    endloop
  endfacet
  facet normal 0.63951349291213011 -0.76877987251444535 0
    outer loop
      vertex -0.85731989145278931 0.83964431285858154 8.8000001907348633
      vertex -0.66954338550567627 0.99584716558456421 9.6000003814697266
      vertex -0.85731989145278931 0.83964431285858154 9.6000003814697266
    endloop
  endfacet
  facet normal 0.89082683735008927 -0.45434298262088058 0
    outer loop
      vertex -1.1179367303848267 0.43613940477371216 8.8000001907348633
      vertex -1.0094377994537354 0.64887243509292603 8.8000001907348633
      vertex -1.0094377994537354 0.64887243509292603 9.6000003814697266
    endloop
  endfacet
  facet normal 0.89082683735008927 -0.45434298262088058 0
    outer loop
      vertex -1.1179367303848267 0.43613940477371216 8.8000001907348633
      vertex -1.0094377994537354 0.64887243509292603 9.6000003814697266
      vertex -1.1179367303848267 0.43613940477371216 9.6000003814697266
    endloop
  endfacet
  facet normal 0.96207466918427209 -0.27278623666522051 -0
    outer loop
      vertex -1.1804814338684082 0.21555395424365997 8.8000001907348633
      vertex -1.1179367303848267 0.43613940477371216 8.8000001907348633
      vertex -1.1179367303848267 0.43613940477371216 9.6000003814697266
    endloop
  endfacet
  facet normal 0.96207466918427209 -0.27278623666522051 0
    outer loop
      vertex -1.1804814338684082 0.21555395424365997 8.8000001907348633
      vertex -1.1179367303848267 0.43613940477371216 9.6000003814697266
      vertex -1.1804814338684082 0.21555395424365997 9.6000003814697266
    endloop
  endfacet
  facet normal 0.78186661897511134 -0.62344573952544402 -0
    outer loop
      vertex -1.0094377994537354 0.64887243509292603 8.8000001907348633
      vertex -0.85731989145278931 0.83964431285858154 8.8000001907348633
      vertex -0.85731989145278931 0.83964431285858154 9.6000003814697266
    endloop
  endfacet
  facet normal 0.78186661897511134 -0.62344573952544402 0
    outer loop
      vertex -1.0094377994537354 0.64887243509292603 8.8000001907348633
      vertex -0.85731989145278931 0.83964431285858154 9.6000003814697266
      vertex -1.0094377994537354 0.64887243509292603 9.6000003814697266
    endloop
  endfacet
  facet normal 0.99592530408293767 -0.090181975401452827 -0
    outer loop
      vertex -1.2000000476837158 -3.9982075339749072e-16 8.8000001907348633
      vertex -1.1804814338684082 0.21555395424365997 8.8000001907348633
      vertex -1.1804814338684082 0.21555395424365997 9.6000003814697266
    endloop
  endfacet
  facet normal 0.99592530408293778 -0.090181975401453021 4.5070770939144487e-17
    outer loop
      vertex -1.2000000476837158 -3.9982075339749072e-16 8.8000001907348633
      vertex -1.1804814338684082 0.21555395424365997 9.6000003814697266
      vertex -1.2000000476837158 0 9.6000003814697266
    endloop
  endfacet
  facet normal 0.99538438409497287 0.095968369267542208 0
    outer loop
      vertex -1.2000000476837158 -3.9982075339749072e-16 8.8000001907348633
      vertex -1.17789626121521 -0.22926057875156403 8.8000001907348633
      vertex -1.17789626121521 -0.22926057875156403 8
    endloop
  endfacet
  facet normal 0.99538438409497287 0.095968369267542042 4.7962670693404767e-17
    outer loop
      vertex -1.2000000476837158 -3.9982075339749072e-16 8.8000001907348633
      vertex -1.17789626121521 -0.22926057875156403 8
      vertex -1.2000000476837158 0 8
    endloop
  endfacet
  facet normal 0.95796720196296237 0.28687774393154464 -0
    outer loop
      vertex -1.1100279092788696 -0.45589250326156616 8
      vertex -1.17789626121521 -0.22926057875156403 8
      vertex -1.17789626121521 -0.22926057875156403 8.8000001907348633
    endloop
  endfacet
  facet normal 0.95796720196296237 0.28687774393154464 -1.3294465555687728e-17
    outer loop
      vertex -1.1100279092788696 -0.45589250326156616 8
      vertex -1.17789626121521 -0.22926057875156403 8.8000001907348633
      vertex -1.1100279092788696 -0.45589250326156616 8.8000001907348633
    endloop
  endfacet
  facet normal 0.88195220829354515 0.47133884020536537 -0
    outer loop
      vertex -0.99584716558456421 -0.66954338550567627 8
      vertex -1.1100279092788696 -0.45589250326156616 8
      vertex -1.1100279092788696 -0.45589250326156616 8.8000001907348633
    endloop
  endfacet
  facet normal 0.88195220829354515 0.47133884020536537 0
    outer loop
      vertex -0.99584716558456421 -0.66954338550567627 8
      vertex -1.1100279092788696 -0.45589250326156616 8.8000001907348633
      vertex -0.99584716558456421 -0.66954338550567627 8.8000001907348633
    endloop
  endfacet
  facet normal 0.62344573952544402 0.78186661897511134 -0
    outer loop
      vertex -0.64887243509292603 -1.0094377994537354 8
      vertex -0.83964431285858154 -0.85731989145278931 8
      vertex -0.83964431285858154 -0.85731989145278931 8.8000001907348633
    endloop
  endfacet
  facet normal 0.62344573952544402 0.78186661897511134 0
    outer loop
      vertex -0.64887243509292603 -1.0094377994537354 8
      vertex -0.83964431285858154 -0.85731989145278931 8.8000001907348633
      vertex -0.64887243509292603 -1.0094377994537354 8.8000001907348633
    endloop
  endfacet
  facet normal 0.45434298262088058 0.89082683735008927 -0
    outer loop
      vertex -0.43613940477371216 -1.1179367303848267 8
      vertex -0.64887243509292603 -1.0094377994537354 8
      vertex -0.64887243509292603 -1.0094377994537354 8.8000001907348633
    endloop
  endfacet
  facet normal 0.45434298262088058 0.89082683735008927 0
    outer loop
      vertex -0.43613940477371216 -1.1179367303848267 8
      vertex -0.64887243509292603 -1.0094377994537354 8.8000001907348633
      vertex -0.43613940477371216 -1.1179367303848267 8.8000001907348633
    endloop
  endfacet
  facet normal 0.76877987251444535 0.63951349291213011 -0
    outer loop
      vertex -0.83964431285858154 -0.85731989145278931 8
      vertex -0.99584716558456421 -0.66954338550567627 8
      vertex -0.99584716558456421 -0.66954338550567627 8.8000001907348633
    endloop
  endfacet
  facet normal 0.76877987251444535 0.63951349291213011 0
    outer loop
      vertex -0.83964431285858154 -0.85731989145278931 8
      vertex -0.99584716558456421 -0.66954338550567627 8.8000001907348633
      vertex -0.83964431285858154 -0.85731989145278931 8.8000001907348633
    endloop
  endfacet
  facet normal 0.95796720196296237 0.28687774393154464 -0
    outer loop
      vertex -1.1100279092788696 -0.45589250326156616 8.8000001907348633
      vertex -1.17789626121521 -0.22926057875156403 8.8000001907348633
      vertex -1.17789626121521 -0.22926057875156403 9.6000003814697266
    endloop
  endfacet
  facet normal 0.95796720196296237 0.28687774393154464 -1.3294465555687728e-17
    outer loop
      vertex -1.1100279092788696 -0.45589250326156616 8.8000001907348633
      vertex -1.17789626121521 -0.22926057875156403 9.6000003814697266
      vertex -1.1100279092788696 -0.45589250326156616 9.6000003814697266
    endloop
  endfacet
  facet normal 0.88195220829354515 0.47133884020536537 -0
    outer loop
      vertex -0.99584716558456421 -0.66954338550567627 8.8000001907348633
      vertex -1.1100279092788696 -0.45589250326156616 8.8000001907348633
      vertex -1.1100279092788696 -0.45589250326156616 9.6000003814697266
    endloop
  endfacet
  facet normal 0.88195220829354515 0.47133884020536537 0
    outer loop
      vertex -0.99584716558456421 -0.66954338550567627 8.8000001907348633
      vertex -1.1100279092788696 -0.45589250326156616 9.6000003814697266
      vertex -0.99584716558456421 -0.66954338550567627 9.6000003814697266
    endloop
  endfacet
  facet normal 0.62344573952544402 0.78186661897511134 -0
    outer loop
      vertex -0.64887243509292603 -1.0094377994537354 8.8000001907348633
      vertex -0.83964431285858154 -0.85731989145278931 8.8000001907348633
      vertex -0.83964431285858154 -0.85731989145278931 9.6000003814697266
    endloop
  endfacet
  facet normal 0.62344573952544402 0.78186661897511134 0
    outer loop
      vertex -0.64887243509292603 -1.0094377994537354 8.8000001907348633
      vertex -0.83964431285858154 -0.85731989145278931 9.6000003814697266
      vertex -0.64887243509292603 -1.0094377994537354 9.6000003814697266
    endloop
  endfacet
  facet normal 0.45434298262088058 0.89082683735008927 -0
    outer loop
      vertex -0.43613940477371216 -1.1179367303848267 8.8000001907348633
      vertex -0.64887243509292603 -1.0094377994537354 8.8000001907348633
      vertex -0.64887243509292603 -1.0094377994537354 9.6000003814697266
    endloop
  endfacet
  facet normal 0.45434298262088058 0.89082683735008927 0
    outer loop
      vertex -0.43613940477371216 -1.1179367303848267 8.8000001907348633
      vertex -0.64887243509292603 -1.0094377994537354 9.6000003814697266
      vertex -0.43613940477371216 -1.1179367303848267 9.6000003814697266
    endloop
  endfacet
  facet normal 0.76877987251444535 0.63951349291213011 -0
    outer loop
      vertex -0.83964431285858154 -0.85731989145278931 8.8000001907348633
      vertex -0.99584716558456421 -0.66954338550567627 8.8000001907348633
      vertex -0.99584716558456421 -0.66954338550567627 9.6000003814697266
    endloop
  endfacet
  facet normal 0.76877987251444535 0.63951349291213011 0
    outer loop
      vertex -0.83964431285858154 -0.85731989145278931 8.8000001907348633
      vertex -0.99584716558456421 -0.66954338550567627 9.6000003814697266
      vertex -0.83964431285858154 -0.85731989145278931 9.6000003814697266
    endloop
  endfacet
  facet normal 0.27278623666522051 0.96207466918427209 0
    outer loop
      vertex -0.43613940477371216 -1.1179367303848267 8.8000001907348633
      vertex -0.21555395424365997 -1.1804814338684082 8.8000001907348633
      vertex -0.21555395424365997 -1.1804814338684082 8
    endloop
  endfacet
  facet normal 0.27278623666522051 0.96207466918427209 0
    outer loop
      vertex -0.43613940477371216 -1.1179367303848267 8.8000001907348633
      vertex -0.21555395424365997 -1.1804814338684082 8
      vertex -0.43613940477371216 -1.1179367303848267 8
    endloop
  endfacet
  facet normal 0.99538438409497287 0.095968369267542056 0
    outer loop
      vertex -1.2000000476837158 0 9.6000003814697266
      vertex -1.17789626121521 -0.22926057875156403 9.6000003814697266
      vertex -1.17789626121521 -0.22926057875156403 8.8000001907348633
    endloop
  endfacet
  facet normal 0.99538438409497287 0.095968369267542208 -4.4894633126466879e-17
    outer loop
      vertex -1.2000000476837158 0 9.6000003814697266
      vertex -1.17789626121521 -0.22926057875156403 8.8000001907348633
      vertex -1.2000000476837158 -3.9982075339749072e-16 8.8000001907348633
    endloop
  endfacet
  facet normal 0.090181975401453077 0.99592530408293767 -0
    outer loop
      vertex -2.2043642023044041e-16 -1.2000000476837158 8
      vertex -0.21555395424365997 -1.1804814338684082 8
      vertex -0.21555395424365997 -1.1804814338684082 8.8000001907348633
    endloop
  endfacet
  facet normal 0.090181975401452757 0.99592530408293778 -9.0141543370223984e-17
    outer loop
      vertex -2.2043642023044041e-16 -1.2000000476837158 8
      vertex -0.21555395424365997 -1.1804814338684082 8.8000001907348633
      vertex 5.7920509979943083e-16 -1.2000000476837158 8.8000001907348633
    endloop
  endfacet
  facet normal -0.095968369267542292 0.99538438409497287 0
    outer loop
      vertex 5.7920509979943083e-16 -1.2000000476837158 8.8000001907348633
      vertex 0.22926057875156403 -1.17789626121521 8.8000001907348633
      vertex 0.22926057875156403 -1.17789626121521 8
    endloop
  endfacet
  facet normal -0.095968369267541959 0.99538438409497287 9.592534297447257e-17
    outer loop
      vertex 5.7920509979943083e-16 -1.2000000476837158 8.8000001907348633
      vertex 0.22926057875156403 -1.17789626121521 8
      vertex -2.2043642023044041e-16 -1.2000000476837158 8
    endloop
  endfacet
  facet normal -0.28687774393154464 0.95796720196296237 -0
    outer loop
      vertex 0.45589250326156616 -1.1100279092788696 8
      vertex 0.22926057875156403 -1.17789626121521 8
      vertex 0.22926057875156403 -1.17789626121521 8.8000001907348633
    endloop
  endfacet
  facet normal -0.28687774393154464 0.95796720196296237 -1.3294465555687728e-17
    outer loop
      vertex 0.45589250326156616 -1.1100279092788696 8
      vertex 0.22926057875156403 -1.17789626121521 8.8000001907348633
      vertex 0.45589250326156616 -1.1100279092788696 8.8000001907348633
    endloop
  endfacet
  facet normal -0.47133884020536537 0.88195220829354515 -0
    outer loop
      vertex 0.66954338550567627 -0.99584716558456421 8
      vertex 0.45589250326156616 -1.1100279092788696 8
      vertex 0.45589250326156616 -1.1100279092788696 8.8000001907348633
    endloop
  endfacet
  facet normal -0.47133884020536537 0.88195220829354515 0
    outer loop
      vertex 0.66954338550567627 -0.99584716558456421 8
      vertex 0.45589250326156616 -1.1100279092788696 8.8000001907348633
      vertex 0.66954338550567627 -0.99584716558456421 8.8000001907348633
    endloop
  endfacet
  facet normal -0.63951349291213011 0.76877987251444535 -0
    outer loop
      vertex 0.85731989145278931 -0.83964431285858154 8
      vertex 0.66954338550567627 -0.99584716558456421 8
      vertex 0.66954338550567627 -0.99584716558456421 8.8000001907348633
    endloop
  endfacet
  facet normal -0.63951349291213011 0.76877987251444535 0
    outer loop
      vertex 0.85731989145278931 -0.83964431285858154 8
      vertex 0.66954338550567627 -0.99584716558456421 8.8000001907348633
      vertex 0.85731989145278931 -0.83964431285858154 8.8000001907348633
    endloop
  endfacet
  facet normal -0.78186661897511134 0.62344573952544402 0
    outer loop
      vertex 1.0094377994537354 -0.64887243509292603 8
      vertex 0.85731989145278931 -0.83964431285858154 8
      vertex 0.85731989145278931 -0.83964431285858154 8.8000001907348633
    endloop
  endfacet
  facet normal -0.78186661897511134 0.62344573952544402 0
    outer loop
      vertex 1.0094377994537354 -0.64887243509292603 8
      vertex 0.85731989145278931 -0.83964431285858154 8.8000001907348633
      vertex 1.0094377994537354 -0.64887243509292603 8.8000001907348633
    endloop
  endfacet
  facet normal 0.090181975401452744 0.99592530408293767 -0
    outer loop
      vertex 5.7920509979943083e-16 -1.2000000476837158 8.8000001907348633
      vertex -0.21555395424365997 -1.1804814338684082 8.8000001907348633
      vertex -0.21555395424365997 -1.1804814338684082 9.6000003814697266
    endloop
  endfacet
  facet normal 0.090181975401453091 0.99592530408293778 9.0141543370224317e-17
    outer loop
      vertex 5.7920509979943083e-16 -1.2000000476837158 8.8000001907348633
      vertex -0.21555395424365997 -1.1804814338684082 9.6000003814697266
      vertex -2.2043642023044041e-16 -1.2000000476837158 9.6000003814697266
    endloop
  endfacet
  facet normal -0.89082683735008927 0.45434298262088058 0
    outer loop
      vertex 1.1179367303848267 -0.43613940477371216 8
      vertex 1.0094377994537354 -0.64887243509292603 8
      vertex 1.0094377994537354 -0.64887243509292603 8.8000001907348633
    endloop
  endfacet
  facet normal -0.89082683735008927 0.45434298262088058 0
    outer loop
      vertex 1.1179367303848267 -0.43613940477371216 8
      vertex 1.0094377994537354 -0.64887243509292603 8.8000001907348633
      vertex 1.1179367303848267 -0.43613940477371216 8.8000001907348633
    endloop
  endfacet
  facet normal -0.96207466918427209 0.27278623666522051 0
    outer loop
      vertex 1.1804814338684082 -0.21555395424365997 8
      vertex 1.1179367303848267 -0.43613940477371216 8
      vertex 1.1179367303848267 -0.43613940477371216 8.8000001907348633
    endloop
  endfacet
  facet normal -0.96207466918427209 0.27278623666522051 0
    outer loop
      vertex 1.1804814338684082 -0.21555395424365997 8
      vertex 1.1179367303848267 -0.43613940477371216 8.8000001907348633
      vertex 1.1804814338684082 -0.21555395424365997 8.8000001907348633
    endloop
  endfacet
  facet normal -0.99592530408293767 0.09018197540145298 0
    outer loop
      vertex 1.2000000476837158 0 8
      vertex 1.1804814338684082 -0.21555395424365997 8
      vertex 1.1804814338684082 -0.21555395424365997 8.8000001907348633
    endloop
  endfacet
  facet normal -0.99592530408293767 0.09018197540145298 0
    outer loop
      vertex 1.2000000476837158 0 8
      vertex 1.1804814338684082 -0.21555395424365997 8.8000001907348633
      vertex 1.2000000476837158 0 8.8000001907348633
    endloop
  endfacet
  facet normal 0.27278623666522051 0.96207466918427209 -0
    outer loop
      vertex -0.21555395424365997 -1.1804814338684082 8.8000001907348633
      vertex -0.43613940477371216 -1.1179367303848267 8.8000001907348633
      vertex -0.43613940477371216 -1.1179367303848267 9.6000003814697266
    endloop
  endfacet
  facet normal 0.27278623666522051 0.96207466918427209 0
    outer loop
      vertex -0.21555395424365997 -1.1804814338684082 8.8000001907348633
      vertex -0.43613940477371216 -1.1179367303848267 9.6000003814697266
      vertex -0.21555395424365997 -1.1804814338684082 9.6000003814697266
    endloop
  endfacet
  facet normal -0.28687774393154464 0.95796720196296237 0
    outer loop
      vertex 0.22926057875156403 -1.17789626121521 9.6000003814697266
      vertex 0.45589250326156616 -1.1100279092788696 9.6000003814697266
      vertex 0.45589250326156616 -1.1100279092788696 8.8000001907348633
    endloop
  endfacet
  facet normal -0.28687774393154464 0.95796720196296237 -1.3294465555687728e-17
    outer loop
      vertex 0.22926057875156403 -1.17789626121521 9.6000003814697266
      vertex 0.45589250326156616 -1.1100279092788696 8.8000001907348633
      vertex 0.22926057875156403 -1.17789626121521 8.8000001907348633
    endloop
  endfacet
  facet normal -0.095968369267541959 0.99538438409497287 0
    outer loop
      vertex -2.2043642023044041e-16 -1.2000000476837158 9.6000003814697266
      vertex 0.22926057875156403 -1.17789626121521 9.6000003814697266
      vertex 0.22926057875156403 -1.17789626121521 8.8000001907348633
    endloop
  endfacet
  facet normal -0.095968369267542292 0.99538438409497287 -9.3242699570354286e-17
    outer loop
      vertex -2.2043642023044041e-16 -1.2000000476837158 9.6000003814697266
      vertex 0.22926057875156403 -1.17789626121521 8.8000001907348633
      vertex 5.7920509979943083e-16 -1.2000000476837158 8.8000001907348633
    endloop
  endfacet
  facet normal -0.63951349291213011 0.76877987251444535 -0
    outer loop
      vertex 0.85731989145278931 -0.83964431285858154 8.8000001907348633
      vertex 0.66954338550567627 -0.99584716558456421 8.8000001907348633
      vertex 0.66954338550567627 -0.99584716558456421 9.6000003814697266
    endloop
  endfacet
  facet normal -0.63951349291213011 0.76877987251444535 0
    outer loop
      vertex 0.85731989145278931 -0.83964431285858154 8.8000001907348633
      vertex 0.66954338550567627 -0.99584716558456421 9.6000003814697266
      vertex 0.85731989145278931 -0.83964431285858154 9.6000003814697266
    endloop
  endfacet
  facet normal -0.78186661897511134 0.62344573952544402 0
    outer loop
      vertex 1.0094377994537354 -0.64887243509292603 8.8000001907348633
      vertex 0.85731989145278931 -0.83964431285858154 8.8000001907348633
      vertex 0.85731989145278931 -0.83964431285858154 9.6000003814697266
    endloop
  endfacet
  facet normal -0.78186661897511134 0.62344573952544402 0
    outer loop
      vertex 1.0094377994537354 -0.64887243509292603 8.8000001907348633
      vertex 0.85731989145278931 -0.83964431285858154 9.6000003814697266
      vertex 1.0094377994537354 -0.64887243509292603 9.6000003814697266
    endloop
  endfacet
  facet normal -0.96207466918427209 0.27278623666522051 0
    outer loop
      vertex 1.1804814338684082 -0.21555395424365997 8.8000001907348633
      vertex 1.1179367303848267 -0.43613940477371216 8.8000001907348633
      vertex 1.1179367303848267 -0.43613940477371216 9.6000003814697266
    endloop
  endfacet
  facet normal -0.96207466918427209 0.27278623666522051 0
    outer loop
      vertex 1.1804814338684082 -0.21555395424365997 8.8000001907348633
      vertex 1.1179367303848267 -0.43613940477371216 9.6000003814697266
      vertex 1.1804814338684082 -0.21555395424365997 9.6000003814697266
    endloop
  endfacet
  facet normal -0.99592530408293767 0.09018197540145298 0
    outer loop
      vertex 1.2000000476837158 0 8.8000001907348633
      vertex 1.1804814338684082 -0.21555395424365997 8.8000001907348633
      vertex 1.1804814338684082 -0.21555395424365997 9.6000003814697266
    endloop
  endfacet
  facet normal -0.99592530408293767 0.09018197540145298 0
    outer loop
      vertex 1.2000000476837158 0 8.8000001907348633
      vertex 1.1804814338684082 -0.21555395424365997 9.6000003814697266
      vertex 1.2000000476837158 0 9.6000003814697266
    endloop
  endfacet
  facet normal -0.89082683735008927 0.45434298262088058 0
    outer loop
      vertex 1.1179367303848267 -0.43613940477371216 8.8000001907348633
      vertex 1.0094377994537354 -0.64887243509292603 8.8000001907348633
      vertex 1.0094377994537354 -0.64887243509292603 9.6000003814697266
    endloop
  endfacet
  facet normal -0.89082683735008927 0.45434298262088058 0
    outer loop
      vertex 1.1179367303848267 -0.43613940477371216 8.8000001907348633
      vertex 1.0094377994537354 -0.64887243509292603 9.6000003814697266
      vertex 1.1179367303848267 -0.43613940477371216 9.6000003814697266
    endloop
  endfacet
  facet normal -0.47133884020536537 0.88195220829354515 -0
    outer loop
      vertex 0.66954338550567627 -0.99584716558456421 8.8000001907348633
      vertex 0.45589250326156616 -1.1100279092788696 8.8000001907348633
      vertex 0.45589250326156616 -1.1100279092788696 9.6000003814697266
    endloop
  endfacet
  facet normal -0.47133884020536537 0.88195220829354515 0
    outer loop
      vertex 0.66954338550567627 -0.99584716558456421 8.8000001907348633
      vertex 0.45589250326156616 -1.1100279092788696 9.6000003814697266
      vertex 0.66954338550567627 -0.99584716558456421 9.6000003814697266
    endloop
  endfacet
  facet normal -0 0 -1
    outer loop
      vertex 0.60000002384185791 0.60000002384185791 9.6000003814697266
      vertex 0.60000002384185791 0 9.6000003814697266
      vertex 0 0 9.6000003814697266
    endloop
  endfacet
  facet normal 0 -0 -1
    outer loop
      vertex 0.60000002384185791 0.60000002384185791 9.6000003814697266
      vertex 0 0 9.6000003814697266
      vertex 0 0.60000002384185791 9.6000003814697266
    endloop
  endfacet
  facet normal -0 0 -1
    outer loop
      vertex 0 0.60000002384185791 9.6000003814697266
      vertex 0 0 9.6000003814697266
      vertex -0.60000002384185791 0 9.6000003814697266
    endloop
  endfacet
  facet normal 0 -0 -1
    outer loop
      vertex 0 0.60000002384185791 9.6000003814697266
      vertex -0.60000002384185791 0 9.6000003814697266
      vertex -0.60000002384185791 0.60000002384185791 9.6000003814697266
    endloop
  endfacet
  facet normal -0 0 -1
    outer loop
      vertex 0 0 9.6000003814697266
      vertex 0 -0.60000002384185791 9.6000003814697266
      vertex -0.60000002384185791 -0.60000002384185791 9.6000003814697266
    endloop
  endfacet
  facet normal 0 -0 -1
    outer loop
      vertex 0 0 9.6000003814697266
      vertex -0.60000002384185791 -0.60000002384185791 9.6000003814697266
      vertex -0.60000002384185791 0 9.6000003814697266
    endloop
  endfacet
  facet normal -0 0 -1
    outer loop
      vertex 0.60000002384185791 0 9.6000003814697266
      vertex 0.60000002384185791 -0.60000002384185791 9.6000003814697266
      vertex 0 -0.60000002384185791 9.6000003814697266
    endloop
  endfacet
  facet normal 0 -0 -1
    outer loop
      vertex 0.60000002384185791 0 9.6000003814697266
      vertex 0 -0.60000002384185791 9.6000003814697266
      vertex 0 0 9.6000003814697266
    endloop
  endfacet
  facet normal 0 -0 -1
    outer loop
      vertex -0.60000002384185791 -0.60000002384185791 9.6000003814697266
      vertex -0.83964431285858154 -0.85731989145278931 9.6000003814697266
      vertex -0.99584716558456421 -0.66954338550567627 9.6000003814697266
    endloop
  endfacet
  facet normal 0 -0 -1
    outer loop
      vertex -0.99584716558456421 -0.66954338550567627 9.6000003814697266
      vertex -1.1100279092788696 -0.45589250326156616 9.6000003814697266
      vertex -0.60000002384185791 -0.60000002384185791 9.6000003814697266
    endloop
  endfacet
  facet normal 0 -0 -1
    outer loop
      vertex -1.1100279092788696 -0.45589250326156616 9.6000003814697266
      vertex -1.17789626121521 -0.22926057875156403 9.6000003814697266
      vertex -0.60000002384185791 0 9.6000003814697266
    endloop
  endfacet
  facet normal -0 0 -1
    outer loop
      vertex -0.83964431285858154 -0.85731989145278931 9.6000003814697266
      vertex -0.60000002384185791 -0.60000002384185791 9.6000003814697266
      vertex -0.64887243509292603 -1.0094377994537354 9.6000003814697266
    endloop
  endfacet
  facet normal 0 -0 -1
    outer loop
      vertex 0 -0.60000002384185791 9.6000003814697266
      vertex -2.2043642023044041e-16 -1.2000000476837158 9.6000003814697266
      vertex -0.21555395424365997 -1.1804814338684082 9.6000003814697266
    endloop
  endfacet
  facet normal 0 -0 -1
    outer loop
      vertex 0 -0.60000002384185791 9.6000003814697266
      vertex -0.43613940477371216 -1.1179367303848267 9.6000003814697266
      vertex -0.60000002384185791 -0.60000002384185791 9.6000003814697266
    endloop
  endfacet
  facet normal -0 -0 -1
    outer loop
      vertex -0.64887243509292603 -1.0094377994537354 9.6000003814697266
      vertex -0.60000002384185791 -0.60000002384185791 9.6000003814697266
      vertex -0.43613940477371216 -1.1179367303848267 9.6000003814697266
    endloop
  endfacet
  facet normal -0 0 -1
    outer loop
      vertex -0.21555395424365997 -1.1804814338684082 9.6000003814697266
      vertex -0.43613940477371216 -1.1179367303848267 9.6000003814697266
      vertex 0 -0.60000002384185791 9.6000003814697266
    endloop
  endfacet
  facet normal -0 -0 -1
    outer loop
      vertex -0.60000002384185791 -0.60000002384185791 9.6000003814697266
      vertex -1.1100279092788696 -0.45589250326156616 9.6000003814697266
      vertex -0.60000002384185791 0 9.6000003814697266
    endloop
  endfacet
  facet normal 0 0 -1
    outer loop
      vertex 0 -0.60000002384185791 9.6000003814697266
      vertex 0.22926057875156403 -1.17789626121521 9.6000003814697266
      vertex -2.2043642023044041e-16 -1.2000000476837158 9.6000003814697266
    endloop
  endfacet
  facet normal -0 -0 -1
    outer loop
      vertex -0.60000002384185791 0 9.6000003814697266
      vertex -1.1804814338684082 0.21555395424365997 9.6000003814697266
      vertex -1.1179367303848267 0.43613940477371216 9.6000003814697266
    endloop
  endfacet
  facet normal -0 0 -1
    outer loop
      vertex -1.0094377994537354 0.64887243509292603 9.6000003814697266
      vertex -0.60000002384185791 0.60000002384185791 9.6000003814697266
      vertex -1.1179367303848267 0.43613940477371216 9.6000003814697266
    endloop
  endfacet
  facet normal -0 -0 -1
    outer loop
      vertex -0.60000002384185791 0.60000002384185791 9.6000003814697266
      vertex -1.0094377994537354 0.64887243509292603 9.6000003814697266
      vertex -0.85731989145278931 0.83964431285858154 9.6000003814697266
    endloop
  endfacet
  facet normal -0 0 -1
    outer loop
      vertex -1.1804814338684082 0.21555395424365997 9.6000003814697266
      vertex -0.60000002384185791 0 9.6000003814697266
      vertex -1.2000000476837158 0 9.6000003814697266
    endloop
  endfacet
  facet normal -0 -0 -1
    outer loop
      vertex -0.85731989145278931 0.83964431285858154 9.6000003814697266
      vertex -0.66954338550567627 0.99584716558456421 9.6000003814697266
      vertex -0.60000002384185791 0.60000002384185791 9.6000003814697266
    endloop
  endfacet
  facet normal -0 0 -1
    outer loop
      vertex -0.66954338550567627 0.99584716558456421 9.6000003814697266
      vertex -0.45589250326156616 1.1100279092788696 9.6000003814697266
      vertex -0.60000002384185791 0.60000002384185791 9.6000003814697266
    endloop
  endfacet
  facet normal -0 -0 -1
    outer loop
      vertex 0 0.60000002384185791 9.6000003814697266
      vertex -0.45589250326156616 1.1100279092788696 9.6000003814697266
      vertex -0.22926057875156403 1.17789626121521 9.6000003814697266
    endloop
  endfacet
  facet normal -0 -0 -1
    outer loop
      vertex 0 0.60000002384185791 9.6000003814697266
      vertex -0.60000002384185791 0.60000002384185791 9.6000003814697266
      vertex -0.45589250326156616 1.1100279092788696 9.6000003814697266
    endloop
  endfacet
  facet normal -0 -0 -1
    outer loop
      vertex -0.60000002384185791 0 9.6000003814697266
      vertex -1.1179367303848267 0.43613940477371216 9.6000003814697266
      vertex -0.60000002384185791 0.60000002384185791 9.6000003814697266
    endloop
  endfacet
  facet normal 0 -0 -1
    outer loop
      vertex -0.60000002384185791 0 9.6000003814697266
      vertex -1.17789626121521 -0.22926057875156403 9.6000003814697266
      vertex -1.2000000476837158 0 9.6000003814697266
    endloop
  endfacet
  facet normal 0 0 -1
    outer loop
      vertex 0 -0.60000002384185791 9.6000003814697266
      vertex 0.60000002384185791 -0.60000002384185791 9.6000003814697266
      vertex 0.45589250326156616 -1.1100279092788696 9.6000003814697266
    endloop
  endfacet
  facet normal 0 0 -1
    outer loop
      vertex 1.1179367303848267 -0.43613940477371216 9.6000003814697266
      vertex 0.60000002384185791 -0.60000002384185791 9.6000003814697266
      vertex 0.60000002384185791 0 9.6000003814697266
    endloop
  endfacet
  facet normal -0 0 -1
    outer loop
      vertex 0.45589250326156616 -1.1100279092788696 9.6000003814697266
      vertex 0.60000002384185791 -0.60000002384185791 9.6000003814697266
      vertex 0.66954338550567627 -0.99584716558456421 9.6000003814697266
    endloop
  endfacet
  facet normal -0 0 -1
    outer loop
      vertex 0.66954338550567627 -0.99584716558456421 9.6000003814697266
      vertex 0.60000002384185791 -0.60000002384185791 9.6000003814697266
      vertex 0.85731989145278931 -0.83964431285858154 9.6000003814697266
    endloop
  endfacet
  facet normal 0 0 -1
    outer loop
      vertex 0.60000002384185791 -0.60000002384185791 9.6000003814697266
      vertex 1.1179367303848267 -0.43613940477371216 9.6000003814697266
      vertex 1.0094377994537354 -0.64887243509292603 9.6000003814697266
    endloop
  endfacet
  facet normal 0 0 -1
    outer loop
      vertex 0.60000002384185791 0 9.6000003814697266
      vertex 1.2000000476837158 0 9.6000003814697266
      vertex 1.1804814338684082 -0.21555395424365997 9.6000003814697266
    endloop
  endfacet
  facet normal 0 -0 -1
    outer loop
      vertex 1.1804814338684082 -0.21555395424365997 9.6000003814697266
      vertex 1.1179367303848267 -0.43613940477371216 9.6000003814697266
      vertex 0.60000002384185791 0 9.6000003814697266
    endloop
  endfacet
  facet normal 0 -0 -1
    outer loop
      vertex 1.0094377994537354 -0.64887243509292603 9.6000003814697266
      vertex 0.85731989145278931 -0.83964431285858154 9.6000003814697266
      vertex 0.60000002384185791 -0.60000002384185791 9.6000003814697266
    endloop
  endfacet
  facet normal -0 0 -1
    outer loop
      vertex 1.17789626121521 0.22926057875156403 9.6000003814697266
      vertex 1.2000000476837158 0 9.6000003814697266
      vertex 0.60000002384185791 0 9.6000003814697266
    endloop
  endfacet
  facet normal -0 0 -1
    outer loop
      vertex 0.43613940477371216 1.1179367303848267 9.6000003814697266
      vertex 0.60000002384185791 0.60000002384185791 9.6000003814697266
      vertex 0 0.60000002384185791 9.6000003814697266
    endloop
  endfacet
  facet normal 0 0 -1
    outer loop
      vertex 7.3478811155110071e-17 1.2000000476837158 9.6000003814697266
      vertex 0.21555395424365997 1.1804814338684082 9.6000003814697266
      vertex 0 0.60000002384185791 9.6000003814697266
    endloop
  endfacet
  facet normal 0 0 -1
    outer loop
      vertex 0.43613940477371216 1.1179367303848267 9.6000003814697266
      vertex 0 0.60000002384185791 9.6000003814697266
      vertex 0.21555395424365997 1.1804814338684082 9.6000003814697266
    endloop
  endfacet
  facet normal 0 0 -1
    outer loop
      vertex 0.43613940477371216 1.1179367303848267 9.6000003814697266
      vertex 0.64887243509292603 1.0094377994537354 9.6000003814697266
      vertex 0.60000002384185791 0.60000002384185791 9.6000003814697266
    endloop
  endfacet
  facet normal -0 0 -1
    outer loop
      vertex -0.22926057875156403 1.17789626121521 9.6000003814697266
      vertex 7.3478811155110071e-17 1.2000000476837158 9.6000003814697266
      vertex 0 0.60000002384185791 9.6000003814697266
    endloop
  endfacet
  facet normal 0 0 -1
    outer loop
      vertex 0.60000002384185791 0.60000002384185791 9.6000003814697266
      vertex 0.99584716558456421 0.66954338550567627 9.6000003814697266
      vertex 1.1100279092788696 0.45589250326156616 9.6000003814697266
    endloop
  endfacet
  facet normal -0 0 -1
    outer loop
      vertex 0.60000002384185791 0.60000002384185791 9.6000003814697266
      vertex 0.64887243509292603 1.0094377994537354 9.6000003814697266
      vertex 0.83964431285858154 0.85731989145278931 9.6000003814697266
    endloop
  endfacet
  facet normal -0 0 -1
    outer loop
      vertex 0.83964431285858154 0.85731989145278931 9.6000003814697266
      vertex 0.99584716558456421 0.66954338550567627 9.6000003814697266
      vertex 0.60000002384185791 0.60000002384185791 9.6000003814697266
    endloop
  endfacet
  facet normal -0 0 -1
    outer loop
      vertex 0.60000002384185791 0 9.6000003814697266
      vertex 0.60000002384185791 0.60000002384185791 9.6000003814697266
      vertex 1.1100279092788696 0.45589250326156616 9.6000003814697266
    endloop
  endfacet
  facet normal -0 0 -1
    outer loop
      vertex 0.60000002384185791 0 9.6000003814697266
      vertex 1.1100279092788696 0.45589250326156616 9.6000003814697266
      vertex 1.17789626121521 0.22926057875156403 9.6000003814697266
    endloop
  endfacet
  facet normal 0 0 -1
    outer loop
      vertex 0.45589250326156616 -1.1100279092788696 9.6000003814697266
      vertex 0.22926057875156403 -1.17789626121521 9.6000003814697266
      vertex 0 -0.60000002384185791 9.6000003814697266
    endloop
  endfacet
  facet normal -0 1 0
    outer loop
      vertex 1.7999999523162842 -2.4000000953674316 7
      vertex 1.7999999523162842 -2.4000000953674316 6
      vertex 1.2000000476837158 -2.4000000953674316 6
    endloop
  endfacet
  facet normal -0 1 0
    outer loop
      vertex 1.7999999523162842 -2.4000000953674316 7
      vertex 1.2000000476837158 -2.4000000953674316 6
      vertex 1.2000000476837158 -2.4000000953674316 7
    endloop
  endfacet
  facet normal -0 1 0
    outer loop
      vertex 0.60000002384185791 -2.4000000953674316 7
      vertex 0.60000002384185791 -2.4000000953674316 6
      vertex 0 -2.4000000953674316 6
    endloop
  endfacet
  facet normal -0 1 0
    outer loop
      vertex 0.60000002384185791 -2.4000000953674316 7
      vertex 0 -2.4000000953674316 6
      vertex 0 -2.4000000953674316 7
    endloop
  endfacet
  facet normal -0 1 0
    outer loop
      vertex 1.2000000476837158 -2.4000000953674316 7
      vertex 1.2000000476837158 -2.4000000953674316 6
      vertex 0.60000002384185791 -2.4000000953674316 6
    endloop
  endfacet
  facet normal -0 1 0
    outer loop
      vertex 1.2000000476837158 -2.4000000953674316 7
      vertex 0.60000002384185791 -2.4000000953674316 6
      vertex 0.60000002384185791 -2.4000000953674316 7
    endloop
  endfacet
  facet normal -0 1 0
    outer loop
      vertex 0.60000002384185791 -2.4000000953674316 6
      vertex 0 -2.4000000953674316 4
      vertex 0 -2.4000000953674316 6
    endloop
  endfacet
  facet normal 0 1 0
    outer loop
      vertex 1.2000000476837158 -2.4000000953674316 4
      vertex 0.60000002384185791 -2.4000000953674316 6
      vertex 1.2000000476837158 -2.4000000953674316 6
    endloop
  endfacet
  facet normal 0 1 -0
    outer loop
      vertex 0 -2.4000000953674316 4
      vertex 0.60000002384185791 -2.4000000953674316 6
      vertex 1.2000000476837158 -2.4000000953674316 4
    endloop
  endfacet
  facet normal -0 1 0
    outer loop
      vertex -0.60000002384185791 -2.4000000953674316 7
      vertex -0.60000002384185791 -2.4000000953674316 6
      vertex -1.2000000476837158 -2.4000000953674316 6
    endloop
  endfacet
  facet normal -0 1 0
    outer loop
      vertex -0.60000002384185791 -2.4000000953674316 7
      vertex -1.2000000476837158 -2.4000000953674316 6
      vertex -1.2000000476837158 -2.4000000953674316 7
    endloop
  endfacet
  facet normal -0 1 0
    outer loop
      vertex 0 -2.4000000953674316 7
      vertex 0 -2.4000000953674316 6
      vertex -0.60000002384185791 -2.4000000953674316 6
    endloop
  endfacet
  facet normal -0 1 0
    outer loop
      vertex 0 -2.4000000953674316 7
      vertex -0.60000002384185791 -2.4000000953674316 6
      vertex -0.60000002384185791 -2.4000000953674316 7
    endloop
  endfacet
  facet normal -0 1 0
    outer loop
      vertex -1.2000000476837158 -2.4000000953674316 7
      vertex -1.2000000476837158 -2.4000000953674316 6
      vertex -1.7999999523162842 -2.4000000953674316 6
    endloop
  endfacet
  facet normal -0 1 0
    outer loop
      vertex -1.2000000476837158 -2.4000000953674316 7
      vertex -1.7999999523162842 -2.4000000953674316 6
      vertex -1.7999999523162842 -2.4000000953674316 7
    endloop
  endfacet
  facet normal -0 1 0
    outer loop
      vertex -0.60000002384185791 -2.4000000953674316 6
      vertex -1.2000000476837158 -2.4000000953674316 4
      vertex -1.2000000476837158 -2.4000000953674316 6
    endloop
  endfacet
  facet normal 0 1 0
    outer loop
      vertex 0 -2.4000000953674316 4
      vertex -0.60000002384185791 -2.4000000953674316 6
      vertex 0 -2.4000000953674316 6
    endloop
  endfacet
  facet normal 0 1 -0
    outer loop
      vertex -1.2000000476837158 -2.4000000953674316 4
      vertex -0.60000002384185791 -2.4000000953674316 6
      vertex 0 -2.4000000953674316 4
    endloop
  endfacet
  facet normal -0 1 0
    outer loop
      vertex 0 -2.4000000953674316 4
      vertex -5.5511151231257827e-17 -2.4000000953674316 2
      vertex -1.2000000476837158 -2.4000000953674316 2
    endloop
  endfacet
  facet normal -0 1 0
    outer loop
      vertex 0 -2.4000000953674316 4
      vertex -1.2000000476837158 -2.4000000953674316 2
      vertex -1.2000000476837158 -2.4000000953674316 4
    endloop
  endfacet
  facet normal -0 1 0
    outer loop
      vertex 1.2000000476837158 -2.4000000953674316 4
      vertex 1.2000000476837158 -2.4000000953674316 2
      vertex -5.5511151231257827e-17 -2.4000000953674316 2
    endloop
  endfacet
  facet normal -0 1 0
    outer loop
      vertex 1.2000000476837158 -2.4000000953674316 4
      vertex -5.5511151231257827e-17 -2.4000000953674316 2
      vertex 0 -2.4000000953674316 4
    endloop
  endfacet
  facet normal -0 1 -0
    outer loop
      vertex -1.2000000476837158 -2.4000000953674316 2
      vertex -2.4000000953674316 -2.4000000953674316 0
      vertex -2.4000000953674316 -2.4000000953674316 4
    endloop
  endfacet
  facet normal -0 1 -0
    outer loop
      vertex -2.4000000953674316 -2.4000000953674316 8
      vertex -1.7999999523162842 -2.4000000953674316 6
      vertex -2.4000000953674316 -2.4000000953674316 4
    endloop
  endfacet
  facet normal 0 1 -0
    outer loop
      vertex -2.4000000953674316 -2.4000000953674316 4
      vertex -1.7999999523162842 -2.4000000953674316 6
      vertex -1.2000000476837158 -2.4000000953674316 4
    endloop
  endfacet
  facet normal -0 1 0
    outer loop
      vertex -1.6000000238418579 -2.4000000953674316 0
      vertex -2.4000000953674316 -2.4000000953674316 0
      vertex -1.2000000476837158 -2.4000000953674316 2
    endloop
  endfacet
  facet normal 0 1 0
    outer loop
      vertex -0.80000001192092896 -2.4000000953674316 0
      vertex -1.2000000476837158 -2.4000000953674316 2
      vertex -5.5511151231257827e-17 -2.4000000953674316 2
    endloop
  endfacet
  facet normal 0 1 -0
    outer loop
      vertex -0.80000001192092896 -2.4000000953674316 0
      vertex -5.5511151231257827e-17 -2.4000000953674316 2
      vertex 0 -2.4000000953674316 0
    endloop
  endfacet
  facet normal -0 1 0
    outer loop
      vertex -1.2000000476837158 -2.4000000953674316 6
      vertex -1.2000000476837158 -2.4000000953674316 4
      vertex -1.7999999523162842 -2.4000000953674316 6
    endloop
  endfacet
  facet normal 0 1 0
    outer loop
      vertex -2.4000000953674316 -2.4000000953674316 4
      vertex -1.2000000476837158 -2.4000000953674316 4
      vertex -1.2000000476837158 -2.4000000953674316 2
    endloop
  endfacet
  facet normal 0 1 0
    outer loop
      vertex 0 -2.4000000953674316 0
      vertex -5.5511151231257827e-17 -2.4000000953674316 2
      vertex 1.2000000476837158 -2.4000000953674316 2
    endloop
  endfacet
  facet normal 0 1 -0
    outer loop
      vertex 0 -2.4000000953674316 0
      vertex 1.2000000476837158 -2.4000000953674316 2
      vertex 0.80000001192092896 -2.4000000953674316 0
    endloop
  endfacet
  facet normal 0 1 -0
    outer loop
      vertex -1.6000000238418579 -2.4000000953674316 0
      vertex -1.2000000476837158 -2.4000000953674316 2
      vertex -0.80000001192092896 -2.4000000953674316 0
    endloop
  endfacet
  facet normal -0 1 0
    outer loop
      vertex -1.9199999570846558 -2.4000000953674316 8
      vertex -1.7999999523162842 -2.4000000953674316 7
      vertex -2.4000000953674316 -2.4000000953674316 8
    endloop
  endfacet
  facet normal 0 1 0
    outer loop
      vertex -1.7999999523162842 -2.4000000953674316 6
      vertex -2.4000000953674316 -2.4000000953674316 8
      vertex -1.7999999523162842 -2.4000000953674316 7
    endloop
  endfacet
  facet normal -0 1 0
    outer loop
      vertex -1.440000057220459 -2.4000000953674316 8
      vertex -1.2000000476837158 -2.4000000953674316 7
      vertex -1.7999999523162842 -2.4000000953674316 7
    endloop
  endfacet
  facet normal -0 1 0
    outer loop
      vertex -1.440000057220459 -2.4000000953674316 8
      vertex -1.7999999523162842 -2.4000000953674316 7
      vertex -1.9199999570846558 -2.4000000953674316 8
    endloop
  endfacet
  facet normal -0 1 0
    outer loop
      vertex -0.47999998927116394 -2.4000000953674316 8
      vertex -0.60000002384185791 -2.4000000953674316 7
      vertex -1.2000000476837158 -2.4000000953674316 7
    endloop
  endfacet
  facet normal -0 1 0
    outer loop
      vertex -0.47999998927116394 -2.4000000953674316 8
      vertex -1.2000000476837158 -2.4000000953674316 7
      vertex -0.95999997854232788 -2.4000000953674316 8
    endloop
  endfacet
  facet normal 0 1 -0
    outer loop
      vertex -0.60000002384185791 -2.4000000953674316 7
      vertex -0.47999998927116394 -2.4000000953674316 8
      vertex 0 -2.4000000953674316 8
    endloop
  endfacet
  facet normal 0 1 -0
    outer loop
      vertex -0.60000002384185791 -2.4000000953674316 7
      vertex 0 -2.4000000953674316 8
      vertex 0 -2.4000000953674316 7
    endloop
  endfacet
  facet normal 0 1 0
    outer loop
      vertex -1.440000057220459 -2.4000000953674316 8
      vertex -0.95999997854232788 -2.4000000953674316 8
      vertex -1.2000000476837158 -2.4000000953674316 7
    endloop
  endfacet
  facet normal -0 1 0
    outer loop
      vertex 1.6000000238418579 -2.4000000953674316 0
      vertex 0.80000001192092896 -2.4000000953674316 0
      vertex 1.2000000476837158 -2.4000000953674316 2
    endloop
  endfacet
  facet normal 0 1 0
    outer loop
      vertex 1.2000000476837158 -2.4000000953674316 4
      vertex 2.4000000953674316 -2.4000000953674316 4
      vertex 1.2000000476837158 -2.4000000953674316 2
    endloop
  endfacet
  facet normal 0 1 0
    outer loop
      vertex 1.2000000476837158 -2.4000000953674316 2
      vertex 2.4000000953674316 -2.4000000953674316 4
      vertex 2.4000000953674316 -2.4000000953674316 0
    endloop
  endfacet
  facet normal 0 1 0
    outer loop
      vertex 1.2000000476837158 -2.4000000953674316 6
      vertex 1.7999999523162842 -2.4000000953674316 6
      vertex 1.2000000476837158 -2.4000000953674316 4
    endloop
  endfacet
  facet normal -0 1 0
    outer loop
      vertex 1.7999999523162842 -2.4000000953674316 6
      vertex 2.4000000953674316 -2.4000000953674316 4
      vertex 1.2000000476837158 -2.4000000953674316 4
    endloop
  endfacet
  facet normal -0 1 0
    outer loop
      vertex 2.4000000953674316 -2.4000000953674316 8
      vertex 2.4000000953674316 -2.4000000953674316 4
      vertex 1.7999999523162842 -2.4000000953674316 6
    endloop
  endfacet
  facet normal -0 1 -0
    outer loop
      vertex 2.4000000953674316 -2.4000000953674316 0
      vertex 1.6000000238418579 -2.4000000953674316 0
      vertex 1.2000000476837158 -2.4000000953674316 2
    endloop
  endfacet
  facet normal -0 1 0
    outer loop
      vertex 0.47999998927116394 -2.4000000953674316 8
      vertex 0.60000002384185791 -2.4000000953674316 7
      vertex 0 -2.4000000953674316 7
    endloop
  endfacet
  facet normal -0 1 0
    outer loop
      vertex 0.47999998927116394 -2.4000000953674316 8
      vertex 0 -2.4000000953674316 7
      vertex 0 -2.4000000953674316 8
    endloop
  endfacet
  facet normal -0 1 0
    outer loop
      vertex 0.95999997854232788 -2.4000000953674316 8
      vertex 1.2000000476837158 -2.4000000953674316 7
      vertex 0.60000002384185791 -2.4000000953674316 7
    endloop
  endfacet
  facet normal -0 1 0
    outer loop
      vertex 0.95999997854232788 -2.4000000953674316 8
      vertex 0.60000002384185791 -2.4000000953674316 7
      vertex 0.47999998927116394 -2.4000000953674316 8
    endloop
  endfacet
  facet normal 0 1 -0
    outer loop
      vertex 1.2000000476837158 -2.4000000953674316 7
      vertex 1.440000057220459 -2.4000000953674316 8
      vertex 1.9199999570846558 -2.4000000953674316 8
    endloop
  endfacet
  facet normal 0 1 -0
    outer loop
      vertex 1.2000000476837158 -2.4000000953674316 7
      vertex 1.9199999570846558 -2.4000000953674316 8
      vertex 1.7999999523162842 -2.4000000953674316 7
    endloop
  endfacet
  facet normal 0 1 -0
    outer loop
      vertex 1.7999999523162842 -2.4000000953674316 7
      vertex 1.9199999570846558 -2.4000000953674316 8
      vertex 2.4000000953674316 -2.4000000953674316 8
    endloop
  endfacet
  facet normal -0 1 0
    outer loop
      vertex 2.4000000953674316 -2.4000000953674316 8
      vertex 1.7999999523162842 -2.4000000953674316 6
      vertex 1.7999999523162842 -2.4000000953674316 7
    endloop
  endfacet
  facet normal 0 1 0
    outer loop
      vertex 0.95999997854232788 -2.4000000953674316 8
      vertex 1.440000057220459 -2.4000000953674316 8
      vertex 1.2000000476837158 -2.4000000953674316 7
    endloop
  endfacet
  facet normal -1 0 -0
    outer loop
      vertex 2.4000000953674316 1.7999999523162842 7
      vertex 2.4000000953674316 1.7999999523162842 6
      vertex 2.4000000953674316 1.2000000476837158 6
    endloop
  endfacet
  facet normal -1 0 -0
    outer loop
      vertex 2.4000000953674316 1.7999999523162842 7
      vertex 2.4000000953674316 1.2000000476837158 6
      vertex 2.4000000953674316 1.2000000476837158 7
    endloop
  endfacet
  facet normal -1 0 -0
    outer loop
      vertex 2.4000000953674316 0.60000002384185791 7
      vertex 2.4000000953674316 0.60000002384185791 6
      vertex 2.4000000953674316 -4.4408920985006262e-16 6
    endloop
  endfacet
  facet normal -1 0 -0
    outer loop
      vertex 2.4000000953674316 0.60000002384185791 7
      vertex 2.4000000953674316 -4.4408920985006262e-16 6
      vertex 2.4000000953674316 -4.4408920985006262e-16 7
    endloop
  endfacet
  facet normal -1 0 -0
    outer loop
      vertex 2.4000000953674316 1.2000000476837158 7
      vertex 2.4000000953674316 1.2000000476837158 6
      vertex 2.4000000953674316 0.60000002384185791 6
    endloop
  endfacet
  facet normal -1 0 -0
    outer loop
      vertex 2.4000000953674316 1.2000000476837158 7
      vertex 2.4000000953674316 0.60000002384185791 6
      vertex 2.4000000953674316 0.60000002384185791 7
    endloop
  endfacet
  facet normal -1 0 -0
    outer loop
      vertex 2.4000000953674316 0.60000002384185791 6
      vertex 2.4000000953674316 -4.4408920985006262e-16 4
      vertex 2.4000000953674316 -4.4408920985006262e-16 6
    endloop
  endfacet
  facet normal -1 -0 0
    outer loop
      vertex 2.4000000953674316 1.2000000476837158 4
      vertex 2.4000000953674316 0.60000002384185791 6
      vertex 2.4000000953674316 1.2000000476837158 6
    endloop
  endfacet
  facet normal -1 -0 0
    outer loop
      vertex 2.4000000953674316 -4.4408920985006262e-16 4
      vertex 2.4000000953674316 0.60000002384185791 6
      vertex 2.4000000953674316 1.2000000476837158 4
    endloop
  endfacet
  facet normal -1 0 -0
    outer loop
      vertex 2.4000000953674316 -0.60000002384185791 7
      vertex 2.4000000953674316 -0.60000002384185791 6
      vertex 2.4000000953674316 -1.2000000476837158 6
    endloop
  endfacet
  facet normal -1 0 -0
    outer loop
      vertex 2.4000000953674316 -0.60000002384185791 7
      vertex 2.4000000953674316 -1.2000000476837158 6
      vertex 2.4000000953674316 -1.2000000476837158 7
    endloop
  endfacet
  facet normal -1 0 -0
    outer loop
      vertex 2.4000000953674316 -4.4408920985006262e-16 7
      vertex 2.4000000953674316 -4.4408920985006262e-16 6
      vertex 2.4000000953674316 -0.60000002384185791 6
    endloop
  endfacet
  facet normal -1 0 -0
    outer loop
      vertex 2.4000000953674316 -4.4408920985006262e-16 7
      vertex 2.4000000953674316 -0.60000002384185791 6
      vertex 2.4000000953674316 -0.60000002384185791 7
    endloop
  endfacet
  facet normal -1 0 -0
    outer loop
      vertex 2.4000000953674316 -1.2000000476837158 7
      vertex 2.4000000953674316 -1.2000000476837158 6
      vertex 2.4000000953674316 -1.7999999523162842 6
    endloop
  endfacet
  facet normal -1 0 -0
    outer loop
      vertex 2.4000000953674316 -1.2000000476837158 7
      vertex 2.4000000953674316 -1.7999999523162842 6
      vertex 2.4000000953674316 -1.7999999523162842 7
    endloop
  endfacet
  facet normal -1 0 -0
    outer loop
      vertex 2.4000000953674316 -0.60000002384185791 6
      vertex 2.4000000953674316 -1.2000000476837158 4
      vertex 2.4000000953674316 -1.2000000476837158 6
    endloop
  endfacet
  facet normal -1 -0 0
    outer loop
      vertex 2.4000000953674316 -4.4408920985006262e-16 4
      vertex 2.4000000953674316 -0.60000002384185791 6
      vertex 2.4000000953674316 -4.4408920985006262e-16 6
    endloop
  endfacet
  facet normal -1 -0 0
    outer loop
      vertex 2.4000000953674316 -1.2000000476837158 4
      vertex 2.4000000953674316 -0.60000002384185791 6
      vertex 2.4000000953674316 -4.4408920985006262e-16 4
    endloop
  endfacet
  facet normal -1 0 -0
    outer loop
      vertex 2.4000000953674316 -4.4408920985006262e-16 4
      vertex 2.4000000953674316 -4.9960036108132044e-16 2
      vertex 2.4000000953674316 -1.2000000476837158 2
    endloop
  endfacet
  facet normal -1 0 -0
    outer loop
      vertex 2.4000000953674316 -4.4408920985006262e-16 4
      vertex 2.4000000953674316 -1.2000000476837158 2
      vertex 2.4000000953674316 -1.2000000476837158 4
    endloop
  endfacet
  facet normal -1 0 -0
    outer loop
      vertex 2.4000000953674316 1.2000000476837158 4
      vertex 2.4000000953674316 1.2000000476837158 2
      vertex 2.4000000953674316 -4.9960036108132044e-16 2
    endloop
  endfacet
  facet normal -1 0 -0
    outer loop
      vertex 2.4000000953674316 1.2000000476837158 4
      vertex 2.4000000953674316 -4.9960036108132044e-16 2
      vertex 2.4000000953674316 -4.4408920985006262e-16 4
    endloop
  endfacet
  facet normal -1 0 0
    outer loop
      vertex 2.4000000953674316 -1.2000000476837158 2
      vertex 2.4000000953674316 -2.4000000953674316 0
      vertex 2.4000000953674316 -2.4000000953674316 4
    endloop
  endfacet
  facet normal -1 0 0
    outer loop
      vertex 2.4000000953674316 -2.4000000953674316 8
      vertex 2.4000000953674316 -1.7999999523162842 6
      vertex 2.4000000953674316 -2.4000000953674316 4
    endloop
  endfacet
  facet normal -1 -0 0
    outer loop
      vertex 2.4000000953674316 -2.4000000953674316 4
      vertex 2.4000000953674316 -1.7999999523162842 6
      vertex 2.4000000953674316 -1.2000000476837158 4
    endloop
  endfacet
  facet normal -1 0 0
    outer loop
      vertex 2.4000000953674316 -1.6000000238418579 0
      vertex 2.4000000953674316 -2.4000000953674316 0
      vertex 2.4000000953674316 -1.2000000476837158 2
    endloop
  endfacet
  facet normal -1 -0 0
    outer loop
      vertex 2.4000000953674316 -0.80000001192092896 0
      vertex 2.4000000953674316 -1.2000000476837158 2
      vertex 2.4000000953674316 -4.9960036108132044e-16 2
    endloop
  endfacet
  facet normal -1 -0 0
    outer loop
      vertex 2.4000000953674316 -0.80000001192092896 0
      vertex 2.4000000953674316 -4.9960036108132044e-16 2
      vertex 2.4000000953674316 0 0
    endloop
  endfacet
  facet normal -1 0 -0
    outer loop
      vertex 2.4000000953674316 -1.2000000476837158 6
      vertex 2.4000000953674316 -1.2000000476837158 4
      vertex 2.4000000953674316 -1.7999999523162842 6
    endloop
  endfacet
  facet normal -1 -0 -0
    outer loop
      vertex 2.4000000953674316 -2.4000000953674316 4
      vertex 2.4000000953674316 -1.2000000476837158 4
      vertex 2.4000000953674316 -1.2000000476837158 2
    endloop
  endfacet
  facet normal -1 -0 0
    outer loop
      vertex 2.4000000953674316 0 0
      vertex 2.4000000953674316 -4.9960036108132044e-16 2
      vertex 2.4000000953674316 1.2000000476837158 2
    endloop
  endfacet
  facet normal -1 -0 0
    outer loop
      vertex 2.4000000953674316 0 0
      vertex 2.4000000953674316 1.2000000476837158 2
      vertex 2.4000000953674316 0.80000001192092896 0
    endloop
  endfacet
  facet normal -1 -0 0
    outer loop
      vertex 2.4000000953674316 -1.6000000238418579 0
      vertex 2.4000000953674316 -1.2000000476837158 2
      vertex 2.4000000953674316 -0.80000001192092896 0
    endloop
  endfacet
  facet normal -1 0 0
    outer loop
      vertex 2.4000000953674316 -1.9199999570846558 8
      vertex 2.4000000953674316 -1.7999999523162842 7
      vertex 2.4000000953674316 -2.4000000953674316 8
    endloop
  endfacet
  facet normal -1 0 0
    outer loop
      vertex 2.4000000953674316 -1.7999999523162842 7
      vertex 2.4000000953674316 -1.7999999523162842 6
      vertex 2.4000000953674316 -2.4000000953674316 8
    endloop
  endfacet
  facet normal -1 0 0
    outer loop
      vertex 2.4000000953674316 -1.440000057220459 8
      vertex 2.4000000953674316 -1.2000000476837158 7
      vertex 2.4000000953674316 -1.7999999523162842 7
    endloop
  endfacet
  facet normal -1 0 -0
    outer loop
      vertex 2.4000000953674316 -1.440000057220459 8
      vertex 2.4000000953674316 -1.7999999523162842 7
      vertex 2.4000000953674316 -1.9199999570846558 8
    endloop
  endfacet
  facet normal -1 0 -0
    outer loop
      vertex 2.4000000953674316 -0.47999998927116394 8
      vertex 2.4000000953674316 -0.60000002384185791 7
      vertex 2.4000000953674316 -0.95999997854232788 8
    endloop
  endfacet
  facet normal -1 -0 0
    outer loop
      vertex 2.4000000953674316 -1.2000000476837158 7
      vertex 2.4000000953674316 -0.95999997854232788 8
      vertex 2.4000000953674316 -0.60000002384185791 7
    endloop
  endfacet
  facet normal -1 -0 0
    outer loop
      vertex 2.4000000953674316 -0.60000002384185791 7
      vertex 2.4000000953674316 -0.47999998927116394 8
      vertex 2.4000000953674316 0 8
    endloop
  endfacet
  facet normal -1 -0 0
    outer loop
      vertex 2.4000000953674316 -0.60000002384185791 7
      vertex 2.4000000953674316 0 8
      vertex 2.4000000953674316 -4.4408920985006262e-16 7
    endloop
  endfacet
  facet normal -1 -0 0
    outer loop
      vertex 2.4000000953674316 -1.440000057220459 8
      vertex 2.4000000953674316 -0.95999997854232788 8
      vertex 2.4000000953674316 -1.2000000476837158 7
    endloop
  endfacet
  facet normal -1 0 0
    outer loop
      vertex 2.4000000953674316 1.6000000238418579 0
      vertex 2.4000000953674316 0.80000001192092896 0
      vertex 2.4000000953674316 1.2000000476837158 2
    endloop
  endfacet
  facet normal -1 -0 0
    outer loop
      vertex 2.4000000953674316 1.2000000476837158 4
      vertex 2.4000000953674316 2.4000000953674316 4
      vertex 2.4000000953674316 1.2000000476837158 2
    endloop
  endfacet
  facet normal -1 -0 -0
    outer loop
      vertex 2.4000000953674316 1.2000000476837158 2
      vertex 2.4000000953674316 2.4000000953674316 4
      vertex 2.4000000953674316 2.4000000953674316 0
    endloop
  endfacet
  facet normal -1 -0 0
    outer loop
      vertex 2.4000000953674316 1.2000000476837158 6
      vertex 2.4000000953674316 1.7999999523162842 6
      vertex 2.4000000953674316 1.2000000476837158 4
    endloop
  endfacet
  facet normal -1 0 0
    outer loop
      vertex 2.4000000953674316 1.7999999523162842 6
      vertex 2.4000000953674316 2.4000000953674316 4
      vertex 2.4000000953674316 1.2000000476837158 4
    endloop
  endfacet
  facet normal -1 0 -0
    outer loop
      vertex 2.4000000953674316 2.4000000953674316 8
      vertex 2.4000000953674316 2.4000000953674316 4
      vertex 2.4000000953674316 1.7999999523162842 6
    endloop
  endfacet
  facet normal -1 0 0
    outer loop
      vertex 2.4000000953674316 2.4000000953674316 0
      vertex 2.4000000953674316 1.6000000238418579 0
      vertex 2.4000000953674316 1.2000000476837158 2
    endloop
  endfacet
  facet normal -1 0 0
    outer loop
      vertex 2.4000000953674316 0.47999998927116394 8
      vertex 2.4000000953674316 0.60000002384185791 7
      vertex 2.4000000953674316 -4.4408920985006262e-16 7
    endloop
  endfacet
  facet normal -1 0 -0
    outer loop
      vertex 2.4000000953674316 0.47999998927116394 8
      vertex 2.4000000953674316 -4.4408920985006262e-16 7
      vertex 2.4000000953674316 0 8
    endloop
  endfacet
  facet normal -1 0 0
    outer loop
      vertex 2.4000000953674316 0.95999997854232788 8
      vertex 2.4000000953674316 1.2000000476837158 7
      vertex 2.4000000953674316 0.60000002384185791 7
    endloop
  endfacet
  facet normal -1 0 -0
    outer loop
      vertex 2.4000000953674316 0.95999997854232788 8
      vertex 2.4000000953674316 0.60000002384185791 7
      vertex 2.4000000953674316 0.47999998927116394 8
    endloop
  endfacet
  facet normal -1 -0 0
    outer loop
      vertex 2.4000000953674316 1.2000000476837158 7
      vertex 2.4000000953674316 1.440000057220459 8
      vertex 2.4000000953674316 1.9199999570846558 8
    endloop
  endfacet
  facet normal -1 -0 0
    outer loop
      vertex 2.4000000953674316 1.2000000476837158 7
      vertex 2.4000000953674316 1.9199999570846558 8
      vertex 2.4000000953674316 1.7999999523162842 7
    endloop
  endfacet
  facet normal -1 -0 0
    outer loop
      vertex 2.4000000953674316 1.7999999523162842 7
      vertex 2.4000000953674316 1.9199999570846558 8
      vertex 2.4000000953674316 2.4000000953674316 8
    endloop
  endfacet
  facet normal -1 0 -0
    outer loop
      vertex 2.4000000953674316 2.4000000953674316 8
      vertex 2.4000000953674316 1.7999999523162842 6
      vertex 2.4000000953674316 1.7999999523162842 7
    endloop
  endfacet
  facet normal -1 -0 0
    outer loop
      vertex 2.4000000953674316 0.95999997854232788 8
      vertex 2.4000000953674316 1.440000057220459 8
      vertex 2.4000000953674316 1.2000000476837158 7
    endloop
  endfacet
  facet normal -0 -1 -0
    outer loop
      vertex -1.7999999523162842 2.4000000953674316 7
      vertex -1.7999999523162842 2.4000000953674316 6
      vertex -1.2000000476837158 2.4000000953674316 6
    endloop
  endfacet
  facet normal -0 -1 -0
    outer loop
      vertex -1.7999999523162842 2.4000000953674316 7
      vertex -1.2000000476837158 2.4000000953674316 6
      vertex -1.2000000476837158 2.4000000953674316 7
    endloop
  endfacet
  facet normal -0 -1 -0
    outer loop
      vertex -0.60000002384185791 2.4000000953674316 7
      vertex -0.60000002384185791 2.4000000953674316 6
      vertex -7.7715611723760958e-16 2.4000000953674316 6
    endloop
  endfacet
  facet normal -0 -1 -0
    outer loop
      vertex -0.60000002384185791 2.4000000953674316 7
      vertex -7.7715611723760958e-16 2.4000000953674316 6
      vertex -8.8817841970012523e-16 2.4000000953674316 7
    endloop
  endfacet
  facet normal -0 -1 -0
    outer loop
      vertex -1.2000000476837158 2.4000000953674316 7
      vertex -1.2000000476837158 2.4000000953674316 6
      vertex -0.60000002384185791 2.4000000953674316 6
    endloop
  endfacet
  facet normal -0 -1 -0
    outer loop
      vertex -1.2000000476837158 2.4000000953674316 7
      vertex -0.60000002384185791 2.4000000953674316 6
      vertex -0.60000002384185791 2.4000000953674316 7
    endloop
  endfacet
  facet normal -0 -1 -0
    outer loop
      vertex -0.60000002384185791 2.4000000953674316 6
      vertex -6.6613381477509392e-16 2.4000000953674316 4
      vertex -7.7715611723760958e-16 2.4000000953674316 6
    endloop
  endfacet
  facet normal 0 -1 0
    outer loop
      vertex -1.2000000476837158 2.4000000953674316 4
      vertex -0.60000002384185791 2.4000000953674316 6
      vertex -1.2000000476837158 2.4000000953674316 6
    endloop
  endfacet
  facet normal 0 -1 0
    outer loop
      vertex -6.6613381477509392e-16 2.4000000953674316 4
      vertex -0.60000002384185791 2.4000000953674316 6
      vertex -1.2000000476837158 2.4000000953674316 4
    endloop
  endfacet
  facet normal -0 -1 -0
    outer loop
      vertex 0.60000002384185791 2.4000000953674316 7
      vertex 0.60000002384185791 2.4000000953674316 6
      vertex 1.2000000476837158 2.4000000953674316 6
    endloop
  endfacet
  facet normal -0 -1 -0
    outer loop
      vertex 0.60000002384185791 2.4000000953674316 7
      vertex 1.2000000476837158 2.4000000953674316 6
      vertex 1.2000000476837158 2.4000000953674316 7
    endloop
  endfacet
  facet normal -0 -1 -0
    outer loop
      vertex -8.8817841970012523e-16 2.4000000953674316 7
      vertex -7.7715611723760958e-16 2.4000000953674316 6
      vertex 0.60000002384185791 2.4000000953674316 6
    endloop
  endfacet
  facet normal -0 -1 -0
    outer loop
      vertex -8.8817841970012523e-16 2.4000000953674316 7
      vertex 0.60000002384185791 2.4000000953674316 6
      vertex 0.60000002384185791 2.4000000953674316 7
    endloop
  endfacet
  facet normal -0 -1 -0
    outer loop
      vertex 1.2000000476837158 2.4000000953674316 7
      vertex 1.2000000476837158 2.4000000953674316 6
      vertex 1.7999999523162842 2.4000000953674316 6
    endloop
  endfacet
  facet normal -0 -1 -0
    outer loop
      vertex 1.2000000476837158 2.4000000953674316 7
      vertex 1.7999999523162842 2.4000000953674316 6
      vertex 1.7999999523162842 2.4000000953674316 7
    endloop
  endfacet
  facet normal -0 -1 -0
    outer loop
      vertex 0.60000002384185791 2.4000000953674316 6
      vertex 1.2000000476837158 2.4000000953674316 4
      vertex 1.2000000476837158 2.4000000953674316 6
    endloop
  endfacet
  facet normal 0 -1 0
    outer loop
      vertex -6.6613381477509392e-16 2.4000000953674316 4
      vertex 0.60000002384185791 2.4000000953674316 6
      vertex -7.7715611723760958e-16 2.4000000953674316 6
    endloop
  endfacet
  facet normal 0 -1 0
    outer loop
      vertex 1.2000000476837158 2.4000000953674316 4
      vertex 0.60000002384185791 2.4000000953674316 6
      vertex -6.6613381477509392e-16 2.4000000953674316 4
    endloop
  endfacet
  facet normal -0 -1 0
    outer loop
      vertex -6.6613381477509392e-16 2.4000000953674316 4
      vertex -7.7715611723760958e-16 2.4000000953674316 2
      vertex 1.2000000476837158 2.4000000953674316 2
    endloop
  endfacet
  facet normal -0 -1 -0
    outer loop
      vertex -6.6613381477509392e-16 2.4000000953674316 4
      vertex 1.2000000476837158 2.4000000953674316 2
      vertex 1.2000000476837158 2.4000000953674316 4
    endloop
  endfacet
  facet normal -0 -1 -0
    outer loop
      vertex -1.2000000476837158 2.4000000953674316 4
      vertex -1.2000000476837158 2.4000000953674316 2
      vertex -7.7715611723760958e-16 2.4000000953674316 2
    endloop
  endfacet
  facet normal -0 -1 -0
    outer loop
      vertex -1.2000000476837158 2.4000000953674316 4
      vertex -7.7715611723760958e-16 2.4000000953674316 2
      vertex -6.6613381477509392e-16 2.4000000953674316 4
    endloop
  endfacet
  facet normal -0 -1 0
    outer loop
      vertex 1.2000000476837158 2.4000000953674316 2
      vertex 2.4000000953674316 2.4000000953674316 0
      vertex 2.4000000953674316 2.4000000953674316 4
    endloop
  endfacet
  facet normal -0 -1 0
    outer loop
      vertex 2.4000000953674316 2.4000000953674316 8
      vertex 1.7999999523162842 2.4000000953674316 6
      vertex 2.4000000953674316 2.4000000953674316 4
    endloop
  endfacet
  facet normal 0 -1 0
    outer loop
      vertex 2.4000000953674316 2.4000000953674316 4
      vertex 1.7999999523162842 2.4000000953674316 6
      vertex 1.2000000476837158 2.4000000953674316 6
    endloop
  endfacet
  facet normal 0 -1 0
    outer loop
      vertex 2.4000000953674316 2.4000000953674316 4
      vertex 1.2000000476837158 2.4000000953674316 6
      vertex 1.2000000476837158 2.4000000953674316 4
    endloop
  endfacet
  facet normal -0 -1 0
    outer loop
      vertex 1.6000000238418579 2.4000000953674316 0
      vertex 2.4000000953674316 2.4000000953674316 0
      vertex 1.2000000476837158 2.4000000953674316 2
    endloop
  endfacet
  facet normal 0 -1 0
    outer loop
      vertex 0.80000001192092896 2.4000000953674316 0
      vertex 1.2000000476837158 2.4000000953674316 2
      vertex -7.7715611723760958e-16 2.4000000953674316 2
    endloop
  endfacet
  facet normal 0 -1 0
    outer loop
      vertex 0.80000001192092896 2.4000000953674316 0
      vertex -7.7715611723760958e-16 2.4000000953674316 2
      vertex 0 2.4000000953674316 0
    endloop
  endfacet
  facet normal 0 -1 -0
    outer loop
      vertex 2.4000000953674316 2.4000000953674316 4
      vertex 1.2000000476837158 2.4000000953674316 4
      vertex 1.2000000476837158 2.4000000953674316 2
    endloop
  endfacet
  facet normal -0 -1 0
    outer loop
      vertex -7.7715611723760958e-16 2.4000000953674316 2
      vertex -0.80000001192092896 2.4000000953674316 0
      vertex 0 2.4000000953674316 0
    endloop
  endfacet
  facet normal 0 -1 0
    outer loop
      vertex 1.6000000238418579 2.4000000953674316 0
      vertex 1.2000000476837158 2.4000000953674316 2
      vertex 0.80000001192092896 2.4000000953674316 0
    endloop
  endfacet
  facet normal -0 -1 0
    outer loop
      vertex 1.9199999570846558 2.4000000953674316 8
      vertex 1.7999999523162842 2.4000000953674316 7
      vertex 2.4000000953674316 2.4000000953674316 8
    endloop
  endfacet
  facet normal 0 -1 0
    outer loop
      vertex 1.7999999523162842 2.4000000953674316 6
      vertex 2.4000000953674316 2.4000000953674316 8
      vertex 1.7999999523162842 2.4000000953674316 7
    endloop
  endfacet
  facet normal -0 -1 0
    outer loop
      vertex 1.440000057220459 2.4000000953674316 8
      vertex 1.2000000476837158 2.4000000953674316 7
      vertex 1.7999999523162842 2.4000000953674316 7
    endloop
  endfacet
  facet normal -0 -1 -0
    outer loop
      vertex 1.440000057220459 2.4000000953674316 8
      vertex 1.7999999523162842 2.4000000953674316 7
      vertex 1.9199999570846558 2.4000000953674316 8
    endloop
  endfacet
  facet normal -0 -1 -0
    outer loop
      vertex 0.47999998927116394 2.4000000953674316 8
      vertex 0.60000002384185791 2.4000000953674316 7
      vertex 1.2000000476837158 2.4000000953674316 7
    endloop
  endfacet
  facet normal -0 -1 -0
    outer loop
      vertex 0.47999998927116394 2.4000000953674316 8
      vertex 1.2000000476837158 2.4000000953674316 7
      vertex 0.95999997854232788 2.4000000953674316 8
    endloop
  endfacet
  facet normal 0 -1 0
    outer loop
      vertex 0.60000002384185791 2.4000000953674316 7
      vertex 0.47999998927116394 2.4000000953674316 8
      vertex 0 2.4000000953674316 8
    endloop
  endfacet
  facet normal 0 -1 0
    outer loop
      vertex 0.60000002384185791 2.4000000953674316 7
      vertex 0 2.4000000953674316 8
      vertex -8.8817841970012523e-16 2.4000000953674316 7
    endloop
  endfacet
  facet normal 0 -1 0
    outer loop
      vertex 1.440000057220459 2.4000000953674316 8
      vertex 0.95999997854232788 2.4000000953674316 8
      vertex 1.2000000476837158 2.4000000953674316 7
    endloop
  endfacet
  facet normal -0 -1 0
    outer loop
      vertex -1.6000000238418579 2.4000000953674316 0
      vertex -0.80000001192092896 2.4000000953674316 0
      vertex -1.2000000476837158 2.4000000953674316 2
    endloop
  endfacet
  facet normal 0 -1 0
    outer loop
      vertex -1.2000000476837158 2.4000000953674316 4
      vertex -2.4000000953674316 2.4000000953674316 4
      vertex -1.2000000476837158 2.4000000953674316 2
    endloop
  endfacet
  facet normal 0 -1 0
    outer loop
      vertex -0.80000001192092896 2.4000000953674316 0
      vertex -7.7715611723760958e-16 2.4000000953674316 2
      vertex -1.2000000476837158 2.4000000953674316 2
    endloop
  endfacet
  facet normal 0 -1 -0
    outer loop
      vertex -1.2000000476837158 2.4000000953674316 2
      vertex -2.4000000953674316 2.4000000953674316 4
      vertex -2.4000000953674316 2.4000000953674316 0
    endloop
  endfacet
  facet normal 0 -1 0
    outer loop
      vertex -1.2000000476837158 2.4000000953674316 6
      vertex -1.7999999523162842 2.4000000953674316 6
      vertex -1.2000000476837158 2.4000000953674316 4
    endloop
  endfacet
  facet normal -0 -1 0
    outer loop
      vertex -1.7999999523162842 2.4000000953674316 6
      vertex -2.4000000953674316 2.4000000953674316 4
      vertex -1.2000000476837158 2.4000000953674316 4
    endloop
  endfacet
  facet normal -0 -1 -0
    outer loop
      vertex -2.4000000953674316 2.4000000953674316 8
      vertex -2.4000000953674316 2.4000000953674316 4
      vertex -1.7999999523162842 2.4000000953674316 6
    endloop
  endfacet
  facet normal -0 -1 0
    outer loop
      vertex -2.4000000953674316 2.4000000953674316 0
      vertex -1.6000000238418579 2.4000000953674316 0
      vertex -1.2000000476837158 2.4000000953674316 2
    endloop
  endfacet
  facet normal -0 -1 0
    outer loop
      vertex -0.47999998927116394 2.4000000953674316 8
      vertex -0.60000002384185791 2.4000000953674316 7
      vertex -8.8817841970012523e-16 2.4000000953674316 7
    endloop
  endfacet
  facet normal -0 -1 -0
    outer loop
      vertex -0.47999998927116394 2.4000000953674316 8
      vertex -8.8817841970012523e-16 2.4000000953674316 7
      vertex 0 2.4000000953674316 8
    endloop
  endfacet
  facet normal 0 -1 0
    outer loop
      vertex -0.60000002384185791 2.4000000953674316 7
      vertex -0.47999998927116394 2.4000000953674316 8
      vertex -0.95999997854232788 2.4000000953674316 8
    endloop
  endfacet
  facet normal -0 -1 0
    outer loop
      vertex -0.95999997854232788 2.4000000953674316 8
      vertex -1.2000000476837158 2.4000000953674316 7
      vertex -0.60000002384185791 2.4000000953674316 7
    endloop
  endfacet
  facet normal 0 -1 0
    outer loop
      vertex -1.2000000476837158 2.4000000953674316 7
      vertex -1.440000057220459 2.4000000953674316 8
      vertex -1.9199999570846558 2.4000000953674316 8
    endloop
  endfacet
  facet normal 0 -1 0
    outer loop
      vertex -1.2000000476837158 2.4000000953674316 7
      vertex -1.9199999570846558 2.4000000953674316 8
      vertex -1.7999999523162842 2.4000000953674316 7
    endloop
  endfacet
  facet normal 0 -1 0
    outer loop
      vertex -1.7999999523162842 2.4000000953674316 7
      vertex -1.9199999570846558 2.4000000953674316 8
      vertex -2.4000000953674316 2.4000000953674316 8
    endloop
  endfacet
  facet normal -0 -1 -0
    outer loop
      vertex -2.4000000953674316 2.4000000953674316 8
      vertex -1.7999999523162842 2.4000000953674316 6
      vertex -1.7999999523162842 2.4000000953674316 7
    endloop
  endfacet
  facet normal 0 -1 0
    outer loop
      vertex -0.95999997854232788 2.4000000953674316 8
      vertex -1.440000057220459 2.4000000953674316 8
      vertex -1.2000000476837158 2.4000000953674316 7
    endloop
  endfacet
  facet normal 1 0 0
    outer loop
      vertex -2.4000000953674316 -1.7999999523162842 7
      vertex -2.4000000953674316 -1.7999999523162842 6
      vertex -2.4000000953674316 -1.2000000476837158 6
    endloop
  endfacet
  facet normal 1 0 0
    outer loop
      vertex -2.4000000953674316 -1.7999999523162842 7
      vertex -2.4000000953674316 -1.2000000476837158 6
      vertex -2.4000000953674316 -1.2000000476837158 7
    endloop
  endfacet
  facet normal 1 0 0
    outer loop
      vertex -2.4000000953674316 -0.60000002384185791 7
      vertex -2.4000000953674316 -0.60000002384185791 6
      vertex -2.4000000953674316 1.8873791418627661e-15 6
    endloop
  endfacet
  facet normal 1 0 0
    outer loop
      vertex -2.4000000953674316 -0.60000002384185791 7
      vertex -2.4000000953674316 1.8873791418627661e-15 6
      vertex -2.4000000953674316 1.9984014443252818e-15 7
    endloop
  endfacet
  facet normal 1 0 0
    outer loop
      vertex -2.4000000953674316 -1.2000000476837158 7
      vertex -2.4000000953674316 -1.2000000476837158 6
      vertex -2.4000000953674316 -0.60000002384185791 6
    endloop
  endfacet
  facet normal 1 0 0
    outer loop
      vertex -2.4000000953674316 -1.2000000476837158 7
      vertex -2.4000000953674316 -0.60000002384185791 6
      vertex -2.4000000953674316 -0.60000002384185791 7
    endloop
  endfacet
  facet normal 1 0 0
    outer loop
      vertex -2.4000000953674316 -0.60000002384185791 6
      vertex -2.4000000953674316 1.9984014443252818e-15 4
      vertex -2.4000000953674316 1.8873791418627661e-15 6
    endloop
  endfacet
  facet normal 1 -0 0
    outer loop
      vertex -2.4000000953674316 -1.2000000476837158 4
      vertex -2.4000000953674316 -0.60000002384185791 6
      vertex -2.4000000953674316 -1.2000000476837158 6
    endloop
  endfacet
  facet normal 1 -0 -0
    outer loop
      vertex -2.4000000953674316 1.9984014443252818e-15 4
      vertex -2.4000000953674316 -0.60000002384185791 6
      vertex -2.4000000953674316 -1.2000000476837158 4
    endloop
  endfacet
  facet normal 1 0 0
    outer loop
      vertex -2.4000000953674316 0.60000002384185791 7
      vertex -2.4000000953674316 0.60000002384185791 6
      vertex -2.4000000953674316 1.2000000476837158 6
    endloop
  endfacet
  facet normal 1 0 0
    outer loop
      vertex -2.4000000953674316 0.60000002384185791 7
      vertex -2.4000000953674316 1.2000000476837158 6
      vertex -2.4000000953674316 1.2000000476837158 7
    endloop
  endfacet
  facet normal 1 0 0
    outer loop
      vertex -2.4000000953674316 1.9984014443252818e-15 7
      vertex -2.4000000953674316 1.8873791418627661e-15 6
      vertex -2.4000000953674316 0.60000002384185791 6
    endloop
  endfacet
  facet normal 1 0 0
    outer loop
      vertex -2.4000000953674316 1.9984014443252818e-15 7
      vertex -2.4000000953674316 0.60000002384185791 6
      vertex -2.4000000953674316 0.60000002384185791 7
    endloop
  endfacet
  facet normal 1 0 0
    outer loop
      vertex -2.4000000953674316 1.2000000476837158 7
      vertex -2.4000000953674316 1.2000000476837158 6
      vertex -2.4000000953674316 1.7999999523162842 6
    endloop
  endfacet
  facet normal 1 0 0
    outer loop
      vertex -2.4000000953674316 1.2000000476837158 7
      vertex -2.4000000953674316 1.7999999523162842 6
      vertex -2.4000000953674316 1.7999999523162842 7
    endloop
  endfacet
  facet normal 1 0 0
    outer loop
      vertex -2.4000000953674316 0.60000002384185791 6
      vertex -2.4000000953674316 1.2000000476837158 4
      vertex -2.4000000953674316 1.2000000476837158 6
    endloop
  endfacet
  facet normal 1 -0 0
    outer loop
      vertex -2.4000000953674316 1.9984014443252818e-15 4
      vertex -2.4000000953674316 0.60000002384185791 6
      vertex -2.4000000953674316 1.8873791418627661e-15 6
    endloop
  endfacet
  facet normal 1 -0 -0
    outer loop
      vertex -2.4000000953674316 1.2000000476837158 4
      vertex -2.4000000953674316 0.60000002384185791 6
      vertex -2.4000000953674316 1.9984014443252818e-15 4
    endloop
  endfacet
  facet normal 1 0 0
    outer loop
      vertex -2.4000000953674316 1.9984014443252818e-15 4
      vertex -2.4000000953674316 1.8873791418627661e-15 2
      vertex -2.4000000953674316 1.2000000476837158 2
    endloop
  endfacet
  facet normal 1 0 0
    outer loop
      vertex -2.4000000953674316 1.9984014443252818e-15 4
      vertex -2.4000000953674316 1.2000000476837158 2
      vertex -2.4000000953674316 1.2000000476837158 4
    endloop
  endfacet
  facet normal 1 0 0
    outer loop
      vertex -2.4000000953674316 -1.2000000476837158 4
      vertex -2.4000000953674316 -1.2000000476837158 2
      vertex -2.4000000953674316 1.8873791418627661e-15 2
    endloop
  endfacet
  facet normal 1 0 0
    outer loop
      vertex -2.4000000953674316 -1.2000000476837158 4
      vertex -2.4000000953674316 1.8873791418627661e-15 2
      vertex -2.4000000953674316 1.9984014443252818e-15 4
    endloop
  endfacet
  facet normal 1 0 -0
    outer loop
      vertex -2.4000000953674316 1.2000000476837158 2
      vertex -2.4000000953674316 2.4000000953674316 0
      vertex -2.4000000953674316 2.4000000953674316 4
    endloop
  endfacet
  facet normal 1 0 -0
    outer loop
      vertex -2.4000000953674316 2.4000000953674316 8
      vertex -2.4000000953674316 1.7999999523162842 6
      vertex -2.4000000953674316 2.4000000953674316 4
    endloop
  endfacet
  facet normal 1 -0 -0
    outer loop
      vertex -2.4000000953674316 2.4000000953674316 4
      vertex -2.4000000953674316 1.7999999523162842 6
      vertex -2.4000000953674316 1.2000000476837158 4
    endloop
  endfacet
  facet normal 1 0 0
    outer loop
      vertex -2.4000000953674316 1.6000000238418579 0
      vertex -2.4000000953674316 2.4000000953674316 0
      vertex -2.4000000953674316 1.2000000476837158 2
    endloop
  endfacet
  facet normal 1 0 0
    outer loop
      vertex -2.4000000953674316 1.8873791418627661e-15 2
      vertex -2.4000000953674316 0 0
      vertex -2.4000000953674316 0.80000001192092896 0
    endloop
  endfacet
  facet normal 1 -0 0
    outer loop
      vertex -2.4000000953674316 0.80000001192092896 0
      vertex -2.4000000953674316 1.2000000476837158 2
      vertex -2.4000000953674316 1.8873791418627661e-15 2
    endloop
  endfacet
  facet normal 1 0 0
    outer loop
      vertex -2.4000000953674316 1.2000000476837158 6
      vertex -2.4000000953674316 1.2000000476837158 4
      vertex -2.4000000953674316 1.7999999523162842 6
    endloop
  endfacet
  facet normal 1 -0 0
    outer loop
      vertex -2.4000000953674316 2.4000000953674316 4
      vertex -2.4000000953674316 1.2000000476837158 4
      vertex -2.4000000953674316 1.2000000476837158 2
    endloop
  endfacet
  facet normal 1 -0 0
    outer loop
      vertex -2.4000000953674316 0 0
      vertex -2.4000000953674316 1.8873791418627661e-15 2
      vertex -2.4000000953674316 -1.2000000476837158 2
    endloop
  endfacet
  facet normal 1 -0 -0
    outer loop
      vertex -2.4000000953674316 0 0
      vertex -2.4000000953674316 -1.2000000476837158 2
      vertex -2.4000000953674316 -0.80000001192092896 0
    endloop
  endfacet
  facet normal 1 -0 -0
    outer loop
      vertex -2.4000000953674316 1.6000000238418579 0
      vertex -2.4000000953674316 1.2000000476837158 2
      vertex -2.4000000953674316 0.80000001192092896 0
    endloop
  endfacet
  facet normal 1 0 0
    outer loop
      vertex -2.4000000953674316 1.9199999570846558 8
      vertex -2.4000000953674316 1.7999999523162842 7
      vertex -2.4000000953674316 2.4000000953674316 8
    endloop
  endfacet
  facet normal 1 0 -0
    outer loop
      vertex -2.4000000953674316 1.7999999523162842 7
      vertex -2.4000000953674316 1.7999999523162842 6
      vertex -2.4000000953674316 2.4000000953674316 8
    endloop
  endfacet
  facet normal 1 0 0
    outer loop
      vertex -2.4000000953674316 1.440000057220459 8
      vertex -2.4000000953674316 1.2000000476837158 7
      vertex -2.4000000953674316 1.7999999523162842 7
    endloop
  endfacet
  facet normal 1 0 0
    outer loop
      vertex -2.4000000953674316 1.440000057220459 8
      vertex -2.4000000953674316 1.7999999523162842 7
      vertex -2.4000000953674316 1.9199999570846558 8
    endloop
  endfacet
  facet normal 1 0 0
    outer loop
      vertex -2.4000000953674316 0.47999998927116394 8
      vertex -2.4000000953674316 0.60000002384185791 7
      vertex -2.4000000953674316 0.95999997854232788 8
    endloop
  endfacet
  facet normal 1 -0 -0
    outer loop
      vertex -2.4000000953674316 1.2000000476837158 7
      vertex -2.4000000953674316 0.95999997854232788 8
      vertex -2.4000000953674316 0.60000002384185791 7
    endloop
  endfacet
  facet normal 1 -0 -0
    outer loop
      vertex -2.4000000953674316 0.60000002384185791 7
      vertex -2.4000000953674316 0.47999998927116394 8
      vertex -2.4000000953674316 0 8
    endloop
  endfacet
  facet normal 1 -0 -0
    outer loop
      vertex -2.4000000953674316 0.60000002384185791 7
      vertex -2.4000000953674316 0 8
      vertex -2.4000000953674316 1.9984014443252818e-15 7
    endloop
  endfacet
  facet normal 1 -0 0
    outer loop
      vertex -2.4000000953674316 1.440000057220459 8
      vertex -2.4000000953674316 0.95999997854232788 8
      vertex -2.4000000953674316 1.2000000476837158 7
    endloop
  endfacet
  facet normal 1 0 0
    outer loop
      vertex -2.4000000953674316 -1.6000000238418579 0
      vertex -2.4000000953674316 -0.80000001192092896 0
      vertex -2.4000000953674316 -1.2000000476837158 2
    endloop
  endfacet
  facet normal 1 -0 0
    outer loop
      vertex -2.4000000953674316 -1.2000000476837158 4
      vertex -2.4000000953674316 -2.4000000953674316 4
      vertex -2.4000000953674316 -1.2000000476837158 2
    endloop
  endfacet
  facet normal 1 -0 0
    outer loop
      vertex -2.4000000953674316 -1.2000000476837158 2
      vertex -2.4000000953674316 -2.4000000953674316 4
      vertex -2.4000000953674316 -2.4000000953674316 0
    endloop
  endfacet
  facet normal 1 -0 0
    outer loop
      vertex -2.4000000953674316 -1.2000000476837158 6
      vertex -2.4000000953674316 -1.7999999523162842 6
      vertex -2.4000000953674316 -1.2000000476837158 4
    endloop
  endfacet
  facet normal 1 0 0
    outer loop
      vertex -2.4000000953674316 -1.7999999523162842 6
      vertex -2.4000000953674316 -2.4000000953674316 4
      vertex -2.4000000953674316 -1.2000000476837158 4
    endloop
  endfacet
  facet normal 1 0 0
    outer loop
      vertex -2.4000000953674316 -2.4000000953674316 8
      vertex -2.4000000953674316 -2.4000000953674316 4
      vertex -2.4000000953674316 -1.7999999523162842 6
    endloop
  endfacet
  facet normal 1 0 -0
    outer loop
      vertex -2.4000000953674316 -2.4000000953674316 0
      vertex -2.4000000953674316 -1.6000000238418579 0
      vertex -2.4000000953674316 -1.2000000476837158 2
    endloop
  endfacet
  facet normal 1 0 0
    outer loop
      vertex -2.4000000953674316 -0.47999998927116394 8
      vertex -2.4000000953674316 -0.60000002384185791 7
      vertex -2.4000000953674316 1.9984014443252818e-15 7
    endloop
  endfacet
  facet normal 1 0 0
    outer loop
      vertex -2.4000000953674316 -0.47999998927116394 8
      vertex -2.4000000953674316 1.9984014443252818e-15 7
      vertex -2.4000000953674316 0 8
    endloop
  endfacet
  facet normal 1 -0 0
    outer loop
      vertex -2.4000000953674316 -0.60000002384185791 7
      vertex -2.4000000953674316 -0.47999998927116394 8
      vertex -2.4000000953674316 -0.95999997854232788 8
    endloop
  endfacet
  facet normal 1 0 0
    outer loop
      vertex -2.4000000953674316 -0.95999997854232788 8
      vertex -2.4000000953674316 -1.2000000476837158 7
      vertex -2.4000000953674316 -0.60000002384185791 7
    endloop
  endfacet
  facet normal 1 -0 -0
    outer loop
      vertex -2.4000000953674316 -1.2000000476837158 7
      vertex -2.4000000953674316 -1.440000057220459 8
      vertex -2.4000000953674316 -1.9199999570846558 8
    endloop
  endfacet
  facet normal 1 -0 -0
    outer loop
      vertex -2.4000000953674316 -1.2000000476837158 7
      vertex -2.4000000953674316 -1.9199999570846558 8
      vertex -2.4000000953674316 -1.7999999523162842 7
    endloop
  endfacet
  facet normal 1 -0 -0
    outer loop
      vertex -2.4000000953674316 -1.7999999523162842 7
      vertex -2.4000000953674316 -1.9199999570846558 8
      vertex -2.4000000953674316 -2.4000000953674316 8
    endloop
  endfacet
  facet normal 1 0 0
    outer loop
      vertex -2.4000000953674316 -2.4000000953674316 8
      vertex -2.4000000953674316 -1.7999999523162842 6
      vertex -2.4000000953674316 -1.7999999523162842 7
    endloop
  endfacet
  facet normal 1 -0 0
    outer loop
      vertex -2.4000000953674316 -0.95999997854232788 8
      vertex -2.4000000953674316 -1.440000057220459 8
      vertex -2.4000000953674316 -1.2000000476837158 7
    endloop
  endfacet
  facet normal -0 0 -1
    outer loop
      vertex -1.0285714864730835 -1.0285714864730835 8
      vertex -1.0285714864730835 -1.7142857313156128 8
      vertex -1.7142857313156128 -1.7142857313156128 8
    endloop
  endfacet
  facet normal 0 -0 -1
    outer loop
      vertex -1.0285714864730835 -1.0285714864730835 8
      vertex -1.7142857313156128 -1.7142857313156128 8
      vertex -1.7142857313156128 -1.0285714864730835 8
    endloop
  endfacet
  facet normal -0 0 -1
    outer loop
      vertex -1.3714286088943481 0.34285715222358704 8
      vertex -1.3714286088943481 6.6613381477509392e-16 8
      vertex -1.7142857313156128 5.8286708792820718e-16 8
    endloop
  endfacet
  facet normal 0 -0 -1
    outer loop
      vertex -1.3714286088943481 0.34285715222358704 8
      vertex -1.7142857313156128 5.8286708792820718e-16 8
      vertex -1.7142857313156128 0.34285715222358704 8
    endloop
  endfacet
  facet normal 0 -0 -1
    outer loop
      vertex -1.3714286088943481 6.6613381477509392e-16 8
      vertex -1.3714286088943481 -0.34285715222358704 8
      vertex -1.7142857313156128 -0.34285715222358704 8
    endloop
  endfacet
  facet normal 0 -0 -1
    outer loop
      vertex -1.3714286088943481 6.6613381477509392e-16 8
      vertex -1.7142857313156128 -0.34285715222358704 8
      vertex -1.7142857313156128 5.8286708792820718e-16 8
    endloop
  endfacet
  facet normal -0 0 -1
    outer loop
      vertex -1.0285714864730835 1.7142857313156128 8
      vertex -1.0285714864730835 1.0285714864730835 8
      vertex -1.7142857313156128 1.0285714864730835 8
    endloop
  endfacet
  facet normal 0 -0 -1
    outer loop
      vertex -1.0285714864730835 1.7142857313156128 8
      vertex -1.7142857313156128 1.0285714864730835 8
      vertex -1.7142857313156128 1.7142857313156128 8
    endloop
  endfacet
  facet normal -0 0 -1
    outer loop
      vertex -6.106226635438361e-16 -1.3714286088943481 8
      vertex -5.5511151231257827e-16 -1.7142857313156128 8
      vertex -0.34285715222358704 -1.7142857313156128 8
    endloop
  endfacet
  facet normal 0 -0 -1
    outer loop
      vertex -6.106226635438361e-16 -1.3714286088943481 8
      vertex -0.34285715222358704 -1.7142857313156128 8
      vertex -0.34285715222358704 -1.3714286088943481 8
    endloop
  endfacet
  facet normal -0 0 -1
    outer loop
      vertex 0.34285715222358704 -1.3714286088943481 8
      vertex 0.34285715222358704 -1.7142857313156128 8
      vertex -5.5511151231257827e-16 -1.7142857313156128 8
    endloop
  endfacet
  facet normal 0 -0 -1
    outer loop
      vertex 0.34285715222358704 -1.3714286088943481 8
      vertex -5.5511151231257827e-16 -1.7142857313156128 8
      vertex -6.106226635438361e-16 -1.3714286088943481 8
    endloop
  endfacet
  facet normal -0 0 -1
    outer loop
      vertex 0.34285715222358704 1.7142857313156128 8
      vertex 0.34285715222358704 1.3714286088943481 8
      vertex -6.6613381477509392e-16 1.3714286088943481 8
    endloop
  endfacet
  facet normal 0 -0 -1
    outer loop
      vertex 0.34285715222358704 1.7142857313156128 8
      vertex -6.6613381477509392e-16 1.3714286088943481 8
      vertex -4.4408920985006262e-16 1.7142857313156128 8
    endloop
  endfacet
  facet normal 0 -0 -1
    outer loop
      vertex -4.4408920985006262e-16 1.7142857313156128 8
      vertex -6.6613381477509392e-16 1.3714286088943481 8
      vertex -0.34285715222358704 1.3714286088943481 8
    endloop
  endfacet
  facet normal 0 -0 -1
    outer loop
      vertex -4.4408920985006262e-16 1.7142857313156128 8
      vertex -0.34285715222358704 1.3714286088943481 8
      vertex -0.34285715222358704 1.7142857313156128 8
    endloop
  endfacet
  facet normal -0 0 -1
    outer loop
      vertex 1.7142857313156128 -1.0285714864730835 8
      vertex 1.7142857313156128 -1.7142857313156128 8
      vertex 1.0285714864730835 -1.7142857313156128 8
    endloop
  endfacet
  facet normal 0 -0 -1
    outer loop
      vertex 1.7142857313156128 -1.0285714864730835 8
      vertex 1.0285714864730835 -1.7142857313156128 8
      vertex 1.0285714864730835 -1.0285714864730835 8
    endloop
  endfacet
  facet normal 0 -0 -1
    outer loop
      vertex 1.7142857313156128 0.34285715222358704 8
      vertex 1.7142857313156128 6.6613381477509392e-16 8
      vertex 1.3714286088943481 7.7715611723760958e-16 8
    endloop
  endfacet
  facet normal 0 -0 -1
    outer loop
      vertex 1.7142857313156128 0.34285715222358704 8
      vertex 1.3714286088943481 7.7715611723760958e-16 8
      vertex 1.3714286088943481 0.34285715222358704 8
    endloop
  endfacet
  facet normal 0 -0 -1
    outer loop
      vertex 1.7142857313156128 6.6613381477509392e-16 8
      vertex 1.7142857313156128 -0.34285715222358704 8
      vertex 1.3714286088943481 -0.34285715222358704 8
    endloop
  endfacet
  facet normal 0 0 -1
    outer loop
      vertex 1.7142857313156128 6.6613381477509392e-16 8
      vertex 1.3714286088943481 -0.34285715222358704 8
      vertex 1.3714286088943481 7.7715611723760958e-16 8
    endloop
  endfacet
  facet normal -0 0 -1
    outer loop
      vertex 1.7142857313156128 1.7142857313156128 8
      vertex 1.7142857313156128 1.0285714864730835 8
      vertex 1.0285714864730835 1.0285714864730835 8
    endloop
  endfacet
  facet normal 0 -0 -1
    outer loop
      vertex 1.7142857313156128 1.7142857313156128 8
      vertex 1.0285714864730835 1.0285714864730835 8
      vertex 1.0285714864730835 1.7142857313156128 8
    endloop
  endfacet
  facet normal -0 -0 -1
    outer loop
      vertex -1.9199999570846558 -2.4000000953674316 8
      vertex -2.4000000953674316 -2.4000000953674316 8
      vertex -2.4000000953674316 -1.9199999570846558 8
    endloop
  endfacet
  facet normal 0 -0 -1
    outer loop
      vertex -1.7142857313156128 -1.7142857313156128 8
      vertex -2.4000000953674316 -1.9199999570846558 8
      vertex -2.4000000953674316 -1.440000057220459 8
    endloop
  endfacet
  facet normal 0 0 -1
    outer loop
      vertex -1.7142857313156128 -1.7142857313156128 8
      vertex -1.440000057220459 -2.4000000953674316 8
      vertex -1.9199999570846558 -2.4000000953674316 8
    endloop
  endfacet
  facet normal -0 -0 -1
    outer loop
      vertex -1.7142857313156128 -1.7142857313156128 8
      vertex -2.4000000953674316 -1.440000057220459 8
      vertex -2.4000000953674316 -0.95999997854232788 8
    endloop
  endfacet
  facet normal -0 0 -1
    outer loop
      vertex -1.7142857313156128 -1.7142857313156128 8
      vertex -2.4000000953674316 -0.95999997854232788 8
      vertex -1.7142857313156128 -1.0285714864730835 8
    endloop
  endfacet
  facet normal -0 0 -1
    outer loop
      vertex -1.3714286088943481 -0.34285715222358704 8
      vertex -0.99584716558456421 -0.66954338550567627 8
      vertex -1.7142857313156128 -1.0285714864730835 8
    endloop
  endfacet
  facet normal 0 -0 -1
    outer loop
      vertex -1.9199999570846558 -2.4000000953674316 8
      vertex -2.4000000953674316 -1.9199999570846558 8
      vertex -1.7142857313156128 -1.7142857313156128 8
    endloop
  endfacet
  facet normal 0 0 -1
    outer loop
      vertex -2.4000000953674316 -0.47999998927116394 8
      vertex -1.7142857313156128 -0.34285715222358704 8
      vertex -1.7142857313156128 -1.0285714864730835 8
    endloop
  endfacet
  facet normal 0 0 -1
    outer loop
      vertex -2.4000000953674316 -0.47999998927116394 8
      vertex -1.7142857313156128 -1.0285714864730835 8
      vertex -2.4000000953674316 -0.95999997854232788 8
    endloop
  endfacet
  facet normal 0 0 -1
    outer loop
      vertex -2.4000000953674316 0 8
      vertex -1.7142857313156128 5.8286708792820718e-16 8
      vertex -1.7142857313156128 -0.34285715222358704 8
    endloop
  endfacet
  facet normal 0 0 -1
    outer loop
      vertex -2.4000000953674316 0 8
      vertex -1.7142857313156128 -0.34285715222358704 8
      vertex -2.4000000953674316 -0.47999998927116394 8
    endloop
  endfacet
  facet normal 0 0 -1
    outer loop
      vertex -1.17789626121521 -0.22926057875156403 8
      vertex -1.3714286088943481 -0.34285715222358704 8
      vertex -1.3714286088943481 6.6613381477509392e-16 8
    endloop
  endfacet
  facet normal 0 -0 -1
    outer loop
      vertex -1.3714286088943481 -0.34285715222358704 8
      vertex -1.7142857313156128 -1.0285714864730835 8
      vertex -1.7142857313156128 -0.34285715222358704 8
    endloop
  endfacet
  facet normal 0 0 -1
    outer loop
      vertex -1.17789626121521 -0.22926057875156403 8
      vertex -1.3714286088943481 6.6613381477509392e-16 8
      vertex -1.2000000476837158 0 8
    endloop
  endfacet
  facet normal 0 0 -1
    outer loop
      vertex -1.17789626121521 -0.22926057875156403 8
      vertex -1.1100279092788696 -0.45589250326156616 8
      vertex -1.3714286088943481 -0.34285715222358704 8
    endloop
  endfacet
  facet normal 0 0 -1
    outer loop
      vertex -1.0285714864730835 -1.7142857313156128 8
      vertex -0.95999997854232788 -2.4000000953674316 8
      vertex -1.440000057220459 -2.4000000953674316 8
    endloop
  endfacet
  facet normal 0 -0 -1
    outer loop
      vertex -1.0285714864730835 -1.7142857313156128 8
      vertex -1.440000057220459 -2.4000000953674316 8
      vertex -1.7142857313156128 -1.7142857313156128 8
    endloop
  endfacet
  facet normal -0 0 -1
    outer loop
      vertex -0.95999997854232788 -2.4000000953674316 8
      vertex -1.0285714864730835 -1.7142857313156128 8
      vertex -0.34285715222358704 -1.7142857313156128 8
    endloop
  endfacet
  facet normal -0 0 -1
    outer loop
      vertex -0.95999997854232788 -2.4000000953674316 8
      vertex -0.34285715222358704 -1.7142857313156128 8
      vertex -0.47999998927116394 -2.4000000953674316 8
    endloop
  endfacet
  facet normal 0 0 -1
    outer loop
      vertex -5.5511151231257827e-16 -1.7142857313156128 8
      vertex 0 -2.4000000953674316 8
      vertex -0.47999998927116394 -2.4000000953674316 8
    endloop
  endfacet
  facet normal 0 -0 -1
    outer loop
      vertex -5.5511151231257827e-16 -1.7142857313156128 8
      vertex -0.47999998927116394 -2.4000000953674316 8
      vertex -0.34285715222358704 -1.7142857313156128 8
    endloop
  endfacet
  facet normal -0 0 -1
    outer loop
      vertex -0.21555395424365997 -1.1804814338684082 8
      vertex -6.106226635438361e-16 -1.3714286088943481 8
      vertex -0.34285715222358704 -1.3714286088943481 8
    endloop
  endfacet
  facet normal 0 0 -1
    outer loop
      vertex -1.0285714864730835 -1.7142857313156128 8
      vertex -0.34285715222358704 -1.3714286088943481 8
      vertex -0.34285715222358704 -1.7142857313156128 8
    endloop
  endfacet
  facet normal 0 0 -1
    outer loop
      vertex -0.64887243509292603 -1.0094377994537354 8
      vertex -0.34285715222358704 -1.3714286088943481 8
      vertex -1.0285714864730835 -1.7142857313156128 8
    endloop
  endfacet
  facet normal -0 -0 -1
    outer loop
      vertex -1.1100279092788696 -0.45589250326156616 8
      vertex -0.99584716558456421 -0.66954338550567627 8
      vertex -1.3714286088943481 -0.34285715222358704 8
    endloop
  endfacet
  facet normal 0 -0 -1
    outer loop
      vertex -0.99584716558456421 -0.66954338550567627 8
      vertex -1.0285714864730835 -1.0285714864730835 8
      vertex -1.7142857313156128 -1.0285714864730835 8
    endloop
  endfacet
  facet normal 0 0 -1
    outer loop
      vertex -0.83964431285858154 -0.85731989145278931 8
      vertex -1.0285714864730835 -1.0285714864730835 8
      vertex -0.99584716558456421 -0.66954338550567627 8
    endloop
  endfacet
  facet normal 0 0 -1
    outer loop
      vertex -0.43613940477371216 -1.1179367303848267 8
      vertex -0.34285715222358704 -1.3714286088943481 8
      vertex -0.64887243509292603 -1.0094377994537354 8
    endloop
  endfacet
  facet normal -0 0 -1
    outer loop
      vertex -1.0285714864730835 -1.0285714864730835 8
      vertex -0.83964431285858154 -0.85731989145278931 8
      vertex -0.64887243509292603 -1.0094377994537354 8
    endloop
  endfacet
  facet normal -0 0 -1
    outer loop
      vertex -1.0285714864730835 -1.7142857313156128 8
      vertex -1.0285714864730835 -1.0285714864730835 8
      vertex -0.64887243509292603 -1.0094377994537354 8
    endloop
  endfacet
  facet normal 0 0 -1
    outer loop
      vertex -0.43613940477371216 -1.1179367303848267 8
      vertex -0.21555395424365997 -1.1804814338684082 8
      vertex -0.34285715222358704 -1.3714286088943481 8
    endloop
  endfacet
  facet normal 0 0 -1
    outer loop
      vertex -2.4000000953674316 0.47999998927116394 8
      vertex -1.7142857313156128 0.34285715222358704 8
      vertex -1.7142857313156128 5.8286708792820718e-16 8
    endloop
  endfacet
  facet normal 0 0 -1
    outer loop
      vertex -2.4000000953674316 0.47999998927116394 8
      vertex -1.7142857313156128 5.8286708792820718e-16 8
      vertex -2.4000000953674316 0 8
    endloop
  endfacet
  facet normal 0 0 -1
    outer loop
      vertex -2.4000000953674316 0.95999997854232788 8
      vertex -1.7142857313156128 1.0285714864730835 8
      vertex -1.7142857313156128 0.34285715222358704 8
    endloop
  endfacet
  facet normal 0 0 -1
    outer loop
      vertex -2.4000000953674316 0.95999997854232788 8
      vertex -1.7142857313156128 0.34285715222358704 8
      vertex -2.4000000953674316 0.47999998927116394 8
    endloop
  endfacet
  facet normal 0 0 -1
    outer loop
      vertex -1.3714286088943481 0.34285715222358704 8
      vertex -1.1804814338684082 0.21555395424365997 8
      vertex -1.3714286088943481 6.6613381477509392e-16 8
    endloop
  endfacet
  facet normal 0 -0 -1
    outer loop
      vertex -1.1804814338684082 0.21555395424365997 8
      vertex -1.2000000476837158 0 8
      vertex -1.3714286088943481 6.6613381477509392e-16 8
    endloop
  endfacet
  facet normal 0 0 -1
    outer loop
      vertex -1.7142857313156128 1.0285714864730835 8
      vertex -1.0094377994537354 0.64887243509292603 8
      vertex -1.3714286088943481 0.34285715222358704 8
    endloop
  endfacet
  facet normal 0 0 -1
    outer loop
      vertex -1.3714286088943481 0.34285715222358704 8
      vertex -1.7142857313156128 0.34285715222358704 8
      vertex -1.7142857313156128 1.0285714864730835 8
    endloop
  endfacet
  facet normal 0 -0 -1
    outer loop
      vertex -1.7142857313156128 1.7142857313156128 8
      vertex -2.4000000953674316 1.440000057220459 8
      vertex -2.4000000953674316 1.9199999570846558 8
    endloop
  endfacet
  facet normal 0 -0 -1
    outer loop
      vertex -1.9199999570846558 2.4000000953674316 8
      vertex -2.4000000953674316 1.9199999570846558 8
      vertex -2.4000000953674316 2.4000000953674316 8
    endloop
  endfacet
  facet normal 0 0 -1
    outer loop
      vertex -2.4000000953674316 1.9199999570846558 8
      vertex -1.9199999570846558 2.4000000953674316 8
      vertex -1.7142857313156128 1.7142857313156128 8
    endloop
  endfacet
  facet normal -0 0 -1
    outer loop
      vertex -1.7142857313156128 1.7142857313156128 8
      vertex -1.9199999570846558 2.4000000953674316 8
      vertex -1.440000057220459 2.4000000953674316 8
    endloop
  endfacet
  facet normal -0 0 -1
    outer loop
      vertex -1.7142857313156128 1.7142857313156128 8
      vertex -1.440000057220459 2.4000000953674316 8
      vertex -0.95999997854232788 2.4000000953674316 8
    endloop
  endfacet
  facet normal 0 0 -1
    outer loop
      vertex -1.7142857313156128 1.7142857313156128 8
      vertex -0.95999997854232788 2.4000000953674316 8
      vertex -1.0285714864730835 1.7142857313156128 8
    endloop
  endfacet
  facet normal 0 -0 -1
    outer loop
      vertex -1.7142857313156128 1.0285714864730835 8
      vertex -2.4000000953674316 0.95999997854232788 8
      vertex -2.4000000953674316 1.440000057220459 8
    endloop
  endfacet
  facet normal -0 -0 -1
    outer loop
      vertex -1.7142857313156128 1.0285714864730835 8
      vertex -2.4000000953674316 1.440000057220459 8
      vertex -1.7142857313156128 1.7142857313156128 8
    endloop
  endfacet
  facet normal 0 0 -1
    outer loop
      vertex -1.3714286088943481 0.34285715222358704 8
      vertex -1.1179367303848267 0.43613940477371216 8
      vertex -1.1804814338684082 0.21555395424365997 8
    endloop
  endfacet
  facet normal 0 0 -1
    outer loop
      vertex -1.7142857313156128 1.0285714864730835 8
      vertex -1.0285714864730835 1.0285714864730835 8
      vertex -1.0094377994537354 0.64887243509292603 8
    endloop
  endfacet
  facet normal 0 0 -1
    outer loop
      vertex -0.85731989145278931 0.83964431285858154 8
      vertex -1.0094377994537354 0.64887243509292603 8
      vertex -1.0285714864730835 1.0285714864730835 8
    endloop
  endfacet
  facet normal 0 0 -1
    outer loop
      vertex -1.0285714864730835 1.0285714864730835 8
      vertex -0.66954338550567627 0.99584716558456421 8
      vertex -0.85731989145278931 0.83964431285858154 8
    endloop
  endfacet
  facet normal -0 0 -1
    outer loop
      vertex -0.45589250326156616 1.1100279092788696 8
      vertex -0.66954338550567627 0.99584716558456421 8
      vertex -0.34285715222358704 1.3714286088943481 8
    endloop
  endfacet
  facet normal -0 -0 -1
    outer loop
      vertex -1.0285714864730835 1.7142857313156128 8
      vertex -0.66954338550567627 0.99584716558456421 8
      vertex -1.0285714864730835 1.0285714864730835 8
    endloop
  endfacet
  facet normal 0 0 -1
    outer loop
      vertex -0.22926057875156403 1.17789626121521 8
      vertex -0.45589250326156616 1.1100279092788696 8
      vertex -0.34285715222358704 1.3714286088943481 8
    endloop
  endfacet
  facet normal 0 0 -1
    outer loop
      vertex -0.47999998927116394 2.4000000953674316 8
      vertex -0.34285715222358704 1.7142857313156128 8
      vertex -1.0285714864730835 1.7142857313156128 8
    endloop
  endfacet
  facet normal 0 -0 -1
    outer loop
      vertex -0.47999998927116394 2.4000000953674316 8
      vertex -1.0285714864730835 1.7142857313156128 8
      vertex -0.95999997854232788 2.4000000953674316 8
    endloop
  endfacet
  facet normal 0 -0 -1
    outer loop
      vertex -0.22926057875156403 1.17789626121521 8
      vertex -0.34285715222358704 1.3714286088943481 8
      vertex -6.6613381477509392e-16 1.3714286088943481 8
    endloop
  endfacet
  facet normal 0 -0 -1
    outer loop
      vertex 0 2.4000000953674316 8
      vertex -4.4408920985006262e-16 1.7142857313156128 8
      vertex -0.34285715222358704 1.7142857313156128 8
    endloop
  endfacet
  facet normal 0 -0 -1
    outer loop
      vertex 0 2.4000000953674316 8
      vertex -0.34285715222358704 1.7142857313156128 8
      vertex -0.47999998927116394 2.4000000953674316 8
    endloop
  endfacet
  facet normal 0 0 -1
    outer loop
      vertex -1.0285714864730835 1.7142857313156128 8
      vertex -0.34285715222358704 1.7142857313156128 8
      vertex -0.34285715222358704 1.3714286088943481 8
    endloop
  endfacet
  facet normal 0 0 -1
    outer loop
      vertex -0.34285715222358704 1.3714286088943481 8
      vertex -0.66954338550567627 0.99584716558456421 8
      vertex -1.0285714864730835 1.7142857313156128 8
    endloop
  endfacet
  facet normal 0 -0 -1
    outer loop
      vertex -1.0094377994537354 0.64887243509292603 8
      vertex -1.1179367303848267 0.43613940477371216 8
      vertex -1.3714286088943481 0.34285715222358704 8
    endloop
  endfacet
  facet normal 0 -0 -1
    outer loop
      vertex -0.22926057875156403 1.17789626121521 8
      vertex -6.6613381477509392e-16 1.3714286088943481 8
      vertex 7.3478811155110071e-17 1.2000000476837158 8
    endloop
  endfacet
  facet normal 0 -0 -1
    outer loop
      vertex -2.2043642023044041e-16 -1.2000000476837158 8
      vertex -6.106226635438361e-16 -1.3714286088943481 8
      vertex -0.21555395424365997 -1.1804814338684082 8
    endloop
  endfacet
  facet normal -0 0 -1
    outer loop
      vertex 0 -2.4000000953674316 8
      vertex -5.5511151231257827e-16 -1.7142857313156128 8
      vertex 0.34285715222358704 -1.7142857313156128 8
    endloop
  endfacet
  facet normal -0 0 -1
    outer loop
      vertex 0 -2.4000000953674316 8
      vertex 0.34285715222358704 -1.7142857313156128 8
      vertex 0.47999998927116394 -2.4000000953674316 8
    endloop
  endfacet
  facet normal -0 0 -1
    outer loop
      vertex -6.106226635438361e-16 -1.3714286088943481 8
      vertex 0.22926057875156403 -1.17789626121521 8
      vertex 0.34285715222358704 -1.3714286088943481 8
    endloop
  endfacet
  facet normal -0 0 -1
    outer loop
      vertex 0.47999998927116394 -2.4000000953674316 8
      vertex 0.34285715222358704 -1.7142857313156128 8
      vertex 1.0285714864730835 -1.7142857313156128 8
    endloop
  endfacet
  facet normal -0 0 -1
    outer loop
      vertex 0.47999998927116394 -2.4000000953674316 8
      vertex 1.0285714864730835 -1.7142857313156128 8
      vertex 0.95999997854232788 -2.4000000953674316 8
    endloop
  endfacet
  facet normal -0 -0 -1
    outer loop
      vertex 0.66954338550567627 -0.99584716558456421 8
      vertex 1.0285714864730835 -1.7142857313156128 8
      vertex 0.34285715222358704 -1.3714286088943481 8
    endloop
  endfacet
  facet normal -0 -0 -1
    outer loop
      vertex 1.0285714864730835 -1.7142857313156128 8
      vertex 0.34285715222358704 -1.7142857313156128 8
      vertex 0.34285715222358704 -1.3714286088943481 8
    endloop
  endfacet
  facet normal -0 -0 -1
    outer loop
      vertex 1.0285714864730835 -1.7142857313156128 8
      vertex 1.440000057220459 -2.4000000953674316 8
      vertex 0.95999997854232788 -2.4000000953674316 8
    endloop
  endfacet
  facet normal -0 0 -1
    outer loop
      vertex -2.2043642023044041e-16 -1.2000000476837158 8
      vertex 0.22926057875156403 -1.17789626121521 8
      vertex -6.106226635438361e-16 -1.3714286088943481 8
    endloop
  endfacet
  facet normal 0 -0 -1
    outer loop
      vertex 0.45589250326156616 -1.1100279092788696 8
      vertex 0.34285715222358704 -1.3714286088943481 8
      vertex 0.22926057875156403 -1.17789626121521 8
    endloop
  endfacet
  facet normal 0 -0 -1
    outer loop
      vertex 0.66954338550567627 -0.99584716558456421 8
      vertex 0.34285715222358704 -1.3714286088943481 8
      vertex 0.45589250326156616 -1.1100279092788696 8
    endloop
  endfacet
  facet normal 0 0 -1
    outer loop
      vertex 1.0094377994537354 -0.64887243509292603 8
      vertex 1.0285714864730835 -1.0285714864730835 8
      vertex 0.85731989145278931 -0.83964431285858154 8
    endloop
  endfacet
  facet normal 0 0 -1
    outer loop
      vertex 0.66954338550567627 -0.99584716558456421 8
      vertex 0.85731989145278931 -0.83964431285858154 8
      vertex 1.0285714864730835 -1.0285714864730835 8
    endloop
  endfacet
  facet normal -0 0 -1
    outer loop
      vertex 1.0094377994537354 -0.64887243509292603 8
      vertex 1.1179367303848267 -0.43613940477371216 8
      vertex 1.3714286088943481 -0.34285715222358704 8
    endloop
  endfacet
  facet normal 0 -0 -1
    outer loop
      vertex 1.0285714864730835 -1.0285714864730835 8
      vertex 1.0094377994537354 -0.64887243509292603 8
      vertex 1.7142857313156128 -1.0285714864730835 8
    endloop
  endfacet
  facet normal 0 0 -1
    outer loop
      vertex 1.0285714864730835 -1.7142857313156128 8
      vertex 0.66954338550567627 -0.99584716558456421 8
      vertex 1.0285714864730835 -1.0285714864730835 8
    endloop
  endfacet
  facet normal 0 0 -1
    outer loop
      vertex 1.9199999570846558 -2.4000000953674316 8
      vertex 1.440000057220459 -2.4000000953674316 8
      vertex 1.7142857313156128 -1.7142857313156128 8
    endloop
  endfacet
  facet normal 0 0 -1
    outer loop
      vertex 1.7142857313156128 -1.0285714864730835 8
      vertex 2.4000000953674316 -0.95999997854232788 8
      vertex 2.4000000953674316 -1.440000057220459 8
    endloop
  endfacet
  facet normal 0 0 -1
    outer loop
      vertex 1.7142857313156128 -1.0285714864730835 8
      vertex 2.4000000953674316 -1.440000057220459 8
      vertex 1.7142857313156128 -1.7142857313156128 8
    endloop
  endfacet
  facet normal 0 0 -1
    outer loop
      vertex 1.0094377994537354 -0.64887243509292603 8
      vertex 1.3714286088943481 -0.34285715222358704 8
      vertex 1.7142857313156128 -1.0285714864730835 8
    endloop
  endfacet
  facet normal -0 0 -1
    outer loop
      vertex 2.4000000953674316 -1.9199999570846558 8
      vertex 2.4000000953674316 -2.4000000953674316 8
      vertex 1.9199999570846558 -2.4000000953674316 8
    endloop
  endfacet
  facet normal -0 -0 -1
    outer loop
      vertex 2.4000000953674316 -1.9199999570846558 8
      vertex 1.7142857313156128 -1.7142857313156128 8
      vertex 2.4000000953674316 -1.440000057220459 8
    endloop
  endfacet
  facet normal 0 -0 -1
    outer loop
      vertex 1.9199999570846558 -2.4000000953674316 8
      vertex 1.7142857313156128 -1.7142857313156128 8
      vertex 2.4000000953674316 -1.9199999570846558 8
    endloop
  endfacet
  facet normal 0 -0 -1
    outer loop
      vertex 1.3714286088943481 7.7715611723760958e-16 8
      vertex 1.3714286088943481 -0.34285715222358704 8
      vertex 1.1804814338684082 -0.21555395424365997 8
    endloop
  endfacet
  facet normal 0 -0 -1
    outer loop
      vertex 1.3714286088943481 -0.34285715222358704 8
      vertex 1.1179367303848267 -0.43613940477371216 8
      vertex 1.1804814338684082 -0.21555395424365997 8
    endloop
  endfacet
  facet normal 0 0 -1
    outer loop
      vertex 1.7142857313156128 -0.34285715222358704 8
      vertex 2.4000000953674316 -0.47999998927116394 8
      vertex 2.4000000953674316 -0.95999997854232788 8
    endloop
  endfacet
  facet normal 0 0 -1
    outer loop
      vertex 1.7142857313156128 -0.34285715222358704 8
      vertex 2.4000000953674316 -0.95999997854232788 8
      vertex 1.7142857313156128 -1.0285714864730835 8
    endloop
  endfacet
  facet normal -0 -0 -1
    outer loop
      vertex 2.4000000953674316 -0.47999998927116394 8
      vertex 1.7142857313156128 -0.34285715222358704 8
      vertex 1.7142857313156128 6.6613381477509392e-16 8
    endloop
  endfacet
  facet normal -0 -0 -1
    outer loop
      vertex 2.4000000953674316 -0.47999998927116394 8
      vertex 1.7142857313156128 6.6613381477509392e-16 8
      vertex 2.4000000953674316 0 8
    endloop
  endfacet
  facet normal -0 0 -1
    outer loop
      vertex 1.7142857313156128 -1.0285714864730835 8
      vertex 1.3714286088943481 -0.34285715222358704 8
      vertex 1.7142857313156128 -0.34285715222358704 8
    endloop
  endfacet
  facet normal -0 0 -1
    outer loop
      vertex 1.440000057220459 -2.4000000953674316 8
      vertex 1.0285714864730835 -1.7142857313156128 8
      vertex 1.7142857313156128 -1.7142857313156128 8
    endloop
  endfacet
  facet normal 0 -0 -1
    outer loop
      vertex 1.3714286088943481 7.7715611723760958e-16 8
      vertex 1.1804814338684082 -0.21555395424365997 8
      vertex 1.2000000476837158 0 8
    endloop
  endfacet
  facet normal -0 -0 -1
    outer loop
      vertex 0.64887243509292603 1.0094377994537354 8
      vertex 0.43613940477371216 1.1179367303848267 8
      vertex 0.34285715222358704 1.3714286088943481 8
    endloop
  endfacet
  facet normal -0 -0 -1
    outer loop
      vertex 0.43613940477371216 1.1179367303848267 8
      vertex 0.21555395424365997 1.1804814338684082 8
      vertex 0.34285715222358704 1.3714286088943481 8
    endloop
  endfacet
  facet normal -0 0 -1
    outer loop
      vertex 1.7142857313156128 1.0285714864730835 8
      vertex 0.99584716558456421 0.66954338550567627 8
      vertex 1.0285714864730835 1.0285714864730835 8
    endloop
  endfacet
  facet normal 0 0 -1
    outer loop
      vertex 0.64887243509292603 1.0094377994537354 8
      vertex 1.0285714864730835 1.0285714864730835 8
      vertex 0.83964431285858154 0.85731989145278931 8
    endloop
  endfacet
  facet normal -0 0 -1
    outer loop
      vertex 0.99584716558456421 0.66954338550567627 8
      vertex 0.83964431285858154 0.85731989145278931 8
      vertex 1.0285714864730835 1.0285714864730835 8
    endloop
  endfacet
  facet normal -0 0 -1
    outer loop
      vertex 0.64887243509292603 1.0094377994537354 8
      vertex 1.0285714864730835 1.7142857313156128 8
      vertex 1.0285714864730835 1.0285714864730835 8
    endloop
  endfacet
  facet normal 0 0 -1
    outer loop
      vertex -6.6613381477509392e-16 1.3714286088943481 8
      vertex 0.21555395424365997 1.1804814338684082 8
      vertex 7.3478811155110071e-17 1.2000000476837158 8
    endloop
  endfacet
  facet normal 0 -0 -1
    outer loop
      vertex 0.34285715222358704 1.3714286088943481 8
      vertex 0.21555395424365997 1.1804814338684082 8
      vertex -6.6613381477509392e-16 1.3714286088943481 8
    endloop
  endfacet
  facet normal -0 0 -1
    outer loop
      vertex 0.34285715222358704 1.7142857313156128 8
      vertex 0.47999998927116394 2.4000000953674316 8
      vertex 0.95999997854232788 2.4000000953674316 8
    endloop
  endfacet
  facet normal -0 0 -1
    outer loop
      vertex 0.34285715222358704 1.7142857313156128 8
      vertex 0.95999997854232788 2.4000000953674316 8
      vertex 1.0285714864730835 1.7142857313156128 8
    endloop
  endfacet
  facet normal 0 -0 -1
    outer loop
      vertex 0.34285715222358704 1.3714286088943481 8
      vertex 0.34285715222358704 1.7142857313156128 8
      vertex 1.0285714864730835 1.7142857313156128 8
    endloop
  endfacet
  facet normal 0 -0 -1
    outer loop
      vertex 0.95999997854232788 2.4000000953674316 8
      vertex 1.440000057220459 2.4000000953674316 8
      vertex 1.0285714864730835 1.7142857313156128 8
    endloop
  endfacet
  facet normal 0 -0 -1
    outer loop
      vertex 0.47999998927116394 2.4000000953674316 8
      vertex 0.34285715222358704 1.7142857313156128 8
      vertex -4.4408920985006262e-16 1.7142857313156128 8
    endloop
  endfacet
  facet normal 0 -0 -1
    outer loop
      vertex 0.47999998927116394 2.4000000953674316 8
      vertex -4.4408920985006262e-16 1.7142857313156128 8
      vertex 0 2.4000000953674316 8
    endloop
  endfacet
  facet normal 0 -0 -1
    outer loop
      vertex 1.0285714864730835 1.7142857313156128 8
      vertex 0.64887243509292603 1.0094377994537354 8
      vertex 0.34285715222358704 1.3714286088943481 8
    endloop
  endfacet
  facet normal 0 0 -1
    outer loop
      vertex 1.1100279092788696 0.45589250326156616 8
      vertex 0.99584716558456421 0.66954338550567627 8
      vertex 1.3714286088943481 0.34285715222358704 8
    endloop
  endfacet
  facet normal 0 0 -1
    outer loop
      vertex 1.17789626121521 0.22926057875156403 8
      vertex 1.3714286088943481 7.7715611723760958e-16 8
      vertex 1.2000000476837158 0 8
    endloop
  endfacet
  facet normal -0 -0 -1
    outer loop
      vertex 1.17789626121521 0.22926057875156403 8
      vertex 1.3714286088943481 0.34285715222358704 8
      vertex 1.3714286088943481 7.7715611723760958e-16 8
    endloop
  endfacet
  facet normal 0 -0 -1
    outer loop
      vertex 1.7142857313156128 1.0285714864730835 8
      vertex 1.3714286088943481 0.34285715222358704 8
      vertex 0.99584716558456421 0.66954338550567627 8
    endloop
  endfacet
  facet normal 0 0 -1
    outer loop
      vertex 1.7142857313156128 0.34285715222358704 8
      vertex 2.4000000953674316 0.47999998927116394 8
      vertex 2.4000000953674316 0 8
    endloop
  endfacet
  facet normal 0 0 -1
    outer loop
      vertex 1.7142857313156128 0.34285715222358704 8
      vertex 2.4000000953674316 0 8
      vertex 1.7142857313156128 6.6613381477509392e-16 8
    endloop
  endfacet
  facet normal 0 0 -1
    outer loop
      vertex 1.7142857313156128 1.0285714864730835 8
      vertex 2.4000000953674316 0.95999997854232788 8
      vertex 2.4000000953674316 0.47999998927116394 8
    endloop
  endfacet
  facet normal 0 0 -1
    outer loop
      vertex 1.7142857313156128 1.0285714864730835 8
      vertex 2.4000000953674316 0.47999998927116394 8
      vertex 1.7142857313156128 0.34285715222358704 8
    endloop
  endfacet
  facet normal 0 -0 -1
    outer loop
      vertex 1.7142857313156128 1.0285714864730835 8
      vertex 1.7142857313156128 0.34285715222358704 8
      vertex 1.3714286088943481 0.34285715222358704 8
    endloop
  endfacet
  facet normal -0 0 -1
    outer loop
      vertex 1.0285714864730835 1.7142857313156128 8
      vertex 1.440000057220459 2.4000000953674316 8
      vertex 1.7142857313156128 1.7142857313156128 8
    endloop
  endfacet
  facet normal 0 0 -1
    outer loop
      vertex 1.7142857313156128 1.7142857313156128 8
      vertex 2.4000000953674316 1.440000057220459 8
      vertex 2.4000000953674316 0.95999997854232788 8
    endloop
  endfacet
  facet normal 0 0 -1
    outer loop
      vertex 1.7142857313156128 1.7142857313156128 8
      vertex 2.4000000953674316 0.95999997854232788 8
      vertex 1.7142857313156128 1.0285714864730835 8
    endloop
  endfacet
  facet normal 0 -0 -1
    outer loop
      vertex 1.9199999570846558 2.4000000953674316 8
      vertex 1.7142857313156128 1.7142857313156128 8
      vertex 1.440000057220459 2.4000000953674316 8
    endloop
  endfacet
  facet normal -0 0 -1
    outer loop
      vertex 1.7142857313156128 1.7142857313156128 8
      vertex 1.9199999570846558 2.4000000953674316 8
      vertex 2.4000000953674316 1.9199999570846558 8
    endloop
  endfacet
  facet normal -0 -0 -1
    outer loop
      vertex 2.4000000953674316 1.9199999570846558 8
      vertex 1.9199999570846558 2.4000000953674316 8
      vertex 2.4000000953674316 2.4000000953674316 8
    endloop
  endfacet
  facet normal -0 -0 -1
    outer loop
      vertex 2.4000000953674316 1.440000057220459 8
      vertex 1.7142857313156128 1.7142857313156128 8
      vertex 2.4000000953674316 1.9199999570846558 8
    endloop
  endfacet
  facet normal 0 0 -1
    outer loop
      vertex 1.1100279092788696 0.45589250326156616 8
      vertex 1.3714286088943481 0.34285715222358704 8
      vertex 1.17789626121521 0.22926057875156403 8
    endloop
  endfacet
endsolid OBJECT
