  0
SECTION
  2
HEADER
  9
$ACADVER
  1
AC1009
  9
$EXTMAX
 10
110.268135070801
 20
120.74991607666
 30
0.0
  9
$EXTMIN
 10
-111.116439819336
 20
-155.225296020508
 30
0.0
  9
$INSUNITS
 70
     4
  9
$LUNITS
 70
     2
  9
$LUPREC
 70
     4
  9
$MEASUREMENT
 70
     1
  0
ENDSEC
  0
SECTION
  2
TABLES
  0
TABLE
  2
LAYER
 70
     1
  0
LAYER
  2
0
 70
     0
 62
    70
  6
Continuous
  0
LAYER
  2
Bild
 70
     0
 62
    70
  6
Continuous
  0
LAYER
  2
Silberbergteufel
 70
     0
 62
    70
  6
Continuous
  0
LAYER
  2
Hofsgrund
 70
     0
 62
    70
  6
Continuous
  0
ENDTAB
  0
TABLE
  2
APPID
 70
     1
  0
APPID
  2
ACAD
 70
     0
  0
ENDTAB
  0
ENDSEC
  0
SECTION
  2
ENTITIES
  0
POLYLINE
  8
Bild
 66
     1
 10
0.0
 20
0.0
 30
0.0
 70
     1
  0
VERTEX
  8
Bild
 10
94.117766526644
 20
-4.0156504295925
 42
0.0
  0
VERTEX
  8
Bild
 10
94.3717416754861
 20
-3.2090911442374
 42
0.032339912448
  0
VERTEX
  8
Bild
 10
101.120684853195
 20
-3.2745172045956
 42
0.0568973506954
  0
VERTEX
  8
Bild
 10
102.481063811727
 20
-3.0581324527139
 42
-0.192787615392
  0
VERTEX
  8
Bild
 10
103.008660279281
 20
-3.012330724504
 42
-0.2250306375554
  0
VERTEX
  8
Bild
 10
103.133236211473
 20
-3.2999020413881
 42
-0.1224695817813
  0
VERTEX
  8
Bild
 10
102.540199427703
 20
-4.5851134403251
 42
-0.1562465194709
  0
VERTEX
  8
Bild
 10
100.57728400579
 20
-6.1400842958771
 42
-0.0574845729102
  0
VERTEX
  8
Bild
 10
97.4841975889897
 20
-6.7144066486614
 42
0.0
  0
VERTEX
  8
Bild
 10
95.16416496404
 20
-6.8927374809117
 42
-0.0084581920039
  0
VERTEX
  8
Bild
 10
93.8799088578076
 20
-11.5464074988711
 42
-0.071167194403
  0
VERTEX
  8
Bild
 10
96.1803329445958
 20
-10.6460948590817
 42
-0.4928520494075
  0
VERTEX
  8
Bild
 10
103.794971596345
 20
-18.2439141753349
 42
-0.181340967003
  0
VERTEX
  8
Bild
 10
101.106867247921
 20
-23.1370731084283
 42
-0.132479926134
  0
VERTEX
  8
Bild
 10
96.2601347749657
 20
-25.40563925678
 42
-0.0796350640124
  0
VERTEX
  8
Bild
 10
93.9754763345078
 20
-25.6113115937193
 42
-0.0683383514064
  0
VERTEX
  8
Bild
 10
91.1630123365392
 20
-24.9906583193868
 42
-0.137196845158
  0
VERTEX
  8
Bild
 10
88.7855129976897
 20
-22.9954957212909
 42
-0.1642380553201
  0
VERTEX
  8
Bild
 10
88.5244458306731
 20
-22.3892031196921
 42
0.0
  0
VERTEX
  8
Bild
 10
88.500149566989
 20
-22.3766206139061
 42
-0.0784799654381
  0
VERTEX
  8
Bild
 10
88.4718540807481
 20
-20.6732066048892
 42
-0.1766011043179
  0
VERTEX
  8
Bild
 10
89.2520565566666
 20
-19.9183626235695
 42
-0.1064537944846
  0
VERTEX
  8
Bild
 10
89.9069411447902
 20
-19.6092550638104
 42
-0.1544865590838
  0
VERTEX
  8
Bild
 10
90.481018646266
 20
-19.7469816604958
 42
-0.1250464481529
  0
VERTEX
  8
Bild
 10
91.3981566220524
 20
-20.6889691589175
 42
-0.0284974049648
  0
VERTEX
  8
Bild
 10
92.0555836914513
 20
-22.2316575732235
 42
0.131072968841
  0
VERTEX
  8
Bild
 10
92.9881390526002
 20
-23.5137502753534
 42
0.1989842687077
  0
VERTEX
  8
Bild
 10
95.1034708970621
 20
-23.9428114683072
 42
0.2437985398585
  0
VERTEX
  8
Bild
 10
98.1799930627262
 20
-21.674293286291
 42
0.0880887879451
  0
VERTEX
  8
Bild
 10
99.0597712036678
 20
-18.3245964515128
 42
0.0529482791173
  0
VERTEX
  8
Bild
 10
98.9979398838974
 20
-14.4377640578993
 42
0.1733746164648
  0
VERTEX
  8
Bild
 10
98.336853747497
 20
-13.053137663091
 42
0.2254638883411
  0
VERTEX
  8
Bild
 10
96.7058469065661
 20
-12.2844578657381
 42
0.120844405879
  0
VERTEX
  8
Bild
 10
95.0508863646879
 20
-12.5406399411016
 42
0.1411658334534
  0
VERTEX
  8
Bild
 10
93.5756468457305
 20
-13.9695281594688
 42
-0.0485809975974
  0
VERTEX
  8
Bild
 10
92.9290552244909
 20
-15.043130937777
 42
-0.1512037070236
  0
VERTEX
  8
Bild
 10
92.0732053519716
 20
-15.7933621639302
 42
-0.5289493415164
  0
VERTEX
  8
Bild
 10
91.2792617634023
 20
-15.4431048835817
 42
-0.0168750761042
  0
VERTEX
  8
Bild
 10
91.8945669129697
 20
-12.3833102868403
 42
-0.0200843555625
  0
SEQEND
  0
POLYLINE
  8
Bild
 66
     1
 10
0.0
 20
0.0
 30
0.0
 70
     1
  0
VERTEX
  8
Bild
 10
-13.3308283205441
 20
-71.3446814975096
 42
0.1438629824993
  0
VERTEX
  8
Bild
 10
-13.9248131959934
 20
-71.5581142030491
 42
0.2355690974323
  0
VERTEX
  8
Bild
 10
-13.9885293442063
 20
-72.152988525423
 42
-0.0194577699808
  0
VERTEX
  8
Bild
 10
-13.7148895758795
 20
-74.7622997129165
 42
0.0211530080656
  0
VERTEX
  8
Bild
 10
-13.6508378580511
 20
-75.5473462826892
 42
0.2432770943399
  0
VERTEX
  8
Bild
 10
-13.3835008890964
 20
-75.5475762140411
 42
0.0647631826318
  0
VERTEX
  8
Bild
 10
-11.5815611357723
 20
-74.5931452494584
 42
0.1988683141324
  0
VERTEX
  8
Bild
 10
-11.4532587226886
 20
-74.1666332666415
 42
0.0327866325653
  0
VERTEX
  8
Bild
 10
-12.0046459116262
 20
-72.3062812307582
 42
0.061361597671
  0
VERTEX
  8
Bild
 10
-12.4138138810178
 20
-71.2746316348228
 42
0.1101177699523
  0
VERTEX
  8
Bild
 10
-13.0434208069461
 20
-71.2884459372031
 42
0.0112716337089
  0
SEQEND
  0
POLYLINE
  8
Bild
 66
     1
 10
0.0
 20
0.0
 30
0.0
 70
     1
  0
VERTEX
  8
Bild
 10
-49.717237353954
 20
-22.9153461204901
 42
-0.3453176770862
  0
VERTEX
  8
Bild
 10
-49.4816905595945
 20
-21.7667217986776
 42
-0.0489886448618
  0
VERTEX
  8
Bild
 10
-45.3966881500593
 20
-19.5871599182513
 42
-0.0251908414164
  0
VERTEX
  8
Bild
 10
-42.4453665366006
 20
-18.5321142107602
 42
-0.0088780121268
  0
VERTEX
  8
Bild
 10
-36.2882586130921
 20
-16.5636119758886
 42
-0.03867058641
  0
VERTEX
  8
Bild
 10
-30.7902980472845
 20
-15.334925140915
 42
0.0072427796642
  0
VERTEX
  8
Bild
 10
-22.5850589103596
 20
-13.963752035294
 42
0.0588768904604
  0
VERTEX
  8
Bild
 10
-20.5620007834475
 20
-13.4883012485466
 42
0.2113771818376
  0
VERTEX
  8
Bild
 10
-19.4482224640525
 20
-12.5442781394018
 42
0.5601933374927
  0
VERTEX
  8
Bild
 10
-19.5902204401999
 20
-12.2778622480519
 42
0.0838503149776
  0
VERTEX
  8
Bild
 10
-20.8706410828381
 20
-12.6180934899718
 42
-0.0885607316476
  0
VERTEX
  8
Bild
 10
-24.9224190564849
 20
-13.9262930222082
 42
-0.0159809771187
  0
VERTEX
  8
Bild
 10
-31.5438354279826
 20
-14.9283978319821
 42
-0.0459747713295
  0
VERTEX
  8
Bild
 10
-35.0470766554532
 20
-15.1409040192153
 42
-0.3155359671975
  0
VERTEX
  8
Bild
 10
-35.9258619178339
 20
-14.6428582652789
 42
-0.1540163075592
  0
VERTEX
  8
Bild
 10
-36.1059682042276
 20
-14.0660455311061
 42
-0.2707820226008
  0
VERTEX
  8
Bild
 10
-35.6654445934606
 20
-13.6126989899429
 42
-0.0481292303503
  0
VERTEX
  8
Bild
 10
-33.2211783237176
 20
-13.2749233828483
 42
0.0316208953613
  0
VERTEX
  8
Bild
 10
-26.5962413054959
 20
-12.64881627586
 42
0.0647531041419
  0
VERTEX
  8
Bild
 10
-21.2930767469262
 20
-11.2335757099744
 42
0.0927784094974
  0
VERTEX
  8
Bild
 10
-17.6837868274093
 20
-9.000082370932
 42
-0.0740555176383
  0
VERTEX
  8
Bild
 10
-16.152751379867
 20
-7.8206943045906
 42
-0.4476189888096
  0
VERTEX
  8
Bild
 10
-14.7550135962782
 20
-8.1473641300077
 42
-0.1741472605034
  0
VERTEX
  8
Bild
 10
-14.7940027267537
 20
-9.2378109956029
 42
-0.0649258315187
  0
VERTEX
  8
Bild
 10
-16.2364670028631
 20
-11.463172505038
 42
-0.0420289324855
  0
VERTEX
  8
Bild
 10
-19.8681207681337
 20
-15.1548175170769
 42
-0.1071397851697
  0
VERTEX
  8
Bild
 10
-22.6403985281403
 20
-16.6178225224147
 42
-0.018367608471
  0
VERTEX
  8
Bild
 10
-27.4116009407476
 20
-17.5929666218212
 42
0.0086908393995
  0
VERTEX
  8
Bild
 10
-35.0421112721774
 20
-18.8625537684258
 42
0.0004872942986
  0
VERTEX
  8
Bild
 10
-41.0439074639379
 20
-19.8639257321145
 42
0.0692939249794
  0
VERTEX
  8
Bild
 10
-45.2968202177002
 20
-21.096565182626
 42
0.0596490623866
  0
VERTEX
  8
Bild
 10
-47.8792176811222
 20
-22.7005840314537
 42
-0.090193081543
  0
VERTEX
  8
Bild
 10
-48.8403603411094
 20
-23.3101578826639
 42
-0.384585550504
  0
VERTEX
  8
Bild
 10
-49.6281947900666
 20
-23.0641583220851
 42
-0.0284013341994
  0
SEQEND
  0
POLYLINE
  8
Bild
 66
     1
 10
0.0
 20
0.0
 30
0.0
 70
     1
  0
VERTEX
  8
Bild
 10
21.5719464916598
 20
-77.0494221096431
 42
0.0421442029437
  0
VERTEX
  8
Bild
 10
20.0980203830044
 20
-76.590368202064
 42
-0.0675139786685
  0
VERTEX
  8
Bild
 10
16.8591241533767
 20
-75.5788800207621
 42
0.0
  0
VERTEX
  8
Bild
 10
15.5929882595039
 20
-74.9783498342193
 42
0.1313086195052
  0
VERTEX
  8
Bild
 10
14.8132949904819
 20
-77.1291120330789
 42
0.2246329580119
  0
VERTEX
  8
Bild
 10
15.0080321179516
 20
-78.0311978134015
 42
0.0567453659418
  0
VERTEX
  8
Bild
 10
16.1919563233765
 20
-78.8084745170145
 42
0.0268522109973
  0
VERTEX
  8
Bild
 10
18.1874500089088
 20
-79.7789076945261
 42
0.2240141885253
  0
VERTEX
  8
Bild
 10
19.2684188747116
 20
-79.8776460197147
 42
0.080620443605
  0
VERTEX
  8
Bild
 10
20.2439997674751
 20
-79.0003683613967
 42
0.0670365262279
  0
VERTEX
  8
Bild
 10
21.5055696340119
 20
-77.2821503017627
 42
0.2790805422612
  0
SEQEND
  0
POLYLINE
  8
Bild
 66
     1
 10
0.0
 20
0.0
 30
0.0
 70
     1
  0
VERTEX
  8
Bild
 10
-21.7105686024437
 20
-81.0438266352978
 42
0.070624474193
  0
VERTEX
  8
Bild
 10
-20.3347206928111
 20
-80.3133871162578
 42
0.023938291616
  0
VERTEX
  8
Bild
 10
-17.2612224390376
 20
-77.8960174490727
 42
-0.0378726531845
  0
VERTEX
  8
Bild
 10
-18.6610807189205
 20
-75.3017263234195
 42
-0.1159092526883
  0
VERTEX
  8
Bild
 10
-18.9279473020141
 20
-74.518164968793
 42
0.2964633856541
  0
VERTEX
  8
Bild
 10
-19.0068096503822
 20
-74.220030813966
 42
0.1658756966472
  0
VERTEX
  8
Bild
 10
-19.474106838662
 20
-74.3824768254607
 42
0.0393173362666
  0
VERTEX
  8
Bild
 10
-22.5831408722154
 20
-77.0745101937006
 42
0.1053441968832
  0
VERTEX
  8
Bild
 10
-23.5207667828622
 20
-78.3698416792708
 42
0.2899780071734
  0
VERTEX
  8
Bild
 10
-23.4219166796744
 20
-79.3839758722313
 42
0.0662234425026
  0
VERTEX
  8
Bild
 10
-22.1805005722853
 20
-80.7896843109734
 42
0.2150055293779
  0
SEQEND
  0
POLYLINE
  8
Bild
 66
     1
 10
0.0
 20
0.0
 30
0.0
 70
     1
  0
VERTEX
  8
Bild
 10
-28.2584037566028
 20
41.1628139544068
 42
0.0
  0
VERTEX
  8
Bild
 10
-27.7611258443278
 20
41.7769250037163
 42
-0.0543973547336
  0
VERTEX
  8
Bild
 10
-23.5974793152741
 20
40.4207433963298
 42
-0.0229959964869
  0
VERTEX
  8
Bild
 10
-16.4859683122543
 20
36.7285708612137
 42
-0.0367851849911
  0
VERTEX
  8
Bild
 10
-10.0285664534148
 20
32.5470285551893
 42
-0.025118390489
  0
VERTEX
  8
Bild
 10
-6.3614962080652
 20
29.3258061652309
 42
0.0491843712737
  0
VERTEX
  8
Bild
 10
-4.4999899731197
 20
27.7481506227686
 42
0.3356368022038
  0
VERTEX
  8
Bild
 10
-3.9958499541061
 20
27.6369875714337
 42
0.0321110258506
  0
VERTEX
  8
Bild
 10
-2.1175882653711
 20
28.8039624621663
 42
0.0358662386991
  0
VERTEX
  8
Bild
 10
5.3904173340804
 20
35.0082584157745
 42
-0.040454439753
  0
VERTEX
  8
Bild
 10
7.7588749156292
 20
37.0413551379949
 42
-0.0352748186897
  0
VERTEX
  8
Bild
 10
15.7055874996266
 20
40.9920882036194
 42
-0.0678835880556
  0
VERTEX
  8
Bild
 10
16.837089321359
 20
41.3926489524996
 42
-0.1140472111789
  0
VERTEX
  8
Bild
 10
17.8149116667845
 20
41.1381927935567
 42
-0.1486720462462
  0
VERTEX
  8
Bild
 10
19.1949717221653
 20
40.0085920563525
 42
-0.2776104664761
  0
VERTEX
  8
Bild
 10
19.311026203342
 20
39.6156419014895
 42
-0.1039956426038
  0
VERTEX
  8
Bild
 10
18.6925860114057
 20
39.1622043845426
 42
-0.0140022918518
  0
VERTEX
  8
Bild
 10
16.9827150472537
 20
38.5604987367521
 42
0.0465878199956
  0
VERTEX
  8
Bild
 10
13.4636937876118
 20
36.6218104446568
 42
0.0483353342011
  0
VERTEX
  8
Bild
 10
3.6736515640312
 20
28.5058382628388
 42
0.0180165029908
  0
VERTEX
  8
Bild
 10
-1.190421448556
 20
23.3934880563658
 42
0.0784256298407
  0
VERTEX
  8
Bild
 10
-1.6510364990409
 20
22.8283373430488
 42
-0.1810972830833
  0
VERTEX
  8
Bild
 10
-2.0425469424061
 20
22.3914547782306
 42
-0.1320151833673
  0
VERTEX
  8
Bild
 10
-3.6995346305053
 20
21.753765316083
 42
-0.1683325014161
  0
VERTEX
  8
Bild
 10
-4.217475269637
 20
21.9499474467002
 42
-0.0218132731584
  0
VERTEX
  8
Bild
 10
-6.9017274905171
 20
24.375587598693
 42
0.0050237473348
  0
VERTEX
  8
Bild
 10
-11.5896050037459
 20
29.1121212429402
 42
0.0645355080362
  0
VERTEX
  8
Bild
 10
-17.1785666150497
 20
33.5363918012856
 42
0.0415711770712
  0
VERTEX
  8
Bild
 10
-23.459367163076
 20
36.7236981208985
 42
-0.0236220161593
  0
VERTEX
  8
Bild
 10
-27.2525305671085
 20
38.4044062666769
 42
-0.1080534520982
  0
VERTEX
  8
Bild
 10
-28.5229033034899
 20
39.2275910071691
 42
-0.2490032871629
  0
VERTEX
  8
Bild
 10
-28.6775536482924
 20
40.3065584985148
 42
-0.0617325919282
  0
SEQEND
  0
POLYLINE
  8
Bild
 66
     1
 10
0.0
 20
0.0
 30
0.0
 70
     1
  0
VERTEX
  8
Bild
 10
8.4303328656658
 20
-21.1487715033325
 42
0.0745732508523
  0
VERTEX
  8
Bild
 10
6.2934785352292
 20
-21.8212645912912
 42
0.1244628809811
  0
VERTEX
  8
Bild
 10
3.3117088371847
 20
-24.7716945107797
 42
0.0862115169869
  0
VERTEX
  8
Bild
 10
2.8570878544154
 20
-25.8252720877783
 42
0.0031497569405
  0
VERTEX
  8
Bild
 10
2.3964296448158
 20
-27.6519675063754
 42
-0.2132054976816
  0
VERTEX
  8
Bild
 10
1.5416633768267
 20
-28.902221147873
 42
-0.3735285137475
  0
VERTEX
  8
Bild
 10
0.4701374625928
 20
-28.8567623408734
 42
-0.1880248412579
  0
VERTEX
  8
Bild
 10
0.2045527354144
 20
-27.8705930281081
 42
-0.0692601124006
  0
VERTEX
  8
Bild
 10
1.2375442464496
 20
-24.791697908484
 42
-0.1038904186263
  0
VERTEX
  8
Bild
 10
3.1073693268075
 20
-22.2047689212029
 42
-0.0276358398841
  0
VERTEX
  8
Bild
 10
4.9542388622698
 20
-20.7903462272289
 42
0.0641593643381
  0
VERTEX
  8
Bild
 10
6.6781660688134
 20
-19.2507794837806
 42
0.1593097589273
  0
VERTEX
  8
Bild
 10
7.0947630753738
 20
-18.5699492112741
 42
0.0802060063277
  0
VERTEX
  8
Bild
 10
6.7245941340443
 20
-17.355549938355
 42
-0.0349032187543
  0
VERTEX
  8
Bild
 10
5.2257095926265
 20
-13.600326067174
 42
0.107797758215
  0
VERTEX
  8
Bild
 10
0.7192700766975
 20
-5.8934066524434
 42
0.0872759128968
  0
VERTEX
  8
Bild
 10
-2.4021098857506
 20
-3.3528259813344
 42
0.121030539892
  0
VERTEX
  8
Bild
 10
-5.1518818180895
 20
-2.544135317214
 42
0.0987307509015
  0
VERTEX
  8
Bild
 10
-6.4728969520657
 20
-2.8643653832541
 42
0.091290670875
  0
VERTEX
  8
Bild
 10
-8.5025705824859
 20
-4.0896984208062
 42
0.1393373471206
  0
VERTEX
  8
Bild
 10
-9.6295849904718
 20
-6.0780352298422
 42
0.0330202920799
  0
VERTEX
  8
Bild
 10
-10.0353527508939
 20
-9.3160797024845
 42
-0.0425170512163
  0
VERTEX
  8
Bild
 10
-10.5770552316003
 20
-14.1637556286522
 42
-0.0231622280234
  0
VERTEX
  8
Bild
 10
-11.5282762368943
 20
-17.6185094972255
 42
0.0
  0
VERTEX
  8
Bild
 10
-12.3672670368947
 20
-20.1983634433133
 42
-0.0877846425118
  0
VERTEX
  8
Bild
 10
-9.9149675598569
 20
-23.4381588127592
 42
-0.1224382816764
  0
VERTEX
  8
Bild
 10
-8.9818923576408
 20
-26.7783007502983
 42
-0.1052132445334
  0
VERTEX
  8
Bild
 10
-9.0840546051389
 20
-28.0315761930374
 42
-0.2299144632105
  0
VERTEX
  8
Bild
 10
-9.8910748176732
 20
-28.7707577597454
 42
-0.0116627109441
  0
VERTEX
  8
Bild
 10
-10.7719738465928
 20
-29.0439860188877
 42
0.0542578367857
  0
VERTEX
  8
Bild
 10
-10.5958087962229
 20
-26.8754332413123
 42
0.1371074884957
  0
VERTEX
  8
Bild
 10
-11.9709755359554
 20
-23.4662615142975
 42
0.1307090232763
  0
VERTEX
  8
Bild
 10
-15.3613862964894
 20
-20.7309893977614
 42
0.1189580729303
  0
VERTEX
  8
Bild
 10
-16.7537896578511
 20
-20.5789280897039
 42
0.2144064886628
  0
VERTEX
  8
Bild
 10
-18.7199698363385
 20
-21.4928233018234
 42
0.0969300442113
  0
VERTEX
  8
Bild
 10
-19.5361819044967
 20
-23.2703261157665
 42
0.0596866180044
  0
VERTEX
  8
Bild
 10
-20.0603615135345
 20
-28.1282429791551
 42
0.0971323060102
  0
VERTEX
  8
Bild
 10
-19.7548929762738
 20
-30.2157163866412
 42
0.2262220915879
  0
VERTEX
  8
Bild
 10
-19.0354970683363
 20
-31.0475945502663
 42
0.1734231995954
  0
VERTEX
  8
Bild
 10
-17.8191413125746
 20
-30.9282569111994
 42
0.0081993616813
  0
VERTEX
  8
Bild
 10
-16.6274444034611
 20
-30.2313048700936
 42
-0.1286579195026
  0
VERTEX
  8
Bild
 10
-15.5021034279634
 20
-29.8147146642215
 42
-0.2084404724448
  0
VERTEX
  8
Bild
 10
-14.2731017931368
 20
-30.3414070752304
 42
-0.0938045420585
  0
VERTEX
  8
Bild
 10
-13.3896411139296
 20
-31.5485936108116
 42
0.0357666658024
  0
VERTEX
  8
Bild
 10
-12.7410205093055
 20
-32.9456564733696
 42
-0.0109178208969
  0
VERTEX
  8
Bild
 10
-10.1033625132454
 20
-37.6442782706113
 42
-0.0478993240578
  0
VERTEX
  8
Bild
 10
-7.9282054619167
 20
-42.7953572746578
 42
0.0152152227914
  0
VERTEX
  8
Bild
 10
-6.5993819322628
 20
-47.0004306135619
 42
0.1044730004042
  0
VERTEX
  8
Bild
 10
-5.1763445247075
 20
-49.4292056641577
 42
0.1501182963469
  0
VERTEX
  8
Bild
 10
-4.4598394731716
 20
-49.9431025323212
 42
0.154330990081
  0
VERTEX
  8
Bild
 10
-3.5997550963592
 20
-49.7132133901182
 42
0.0821701840865
  0
VERTEX
  8
Bild
 10
-1.8917158188586
 20
-48.3260203963607
 42
0.0553558021814
  0
VERTEX
  8
Bild
 10
-0.0585572311162
 20
-45.8555492311657
 42
0.0904127702398
  0
VERTEX
  8
Bild
 10
0.2053634212612
 20
-45.1992660999926
 42
-0.0280411131783
  0
VERTEX
  8
Bild
 10
1.3888292287911
 20
-43.563303081782
 42
0.0825907798549
  0
VERTEX
  8
Bild
 10
3.5355853341706
 20
-39.5614019818124
 42
-0.087033201038
  0
VERTEX
  8
Bild
 10
6.6269223368348
 20
-34.2538308780493
 42
-0.0440430699078
  0
VERTEX
  8
Bild
 10
7.9478771932117
 20
-32.9957130871931
 42
0.0236380639545
  0
VERTEX
  8
Bild
 10
11.8371134070432
 20
-29.1755979395002
 42
0.0502217324542
  0
VERTEX
  8
Bild
 10
13.8449665205107
 20
-30.7387229341888
 42
0.1660338237909
  0
VERTEX
  8
Bild
 10
15.0500084062816
 20
-31.1443982959098
 42
0.2719526383
  0
VERTEX
  8
Bild
 10
15.9125334977105
 20
-30.524911895818
 42
0.0844546135384
  0
VERTEX
  8
Bild
 10
16.2569310450088
 20
-28.6112735726171
 42
0.0907353421615
  0
VERTEX
  8
Bild
 10
15.7773821353092
 20
-25.1382438705558
 42
0.1393705719261
  0
VERTEX
  8
Bild
 10
13.2299475897374
 20
-21.5621638748129
 42
0.1358247280637
  0
VERTEX
  8
Bild
 10
11.2473299356743
 20
-20.593296965819
 42
0.1639875144747
  0
VERTEX
  8
Bild
 10
9.9825553410355
 20
-20.759309387675
 42
-0.0245455883194
  0
SEQEND
  0
POLYLINE
  8
Bild
 66
     1
 10
0.0
 20
0.0
 30
0.0
 70
     1
  0
VERTEX
  8
Bild
 10
85.8875711261248
 20
-18.3588351831378
 42
-0.1922956817651
  0
VERTEX
  8
Bild
 10
86.2964028818392
 20
-18.4296387407512
 42
-0.2031832272071
  0
VERTEX
  8
Bild
 10
86.3950094275982
 20
-18.8512833661376
 42
-0.0038000217587
  0
VERTEX
  8
Bild
 10
85.3256931427859
 20
-25.1320016324178
 42
0.0
  0
VERTEX
  8
Bild
 10
70.4512883914258
 20
-25.1320016324178
 42
-0.0896658300239
  0
VERTEX
  8
Bild
 10
70.5035853462528
 20
-24.135202517988
 42
-0.0744899204172
  0
VERTEX
  8
Bild
 10
71.4194714843857
 20
-22.9238328372024
 42
-0.0058406859189
  0
VERTEX
  8
Bild
 10
74.7493248418166
 20
-19.826898967488
 42
0.0436450230607
  0
VERTEX
  8
Bild
 10
78.7166765263955
 20
-15.6519602897378
 42
0.0901015678149
  0
VERTEX
  8
Bild
 10
80.8591501642438
 20
-12.0239764091032
 42
0.1086469523379
  0
VERTEX
  8
Bild
 10
81.406637797713
 20
-7.9241388996646
 42
0.1484254418193
  0
VERTEX
  8
Bild
 10
80.2096605092877
 20
-5.3926595566095
 42
0.1832112383652
  0
VERTEX
  8
Bild
 10
78.2384544557566
 20
-4.5593160733227
 42
0.2372983493258
  0
VERTEX
  8
Bild
 10
75.3995520388719
 20
-5.5686009523474
 42
0.2895520129838
  0
VERTEX
  8
Bild
 10
74.794772875425
 20
-9.6696486824405
 42
0.2012411729553
  0
VERTEX
  8
Bild
 10
76.2537684298412
 20
-11.0381946988236
 42
-0.1734292082688
  0
VERTEX
  8
Bild
 10
76.8495226423844
 20
-11.4217980493001
 42
-0.2616691002399
  0
VERTEX
  8
Bild
 10
76.8226216681345
 20
-11.9258998291333
 42
-0.2820908735285
  0
VERTEX
  8
Bild
 10
74.2258915181475
 20
-13.0073401013165
 42
-0.4203278236534
  0
VERTEX
  8
Bild
 10
70.6908574877178
 20
-7.9604711360457
 42
-0.1847241497417
  0
VERTEX
  8
Bild
 10
72.9394620556913
 20
-4.5277834274459
 42
-0.1508761283713
  0
VERTEX
  8
Bild
 10
78.2869123229458
 20
-2.8784498383511
 42
-0.1019683299343
  0
VERTEX
  8
Bild
 10
81.9673915705935
 20
-3.4386270195184
 42
-0.1478197968829
  0
VERTEX
  8
Bild
 10
85.3759433629888
 20
-6.2304092938579
 42
-0.1735658745729
  0
VERTEX
  8
Bild
 10
86.0987047315223
 20
-9.4864643911378
 42
-0.10332518867
  0
VERTEX
  8
Bild
 10
84.717752442887
 20
-13.4873188541288
 42
-0.0436572062821
  0
VERTEX
  8
Bild
 10
82.5997602693558
 20
-16.0027069607164
 42
-0.0380448750744
  0
VERTEX
  8
Bild
 10
77.8884907671058
 20
-20.1069655384036
 42
0.0
  0
VERTEX
  8
Bild
 10
75.7635758026258
 20
-21.6790148151378
 42
0.0196043858967
  0
VERTEX
  8
Bild
 10
80.9402955778047
 20
-21.7636904907517
 42
0.0841454467565
  0
VERTEX
  8
Bild
 10
82.9896865748282
 20
-21.5054641340313
 42
0.1829908194755
  0
VERTEX
  8
Bild
 10
84.3753762030219
 20
-20.3140601842308
 42
-0.0376567574732
  0
VERTEX
  8
Bild
 10
85.1175630236084
 20
-18.8646261420275
 42
-0.2793330346246
  0
SEQEND
  0
POLYLINE
  8
Bild
 66
     1
 10
0.0
 20
0.0
 30
0.0
 70
     1
  0
VERTEX
  8
Bild
 10
-19.4584721650522
 20
-100.699290056738
 42
0.1025904741679
  0
VERTEX
  8
Bild
 10
-19.9860962177543
 20
-101.342878001017
 42
-0.0199950812012
  0
VERTEX
  8
Bild
 10
-21.3243272357282
 20
-103.847870414509
 42
-0.1530183165389
  0
VERTEX
  8
Bild
 10
-22.1300487273574
 20
-104.671979870949
 42
-0.3108783720508
  0
VERTEX
  8
Bild
 10
-23.0946648086018
 20
-104.520896008712
 42
-0.0986285941046
  0
VERTEX
  8
Bild
 10
-23.7929374570474
 20
-103.400139317047
 42
0.0536895809039
  0
VERTEX
  8
Bild
 10
-25.0399828513738
 20
-101.652382674047
 42
0.0361381699827
  0
VERTEX
  8
Bild
 10
-29.1238094743236
 20
-97.485900671651
 42
0.0619344421128
  0
VERTEX
  8
Bild
 10
-32.1618936687012
 20
-95.5445728851708
 42
0.074188372078
  0
VERTEX
  8
Bild
 10
-33.6439111963665
 20
-94.9842048868125
 42
0.0628362690635
  0
VERTEX
  8
Bild
 10
-34.7232805276639
 20
-95.0081999355058
 42
-0.2313743128804
  0
VERTEX
  8
Bild
 10
-35.6703586987397
 20
-94.8776706115845
 42
-0.1479952318936
  0
VERTEX
  8
Bild
 10
-36.1289675143207
 20
-93.878866940625
 42
-0.0231154448207
  0
VERTEX
  8
Bild
 10
-36.3215768632379
 20
-91.5685277982235
 42
0.0537662788156
  0
VERTEX
  8
Bild
 10
-36.9743835206257
 20
-86.2186194818959
 42
0.1013512386424
  0
VERTEX
  8
Bild
 10
-38.1723969959388
 20
-83.5125026460213
 42
0.0739672096506
  0
VERTEX
  8
Bild
 10
-40.4936854983455
 20
-80.9186657044413
 42
0.1234527390308
  0
VERTEX
  8
Bild
 10
-41.1051465467188
 20
-80.5440021025031
 42
-0.0737484347436
  0
VERTEX
  8
Bild
 10
-43.2650685276395
 20
-79.8212568104842
 42
-0.1131475795483
  0
VERTEX
  8
Bild
 10
-44.6535285436411
 20
-78.9383746594099
 42
-0.1837978703161
  0
VERTEX
  8
Bild
 10
-45.0952217807307
 20
-77.6179230065016
 42
-0.0379646816724
  0
VERTEX
  8
Bild
 10
-44.8058682736773
 20
-75.9176684942677
 42
0.1237622072819
  0
VERTEX
  8
Bild
 10
-44.956124186955
 20
-70.1823689737686
 42
0.0618043581641
  0
VERTEX
  8
Bild
 10
-47.5438557352779
 20
-64.4429337875852
 42
0.0578213127758
  0
VERTEX
  8
Bild
 10
-51.0846177703226
 20
-59.7945303944363
 42
0.0794804377572
  0
VERTEX
  8
Bild
 10
-51.9264388482136
 20
-59.0567749723321
 42
-0.1849273755324
  0
VERTEX
  8
Bild
 10
-52.3837654313943
 20
-58.7423354943989
 42
-0.1419864830374
  0
VERTEX
  8
Bild
 10
-53.0463571645333
 20
-56.7364480310388
 42
-0.0689322689474
  0
VERTEX
  8
Bild
 10
-52.5079012526986
 20
-53.0870867469144
 42
0.0355823224324
  0
VERTEX
  8
Bild
 10
-51.8651475017497
 20
-48.7745484092871
 42
0.0464030823001
  0
VERTEX
  8
Bild
 10
-51.9972371328052
 20
-37.2604323509698
 42
0.0395138115591
  0
VERTEX
  8
Bild
 10
-53.1642931551022
 20
-31.7166507939151
 42
0.0463839284877
  0
VERTEX
  8
Bild
 10
-55.8603928538672
 20
-24.5748665751308
 42
0.0266796191078
  0
VERTEX
  8
Bild
 10
-57.2078052015938
 20
-22.2894102511441
 42
-0.080904034874
  0
VERTEX
  8
Bild
 10
-58.294467584412
 20
-20.2071427113451
 42
-0.161941231467
  0
VERTEX
  8
Bild
 10
-58.2367552982824
 20
-17.6989013954821
 42
-0.0129735280832
  0
VERTEX
  8
Bild
 10
-57.4383988251119
 20
-15.8558307673617
 42
0.0532283350856
  0
VERTEX
  8
Bild
 10
-56.6721334505837
 20
-13.7065691754232
 42
0.0210957983621
  0
VERTEX
  8
Bild
 10
-56.4390813387392
 20
-10.675010160508
 42
0.0198674382028
  0
VERTEX
  8
Bild
 10
-56.4112847407296
 20
-2.2733145932623
 42
0.0352963588889
  0
VERTEX
  8
Bild
 10
-57.0078316003116
 20
2.6135628739298
 42
0.0293866293948
  0
VERTEX
  8
Bild
 10
-58.1092116065757
 20
7.6930118842543
 42
0.0160906746181
  0
VERTEX
  8
Bild
 10
-58.7866798788808
 20
9.7247581462304
 42
0.0123062244651
  0
VERTEX
  8
Bild
 10
-57.1745337813591
 20
12.7872524855571
 42
0.0582889875191
  0
VERTEX
  8
Bild
 10
-55.3516912676648
 20
18.4608730475984
 42
0.0037102149069
  0
VERTEX
  8
Bild
 10
-54.5728354323648
 20
23.3731573685379
 42
-0.0472161696717
  0
VERTEX
  8
Bild
 10
-54.0877837020461
 20
25.6003378322548
 42
0.0221255351281
  0
VERTEX
  8
Bild
 10
-53.326415772285
 20
29.844746085957
 42
0.0031543180527
  0
VERTEX
  8
Bild
 10
-52.7096408842518
 20
34.8317891863609
 42
-0.0552820743434
  0
VERTEX
  8
Bild
 10
-54.7970107146743
 20
39.6084335609824
 42
0.0664932368534
  0
VERTEX
  8
Bild
 10
-56.1465181899574
 20
43.2096409500858
 42
-0.0376958177832
  0
VERTEX
  8
Bild
 10
-58.6321721249456
 20
49.4204750756228
 42
-0.0021772940263
  0
VERTEX
  8
Bild
 10
-59.6043313392909
 20
52.8810878705494
 42
0.0010069938728
  0
VERTEX
  8
Bild
 10
-60.9366675986776
 20
57.1199435895433
 42
-0.0455544942426
  0
VERTEX
  8
Bild
 10
-62.9310593594141
 20
66.5657630668144
 42
-0.0427025056412
  0
VERTEX
  8
Bild
 10
-63.0427245404527
 20
69.2322999552355
 42
-0.0086076442914
  0
VERTEX
  8
Bild
 10
-62.9026196361685
 20
76.5224809090115
 42
-0.0574626332549
  0
VERTEX
  8
Bild
 10
-62.7211653430914
 20
78.4713745589007
 42
-0.1773324607634
  0
VERTEX
  8
Bild
 10
-61.8339281260884
 20
79.7977871321705
 42
-0.2507291490519
  0
VERTEX
  8
Bild
 10
-60.4913517324701
 20
79.9741378233945
 42
-0.1497429555786
  0
VERTEX
  8
Bild
 10
-60.1048811503554
 20
79.4644933868072
 42
0.0593784041559
  0
VERTEX
  8
Bild
 10
-59.4438800963036
 20
77.7245994295105
 42
0.049870226198
  0
VERTEX
  8
Bild
 10
-57.3583578723436
 20
75.0480870767162
 42
-0.0135124908066
  0
VERTEX
  8
Bild
 10
-54.7415655121171
 20
72.1135838948538
 42
0.0183813808735
  0
VERTEX
  8
Bild
 10
-46.5595934366094
 20
63.7774905280625
 42
0.05221489025
  0
VERTEX
  8
Bild
 10
-40.14309412955
 20
58.658905397107
 42
0.0051420904289
  0
VERTEX
  8
Bild
 10
-36.5753987629093
 20
56.626165921693
 42
-0.0035003420874
  0
VERTEX
  8
Bild
 10
-34.1395488692651
 20
55.2058434040278
 42
0.0786553968132
  0
VERTEX
  8
Bild
 10
-31.3447019668936
 20
54.0213942194194
 42
0.0685408970551
  0
VERTEX
  8
Bild
 10
-30.1752457899455
 20
53.83359862669
 42
0.0940763252149
  0
VERTEX
  8
Bild
 10
-28.9591709679122
 20
54.1967651676525
 42
-0.0740490262089
  0
VERTEX
  8
Bild
 10
-27.1165669042596
 20
55.3967315818445
 42
0.0613855902741
  0
VERTEX
  8
Bild
 10
-25.1315319818776
 20
56.293198966146
 42
0.0308215841726
  0
VERTEX
  8
Bild
 10
-22.7622967519378
 20
57.0615995812616
 42
-0.0641185422682
  0
VERTEX
  8
Bild
 10
-20.0088612144401
 20
57.5738666580054
 42
0.0032071245581
  0
VERTEX
  8
Bild
 10
-16.6150918310128
 20
57.8940335809702
 42
0.002329639809
  0
VERTEX
  8
Bild
 10
-12.9651889092136
 20
57.9580669655632
 42
-0.0163992244672
  0
VERTEX
  8
Bild
 10
-4.7689156813137
 20
58.342267273121
 42
-0.0314719519051
  0
VERTEX
  8
Bild
 10
7.2053272375714
 20
57.8300001963773
 42
-0.0185671027372
  0
VERTEX
  8
Bild
 10
13.2244653893104
 20
56.6133658891109
 42
0.0168827345706
  0
VERTEX
  8
Bild
 10
19.7913551407937
 20
54.7243426381648
 42
0.0179554714051
  0
VERTEX
  8
Bild
 10
21.4887592443944
 20
54.481590945252
 42
0.1310370466993
  0
VERTEX
  8
Bild
 10
22.8788920946787
 20
54.8049908138234
 42
0.0414709290954
  0
VERTEX
  8
Bild
 10
26.781247957733
 20
57.3327282200722
 42
-0.0170382438459
  0
VERTEX
  8
Bild
 10
31.9399794917754
 20
60.9781816045576
 42
0.00096786199
  0
VERTEX
  8
Bild
 10
43.9699204074452
 20
68.8460719997153
 42
0.0173125913289
  0
VERTEX
  8
Bild
 10
49.7975839265491
 20
72.8032669858081
 42
0.007413668838
  0
VERTEX
  8
Bild
 10
51.3168845327442
 20
74.0313059639815
 42
-0.0920133283663
  0
VERTEX
  8
Bild
 10
54.8084823622733
 20
75.7735549325239
 42
-0.1383494641158
  0
VERTEX
  8
Bild
 10
56.6190703700401
 20
75.7916099844584
 42
-0.0889528451775
  0
VERTEX
  8
Bild
 10
58.5105727018006
 20
74.9625594405641
 42
-0.1859384294893
  0
VERTEX
  8
Bild
 10
59.1532286953209
 20
73.9346148892397
 42
-0.0556410259799
  0
VERTEX
  8
Bild
 10
59.2538786738537
 20
71.8275065544368
 42
-0.0208340241698
  0
VERTEX
  8
Bild
 10
58.4287879537547
 20
64.1253951018776
 42
-0.0492585613107
  0
VERTEX
  8
Bild
 10
57.3609532258916
 20
60.1275898598206
 42
0.0547211870093
  0
VERTEX
  8
Bild
 10
56.2123660453371
 20
56.3567618576887
 42
-0.0352219294458
  0
VERTEX
  8
Bild
 10
54.7514000469129
 20
52.6738571907051
 42
-0.0296895814238
  0
VERTEX
  8
Bild
 10
50.399029746287
 20
44.424097768419
 42
0.0083696515102
  0
VERTEX
  8
Bild
 10
46.1527847509236
 20
37.7989784713119
 42
0.048162657012
  0
VERTEX
  8
Bild
 10
45.2311432661903
 20
36.1361718463159
 42
0.118355653675
  0
VERTEX
  8
Bild
 10
45.1277009132075
 20
34.9667189194868
 42
0.0256264568029
  0
VERTEX
  8
Bild
 10
47.0630606392124
 20
27.1684162106105
 42
-0.0019199405441
  0
VERTEX
  8
Bild
 10
50.0347256135107
 20
18.057108930407
 42
-0.0144221841525
  0
VERTEX
  8
Bild
 10
51.4780814637628
 20
13.2324784048279
 42
0.0270915507699
  0
VERTEX
  8
Bild
 10
52.9586545712676
 20
9.5245917611071
 42
-0.0374458550098
  0
VERTEX
  8
Bild
 10
53.813526921735
 20
7.4878994605689
 42
-0.2107738493655
  0
VERTEX
  8
Bild
 10
53.7260506480025
 20
7.0418520373237
 42
-0.0381441794887
  0
VERTEX
  8
Bild
 10
52.5598390646112
 20
5.5502909826294
 42
0.0154066515805
  0
VERTEX
  8
Bild
 10
52.8355654368825
 20
-2.4274346480883
 42
0.0407827565108
  0
VERTEX
  8
Bild
 10
54.3864436079753
 20
-11.429242706949
 42
0.0290588738868
  0
VERTEX
  8
Bild
 10
56.0944508126441
 20
-17.3061376288114
 42
-0.0013183175585
  0
VERTEX
  8
Bild
 10
57.0440240663084
 20
-19.6190413939808
 42
-0.0940404772219
  0
VERTEX
  8
Bild
 10
57.4570358214123
 20
-21.0582991162491
 42
-0.139184556448
  0
VERTEX
  8
Bild
 10
57.1199137420667
 20
-22.1440667832348
 42
0.0309925039592
  0
VERTEX
  8
Bild
 10
53.3650041498834
 20
-27.5644605936649
 42
0.0152806235712
  0
VERTEX
  8
Bild
 10
51.9959691522042
 20
-30.3313910955942
 42
0.0321378040174
  0
VERTEX
  8
Bild
 10
50.9894832688416
 20
-32.6927501073893
 42
-0.0638823866954
  0
VERTEX
  8
Bild
 10
50.4130215391348
 20
-34.3649962060169
 42
0.0634464558439
  0
VERTEX
  8
Bild
 10
47.9530849565464
 20
-42.8577477614333
 42
0.0778750799753
  0
VERTEX
  8
Bild
 10
47.7912913571492
 20
-55.2541270955744
 42
0.0295157016783
  0
VERTEX
  8
Bild
 10
49.1401284156749
 20
-61.1459582269973
 42
-0.1587334506356
  0
VERTEX
  8
Bild
 10
47.381117741122
 20
-62.482660507541
 42
0.118110862914
  0
VERTEX
  8
Bild
 10
45.618775121824
 20
-63.3748343958185
 42
0.073462867278
  0
VERTEX
  8
Bild
 10
42.9547223348809
 20
-66.7136567577445
 42
0.058088375038
  0
VERTEX
  8
Bild
 10
41.2297659125667
 20
-70.4980277229185
 42
-0.0352546549415
  0
VERTEX
  8
Bild
 10
40.0153323933273
 20
-73.674308270073
 42
0.0902430090852
  0
VERTEX
  8
Bild
 10
39.8498156385737
 20
-75.3732117015464
 42
-0.0537553979629
  0
VERTEX
  8
Bild
 10
39.9639384876821
 20
-76.926920280306
 42
-0.348852436351
  0
VERTEX
  8
Bild
 10
39.7908685459511
 20
-77.3081908602809
 42
0.1066018712562
  0
VERTEX
  8
Bild
 10
37.9382357932351
 20
-77.9212476453144
 42
0.099560437223
  0
VERTEX
  8
Bild
 10
33.1334547570606
 20
-82.4329207335902
 42
0.1033720105415
  0
VERTEX
  8
Bild
 10
30.7080683727914
 20
-87.7763773161396
 42
0.0079516822504
  0
VERTEX
  8
Bild
 10
29.655601889938
 20
-93.6216540076259
 42
-0.0472258225445
  0
VERTEX
  8
Bild
 10
28.8908456314256
 20
-97.2847586483873
 42
0.0815846248531
  0
VERTEX
  8
Bild
 10
28.2571042753985
 20
-100.682322610746
 42
-0.0954951098244
  0
VERTEX
  8
Bild
 10
27.1563252601837
 20
-105.572233620813
 42
-0.1636029084897
  0
VERTEX
  8
Bild
 10
26.7389019913448
 20
-106.174056986274
 42
-0.3929119668954
  0
VERTEX
  8
Bild
 10
25.5189986060517
 20
-105.794714746783
 42
-0.0066066730833
  0
VERTEX
  8
Bild
 10
24.3816879163456
 20
-103.410570720713
 42
0.0266554966603
  0
VERTEX
  8
Bild
 10
21.7554042056436
 20
-98.194910611715
 42
0.0731265115012
  0
VERTEX
  8
Bild
 10
20.7964640876603
 20
-96.7582129282604
 42
0.3912867707654
  0
VERTEX
  8
Bild
 10
20.1057370966102
 20
-96.6261949736007
 42
0.0864033813598
  0
VERTEX
  8
Bild
 10
18.9068743861802
 20
-97.8103878845284
 42
0.0675247879476
  0
VERTEX
  8
Bild
 10
17.6243986192616
 20
-100.230620057376
 42
-0.018118412459
  0
VERTEX
  8
Bild
 10
16.1309753257869
 20
-103.097084856851
 42
0.0106443837733
  0
VERTEX
  8
Bild
 10
14.6005122627419
 20
-105.987832038799
 42
-0.0750788808204
  0
VERTEX
  8
Bild
 10
11.9681250391783
 20
-109.596532129087
 42
0.0486261358018
  0
VERTEX
  8
Bild
 10
10.3788719053525
 20
-111.373346229689
 42
-0.1108844961852
  0
VERTEX
  8
Bild
 10
9.7778490025797
 20
-112.103734290672
 42
0.0947799426205
  0
VERTEX
  8
Bild
 10
7.6125060273406
 20
-114.129447023024
 42
-0.1281548443546
  0
VERTEX
  8
Bild
 10
6.5503612303663
 20
-115.30121913511
 42
-0.3897850583574
  0
VERTEX
  8
Bild
 10
5.1596731535102
 20
-115.055029897874
 42
-0.0353037425766
  0
VERTEX
  8
Bild
 10
3.6372843628987
 20
-112.120707990818
 42
-0.0074142564891
  0
VERTEX
  8
Bild
 10
-0.793440227272
 20
-101.948277798286
 42
0.0419769550433
  0
VERTEX
  8
Bild
 10
-1.7092044749143
 20
-99.8551920448274
 42
0.1511638944007
  0
VERTEX
  8
Bild
 10
-2.0593998682346
 20
-99.3946370501818
 42
0.5743925327773
  0
VERTEX
  8
Bild
 10
-2.1930039517504
 20
-99.4971376715605
 42
0.0068136449729
  0
VERTEX
  8
Bild
 10
-2.4771784830557
 20
-101.512839782771
 42
0.0107585943264
  0
VERTEX
  8
Bild
 10
-2.8848270892859
 20
-110.593846244209
 42
-0.0186315926378
  0
VERTEX
  8
Bild
 10
-3.1953862472828
 20
-117.680639898805
 42
-0.0257326496372
  0
VERTEX
  8
Bild
 10
-3.3770457752157
 20
-118.916696222241
 42
0.027585972082
  0
VERTEX
  8
Bild
 10
-3.5231106790944
 20
-120.62458763461
 42
-0.2567329957864
  0
VERTEX
  8
Bild
 10
-4.2754524638291
 20
-121.909191839072
 42
-0.3175617654299
  0
VERTEX
  8
Bild
 10
-5.7964834228293
 20
-121.956592449612
 42
-0.0446733685002
  0
VERTEX
  8
Bild
 10
-7.2988245757593
 20
-120.527348988777
 42
0.0010989536228
  0
VERTEX
  8
Bild
 10
-11.8389740663556
 20
-115.598049306005
 42
-0.0132964968938
  0
VERTEX
  8
Bild
 10
-14.7623598493588
 20
-112.24818007937
 42
0.0673606592588
  0
VERTEX
  8
Bild
 10
-16.4432132926399
 20
-110.52871406165
 42
-0.1946906130692
  0
VERTEX
  8
Bild
 10
-17.5773168207225
 20
-108.97587899783
 42
-0.0119073721751
  0
VERTEX
  8
Bild
 10
-19.0795148302868
 20
-101.695343946338
 42
0.1262708413443
  0
VERTEX
  8
Bild
 10
-19.3753768305559
 20
-100.762695405877
 42
0.3661662635847
  0
SEQEND
  0
POLYLINE
  8
Bild
 66
     1
 10
0.0
 20
0.0
 30
0.0
 70
     1
  0
VERTEX
  8
Bild
 10
-94.4496058336157
 20
-20.4837501476178
 42
-0.1330395028846
  0
VERTEX
  8
Bild
 10
-93.9785630198679
 20
-20.5453575435508
 42
-0.2130246559262
  0
VERTEX
  8
Bild
 10
-93.8593678111918
 20
-20.9249924319281
 42
0.0026243026606
  0
VERTEX
  8
Bild
 10
-94.9714636997423
 20
-27.6553381527378
 42
0.0
  0
VERTEX
  8
Bild
 10
-111.096133886334
 20
-27.6553381527378
 42
-0.0788096370057
  0
VERTEX
  8
Bild
 10
-111.045812691512
 20
-26.5786371578169
 42
-0.0837847522095
  0
VERTEX
  8
Bild
 10
-110.206968576902
 20
-25.4218025809049
 42
-0.0028020582387
  0
VERTEX
  8
Bild
 10
-106.242360834176
 20
-21.7083198056757
 42
0.0396812367921
  0
VERTEX
  8
Bild
 10
-102.245982560512
 20
-17.5025236833825
 42
0.0881861148168
  0
VERTEX
  8
Bild
 10
-99.8229650273046
 20
-13.4713297889408
 42
0.115151746825
  0
VERTEX
  8
Bild
 10
-99.2173524317519
 20
-9.4349281728596
 42
0.1415504147608
  0
VERTEX
  8
Bild
 10
-100.056011131015
 20
-6.8778299330377
 42
0.2517799362259
  0
VERTEX
  8
Bild
 10
-102.994895584254
 20
-5.3457178211896
 42
0.3347074716005
  0
VERTEX
  8
Bild
 10
-106.483914851498
 20
-7.8273214483132
 42
0.16930936568
  0
VERTEX
  8
Bild
 10
-106.456178802396
 20
-10.7826331661582
 42
0.240819592437
  0
VERTEX
  8
Bild
 10
-104.766166529097
 20
-12.3710373047296
 42
-0.1611193521784
  0
VERTEX
  8
Bild
 10
-104.06317285895
 20
-12.7163397308832
 42
-0.3138846324004
  0
VERTEX
  8
Bild
 10
-104.044701691206
 20
-13.2100548528486
 42
-0.2319771923268
  0
VERTEX
  8
Bild
 10
-106.077570613322
 20
-14.4830771768294
 42
-0.3746311385959
  0
VERTEX
  8
Bild
 10
-110.637384584163
 20
-11.2849697641295
 42
-0.2775965222558
  0
VERTEX
  8
Bild
 10
-109.063162181598
 20
-5.8161648552816
 42
-0.0837114168701
  0
VERTEX
  8
Bild
 10
-105.693305810428
 20
-3.9513140301216
 42
-0.059538352966
  0
VERTEX
  8
Bild
 10
-103.537265788729
 20
-3.6406952271067
 42
-0.0310361870124
  0
VERTEX
  8
Bild
 10
-100.633217753378
 20
-3.661161718156
 42
-0.091706684529
  0
VERTEX
  8
Bild
 10
-98.3780155131506
 20
-4.3177241411841
 42
-0.1247533176452
  0
VERTEX
  8
Bild
 10
-95.4719058888864
 20
-6.4299513468395
 42
-0.198387300613
  0
VERTEX
  8
Bild
 10
-94.188981318726
 20
-10.8840888053017
 42
-0.1025293373756
  0
VERTEX
  8
Bild
 10
-95.6202517902784
 20
-14.8057810765434
 42
-0.0655690714359
  0
VERTEX
  8
Bild
 10
-99.2022627311712
 20
-19.0076465200204
 42
-0.022069352601
  0
VERTEX
  8
Bild
 10
-103.109333080586
 20
-22.1915023360831
 42
0.0195213387859
  0
VERTEX
  8
Bild
 10
-105.0843727751
 20
-23.6962861153318
 42
0.7925716207793
  0
VERTEX
  8
Bild
 10
-105.06966088292
 20
-23.7949458268613
 42
0.0382892461106
  0
VERTEX
  8
Bild
 10
-102.627144144751
 20
-23.905405029788
 42
0.0221421277751
  0
VERTEX
  8
Bild
 10
-98.5981403293083
 20
-23.7790994881219
 42
0.0776888150706
  0
VERTEX
  8
Bild
 10
-97.1622850651059
 20
-23.5044532871537
 42
0.1706171292515
  0
VERTEX
  8
Bild
 10
-96.1154589998435
 20
-22.5747681873115
 42
0.0067085448751
  0
VERTEX
  8
Bild
 10
-95.4533072976306
 20
-21.223128130772
 42
-0.2465794055418
  0
VERTEX
  8
Bild
 10
-94.7549719100049
 20
-20.5165989857954
 42
-0.0459223345025
  0
SEQEND
  0
POLYLINE
  8
Bild
 66
     1
 10
0.0
 20
0.0
 30
0.0
 70
     1
  0
VERTEX
  8
Bild
 10
-79.5912044938598
 20
-25.5421102205624
 42
0.1693086813201
  0
VERTEX
  8
Bild
 10
-77.7400915990977
 20
-23.2073309753076
 42
0.051473424218
  0
VERTEX
  8
Bild
 10
-77.1233436088451
 20
-19.898636956578
 42
0.0295970837928
  0
VERTEX
  8
Bild
 10
-77.066060442907
 20
-12.4219407492651
 42
0.0663860429843
  0
VERTEX
  8
Bild
 10
-77.5637753292656
 20
-9.0791582741508
 42
0.1008571479231
  0
VERTEX
  8
Bild
 10
-78.765695702482
 20
-6.6905813471982
 42
0.4395246672809
  0
VERTEX
  8
Bild
 10
-84.0655283943093
 20
-6.3744078778719
 42
0.1157976663777
  0
VERTEX
  8
Bild
 10
-85.5036155257767
 20
-8.9060703576938
 42
0.0467327205051
  0
VERTEX
  8
Bild
 10
-86.1558859904924
 20
-13.0730750700908
 42
0.0456328157689
  0
VERTEX
  8
Bild
 10
-86.0353228188732
 20
-20.2482298173589
 42
0.0798762625756
  0
VERTEX
  8
Bild
 10
-85.2476304554971
 20
-23.5545167234728
 42
0.1648216106921
  0
VERTEX
  8
Bild
 10
-83.6711514318839
 20
-25.5035406177096
 42
0.2425628597822
  0
VERTEX
  8
Bild
 10
-79.8329157543851
 20
-25.6703057353767
 42
0.0190447278437
  0
SEQEND
  0
POLYLINE
  8
Bild
 66
     1
 10
0.0
 20
0.0
 30
0.0
 70
     1
  0
VERTEX
  8
Bild
 10
-81.5080637218802
 20
-3.6172376170578
 42
-0.0690900779342
  0
VERTEX
  8
Bild
 10
-79.3197584814284
 20
-3.7924184692803
 42
-0.1618146989485
  0
VERTEX
  8
Bild
 10
-73.7962204600577
 20
-7.8329790150919
 42
-0.2429192939982
  0
VERTEX
  8
Bild
 10
-72.1768831626819
 20
-20.6328850466989
 42
-0.1165301575968
  0
VERTEX
  8
Bild
 10
-75.0693937192697
 20
-25.164500148131
 42
-0.1864279712329
  0
VERTEX
  8
Bild
 10
-81.8462104940136
 20
-27.90311359148
 42
-0.1402145859773
  0
VERTEX
  8
Bild
 10
-85.9341147806284
 20
-26.7363579178595
 42
-0.1915750234293
  0
VERTEX
  8
Bild
 10
-91.1620207039348
 20
-19.7774284071886
 42
-0.2130321887707
  0
VERTEX
  8
Bild
 10
-89.5604412307123
 20
-8.3161587690884
 42
-0.1452718280613
  0
VERTEX
  8
Bild
 10
-84.9567937860865
 20
-4.2711181141543
 42
-0.1039060478054
  0
VERTEX
  8
Bild
 10
-82.2993119256745
 20
-3.6273324839025
 42
-0.0061946011806
  0
SEQEND
  0
POLYLINE
  8
Bild
 66
     1
 10
0.0
 20
0.0
 30
0.0
 70
     1
  0
VERTEX
  8
Bild
 10
3.9110982490779
 20
53.0914304975022
 42
-0.1705707053344
  0
VERTEX
  8
Bild
 10
4.8023086243774
 20
52.3549957674362
 42
-0.1510393219019
  0
VERTEX
  8
Bild
 10
4.9773460483858
 20
51.9084345577584
 42
-0.1120948500649
  0
VERTEX
  8
Bild
 10
4.5977613400578
 20
51.5859489946673
 42
-0.0675656809118
  0
VERTEX
  8
Bild
 10
-0.2914992565111
 20
50.0951792248444
 42
-0.0113362350471
  0
VERTEX
  8
Bild
 10
-5.3976381793271
 20
49.8238206699858
 42
-0.0170316983704
  0
VERTEX
  8
Bild
 10
-10.6629684611237
 20
49.7331288235221
 42
-0.1788497498843
  0
VERTEX
  8
Bild
 10
-10.9932704594249
 20
49.7607351925717
 42
0.0141676611854
  0
VERTEX
  8
Bild
 10
-13.5330673230304
 20
50.34518029269
 42
-0.0426573215687
  0
VERTEX
  8
Bild
 10
-15.8812677182342
 20
50.9829643898349
 42
-0.2569144823927
  0
VERTEX
  8
Bild
 10
-16.7876258231777
 20
52.0661274577316
 42
-0.2094494171475
  0
VERTEX
  8
Bild
 10
-16.7216314873674
 20
52.7974286406511
 42
-0.3361505782761
  0
VERTEX
  8
Bild
 10
-16.4427102364321
 20
52.9108047892184
 42
-0.0294416262296
  0
VERTEX
  8
Bild
 10
-13.682541092869
 20
52.2440938986328
 42
0.0664715343292
  0
VERTEX
  8
Bild
 10
-8.387061034028
 20
51.479028261223
 42
0.0254529038802
  0
VERTEX
  8
Bild
 10
-1.2078809205671
 20
51.6813627333637
 42
0.0510267019484
  0
VERTEX
  8
Bild
 10
1.5833694251232
 20
52.1030562300015
 42
0.0760997869676
  0
VERTEX
  8
Bild
 10
3.050150906108
 20
52.7140835800095
 42
-0.0934323178111
  0
VERTEX
  8
Bild
 10
3.8606118796215
 20
53.084150456571
 42
-0.0518782164204
  0
SEQEND
  0
POLYLINE
  8
Bild
 66
     1
 10
0.0
 20
0.0
 30
0.0
 70
     1
  0
VERTEX
  8
Bild
 10
-16.3721739547614
 20
-72.6805385075107
 42
0.1399580530279
  0
VERTEX
  8
Bild
 10
-17.1663612099666
 20
-73.1847695545702
 42
0.1789427651742
  0
VERTEX
  8
Bild
 10
-17.3106383084492
 20
-73.9493180822355
 42
0.0564696638789
  0
VERTEX
  8
Bild
 10
-16.4883216134905
 20
-77.021967939607
 42
0.2205395164892
  0
VERTEX
  8
Bild
 10
-16.3200187937668
 20
-77.3145758459135
 42
0.0594911001899
  0
VERTEX
  8
Bild
 10
-15.5065048473819
 20
-76.8270577270414
 42
0.0
  0
VERTEX
  8
Bild
 10
-14.8740159397733
 20
-76.3407045338275
 42
0.0228157463042
  0
VERTEX
  8
Bild
 10
-15.2707344941565
 20
-72.5345811863177
 42
0.1273136239858
  0
VERTEX
  8
Bild
 10
-15.3260692600269
 20
-72.2841629458129
 42
0.0195470479058
  0
SEQEND
  0
POLYLINE
  8
Bild
 66
     1
 10
0.0
 20
0.0
 30
0.0
 70
     1
  0
VERTEX
  8
Bild
 10
10.9643630205446
 20
-95.6353148959995
 42
-0.3128181876007
  0
VERTEX
  8
Bild
 10
11.4109703352766
 20
-95.6485651505582
 42
-0.1927174351499
  0
VERTEX
  8
Bild
 10
12.1226567613115
 20
-96.4256793979899
 42
-0.2412443643174
  0
VERTEX
  8
Bild
 10
12.0255436530287
 20
-96.794580190296
 42
-0.0219567434394
  0
VERTEX
  8
Bild
 10
9.8664625145146
 20
-98.9768168736518
 42
0.0386200533491
  0
VERTEX
  8
Bild
 10
6.8762991049797
 20
-102.079086503629
 42
-0.0840067775615
  0
VERTEX
  8
Bild
 10
5.444446914905
 20
-103.506045988107
 42
-0.0685176480342
  0
VERTEX
  8
Bild
 10
4.2302679469561
 20
-104.013669940215
 42
-0.1519504627235
  0
VERTEX
  8
Bild
 10
3.5780492073997
 20
-104.10319651582
 42
-0.2704082129264
  0
VERTEX
  8
Bild
 10
3.3929041831018
 20
-103.769474156958
 42
-0.178633810551
  0
VERTEX
  8
Bild
 10
3.5422838138741
 20
-102.769562843302
 42
-0.08259266422
  0
VERTEX
  8
Bild
 10
4.2589274675993
 20
-102.155272620497
 42
0.0572595683672
  0
VERTEX
  8
Bild
 10
6.3155498470625
 20
-100.250513073988
 42
0.0049819518263
  0
VERTEX
  8
Bild
 10
8.9785603930351
 20
-97.3633973126054
 42
0.0986656804991
  0
VERTEX
  8
Bild
 10
9.1762221159533
 20
-97.0965237117737
 42
0.8578335673246
  0
VERTEX
  8
Bild
 10
8.838759930863
 20
-96.6638798847349
 42
0.0645488500809
  0
VERTEX
  8
Bild
 10
8.2974576143451
 20
-96.9486629336696
 42
0.0656954338667
  0
VERTEX
  8
Bild
 10
5.1876123157735
 20
-99.8906030391782
 42
0.0156521080377
  0
VERTEX
  8
Bild
 10
4.6136743148396
 20
-100.75227462711
 42
-0.2254427909161
  0
VERTEX
  8
Bild
 10
3.5381030095655
 20
-101.398279597018
 42
-0.0603365936002
  0
VERTEX
  8
Bild
 10
2.2193425417334
 20
-101.463896628606
 42
-0.4210914712903
  0
VERTEX
  8
Bild
 10
1.7922982785606
 20
-101.067522967013
 42
-0.1910430737544
  0
VERTEX
  8
Bild
 10
2.1784387682553
 20
-100.093740715778
 42
-0.0152154459554
  0
VERTEX
  8
Bild
 10
3.8847616196668
 20
-98.4644945042088
 42
0.0034635139135
  0
VERTEX
  8
Bild
 10
6.8541941826829
 20
-95.5005660784455
 42
-0.0577276169765
  0
VERTEX
  8
Bild
 10
8.6441458341215
 20
-93.8763110342318
 42
-0.2857701251578
  0
VERTEX
  8
Bild
 10
9.0819614402729
 20
-93.8639840681669
 42
-0.1789110416849
  0
VERTEX
  8
Bild
 10
10.2195043318075
 20
-95.0925325753945
 42
-0.0547905182502
  0
VERTEX
  8
Bild
 10
10.3097489427951
 20
-95.4005599097814
 42
0.4008664991585
  0
VERTEX
  8
Bild
 10
10.6472111278854
 20
-95.7726336010348
 42
0.2131598982595
  0
SEQEND
  0
POLYLINE
  8
Bild
 66
     1
 10
0.0
 20
0.0
 30
0.0
 70
     1
  0
VERTEX
  8
Bild
 10
-16.4886910106949
 20
48.6835972040709
 42
0.0594020346572
  0
VERTEX
  8
Bild
 10
-14.0106187201544
 20
48.0039541901552
 42
0.0171801748205
  0
VERTEX
  8
Bild
 10
-9.1977757418785
 20
47.2282329845485
 42
0.0283679025955
  0
VERTEX
  8
Bild
 10
-7.0329172460434
 20
47.2457303957172
 42
0.0153258388401
  0
VERTEX
  8
Bild
 10
-0.3479793772352
 20
47.6369270283416
 42
0.0590830217455
  0
VERTEX
  8
Bild
 10
5.36778816833
 20
49.1494986464165
 42
0.0145538994725
  0
VERTEX
  8
Bild
 10
6.61004305435
 20
49.7174852046134
 42
0.0
  0
VERTEX
  8
Bild
 10
7.7662969392658
 20
48.5436237430732
 42
-0.0959838390522
  0
VERTEX
  8
Bild
 10
6.2946886575742
 20
47.633143832784
 42
-0.0466386019939
  0
VERTEX
  8
Bild
 10
0.6025376958133
 20
46.0318428011053
 42
-0.0170443569216
  0
VERTEX
  8
Bild
 10
-1.0263184226036
 20
45.8778220707235
 42
0.0008795104422
  0
VERTEX
  8
Bild
 10
-5.7219631295826
 20
45.3276843485151
 42
-0.0553064891991
  0
VERTEX
  8
Bild
 10
-9.3658299618542
 20
45.299773712741
 42
-0.0361917137461
  0
VERTEX
  8
Bild
 10
-15.301174954549
 20
46.3874894343769
 42
-0.112000784968
  0
VERTEX
  8
Bild
 10
-17.5348645420618
 20
47.3682644544641
 42
-0.3668876098893
  0
VERTEX
  8
Bild
 10
-17.9620342001586
 20
48.6807733152419
 42
-0.4170604957273
  0
VERTEX
  8
Bild
 10
-17.3467730940126
 20
49.0532457211945
 42
-0.0287361795378
  0
SEQEND
  0
POLYLINE
  8
Bild
 66
     1
 10
0.0
 20
0.0
 30
0.0
 70
     1
  0
VERTEX
  8
Bild
 10
-13.4597708167325
 20
-102.396159494629
 42
-0.1453971037823
  0
VERTEX
  8
Bild
 10
-13.8945875250572
 20
-103.501662838963
 42
-0.1950299613201
  0
VERTEX
  8
Bild
 10
-15.4195232029352
 20
-104.024228748197
 42
-0.3999345855051
  0
VERTEX
  8
Bild
 10
-15.9668792713134
 20
-103.509779419477
 42
-0.2045934891633
  0
VERTEX
  8
Bild
 10
-14.8976207898167
 20
-101.173118764861
 42
0.0559213816052
  0
VERTEX
  8
Bild
 10
-11.806893999035
 20
-96.9776582548584
 42
-0.091193596444
  0
VERTEX
  8
Bild
 10
-10.8964974822065
 20
-95.6827907032511
 42
-0.4287226648995
  0
VERTEX
  8
Bild
 10
-9.8205126942686
 20
-95.5833964893407
 42
-0.2004200778619
  0
VERTEX
  8
Bild
 10
-9.3950132056781
 20
-96.2122056735616
 42
-0.1637399049113
  0
VERTEX
  8
Bild
 10
-9.7596601669667
 20
-97.1054901989241
 42
0.0524213412968
  0
VERTEX
  8
Bild
 10
-11.9634729301521
 20
-99.8677354126715
 42
-0.056284919836
  0
VERTEX
  8
Bild
 10
-12.9513837643225
 20
-101.248802577339
 42
0.1373984927366
  0
VERTEX
  8
Bild
 10
-13.3891727488408
 20
-102.084822806281
 42
0.0100664529778
  0
SEQEND
  0
POLYLINE
  8
Bild
 66
     1
 10
0.0
 20
0.0
 30
0.0
 70
     1
  0
VERTEX
  8
Bild
 10
25.3210747391083
 20
-68.7591593407541
 42
0.2446929908135
  0
VERTEX
  8
Bild
 10
25.3342902286646
 20
-68.3659029877544
 42
0.3765123422615
  0
VERTEX
  8
Bild
 10
24.9693852770938
 20
-68.451115581173
 42
-0.0477222000031
  0
VERTEX
  8
Bild
 10
21.7895271594478
 20
-72.4677043685247
 42
-0.1760546676489
  0
VERTEX
  8
Bild
 10
20.6806952282523
 20
-73.0987816420683
 42
-0.3809041344317
  0
VERTEX
  8
Bild
 10
19.4479700100216
 20
-72.2262218752606
 42
-0.0872028324431
  0
VERTEX
  8
Bild
 10
19.4607986023617
 20
-71.1129691107432
 42
0.0656633569243
  0
VERTEX
  8
Bild
 10
19.8912985290162
 20
-64.3210102543288
 42
0.0401802148609
  0
VERTEX
  8
Bild
 10
19.5805211141552
 20
-61.2897501623453
 42
0.0492919058201
  0
VERTEX
  8
Bild
 10
18.639388141919
 20
-58.7405494538226
 42
0.0641382697297
  0
VERTEX
  8
Bild
 10
17.6505573691269
 20
-57.0083449411007
 42
0.5497000090198
  0
VERTEX
  8
Bild
 10
17.3835533832914
 20
-56.9110855106746
 42
0.0560124503133
  0
VERTEX
  8
Bild
 10
15.9456373309253
 20
-58.4943068483629
 42
0.0073363340718
  0
VERTEX
  8
Bild
 10
14.0916682265533
 20
-61.1876802318714
 42
-0.0996441703745
  0
VERTEX
  8
Bild
 10
12.6856179835941
 20
-62.6396014540836
 42
-0.2446739756729
  0
VERTEX
  8
Bild
 10
11.271924817898
 20
-62.9285199401713
 42
-0.169143541297
  0
VERTEX
  8
Bild
 10
10.2220425707094
 20
-61.9195919549778
 42
0.0999108519695
  0
VERTEX
  8
Bild
 10
9.2283876370699
 20
-60.5000746201198
 42
0.3184264309435
  0
VERTEX
  8
Bild
 10
8.1401632922963
 20
-60.2016259038392
 42
0.2336316608719
  0
VERTEX
  8
Bild
 10
5.7651954574787
 20
-62.7498360737557
 42
-0.1096784663438
  0
VERTEX
  8
Bild
 10
5.0488944561411
 20
-64.2288147883646
 42
-0.4135820630471
  0
VERTEX
  8
Bild
 10
2.2285905802027
 20
-64.2437176973778
 42
0.0476270647543
  0
VERTEX
  8
Bild
 10
-1.3738815462303
 20
-61.3085684125868
 42
0.0317489960539
  0
VERTEX
  8
Bild
 10
-2.6796283136392
 20
-60.6015842306783
 42
0.0361113086743
  0
VERTEX
  8
Bild
 10
-6.7113785569126
 20
-62.4558760328902
 42
0.0216601141433
  0
VERTEX
  8
Bild
 10
-8.5641215815654
 20
-63.6735010866724
 42
-0.0405478207144
  0
VERTEX
  8
Bild
 10
-11.5258127407581
 20
-65.3500947635427
 42
-0.1436149767359
  0
VERTEX
  8
Bild
 10
-12.1316115045711
 20
-65.5421865314207
 42
-0.109165840791
  0
VERTEX
  8
Bild
 10
-12.6554439000195
 20
-65.0460754101198
 42
-0.0911326779002
  0
VERTEX
  8
Bild
 10
-13.814524062096
 20
-61.9869134276569
 42
0.1081477652552
  0
VERTEX
  8
Bild
 10
-14.1414599310206
 20
-61.0313188577016
 42
0.3641762101964
  0
VERTEX
  8
Bild
 10
-14.9895710708946
 20
-60.7839618181257
 42
0.0890818672225
  0
VERTEX
  8
Bild
 10
-16.7653148753497
 20
-62.2491737919143
 42
-0.1589561247881
  0
VERTEX
  8
Bild
 10
-19.1561951378872
 20
-63.7383587034128
 42
-0.3443954426608
  0
VERTEX
  8
Bild
 10
-20.057629537866
 20
-63.3966469336461
 42
-0.0670025980652
  0
VERTEX
  8
Bild
 10
-20.8217013243443
 20
-61.3941962609611
 42
0.0094257462363
  0
VERTEX
  8
Bild
 10
-21.263339379428
 20
-59.1400077889347
 42
0.1417141049603
  0
VERTEX
  8
Bild
 10
-21.5340421795623
 20
-58.4337065326183
 42
0.4021332765964
  0
VERTEX
  8
Bild
 10
-21.9648589747594
 20
-58.477772221655
 42
0.0869810413948
  0
VERTEX
  8
Bild
 10
-23.3508848564919
 20
-60.7558354730292
 42
0.1099673717726
  0
VERTEX
  8
Bild
 10
-24.6456895888831
 20
-69.045389671851
 42
0.0069294897969
  0
VERTEX
  8
Bild
 10
-24.3898778913808
 20
-70.8256618429436
 42
-0.0864568719338
  0
VERTEX
  8
Bild
 10
-24.2870275744459
 20
-72.3918633661214
 42
-0.3578604228354
  0
VERTEX
  8
Bild
 10
-24.5054022333192
 20
-72.8010589728542
 42
-0.1940451439337
  0
VERTEX
  8
Bild
 10
-25.0536110340312
 20
-72.5331814116649
 42
-0.0419449252142
  0
VERTEX
  8
Bild
 10
-26.9289572130085
 20
-70.0575859718971
 42
-0.0666870513899
  0
VERTEX
  8
Bild
 10
-30.2146543506704
 20
-63.0865042819924
 42
-0.0557667807239
  0
VERTEX
  8
Bild
 10
-30.7584988402015
 20
-60.7350492188929
 42
0.0523078428271
  0
VERTEX
  8
Bild
 10
-31.1626357929736
 20
-58.3845631308855
 42
0.282261119961
  0
VERTEX
  8
Bild
 10
-31.2904108283461
 20
-58.0956163501475
 42
0.1011734078061
  0
VERTEX
  8
Bild
 10
-31.4641921735247
 20
-58.429200496309
 42
0.0647727022635
  0
VERTEX
  8
Bild
 10
-31.8498642518647
 20
-60.3280954897776
 42
0.0295682706757
  0
VERTEX
  8
Bild
 10
-31.6088727046028
 20
-62.8715426505964
 42
0.0684042672129
  0
VERTEX
  8
Bild
 10
-30.3126327172089
 20
-68.1133242396512
 42
0.0762896389776
  0
VERTEX
  8
Bild
 10
-29.6350335023555
 20
-69.4165785788282
 42
-0.029801576065
  0
VERTEX
  8
Bild
 10
-28.6749773985269
 20
-71.4817092951378
 42
0.0851204303202
  0
VERTEX
  8
Bild
 10
-26.747530781696
 20
-74.6209869477805
 42
0.0
  0
VERTEX
  8
Bild
 10
-25.5027901253718
 20
-76.0337711917832
 42
-0.0337359867096
  0
VERTEX
  8
Bild
 10
-22.5137413045741
 20
-73.6944257459501
 42
-0.0440617538877
  0
VERTEX
  8
Bild
 10
-16.718848197668
 20
-70.266146149409
 42
-0.0688355078494
  0
VERTEX
  8
Bild
 10
-9.6111845462481
 20
-68.1299242039384
 42
-0.0235613514023
  0
VERTEX
  8
Bild
 10
-1.8970999782049
 20
-67.4925106058909
 42
-0.0258786372303
  0
VERTEX
  8
Bild
 10
2.3103104017336
 20
-67.4550079699567
 42
-0.1034750675625
  0
VERTEX
  8
Bild
 10
3.3389013564283
 20
-67.6892781924278
 42
0.0062801609557
  0
VERTEX
  8
Bild
 10
6.1901441984517
 20
-68.927022164577
 42
0.0318822004903
  0
VERTEX
  8
Bild
 10
9.7572190104517
 20
-70.1164913553224
 42
-0.0480918869911
  0
VERTEX
  8
Bild
 10
14.9427256935018
 20
-72.1064443538431
 42
-0.0668272372115
  0
VERTEX
  8
Bild
 10
16.1499268232025
 20
-72.8948888797585
 42
0.1600060121834
  0
VERTEX
  8
Bild
 10
20.8634170813042
 20
-74.0969719773886
 42
0.1577618457763
  0
VERTEX
  8
Bild
 10
22.091522264748
 20
-73.7336914614636
 42
0.0928715006617
  0
VERTEX
  8
Bild
 10
22.459811210356
 20
-73.2487732438318
 42
-0.1383246498123
  0
VERTEX
  8
Bild
 10
23.5709912115165
 20
-72.5462831164646
 42
0.2127099365784
  0
VERTEX
  8
Bild
 10
24.3637088529439
 20
-71.775890560317
 42
0.005884080307
  0
SEQEND
  0
POLYLINE
  8
Bild
 66
     1
 10
0.0
 20
0.0
 30
0.0
 70
     1
  0
VERTEX
  8
Bild
 10
16.9329091693746
 20
-1.0939010967378
 42
0.0367325887946
  0
VERTEX
  8
Bild
 10
18.4173724025771
 20
-3.3977229152379
 42
0.1595789429075
  0
VERTEX
  8
Bild
 10
18.8997352909741
 20
-3.8491568322202
 42
0.4111208699136
  0
VERTEX
  8
Bild
 10
19.1867448534961
 20
-3.6594951832648
 42
0.0488206551376
  0
VERTEX
  8
Bild
 10
19.3263549502033
 20
-1.9414712409073
 42
-0.1360408564307
  0
VERTEX
  8
Bild
 10
20.3494629536132
 20
1.9265565030299
 42
0.0019819741512
  0
VERTEX
  8
Bild
 10
21.9933362801285
 20
4.5878994349364
 42
0.0794147451564
  0
VERTEX
  8
Bild
 10
22.6978291215164
 20
5.955906474951
 42
0.230652221022
  0
VERTEX
  8
Bild
 10
22.7194881254392
 20
6.4165182242714
 42
0.2078284661827
  0
VERTEX
  8
Bild
 10
22.291924958131
 20
6.5362191685392
 42
0.0497181980624
  0
VERTEX
  8
Bild
 10
20.8382050220792
 20
6.0079603876109
 42
0.0497525593277
  0
VERTEX
  8
Bild
 10
16.1286723787876
 20
3.1831766976192
 42
0.0922278397233
  0
VERTEX
  8
Bild
 10
15.294590425586
 20
2.4391249229858
 42
0.2340075132758
  0
VERTEX
  8
Bild
 10
15.2617669682447
 20
1.8862490797289
 42
0.019796861002
  0
VERTEX
  8
Bild
 10
16.6160952802684
 20
-0.5629618717683
 42
0.0007226731958
  0
SEQEND
  0
POLYLINE
  8
Bild
 66
     1
 10
0.0
 20
0.0
 30
0.0
 70
     1
  0
VERTEX
  8
Bild
 10
29.8234800291775
 20
-5.3437310256978
 42
0.0616976281091
  0
VERTEX
  8
Bild
 10
41.0471010970763
 20
-1.2129128838632
 42
0.0640243009199
  0
VERTEX
  8
Bild
 10
42.5377088415304
 20
-0.321189107237
 42
0.4638922086404
  0
VERTEX
  8
Bild
 10
42.6854051646576
 20
0.2336333811184
 42
0.04562244114
  0
VERTEX
  8
Bild
 10
41.5751726319508
 20
1.3117853948218
 42
0.0162543262311
  0
VERTEX
  8
Bild
 10
38.0792829163259
 20
4.0553877207374
 42
0.07749544014
  0
VERTEX
  8
Bild
 10
36.7202346671182
 20
4.8974811621346
 42
0.0469849598918
  0
VERTEX
  8
Bild
 10
35.7898694989381
 20
5.0415838436417
 42
-0.160109983594
  0
VERTEX
  8
Bild
 10
34.9046599744597
 20
5.5070199072481
 42
0.0558891331411
  0
VERTEX
  8
Bild
 10
33.0003637576634
 20
6.6659585672606
 42
0.0662124964104
  0
VERTEX
  8
Bild
 10
30.4593726561026
 20
7.6040918582589
 42
0.1401486587646
  0
VERTEX
  8
Bild
 10
29.2369235410867
 20
7.5950243375001
 42
0.4193055432414
  0
VERTEX
  8
Bild
 10
28.8822034655479
 20
7.0259427283697
 42
0.0237339567772
  0
VERTEX
  8
Bild
 10
29.2677505082411
 20
6.1396860443045
 42
-0.0548441288384
  0
VERTEX
  8
Bild
 10
29.9518988292613
 20
3.1461961292351
 42
-0.0405566948552
  0
VERTEX
  8
Bild
 10
30.0295923138004
 20
-1.9428092080143
 42
-0.0284465132335
  0
VERTEX
  8
Bild
 10
29.8076842644192
 20
-4.6570603543655
 42
0.1448381621751
  0
VERTEX
  8
Bild
 10
29.7687483418694
 20
-5.2837853847529
 42
0.3143986774999
  0
SEQEND
  0
POLYLINE
  8
Bild
 66
     1
 10
0.0
 20
0.0
 30
0.0
 70
     1
  0
VERTEX
  8
Bild
 10
-35.351298192157
 20
42.9967457197946
 42
-0.066369657799
  0
VERTEX
  8
Bild
 10
-34.6793328043811
 20
42.170360133867
 42
0.0355531438011
  0
VERTEX
  8
Bild
 10
-30.4799321769836
 20
35.9775799368514
 42
0.0005323410445
  0
VERTEX
  8
Bild
 10
-28.5609522699852
 20
33.7966835496012
 42
-0.0052857178581
  0
VERTEX
  8
Bild
 10
-27.3785873968897
 20
32.3756795221559
 42
0.1339206605049
  0
VERTEX
  8
Bild
 10
-25.4276269875149
 20
31.3296136483658
 42
0.1001224952607
  0
VERTEX
  8
Bild
 10
-22.5886627120102
 20
31.1448986709977
 42
0.0307369626725
  0
VERTEX
  8
Bild
 10
-20.664916983146
 20
31.6971793042471
 42
-0.0590903391188
  0
VERTEX
  8
Bild
 10
-18.6634982512791
 20
32.2430028143618
 42
-0.388560127896
  0
VERTEX
  8
Bild
 10
-18.2980217340095
 20
32.1429310456023
 42
-0.0223929120508
  0
VERTEX
  8
Bild
 10
-16.8569180925534
 20
29.5003028036849
 42
0.0094962527143
  0
VERTEX
  8
Bild
 10
-14.8478242446068
 20
25.7188064685915
 42
-0.0000832294158
  0
VERTEX
  8
Bild
 10
-11.2425726014856
 20
19.043043290115
 42
0.042606869784
  0
VERTEX
  8
Bild
 10
-8.3387373190977
 20
15.0016147133798
 42
0.0445983987511
  0
VERTEX
  8
Bild
 10
-5.0519033474043
 20
11.5471025972538
 42
0.0897184452716
  0
VERTEX
  8
Bild
 10
-3.9796048169609
 20
10.7870769835018
 42
-0.0096710702726
  0
VERTEX
  8
Bild
 10
-2.6852194961395
 20
10.438113348956
 42
0.1285144307108
  0
VERTEX
  8
Bild
 10
-1.9811562554427
 20
10.7673315989849
 42
0.0786466798425
  0
VERTEX
  8
Bild
 10
0.8782765598086
 20
13.6933385048304
 42
-0.0312333921632
  0
VERTEX
  8
Bild
 10
3.1842611671882
 20
16.9225868700061
 42
0.0382544620377
  0
VERTEX
  8
Bild
 10
6.5080664212683
 20
21.5791763817597
 42
0.0775605715272
  0
VERTEX
  8
Bild
 10
7.0806110165856
 20
22.6997831281405
 42
-0.1640243267941
  0
VERTEX
  8
Bild
 10
7.3703719857714
 20
23.5694521857666
 42
0.0529388884886
  0
VERTEX
  8
Bild
 10
8.3112997863378
 20
26.5336775842625
 42
-0.1713317618753
  0
VERTEX
  8
Bild
 10
8.6514116334521
 20
27.3688984690494
 42
-0.1059174670767
  0
VERTEX
  8
Bild
 10
9.5175990960886
 20
27.6911645879929
 42
0.1267466486972
  0
VERTEX
  8
Bild
 10
13.4281959723762
 20
28.9369836864553
 42
0.0671582836807
  0
VERTEX
  8
Bild
 10
14.5596581491392
 20
30.0071824531878
 42
-0.0043859682948
  0
VERTEX
  8
Bild
 10
17.9306510451522
 20
34.2637218384164
 42
-0.0544317763374
  0
VERTEX
  8
Bild
 10
19.3790220772798
 20
35.8705179281752
 42
-0.1958497994367
  0
VERTEX
  8
Bild
 10
20.4615376471027
 20
36.3577251522222
 42
-0.0508405837594
  0
VERTEX
  8
Bild
 10
22.1194570923076
 20
35.4764256056071
 42
0.0105944890595
  0
VERTEX
  8
Bild
 10
23.881435486473
 20
34.3178237373776
 42
0.1068029647462
  0
VERTEX
  8
Bild
 10
24.6615872431781
 20
33.98512328602
 42
0.1876155276752
  0
VERTEX
  8
Bild
 10
25.517416357423
 20
34.2372288723506
 42
0.065256025086
  0
VERTEX
  8
Bild
 10
30.3664355191905
 20
39.5318561893947
 42
0.0368038947795
  0
VERTEX
  8
Bild
 10
31.6259496889681
 20
41.73564728702
 42
-0.1245092416474
  0
VERTEX
  8
Bild
 10
32.7583165386109
 20
43.1636992828321
 42
-0.2271922398927
  0
VERTEX
  8
Bild
 10
33.923153386376
 20
43.5165664186564
 42
-0.0918609879855
  0
VERTEX
  8
Bild
 10
36.5240071617156
 20
42.0577885533713
 42
-0.1859702746788
  0
VERTEX
  8
Bild
 10
36.8456817495925
 20
41.6956299275148
 42
0.1998555303954
  0
VERTEX
  8
Bild
 10
37.1005527693087
 20
41.3978086942628
 42
-0.1263649284002
  0
VERTEX
  8
Bild
 10
38.0881675702373
 20
40.696039637025
 42
-0.0353206046837
  0
VERTEX
  8
Bild
 10
39.9611686509721
 20
37.7875988074874
 42
-0.0455266823239
  0
VERTEX
  8
Bild
 10
44.5866708396201
 20
27.2116850909347
 42
-0.0270857768786
  0
VERTEX
  8
Bild
 10
45.4545864350986
 20
23.8291356825856
 42
0.0028870487601
  0
VERTEX
  8
Bild
 10
46.6132247830731
 20
18.9740280841692
 42
-0.0693779508387
  0
VERTEX
  8
Bild
 10
46.8923768269903
 20
17.2803571701528
 42
-0.3276146587784
  0
VERTEX
  8
Bild
 10
46.349376548046
 20
16.4189733122617
 42
-0.2216917859747
  0
VERTEX
  8
Bild
 10
44.7907234616847
 20
16.3626127499664
 42
-0.0705550912236
  0
VERTEX
  8
Bild
 10
44.1997281771381
 20
16.86447136329
 42
-0.0163067993146
  0
VERTEX
  8
Bild
 10
39.0419138540681
 20
23.0881141344865
 42
0.0509008647561
  0
VERTEX
  8
Bild
 10
36.238094658369
 20
26.1259280987798
 42
0.0737988564171
  0
VERTEX
  8
Bild
 10
35.4087145645092
 20
26.742113389168
 42
0.2433070621061
  0
VERTEX
  8
Bild
 10
34.909154106465
 20
26.6839922899003
 42
0.0886225159636
  0
VERTEX
  8
Bild
 10
33.028997890558
 20
24.6979497629282
 42
0.0409871159551
  0
VERTEX
  8
Bild
 10
32.2234100321782
 20
23.2393322042275
 42
-0.1582367131943
  0
VERTEX
  8
Bild
 10
29.7892414235732
 20
20.7197470944362
 42
-0.2001527449638
  0
VERTEX
  8
Bild
 10
27.725511444199
 20
20.5406215316995
 42
-0.1346613582208
  0
VERTEX
  8
Bild
 10
25.1640382109458
 20
22.1414171899365
 42
0.0778783856657
  0
VERTEX
  8
Bild
 10
23.8822994490078
 20
23.2449921664445
 42
0.2578223700034
  0
VERTEX
  8
Bild
 10
22.8590442051616
 20
23.4107250911261
 42
0.1292456387102
  0
VERTEX
  8
Bild
 10
22.1637056326725
 20
22.7364733808536
 42
-0.0215940179145
  0
VERTEX
  8
Bild
 10
21.6082844437958
 20
21.631553260941
 42
-0.0491388024355
  0
VERTEX
  8
Bild
 10
20.0840492616796
 20
19.7078092381281
 42
0.0318670761593
  0
VERTEX
  8
Bild
 10
17.8870576781829
 20
16.735965111358
 42
-0.0368968819274
  0
VERTEX
  8
Bild
 10
15.0906390164536
 20
13.0734373454863
 42
-0.0022995664932
  0
VERTEX
  8
Bild
 10
14.1923806982049
 20
12.197147485092
 42
0.1344213476753
  0
VERTEX
  8
Bild
 10
13.9985269395073
 20
11.7124499579027
 42
-0.0599393433079
  0
VERTEX
  8
Bild
 10
13.1246002305009
 20
10.4738020212364
 42
-0.039705796563
  0
VERTEX
  8
Bild
 10
3.9160473386421
 20
1.8018066227274
 42
-0.0554120948691
  0
VERTEX
  8
Bild
 10
1.9889854367194
 20
0.4364288088506
 42
0.1556975117166
  0
VERTEX
  8
Bild
 10
0.8855726067712
 20
-0.6118269510336
 42
-0.1978822980171
  0
VERTEX
  8
Bild
 10
0.3642271570471
 20
-1.2155231200058
 42
-0.2602975590874
  0
VERTEX
  8
Bild
 10
-0.4689981530999
 20
-0.9959305994407
 42
-0.0136975154076
  0
VERTEX
  8
Bild
 10
-1.0931109424558
 20
-0.2918866563712
 42
0.1290525752633
  0
VERTEX
  8
Bild
 10
-2.5831621389569
 20
0.6437409525035
 42
0.0839349257919
  0
VERTEX
  8
Bild
 10
-6.2944022288251
 20
1.2744785280373
 42
0.1734521386869
  0
VERTEX
  8
Bild
 10
-10.0812118022271
 20
-0.0243756160972
 42
-0.1625708037083
  0
VERTEX
  8
Bild
 10
-11.1443606769144
 20
-0.5513156602177
 42
-0.139496016887
  0
VERTEX
  8
Bild
 10
-12.1866976736336
 20
-0.2395198627634
 42
-0.0320410107063
  0
VERTEX
  8
Bild
 10
-14.2700946467794
 20
1.5009496684357
 42
-0.0355788566196
  0
VERTEX
  8
Bild
 10
-18.971553213229
 20
6.4761084642222
 42
0.0305256124703
  0
VERTEX
  8
Bild
 10
-23.9564141728252
 20
11.7585017314824
 42
-0.0554422626381
  0
VERTEX
  8
Bild
 10
-26.4939935272741
 20
14.5945438712134
 42
-0.101599956753
  0
VERTEX
  8
Bild
 10
-26.8832171476487
 20
15.2707112493477
 42
-0.0799541081919
  0
VERTEX
  8
Bild
 10
-26.5025812091656
 20
16.7830350608695
 42
0.086079962441
  0
VERTEX
  8
Bild
 10
-25.8614267350975
 20
20.165992327248
 42
0.2858169160394
  0
VERTEX
  8
Bild
 10
-26.0503268703593
 20
20.7693896737462
 42
0.1362732754334
  0
VERTEX
  8
Bild
 10
-26.5691290184894
 20
20.8416475119321
 42
0.062539844488
  0
VERTEX
  8
Bild
 10
-32.3844538312443
 20
19.0925165769884
 42
-0.0314738091397
  0
VERTEX
  8
Bild
 10
-33.7918143889039
 20
18.3916090743847
 42
-0.2857214952487
  0
VERTEX
  8
Bild
 10
-34.7338868270285
 20
18.3691019359206
 42
-0.0929876952031
  0
VERTEX
  8
Bild
 10
-35.349503987016
 20
19.2742008105254
 42
-0.0487541545602
  0
VERTEX
  8
Bild
 10
-37.0537747806276
 20
24.7080023870273
 42
0.0351163161689
  0
VERTEX
  8
Bild
 10
-37.4697721743925
 20
26.9119537099183
 42
0.1231314864349
  0
VERTEX
  8
Bild
 10
-37.9498255116272
 20
28.0270789758437
 42
0.2817275970951
  0
VERTEX
  8
Bild
 10
-38.748678888153
 20
28.2327836915031
 42
0.0765865230024
  0
VERTEX
  8
Bild
 10
-40.4309254982752
 20
27.4162545970096
 42
0.0170615082495
  0
VERTEX
  8
Bild
 10
-42.5188420146232
 20
25.8359984525389
 42
-0.013550158876
  0
VERTEX
  8
Bild
 10
-45.373428883668
 20
23.728299995611
 42
0.0358561244461
  0
VERTEX
  8
Bild
 10
-48.6154291027155
 20
20.8996620391374
 42
-0.1399483367486
  0
VERTEX
  8
Bild
 10
-49.9414304097117
 20
21.9667175266734
 42
-0.1767982198596
  0
VERTEX
  8
Bild
 10
-50.18407867273
 20
23.7245286851102
 42
-0.0617268620449
  0
VERTEX
  8
Bild
 10
-49.0667955710393
 20
26.5299934415022
 42
0.0110268681101
  0
VERTEX
  8
Bild
 10
-47.2397761558032
 20
30.1381266373313
 42
-0.0610152994487
  0
VERTEX
  8
Bild
 10
-45.7572583429183
 20
32.6162499379747
 42
0.025825338719
  0
VERTEX
  8
Bild
 10
-41.5845620225713
 20
37.5579517363628
 42
-0.0824677891465
  0
VERTEX
  8
Bild
 10
-38.8548198292096
 20
40.373303952478
 42
-0.0071826276888
  0
VERTEX
  8
Bild
 10
-36.2893005829347
 20
42.3751540940964
 42
-0.074607916516
  0
VERTEX
  8
Bild
 10
-35.4054427563386
 20
42.9789419339375
 42
-0.202661130132
  0
SEQEND
  0
POLYLINE
  8
Bild
 66
     1
 10
0.0
 20
0.0
 30
0.0
 70
     1
  0
VERTEX
  8
Bild
 10
27.8172309408889
 20
13.5133088785574
 42
-0.3317791123868
  0
VERTEX
  8
Bild
 10
28.7312264115482
 20
13.3905007151653
 42
-0.0170015161878
  0
VERTEX
  8
Bild
 10
29.865021749847
 20
12.1009501506843
 42
0.0483035542544
  0
VERTEX
  8
Bild
 10
32.4568530892982
 20
10.2100023258907
 42
-0.034281917704
  0
VERTEX
  8
Bild
 10
36.5333269581455
 20
7.3689016598512
 42
0.0239566279128
  0
VERTEX
  8
Bild
 10
42.5158733276412
 20
2.8330890337209
 42
0.0468271492317
  0
VERTEX
  8
Bild
 10
44.374899249864
 20
1.6794319326582
 42
-0.0282412792262
  0
VERTEX
  8
Bild
 10
46.2068312196443
 20
0.9323008208946
 42
-0.250788000583
  0
VERTEX
  8
Bild
 10
46.6617359662583
 20
0.521462664759
 42
-0.378630110845
  0
VERTEX
  8
Bild
 10
44.8852438452432
 20
-1.7828675879585
 42
0.0271164210076
  0
VERTEX
  8
Bild
 10
41.4935318209767
 20
-2.8545600193618
 42
0.0107217701091
  0
VERTEX
  8
Bild
 10
37.3004912910378
 20
-4.563962527158
 42
-0.055857806854
  0
VERTEX
  8
Bild
 10
33.4397634179295
 20
-5.9017272047168
 42
0.0825724989632
  0
VERTEX
  8
Bild
 10
31.532108110973
 20
-6.6423463238882
 42
0.0545615696789
  0
VERTEX
  8
Bild
 10
28.5512031310574
 20
-7.9628480880417
 42
-0.075078931379
  0
VERTEX
  8
Bild
 10
25.4143513062818
 20
-9.2613456120329
 42
0.0605311549695
  0
VERTEX
  8
Bild
 10
22.9939603142314
 20
-10.1476362772487
 42
-0.1666011703225
  0
VERTEX
  8
Bild
 10
21.1702042661174
 20
-10.5969123392682
 42
-0.0728949801327
  0
VERTEX
  8
Bild
 10
19.5083694346279
 20
-9.9134637001092
 42
0.0322619465897
  0
VERTEX
  8
Bild
 10
15.7250544349588
 20
-8.0078802904164
 42
-0.0242671634766
  0
VERTEX
  8
Bild
 10
7.5010255345636
 20
-3.8667589000523
 42
-0.0481580698879
  0
VERTEX
  8
Bild
 10
6.1201505546198
 20
-3.000166384981
 42
-0.3319254664051
  0
VERTEX
  8
Bild
 10
5.9927231589085
 20
-1.8003387449541
 42
-0.1005403970812
  0
VERTEX
  8
Bild
 10
7.0951995330464
 20
-0.814968411697
 42
0.061444977824
  0
VERTEX
  8
Bild
 10
11.2604208629709
 20
2.00491224376
 42
-0.0117619999257
  0
VERTEX
  8
Bild
 10
16.7466418875026
 20
6.362369099394
 42
0.0316875248559
  0
VERTEX
  8
Bild
 10
19.1282877506608
 20
8.3235978286051
 42
-0.0688064488732
  0
VERTEX
  8
Bild
 10
20.5249104700682
 20
9.3118953985603
 42
-0.0526799590654
  0
VERTEX
  8
Bild
 10
23.6225774126644
 20
10.6988998307631
 42
-0.0394898674975
  0
VERTEX
  8
Bild
 10
24.5534846458129
 20
10.8789863388621
 42
0.1532597620936
  0
VERTEX
  8
Bild
 10
26.7935131956474
 20
12.0423611984682
 42
0.1365620015833
  0
VERTEX
  8
Bild
 10
27.1688742851253
 20
12.6931211093829
 42
-0.2066736781614
  0
SEQEND
  0
POLYLINE
  8
Bild
 66
     1
 10
0.0
 20
0.0
 30
0.0
 70
     1
  0
VERTEX
  8
Bild
 10
-22.3809341192942
 20
-1.0922994420833
 42
0.0458645577888
  0
VERTEX
  8
Bild
 10
-20.6430046757852
 20
-0.4606545262986
 42
0.0802246830514
  0
VERTEX
  8
Bild
 10
-19.2870306299224
 20
0.3046046828188
 42
0.4725147129751
  0
VERTEX
  8
Bild
 10
-19.2477669013382
 20
0.5089516319567
 42
0.0290542798955
  0
VERTEX
  8
Bild
 10
-21.2739004490368
 20
2.1340312734321
 42
0.0339317552531
  0
VERTEX
  8
Bild
 10
-25.0684362574825
 20
4.5937658236561
 42
0.0939012298198
  0
VERTEX
  8
Bild
 10
-26.8620987109154
 20
5.3314894917514
 42
0.2392796931356
  0
VERTEX
  8
Bild
 10
-27.5444432394603
 20
5.2619264816358
 42
0.2493138076249
  0
VERTEX
  8
Bild
 10
-27.6653188608877
 20
4.6169534948149
 42
0.0526947782779
  0
VERTEX
  8
Bild
 10
-27.1645050019582
 20
3.550761158441
 42
-0.0453228306465
  0
VERTEX
  8
Bild
 10
-26.0967736634977
 20
0.6625789883283
 42
0.0403007672003
  0
VERTEX
  8
Bild
 10
-25.450725612286
 20
-1.431856686678
 42
0.1704766565481
  0
VERTEX
  8
Bild
 10
-25.043374697846
 20
-2.074666491728
 42
0.2274720735788
  0
VERTEX
  8
Bild
 10
-24.4286919714424
 20
-2.0655867906068
 42
-0.0134971796748
  0
VERTEX
  8
Bild
 10
-23.0384911931835
 20
-1.3033905701394
 42
-0.0881450157485
  0
SEQEND
  0
POLYLINE
  8
Bild
 66
     1
 10
0.0
 20
0.0
 30
0.0
 70
     1
  0
VERTEX
  8
Bild
 10
-34.9976167208941
 20
-8.9491034635118
 42
0.2196856107485
  0
VERTEX
  8
Bild
 10
-34.8079951547848
 20
-8.4209719146897
 42
0.0947228063906
  0
VERTEX
  8
Bild
 10
-35.4676213496001
 20
-6.6967360994623
 42
-0.1078744058971
  0
VERTEX
  8
Bild
 10
-35.9750255071821
 20
-5.024387169303
 42
-0.0861641567119
  0
VERTEX
  8
Bild
 10
-35.5224770082548
 20
0.5589993291659
 42
-0.042175131837
  0
VERTEX
  8
Bild
 10
-34.0045187489335
 20
4.4453959439985
 42
0.0594074244359
  0
VERTEX
  8
Bild
 10
-33.2144600290108
 20
6.3875255443077
 42
0.2287360880079
  0
VERTEX
  8
Bild
 10
-33.1851890949469
 20
6.6847565207282
 42
0.1303568664933
  0
VERTEX
  8
Bild
 10
-33.8668743809367
 20
6.8246626666131
 42
0.0782221439533
  0
VERTEX
  8
Bild
 10
-37.5072417809948
 20
6.0698962246856
 42
0.0038572187296
  0
VERTEX
  8
Bild
 10
-40.7463787844936
 20
4.6853106615078
 42
-0.0486349273026
  0
VERTEX
  8
Bild
 10
-42.4963694983986
 20
4.0838821658398
 42
0.0243067142668
  0
VERTEX
  8
Bild
 10
-47.6823337789441
 20
1.6676730941477
 42
0.0567719541709
  0
VERTEX
  8
Bild
 10
-49.0997140995765
 20
0.8578823631973
 42
0.2542327442056
  0
VERTEX
  8
Bild
 10
-49.1870604457414
 20
0.7653994971822
 42
0.0148909908146
  0
VERTEX
  8
Bild
 10
-46.8111702577471
 20
-1.2826939499363
 42
0.0198281435406
  0
VERTEX
  8
Bild
 10
-42.7505273984234
 20
-4.4521372673777
 42
-0.0536944480307
  0
VERTEX
  8
Bild
 10
-41.5605608730439
 20
-5.2568611147682
 42
0.0678383445145
  0
VERTEX
  8
Bild
 10
-39.0833328735655
 20
-7.086227502011
 42
0.0370173019087
  0
VERTEX
  8
Bild
 10
-36.9399679677068
 20
-8.0734582253728
 42
-0.0917041077486
  0
VERTEX
  8
Bild
 10
-36.2477057107879
 20
-8.4474289850629
 42
0.2470762013749
  0
VERTEX
  8
Bild
 10
-35.085083720226
 20
-8.9639687580913
 42
0.0913832342723
  0
SEQEND
  0
POLYLINE
  8
Bild
 66
     1
 10
0.0
 20
0.0
 30
0.0
 70
     1
  0
VERTEX
  8
Bild
 10
-36.2101144487761
 20
10.9707896883955
 42
-0.1106514425216
  0
VERTEX
  8
Bild
 10
-34.840739561354
 20
11.5268480608755
 42
-0.2254017149987
  0
VERTEX
  8
Bild
 10
-33.0920893267164
 20
11.1858161488237
 42
0.0329950181512
  0
VERTEX
  8
Bild
 10
-25.7577363353743
 20
6.846732301951
 42
-0.0247827807894
  0
VERTEX
  8
Bild
 10
-21.7357748532017
 20
4.5255386629403
 42
0.00370094996
  0
VERTEX
  8
Bild
 10
-18.3837005597176
 20
2.5372930277135
 42
-0.0129310612258
  0
VERTEX
  8
Bild
 10
-14.3583362639058
 20
-0.0499170939703
 42
-0.1311953004798
  0
VERTEX
  8
Bild
 10
-12.3717757846571
 20
-2.0658594947488
 42
-0.1604934834089
  0
VERTEX
  8
Bild
 10
-12.0497308542324
 20
-3.2484246077184
 42
-0.2767146841198
  0
VERTEX
  8
Bild
 10
-12.6480021952029
 20
-4.0013326313193
 42
0.1183722942542
  0
VERTEX
  8
Bild
 10
-13.6088070400537
 20
-4.6714371485171
 42
-0.0841956202176
  0
VERTEX
  8
Bild
 10
-15.0606775486331
 20
-5.6417779387506
 42
-0.0225239483672
  0
VERTEX
  8
Bild
 10
-18.5475503909616
 20
-6.9418291589642
 42
0.0209510786766
  0
VERTEX
  8
Bild
 10
-23.4226436880161
 20
-8.863312936277
 42
-0.0332900202469
  0
VERTEX
  8
Bild
 10
-29.4625707727114
 20
-11.1280497829612
 42
0.0173391062407
  0
VERTEX
  8
Bild
 10
-32.1203466277442
 20
-12.0795790882612
 42
-0.0988364759644
  0
VERTEX
  8
Bild
 10
-33.3032798806708
 20
-12.3771327262304
 42
-0.158958098355
  0
VERTEX
  8
Bild
 10
-34.602267410461
 20
-11.8484164773269
 42
0.1487725000222
  0
VERTEX
  8
Bild
 10
-36.2347608062204
 20
-10.9103574774275
 42
-0.0676097157345
  0
VERTEX
  8
Bild
 10
-39.1389263631305
 20
-9.3884602701409
 42
-0.0360534000334
  0
VERTEX
  8
Bild
 10
-43.4678147107909
 20
-6.2341677421717
 42
-0.011748386866
  0
VERTEX
  8
Bild
 10
-46.6187211909182
 20
-3.4487857181929
 42
0.0375028823306
  0
VERTEX
  8
Bild
 10
-49.8037379237778
 20
-1.5650090898746
 42
-0.0701252370436
  0
VERTEX
  8
Bild
 10
-51.8593428458166
 20
-0.3165677459768
 42
-0.1272679851575
  0
VERTEX
  8
Bild
 10
-52.543589226818
 20
0.5008772641561
 42
-0.3380919103241
  0
VERTEX
  8
Bild
 10
-52.380787825758
 20
1.5120428279371
 42
-0.0160125355991
  0
VERTEX
  8
Bild
 10
-48.3016547152949
 20
4.4962035113492
 42
-0.022961629334
  0
VERTEX
  8
Bild
 10
-44.6071834884039
 20
6.8910764874609
 42
-0.021082193553
  0
VERTEX
  8
Bild
 10
-37.18728092402
 20
10.4228868133224
 42
-0.1125437094615
  0
VERTEX
  8
Bild
 10
-36.694361345488
 20
10.5988020295225
 42
0.0511823747853
  0
SEQEND
  0
POLYLINE
  8
Bild
 66
     1
 10
0.0
 20
0.0
 30
0.0
 70
     1
  0
VERTEX
  8
Bild
 10
50.0360049561799
 20
65.4366380188932
 42
0.239542339239
  0
VERTEX
  8
Bild
 10
49.3624783190975
 20
65.9658375194579
 42
-0.2738482297247
  0
VERTEX
  8
Bild
 10
49.2662602280858
 20
66.0139465649638
 42
-0.2149667681391
  0
VERTEX
  8
Bild
 10
49.2351107969966
 20
67.6829418346218
 42
0.2438990471938
  0
VERTEX
  8
Bild
 10
49.592526285249
 20
68.6508441367111
 42
0.3302866851124
  0
VERTEX
  8
Bild
 10
49.1272881527915
 20
69.0179534753299
 42
0.1171165069793
  0
VERTEX
  8
Bild
 10
47.5983303576654
 20
68.5392532603458
 42
0.0161190741104
  0
VERTEX
  8
Bild
 10
46.1475734851858
 20
67.605858717017
 42
-0.0324281872661
  0
VERTEX
  8
Bild
 10
46.0687874504772
 20
62.4360820449218
 42
-0.1088537883108
  0
VERTEX
  8
Bild
 10
45.9677168820535
 20
61.7938712679308
 42
-0.1830331567117
  0
VERTEX
  8
Bild
 10
45.5057290098417
 20
61.7918751736009
 42
-0.0373826392616
  0
VERTEX
  8
Bild
 10
44.0226585207058
 20
62.3622883996246
 42
0.0458938864426
  0
VERTEX
  8
Bild
 10
43.9581750781756
 20
65.3466752906014
 42
0.1383382928272
  0
VERTEX
  8
Bild
 10
43.8313755072881
 20
65.9148390274627
 42
0.2029846586069
  0
VERTEX
  8
Bild
 10
43.3568701137117
 20
65.8741232444753
 42
0.0427399322114
  0
VERTEX
  8
Bild
 10
41.9591589109867
 20
65.0892342718411
 42
0.0154876210573
  0
VERTEX
  8
Bild
 10
41.6946302737962
 20
58.7730498392038
 42
-0.040486621953
  0
VERTEX
  8
Bild
 10
41.7034465909459
 20
57.8835418485468
 42
-0.4621102277914
  0
VERTEX
  8
Bild
 10
41.0836284402183
 20
57.4154685557465
 42
-0.236413564364
  0
VERTEX
  8
Bild
 10
39.8445270711007
 20
58.383740438327
 42
-0.0589026127251
  0
VERTEX
  8
Bild
 10
39.5746260338493
 20
60.0037948842262
 42
0.0090444448571
  0
VERTEX
  8
Bild
 10
39.5107171169654
 20
62.534732270174
 42
0.1157296960642
  0
VERTEX
  8
Bild
 10
39.3893032608834
 20
63.2460176734111
 42
0.4610722016246
  0
VERTEX
  8
Bild
 10
38.9847166891906
 20
63.3514542248159
 42
0.0182565237703
  0
VERTEX
  8
Bild
 10
38.3292651158763
 20
62.7758328139928
 42
-0.0167104639233
  0
VERTEX
  8
Bild
 10
36.5834320973997
 20
61.5422386827725
 42
0.1715946538497
  0
VERTEX
  8
Bild
 10
35.5372795598858
 20
60.4324243858893
 42
0.0817252867402
  0
VERTEX
  8
Bild
 10
35.3318204732194
 20
58.7787588088611
 42
-0.012810591027
  0
VERTEX
  8
Bild
 10
35.4608901085228
 20
55.6254106351878
 42
-0.0937961372967
  0
VERTEX
  8
Bild
 10
35.3395497830319
 20
54.1791474609769
 42
-0.4296026824681
  0
VERTEX
  8
Bild
 10
34.6846514158566
 20
53.7794677448739
 42
-0.2897385349772
  0
VERTEX
  8
Bild
 10
33.385544681174
 20
55.0208701989828
 42
-0.0599405763473
  0
VERTEX
  8
Bild
 10
33.3315313616183
 20
57.105357679393
 42
0.0986582280702
  0
VERTEX
  8
Bild
 10
33.3166358103339
 20
58.4951905589019
 42
0.2164130449269
  0
VERTEX
  8
Bild
 10
33.1773953423824
 20
58.7743747943876
 42
0.0625257455511
  0
VERTEX
  8
Bild
 10
32.02916677781
 20
58.228725460917
 42
0.007130629211
  0
VERTEX
  8
Bild
 10
27.8236302378624
 20
55.4535243740656
 42
-0.0239606710921
  0
VERTEX
  8
Bild
 10
24.3368535058752
 20
53.1899176765233
 42
0.1218482663808
  0
VERTEX
  8
Bild
 10
23.1262828481821
 20
52.330800652698
 42
0.1160560122728
  0
VERTEX
  8
Bild
 10
22.9896724819185
 20
51.9078028598419
 42
-0.4261064608273
  0
VERTEX
  8
Bild
 10
21.5529072535781
 20
51.6113023859877
 42
0.0984082646981
  0
VERTEX
  8
Bild
 10
16.3956877413889
 20
54.0022148117098
 42
-0.0258929202415
  0
VERTEX
  8
Bild
 10
14.1506330852848
 20
54.3908094405725
 42
0.0655080303359
  0
VERTEX
  8
Bild
 10
12.3815700834894
 20
54.8288701323269
 42
-0.0552220983155
  0
VERTEX
  8
Bild
 10
9.0932625279233
 20
55.5352485726325
 42
0.1887683614274
  0
VERTEX
  8
Bild
 10
7.6775578342054
 20
55.5002128520871
 42
-0.2837645846538
  0
VERTEX
  8
Bild
 10
5.065158159293
 20
56.1530451643368
 42
0.1233709871214
  0
VERTEX
  8
Bild
 10
4.2419826823746
 20
56.4651716406965
 42
0.066047158671
  0
VERTEX
  8
Bild
 10
0.7587590496099
 20
56.3900607763424
 42
0.1260135050131
  0
VERTEX
  8
Bild
 10
0.342534121134
 20
56.282778192274
 42
-0.1377223821789
  0
VERTEX
  8
Bild
 10
-0.2181682920898
 20
56.1484011227443
 42
-0.0844506842543
  0
VERTEX
  8
Bild
 10
-2.5781926805586
 20
56.4557208632967
 42
-0.0181228878003
  0
VERTEX
  8
Bild
 10
-3.0251259411196
 20
56.6755240471153
 42
0.0822784800443
  0
VERTEX
  8
Bild
 10
-4.7758646353262
 20
56.9325913757229
 42
0.0398130838821
  0
VERTEX
  8
Bild
 10
-9.7098238759604
 20
56.4116945071403
 42
-0.0540656077995
  0
VERTEX
  8
Bild
 10
-12.0898720044543
 20
56.1198657547047
 42
-0.0595262984598
  0
VERTEX
  8
Bild
 10
-13.6398464656914
 20
56.390920562373
 42
0.1217507387138
  0
VERTEX
  8
Bild
 10
-16.4818007046284
 20
56.4166586412565
 42
0.1573669712053
  0
VERTEX
  8
Bild
 10
-17.4363241706927
 20
55.9134939464119
 42
-0.2283554635593
  0
VERTEX
  8
Bild
 10
-18.606329235556
 20
55.5388165504581
 42
0.1542855643959
  0
VERTEX
  8
Bild
 10
-20.8597393699474
 20
55.2064672635411
 42
-0.0935094401876
  0
VERTEX
  8
Bild
 10
-23.5072718576538
 20
54.6909496124397
 42
0.0
  0
VERTEX
  8
Bild
 10
-25.0320338079972
 20
54.6851060962874
 42
-0.0723184169925
  0
VERTEX
  8
Bild
 10
-27.825923428023
 20
52.0494752276948
 42
-0.0394737817403
  0
VERTEX
  8
Bild
 10
-29.6930215018656
 20
51.0209558544122
 42
-0.0183583530655
  0
VERTEX
  8
Bild
 10
-33.4591476932039
 20
52.0171431363943
 42
-0.0524815841808
  0
VERTEX
  8
Bild
 10
-35.7914569997027
 20
53.1234177328003
 42
0.0044512452276
  0
VERTEX
  8
Bild
 10
-40.434483546817
 20
56.0190856910412
 42
0.0546489262901
  0
VERTEX
  8
Bild
 10
-42.1259129303174
 20
56.9399347661601
 42
0.4181542558752
  0
VERTEX
  8
Bild
 10
-42.2975655928404
 20
56.8650966395916
 42
0.0485879254392
  0
VERTEX
  8
Bild
 10
-42.7493951550247
 20
54.1926984692762
 42
0.0035248048813
  0
VERTEX
  8
Bild
 10
-42.8376244969975
 20
52.5193202263185
 42
-0.0838591943505
  0
VERTEX
  8
Bild
 10
-43.0509498889828
 20
51.4537976809352
 42
-0.311675948815
  0
VERTEX
  8
Bild
 10
-43.7642803769784
 20
50.9657994668913
 42
-0.2539737050465
  0
VERTEX
  8
Bild
 10
-44.2288843254035
 20
51.5238646643325
 42
-0.0703444679464
  0
VERTEX
  8
Bild
 10
-44.2885387389122
 20
53.5532975064943
 42
-0.0122695192167
  0
VERTEX
  8
Bild
 10
-43.9131492177196
 20
55.7187961061842
 42
0.0771618131648
  0
VERTEX
  8
Bild
 10
-43.7420727528482
 20
57.7138622701005
 42
0.1192268178684
  0
VERTEX
  8
Bild
 10
-44.2417374706478
 20
58.7027784711097
 42
0.0724220690169
  0
VERTEX
  8
Bild
 10
-47.4306556363738
 20
61.7123711497667
 42
0.1137217357201
  0
VERTEX
  8
Bild
 10
-47.4306556363738
 20
61.7123711497667
 42
0.462244207436
  0
VERTEX
  8
Bild
 10
-48.2829902280724
 20
61.5089792036727
 42
0.0396542951666
  0
VERTEX
  8
Bild
 10
-48.3994146528903
 20
60.402947167903
 42
-0.0026364184783
  0
VERTEX
  8
Bild
 10
-48.8419991493109
 20
55.8567982469636
 42
-0.0774976259795
  0
VERTEX
  8
Bild
 10
-48.9382011651385
 20
54.6952794520779
 42
-0.3618031318744
  0
VERTEX
  8
Bild
 10
-49.2943704680732
 20
54.4195962032801
 42
-0.3297287147093
  0
VERTEX
  8
Bild
 10
-50.0207378550799
 20
54.9694247720138
 42
-0.0589128223843
  0
VERTEX
  8
Bild
 10
-50.2173636045448
 20
56.8049821234327
 42
0.0020382761793
  0
VERTEX
  8
Bild
 10
-49.9430801991857
 20
61.9887167100749
 42
0.0060853481034
  0
VERTEX
  8
Bild
 10
-49.8720214722542
 20
64.1144162511674
 42
-0.127507290591
  0
VERTEX
  8
Bild
 10
-51.4895999919606
 20
65.032093570274
 42
-0.1015101887641
  0
VERTEX
  8
Bild
 10
-52.2206660772005
 20
66.2393312156474
 42
0.0628513764758
  0
VERTEX
  8
Bild
 10
-52.5700778064329
 20
63.3572864079497
 42
-0.0835596987545
  0
VERTEX
  8
Bild
 10
-52.6895054839149
 20
59.8341788844355
 42
-0.1930680065195
  0
VERTEX
  8
Bild
 10
-52.9362595866535
 20
59.2891887548917
 42
-0.3879926423154
  0
VERTEX
  8
Bild
 10
-53.8832606367149
 20
59.5098902040489
 42
-0.0542459844219
  0
VERTEX
  8
Bild
 10
-54.0171919857532
 20
60.7244949996663
 42
-0.0239269984119
  0
VERTEX
  8
Bild
 10
-53.87136261933
 20
65.7584707095249
 42
0.0979155677276
  0
VERTEX
  8
Bild
 10
-54.1042114689658
 20
67.9705347810644
 42
0.1838086269141
  0
VERTEX
  8
Bild
 10
-54.9569850092137
 20
69.4885310672336
 42
0.1404043370777
  0
VERTEX
  8
Bild
 10
-55.6456202599424
 20
69.8341802825475
 42
0.3674360228514
  0
VERTEX
  8
Bild
 10
-55.9998671063807
 20
69.5459475633024
 42
0.0395778041118
  0
VERTEX
  8
Bild
 10
-56.0808708459418
 20
67.5989158873433
 42
-0.0473459179408
  0
VERTEX
  8
Bild
 10
-56.1013554214262
 20
65.201396331268
 42
-0.2271120456339
  0
VERTEX
  8
Bild
 10
-56.6041135141183
 20
64.1487252321765
 42
-0.3434158069523
  0
VERTEX
  8
Bild
 10
-57.0327630548544
 20
64.2589236617405
 42
-0.1468992953542
  0
VERTEX
  8
Bild
 10
-57.4324244601489
 20
65.0602517023219
 42
-0.0200738870584
  0
VERTEX
  8
Bild
 10
-57.5668245658671
 20
68.2322857130337
 42
0.0452108271594
  0
VERTEX
  8
Bild
 10
-57.6923262469514
 20
71.1389569182712
 42
0.1492510413699
  0
VERTEX
  8
Bild
 10
-58.7637521529481
 20
73.2694922092573
 42
0.0107213221791
  0
VERTEX
  8
Bild
 10
-61.2001928254054
 20
75.6766177700753
 42
0.0158193729093
  0
VERTEX
  8
Bild
 10
-60.825928589176
 20
63.8328092611918
 42
0.0405297124115
  0
VERTEX
  8
Bild
 10
-60.5677012616531
 20
61.1926581750073
 42
0.0679362299987
  0
VERTEX
  8
Bild
 10
-60.2432097110704
 20
59.9834309222759
 42
0.2720776015292
  0
VERTEX
  8
Bild
 10
-59.6446811436546
 20
59.5346862428446
 42
-0.1653649153467
  0
VERTEX
  8
Bild
 10
-58.8385210764094
 20
59.2957039194474
 42
-0.0188867014646
  0
VERTEX
  8
Bild
 10
-58.7100835677484
 20
58.9807426961674
 42
0.0795861631681
  0
VERTEX
  8
Bild
 10
-56.8401854521857
 20
57.4923365474563
 42
0.037154755642
  0
VERTEX
  8
Bild
 10
-54.9191824426908
 20
56.3863045116865
 42
-0.1417873227605
  0
VERTEX
  8
Bild
 10
-54.328234821054
 20
55.206107768218
 42
-0.4836050361657
  0
VERTEX
  8
Bild
 10
-54.4763317829305
 20
54.6588105693292
 42
-0.1727400927193
  0
VERTEX
  8
Bild
 10
-54.8875666099959
 20
54.6464283410296
 42
-0.0766670718604
  0
VERTEX
  8
Bild
 10
-58.4981350197104
 20
56.6030437186522
 42
0.1092501230713
  0
VERTEX
  8
Bild
 10
-59.0748547719246
 20
56.9246837286182
 42
0.6394616120208
  0
VERTEX
  8
Bild
 10
-59.2273103985332
 20
56.7449111716964
 42
0.0415076174276
  0
VERTEX
  8
Bild
 10
-58.0758898966383
 20
52.5930603326643
 42
0.1570574724758
  0
VERTEX
  8
Bild
 10
-57.6374012140281
 20
51.7862151278729
 42
0.0936843294122
  0
VERTEX
  8
Bild
 10
-57.1136050760451
 20
51.6085911917047
 42
-0.1130341025025
  0
VERTEX
  8
Bild
 10
-55.2684557171444
 20
50.73971990802
 42
0.0833022503173
  0
VERTEX
  8
Bild
 10
-53.6967259821032
 20
49.3426268102056
 42
-0.0963801625603
  0
VERTEX
  8
Bild
 10
-52.0964703503646
 20
48.2756956045767
 42
-0.384585810157
  0
VERTEX
  8
Bild
 10
-51.9360045001277
 20
47.982550571277
 42
-0.2309209331765
  0
VERTEX
  8
Bild
 10
-52.7071183711514
 20
47.4798360131197
 42
-0.0908432034019
  0
VERTEX
  8
Bild
 10
-54.3922438935038
 20
48.1159073903244
 42
-0.0944791366546
  0
VERTEX
  8
Bild
 10
-56.4515378635881
 20
49.3198361400887
 42
0.2019628312815
  0
VERTEX
  8
Bild
 10
-56.9344465778313
 20
49.5803973791525
 42
0.3576770911352
  0
VERTEX
  8
Bild
 10
-57.0953424836396
 20
49.3301177885822
 42
0.1368401723616
  0
VERTEX
  8
Bild
 10
-55.7279298078621
 20
46.4368655550496
 42
0.0272183235108
  0
VERTEX
  8
Bild
 10
-53.5071827663374
 20
44.3452227984502
 42
0.0259872061966
  0
VERTEX
  8
Bild
 10
-49.2454968909874
 20
40.9635932402258
 42
0.0929405271839
  0
VERTEX
  8
Bild
 10
-48.6973144552822
 20
40.6162365098238
 42
-0.349447576225
  0
VERTEX
  8
Bild
 10
-48.3272467753847
 20
40.2354482152633
 42
-0.2851364891138
  0
VERTEX
  8
Bild
 10
-48.8026258619573
 20
39.2253690549249
 42
-0.2410285399074
  0
VERTEX
  8
Bild
 10
-49.409907367534
 20
39.2754189461235
 42
-0.029030202866
  0
VERTEX
  8
Bild
 10
-52.5053486707659
 20
41.3942505419695
 42
0.0621817131306
  0
VERTEX
  8
Bild
 10
-53.7516542543993
 20
42.2347466997881
 42
0.1707069071327
  0
VERTEX
  8
Bild
 10
-54.1318381489331
 20
42.3479477997789
 42
0.3947122242082
  0
VERTEX
  8
Bild
 10
-54.1972088500193
 20
42.1210573854125
 42
-0.0105919729073
  0
VERTEX
  8
Bild
 10
-53.7301874271003
 20
41.2414025273602
 42
-0.0195621550395
  0
VERTEX
  8
Bild
 10
-52.9022282697519
 20
39.0110193208566
 42
0.0700367701601
  0
VERTEX
  8
Bild
 10
-51.5675137193572
 20
36.2368784553686
 42
-0.11885160252
  0
VERTEX
  8
Bild
 10
-50.5761351337427
 20
34.287795826048
 42
-0.1766595175316
  0
VERTEX
  8
Bild
 10
-50.5886698886122
 20
33.6054560962824
 42
-0.1084439849651
  0
VERTEX
  8
Bild
 10
-50.8402073267374
 20
33.3735995358669
 42
0.0494253429667
  0
VERTEX
  8
Bild
 10
-51.229914180041
 20
32.1481367578656
 42
-0.0091310092913
  0
VERTEX
  8
Bild
 10
-52.0774846332981
 20
27.4182922460163
 42
0.0311861117
  0
VERTEX
  8
Bild
 10
-53.1483132765061
 20
21.6401379048971
 42
-0.0492932847654
  0
VERTEX
  8
Bild
 10
-55.0361144782611
 20
12.2099290690242
 42
-0.0198059845703
  0
VERTEX
  8
Bild
 10
-55.8709500776319
 20
9.9251656539005
 42
0.0698560592646
  0
VERTEX
  8
Bild
 10
-56.3671061563913
 20
8.2703800650084
 42
0.0281632047881
  0
VERTEX
  8
Bild
 10
-56.1930493805766
 20
6.8426508878689
 42
0.0072577301795
  0
VERTEX
  8
Bild
 10
-54.7071512597491
 20
-0.4298757949126
 42
0.0
  0
VERTEX
  8
Bild
 10
-54.6768712215052
 20
-14.2418230640326
 42
0.0191551474566
  0
VERTEX
  8
Bild
 10
-56.0549189537518
 20
-18.5430571373774
 42
0.0861057577131
  0
VERTEX
  8
Bild
 10
-56.283118046294
 20
-20.0037748044851
 42
0.1002022540083
  0
VERTEX
  8
Bild
 10
-55.7900956536525
 20
-21.5158645109804
 42
-0.0321213802394
  0
VERTEX
  8
Bild
 10
-54.0883065737305
 20
-24.5629696512047
 42
-0.0297352567362
  0
VERTEX
  8
Bild
 10
-52.9114682143233
 20
-27.9675887561326
 42
-0.0167343421909
  0
VERTEX
  8
Bild
 10
-52.0864476713521
 20
-30.2098164028705
 42
-0.0126179176045
  0
VERTEX
  8
Bild
 10
-51.6533544532853
 20
-32.1673008214882
 42
-0.0301977378761
  0
VERTEX
  8
Bild
 10
-50.4326304745135
 20
-37.1172349836865
 42
-0.0363932732806
  0
VERTEX
  8
Bild
 10
-49.9607126376819
 20
-44.492163078054
 42
-0.0383171365763
  0
VERTEX
  8
Bild
 10
-50.5796894965169
 20
-53.3720820246284
 42
0.0529498001695
  0
VERTEX
  8
Bild
 10
-50.9321257503657
 20
-55.7197735180845
 42
0.1520313735125
  0
VERTEX
  8
Bild
 10
-50.4147235523823
 20
-57.3854899330429
 42
0.0565719347593
  0
VERTEX
  8
Bild
 10
-47.9903559164371
 20
-60.2623422999655
 42
0.1407468050196
  0
VERTEX
  8
Bild
 10
-47.5666896991557
 20
-60.5853183058062
 42
0.2796422724113
  0
VERTEX
  8
Bild
 10
-47.4352989632099
 20
-60.4366862664393
 42
0.0442072545916
  0
VERTEX
  8
Bild
 10
-47.5031925141346
 20
-58.1350916638783
 42
0.00192193379
  0
VERTEX
  8
Bild
 10
-47.8776229604744
 20
-55.0111680017072
 42
-0.0459709046229
  0
VERTEX
  8
Bild
 10
-47.9308264379478
 20
-50.6824719166532
 42
0.0307015730515
  0
VERTEX
  8
Bild
 10
-48.05918502021
 20
-45.4785714725674
 42
-0.052798708586
  0
VERTEX
  8
Bild
 10
-47.8404283623013
 20
-41.0019392008765
 42
-0.0320384352647
  0
VERTEX
  8
Bild
 10
-46.257478279782
 20
-33.1054699023411
 42
-0.0475847541125
  0
VERTEX
  8
Bild
 10
-45.4135659984398
 20
-30.6937719987924
 42
0.0736874534955
  0
VERTEX
  8
Bild
 10
-44.9647829823753
 20
-29.4278946412559
 42
-0.1198534052309
  0
VERTEX
  8
Bild
 10
-44.6181297848949
 20
-28.6828200473068
 42
-0.038344804326
  0
VERTEX
  8
Bild
 10
-42.3499946872139
 20
-26.6125000448216
 42
-0.0708585039618
  0
VERTEX
  8
Bild
 10
-40.7173861750938
 20
-25.5243496088522
 42
-0.1772835578191
  0
VERTEX
  8
Bild
 10
-39.7039565916023
 20
-25.3148334125507
 42
-0.3233451409381
  0
VERTEX
  8
Bild
 10
-38.9896497284164
 20
-26.1930911331616
 42
-0.1431728099994
  0
VERTEX
  8
Bild
 10
-39.3004578310304
 20
-26.7566823180593
 42
0.0257580470196
  0
VERTEX
  8
Bild
 10
-42.5641865719551
 20
-29.9796037847342
 42
0.0964189208168
  0
VERTEX
  8
Bild
 10
-42.8265274984183
 20
-30.3143651093603
 42
-0.0503968056698
  0
VERTEX
  8
Bild
 10
-43.5766672026423
 20
-31.3022604772847
 42
0.1156280887386
  0
VERTEX
  8
Bild
 10
-44.6774551474094
 20
-33.4186493532235
 42
0.0448466922352
  0
VERTEX
  8
Bild
 10
-46.3411215825293
 20
-43.9348683938229
 42
0.0452430741972
  0
VERTEX
  8
Bild
 10
-46.2786212207713
 20
-46.0214254383336
 42
-0.0194766627468
  0
VERTEX
  8
Bild
 10
-45.8820261451508
 20
-52.5474367003549
 42
0.0404382086302
  0
VERTEX
  8
Bild
 10
-45.5487019137629
 20
-56.8723249742042
 42
-0.0016455978504
  0
VERTEX
  8
Bild
 10
-45.1627963751043
 20
-58.5344452642669
 42
-0.0568788193963
  0
VERTEX
  8
Bild
 10
-44.7178030633377
 20
-61.8789398918707
 42
-0.2209340925962
  0
VERTEX
  8
Bild
 10
-45.0853264652309
 20
-62.9758207802281
 42
0.0
  0
VERTEX
  8
Bild
 10
-45.5523827744236
 20
-63.4919121583699
 42
-0.0740390308983
  0
VERTEX
  8
Bild
 10
-42.8828874067467
 20
-69.6781909975347
 42
-0.0082744183582
  0
VERTEX
  8
Bild
 10
-41.9416885956537
 20
-73.9395196393309
 42
0.0318962648944
  0
VERTEX
  8
Bild
 10
-41.2244310838486
 20
-77.0211384151025
 42
0.0609344382127
  0
VERTEX
  8
Bild
 10
-40.7436280578014
 20
-77.8755388575993
 42
0.0205598612406
  0
VERTEX
  8
Bild
 10
-38.5281305209104
 20
-80.4710291790636
 42
-0.0629855289136
  0
VERTEX
  8
Bild
 10
-36.4462899371627
 20
-83.1776757797724
 42
-0.0698307750672
  0
VERTEX
  8
Bild
 10
-35.2073075891327
 20
-86.6847061103722
 42
0.0150254860081
  0
VERTEX
  8
Bild
 10
-34.3876668109563
 20
-90.9754953446458
 42
0.0638352416064
  0
VERTEX
  8
Bild
 10
-34.01851866154
 20
-92.2287102223682
 42
0.0714474748584
  0
VERTEX
  8
Bild
 10
-33.2879832397602
 20
-92.8877312088218
 42
0.026496927337
  0
VERTEX
  8
Bild
 10
-30.9209343731443
 20
-94.2463031018866
 42
-0.0609185482289
  0
VERTEX
  8
Bild
 10
-27.0592940704122
 20
-96.766507996324
 42
-0.0515672816269
  0
VERTEX
  8
Bild
 10
-24.637503509311
 20
-99.3781602479838
 42
0.0405327569273
  0
VERTEX
  8
Bild
 10
-23.2638495815524
 20
-101.056355278275
 42
0.2463173583515
  0
VERTEX
  8
Bild
 10
-22.5874501552985
 20
-101.458609425989
 42
0.1899824566865
  0
VERTEX
  8
Bild
 10
-21.9416078347196
 20
-101.110427366585
 42
0.0783034921029
  0
VERTEX
  8
Bild
 10
-20.9367479004381
 20
-99.1241354887225
 42
0.023339565096
  0
VERTEX
  8
Bild
 10
-20.0845284653735
 20
-95.7927505484196
 42
-0.0397897223151
  0
VERTEX
  8
Bild
 10
-19.5604863738516
 20
-93.6794883221865
 42
-0.1512339628195
  0
VERTEX
  8
Bild
 10
-19.1282177046212
 20
-92.8980171547837
 42
-0.146161811155
  0
VERTEX
  8
Bild
 10
-18.3122480662659
 20
-92.7419303366912
 42
-0.3365589461877
  0
VERTEX
  8
Bild
 10
-17.5444661362065
 20
-93.3584424470319
 42
-0.0528253530625
  0
VERTEX
  8
Bild
 10
-17.4376079801077
 20
-95.2179389225254
 42
0.0604934886188
  0
VERTEX
  8
Bild
 10
-17.2219665347949
 20
-102.480254593519
 42
0.0730739616237
  0
VERTEX
  8
Bild
 10
-16.2798157731577
 20
-105.984787130683
 42
0.0474393287309
  0
VERTEX
  8
Bild
 10
-15.5637988222027
 20
-107.170010694159
 42
-0.0288553258922
  0
VERTEX
  8
Bild
 10
-14.763603001171
 20
-108.913544982534
 42
0.0482481115436
  0
VERTEX
  8
Bild
 10
-13.2124615829174
 20
-111.302732436835
 42
0.0309460672702
  0
VERTEX
  8
Bild
 10
-7.5714071937802
 20
-117.430963858955
 42
0.0683600273508
  0
VERTEX
  8
Bild
 10
-6.3977329934681
 20
-118.430045520304
 42
0.4158873717064
  0
VERTEX
  8
Bild
 10
-6.1011151863452
 20
-118.402757488631
 42
0.0993017111035
  0
VERTEX
  8
Bild
 10
-5.6073312047789
 20
-117.187454189374
 42
0.0280711771599
  0
VERTEX
  8
Bild
 10
-5.184673149644
 20
-112.738600831668
 42
-0.0019918468851
  0
VERTEX
  8
Bild
 10
-4.81890938023
 20
-103.551359048847
 42
-0.0070783584651
  0
VERTEX
  8
Bild
 10
-4.458176518562
 20
-98.899526441415
 42
0.0095777701054
  0
VERTEX
  8
Bild
 10
-4.1629388932343
 20
-90.9970155444883
 42
-0.0339120393927
  0
VERTEX
  8
Bild
 10
-3.9422877786318
 20
-87.3400784521941
 42
-0.09277198027
  0
VERTEX
  8
Bild
 10
-3.7089132451906
 20
-86.3033424385726
 42
-0.4183039770654
  0
VERTEX
  8
Bild
 10
-3.3242761038577
 20
-86.1187081377612
 42
-0.0854962607955
  0
VERTEX
  8
Bild
 10
-1.9063957471317
 20
-86.6816317448672
 42
-0.1829917235895
  0
VERTEX
  8
Bild
 10
-1.2987916537614
 20
-87.5713002425747
 42
-0.0972248955254
  0
VERTEX
  8
Bild
 10
-1.1729676262337
 20
-88.820309653771
 42
0.0487051719575
  0
VERTEX
  8
Bild
 10
-1.2295064833594
 20
-89.9088561358357
 42
0.0323465135952
  0
VERTEX
  8
Bild
 10
-0.863483267833
 20
-94.8440086896696
 42
0.0520752371676
  0
VERTEX
  8
Bild
 10
1.0154201997051
 20
-101.805858259062
 42
-0.0004798850068
  0
VERTEX
  8
Bild
 10
2.6418012262531
 20
-105.702020316808
 42
-0.0380724579846
  0
VERTEX
  8
Bild
 10
3.7887101165684
 20
-108.889810248633
 42
0.087180373699
  0
VERTEX
  8
Bild
 10
4.6890628958602
 20
-110.929804501977
 42
0.178154401524
  0
VERTEX
  8
Bild
 10
5.3660212421987
 20
-111.557970489462
 42
0.158548864712
  0
VERTEX
  8
Bild
 10
5.9240126119044
 20
-111.458421633471
 42
0.0601792839096
  0
VERTEX
  8
Bild
 10
7.3305842472693
 20
-110.369512963517
 42
-0.0944284944242
  0
VERTEX
  8
Bild
 10
8.5269232668901
 20
-109.423737231204
 42
-0.1450642726245
  0
VERTEX
  8
Bild
 10
9.1244351633692
 20
-109.33891403273
 42
0.1313914630092
  0
VERTEX
  8
Bild
 10
9.6426970633442
 20
-108.906732547977
 42
-0.0357608032533
  0
VERTEX
  8
Bild
 10
11.0864765712658
 20
-106.642509875335
 42
0.0226177892973
  0
VERTEX
  8
Bild
 10
13.357642289461
 20
-103.032794559835
 42
0.0280632618616
  0
VERTEX
  8
Bild
 10
15.0605810085355
 20
-99.935708654748
 42
0.0938777394768
  0
VERTEX
  8
Bild
 10
15.2448645404579
 20
-99.5201351293367
 42
0.744519200869
  0
VERTEX
  8
Bild
 10
14.9939308557243
 20
-99.2086312448398
 42
0.0323702657628
  0
VERTEX
  8
Bild
 10
13.6011258006057
 20
-100.601647962459
 42
-0.0305172073032
  0
VERTEX
  8
Bild
 10
9.3026819675776
 20
-105.055941081271
 42
-0.0609454735733
  0
VERTEX
  8
Bild
 10
7.3461939846923
 20
-106.60881729983
 42
-0.1323117970216
  0
VERTEX
  8
Bild
 10
6.5247528260832
 20
-106.951840886731
 42
-0.5379153708079
  0
VERTEX
  8
Bild
 10
6.0352812305403
 20
-106.374005785884
 42
-0.1016983180882
  0
VERTEX
  8
Bild
 10
6.8605662461478
 20
-105.196883996987
 42
-0.0070211326694
  0
VERTEX
  8
Bild
 10
8.9281489214143
 20
-103.348519623559
 42
0.0480474633767
  0
VERTEX
  8
Bild
 10
10.228999732617
 20
-102.143841903127
 42
-0.0258406694182
  0
VERTEX
  8
Bild
 10
11.7662127532658
 20
-100.291563157758
 42
0.0048692582786
  0
VERTEX
  8
Bild
 10
13.8347963076994
 20
-97.8931462546204
 42
-0.1420877508713
  0
VERTEX
  8
Bild
 10
14.5346472001642
 20
-97.317793972649
 42
-0.3387290976829
  0
VERTEX
  8
Bild
 10
15.2402228623879
 20
-97.6166349166862
 42
0.1495209821212
  0
VERTEX
  8
Bild
 10
15.6602030531204
 20
-97.9539628211719
 42
0.6536808950635
  0
VERTEX
  8
Bild
 10
16.1274588798657
 20
-97.772252221882
 42
-0.0796265137788
  0
VERTEX
  8
Bild
 10
16.4968970983278
 20
-97.0504432671037
 42
0.0104878278347
  0
VERTEX
  8
Bild
 10
17.6259350302116
 20
-95.0596372749625
 42
0.1346692882706
  0
VERTEX
  8
Bild
 10
18.1974489480883
 20
-93.338343865026
 42
0.0694916743551
  0
VERTEX
  8
Bild
 10
17.9853609582756
 20
-92.0415073078797
 42
-0.0930491959949
  0
VERTEX
  8
Bild
 10
17.808390121633
 20
-90.9051412706676
 42
-0.428756387168
  0
VERTEX
  8
Bild
 10
18.124354221179
 20
-90.4190000889728
 42
-0.1255076547892
  0
VERTEX
  8
Bild
 10
18.9047638528194
 20
-90.7029649365922
 42
-0.1225587984822
  0
VERTEX
  8
Bild
 10
19.9787039820276
 20
-91.8144561186826
 42
-0.0325995604743
  0
VERTEX
  8
Bild
 10
22.2645964499987
 20
-95.9287186591607
 42
0.0509895580432
  0
VERTEX
  8
Bild
 10
24.2198734730527
 20
-99.6957367201086
 42
0.0845754733931
  0
VERTEX
  8
Bild
 10
24.7580451042211
 20
-100.376940041813
 42
0.5301815068578
  0
VERTEX
  8
Bild
 10
24.8837391076961
 20
-100.426598612704
 42
0.0220542782124
  0
VERTEX
  8
Bild
 10
25.6520461045218
 20
-97.9937284420429
 42
0.0254882075033
  0
VERTEX
  8
Bild
 10
26.5283465398427
 20
-94.1761213134115
 42
0.0346683929433
  0
VERTEX
  8
Bild
 10
26.8292039175672
 20
-90.6059439754578
 42
0.0
  0
VERTEX
  8
Bild
 10
26.8985770788701
 20
-87.5513787140178
 42
-0.0224351458941
  0
VERTEX
  8
Bild
 10
28.924696577039
 20
-83.6394088838506
 42
-0.0615555864064
  0
VERTEX
  8
Bild
 10
29.4598512840166
 20
-82.8164558094336
 42
0.0919076657807
  0
VERTEX
  8
Bild
 10
30.2845175167334
 20
-81.3904985433216
 42
-0.0660238446593
  0
VERTEX
  8
Bild
 10
31.701835296818
 20
-79.290853367713
 42
-0.0793688740789
  0
VERTEX
  8
Bild
 10
35.0606551483183
 20
-76.4440696635806
 42
-0.0877308019353
  0
VERTEX
  8
Bild
 10
36.3969018156527
 20
-75.8490443654898
 42
0.1477774396962
  0
VERTEX
  8
Bild
 10
37.3569854552671
 20
-75.108861848613
 42
0.0553184182237
  0
VERTEX
  8
Bild
 10
38.6253198005859
 20
-72.3052328129286
 42
0.0050422393512
  0
VERTEX
  8
Bild
 10
39.6758820026351
 20
-69.0962080401325
 42
-0.0952923236546
  0
VERTEX
  8
Bild
 10
38.8807982653021
 20
-68.7734406721075
 42
-0.260528218451
  0
VERTEX
  8
Bild
 10
38.6816637853624
 20
-68.398511288422
 42
-0.0249526811046
  0
VERTEX
  8
Bild
 10
39.1274334818717
 20
-58.5994123229778
 42
0.0242836667806
  0
VERTEX
  8
Bild
 10
39.7187999149398
 20
-48.7745392025213
 42
0.0270102506098
  0
VERTEX
  8
Bild
 10
39.4443236439414
 20
-43.5817199756094
 42
0.0006831049488
  0
VERTEX
  8
Bild
 10
38.8751903127448
 20
-37.0030229363516
 42
0.0289563991144
  0
VERTEX
  8
Bild
 10
38.1581008353708
 20
-33.6261514729795
 42
0.0485735506428
  0
VERTEX
  8
Bild
 10
37.1379513418147
 20
-30.7289269112802
 42
0.0078463093248
  0
VERTEX
  8
Bild
 10
35.3955683652409
 20
-27.1518853283404
 42
-0.0505829780209
  0
VERTEX
  8
Bild
 10
34.4267161354696
 20
-25.1488581679684
 42
-0.1596627214521
  0
VERTEX
  8
Bild
 10
34.3102385804292
 20
-24.3495079625091
 42
-0.2652739960983
  0
VERTEX
  8
Bild
 10
35.0099529201919
 20
-23.7217372777409
 42
-0.2638688155636
  0
VERTEX
  8
Bild
 10
35.597811658257
 20
-24.0703699374854
 42
-0.0459840805502
  0
VERTEX
  8
Bild
 10
36.1446979876807
 20
-25.3737798830371
 42
0.0825083162179
  0
VERTEX
  8
Bild
 10
37.3051765732159
 20
-27.8461060800606
 42
-0.0944347133575
  0
VERTEX
  8
Bild
 10
39.8923549744161
 20
-33.4221215742683
 42
-0.022039320269
  0
VERTEX
  8
Bild
 10
40.4556328295696
 20
-38.6783345309778
 42
-0.0041603450833
  0
VERTEX
  8
Bild
 10
41.1043565876428
 20
-45.208962133238
 42
-0.0372564568353
  0
VERTEX
  8
Bild
 10
41.0411753695116
 20
-55.4313559298256
 42
0.0238453846602
  0
VERTEX
  8
Bild
 10
40.6922973578579
 20
-65.5091938328097
 42
0.0616123621761
  0
VERTEX
  8
Bild
 10
40.7890718296521
 20
-67.0490065281909
 42
0.3018403263868
  0
VERTEX
  8
Bild
 10
40.8862907693369
 20
-67.2232861628407
 42
0.1622070260619
  0
VERTEX
  8
Bild
 10
41.1766027521341
 20
-66.8910416368017
 42
0.0889299007757
  0
VERTEX
  8
Bild
 10
41.8787497674707
 20
-65.0028725830365
 42
-0.1444664190716
  0
VERTEX
  8
Bild
 10
42.2531022687263
 20
-64.1573236547793
 42
-0.0792118137748
  0
VERTEX
  8
Bild
 10
45.6827483367058
 20
-60.918818098013
 42
0.0845650244087
  0
VERTEX
  8
Bild
 10
46.6091851721112
 20
-60.1528852830263
 42
0.1955414610648
  0
VERTEX
  8
Bild
 10
46.64853184747
 20
-59.8086739532553
 42
-0.007826575086
  0
VERTEX
  8
Bild
 10
45.7885869680002
 20
-55.5787130966819
 42
-0.0408196990634
  0
VERTEX
  8
Bild
 10
45.4490950969654
 20
-51.2620294741715
 42
-0.0323719728057
  0
VERTEX
  8
Bild
 10
45.9318882705445
 20
-41.8319468854485
 42
-0.0474535919373
  0
VERTEX
  8
Bild
 10
46.3200318295826
 20
-39.6084968931409
 42
0.0794853003485
  0
VERTEX
  8
Bild
 10
46.6526687162284
 20
-38.6047539018108
 42
-0.0885670006572
  0
VERTEX
  8
Bild
 10
46.9819877495815
 20
-37.0355362105012
 42
0.0392943031383
  0
VERTEX
  8
Bild
 10
47.3811282391314
 20
-35.6186336792782
 42
-0.0542285462646
  0
VERTEX
  8
Bild
 10
49.4853500692354
 20
-30.3966696992638
 42
0.0460150512143
  0
VERTEX
  8
Bild
 10
50.4532461149054
 20
-28.2988960366034
 42
0.3092067817562
  0
VERTEX
  8
Bild
 10
50.4714063113879
 20
-28.0655210717897
 42
-0.0548390294621
  0
VERTEX
  8
Bild
 10
50.8704978764772
 20
-26.978297892446
 42
-0.0603960290531
  0
VERTEX
  8
Bild
 10
52.5592759621456
 20
-24.2082373499094
 42
0.1046723594714
  0
VERTEX
  8
Bild
 10
53.2815543578188
 20
-23.0373644513434
 42
-0.1770027551091
  0
VERTEX
  8
Bild
 10
53.9510580778681
 20
-21.8420170420631
 42
0.2049529384967
  0
VERTEX
  8
Bild
 10
54.7569433954807
 20
-19.754022837447
 42
0.1024433823406
  0
VERTEX
  8
Bild
 10
53.612237730638
 20
-15.2252921447555
 42
-0.0456018198728
  0
VERTEX
  8
Bild
 10
52.6480034613992
 20
-11.8552348328664
 42
-0.0029526273214
  0
VERTEX
  8
Bild
 10
51.4013908731891
 20
-5.7691704857333
 42
-0.0501476039837
  0
VERTEX
  8
Bild
 10
50.9278222454012
 20
-1.2850830925545
 42
0.0465892869621
  0
VERTEX
  8
Bild
 10
50.3980966732225
 20
2.4603590531078
 42
-0.0734250231298
  0
VERTEX
  8
Bild
 10
50.204189227418
 20
3.8130554498035
 42
-0.0438920721605
  0
VERTEX
  8
Bild
 10
50.4881219851503
 20
4.9877204287062
 42
0.0232382803045
  0
VERTEX
  8
Bild
 10
51.3860785365317
 20
8.8126463661585
 42
0.0121266984025
  0
VERTEX
  8
Bild
 10
48.3528377815174
 20
18.4853261023348
 42
-0.0248343259538
  0
VERTEX
  8
Bild
 10
47.2310077035628
 20
21.8210717055865
 42
0.0038566508603
  0
VERTEX
  8
Bild
 10
45.1590318101389
 20
28.6094883757915
 42
-0.0265815233613
  0
VERTEX
  8
Bild
 10
43.579752602275
 20
34.954731021894
 42
-0.0158973262123
  0
VERTEX
  8
Bild
 10
43.4773935150332
 20
35.6863111983755
 42
0.1798318112056
  0
VERTEX
  8
Bild
 10
42.8752087792854
 20
36.4056943384574
 42
-0.3778702894137
  0
VERTEX
  8
Bild
 10
42.5273735791495
 20
37.2840677640954
 42
-0.0531869127304
  0
VERTEX
  8
Bild
 10
43.4804324622051
 20
38.9763030937773
 42
0.0323194119867
  0
VERTEX
  8
Bild
 10
45.7515280860904
 20
42.4888252879929
 42
-0.0396533224019
  0
VERTEX
  8
Bild
 10
47.5137417566446
 20
45.2929452341724
 42
0.0556619483842
  0
VERTEX
  8
Bild
 10
48.8723236303936
 20
47.4374892098074
 42
0.1433787904828
  0
VERTEX
  8
Bild
 10
49.1416425097726
 20
48.1332296482033
 42
0.1804320098968
  0
VERTEX
  8
Bild
 10
47.5257292334983
 20
48.1781161280998
 42
0.0719380202132
  0
VERTEX
  8
Bild
 10
45.6623674017969
 20
48.1121727234118
 42
-0.0442265796636
  0
VERTEX
  8
Bild
 10
43.3261145474785
 20
47.5859252534126
 42
-0.1484650660721
  0
VERTEX
  8
Bild
 10
42.6042558553593
 20
47.6147102635095
 42
-0.3683267417883
  0
VERTEX
  8
Bild
 10
42.4438239528995
 20
48.0159827702588
 42
-0.1803457149291
  0
VERTEX
  8
Bild
 10
42.9320681358897
 20
48.5224030486471
 42
-0.045871275746
  0
VERTEX
  8
Bild
 10
45.2411576857946
 20
49.6337269684773
 42
0.0448975010127
  0
VERTEX
  8
Bild
 10
49.2536708551366
 20
50.016260009971
 42
0.1833409035363
  0
VERTEX
  8
Bild
 10
50.6530167522284
 20
51.0081515658677
 42
0.0872413154568
  0
VERTEX
  8
Bild
 10
51.900385167464
 20
53.6187637932763
 42
0.1722545744116
  0
VERTEX
  8
Bild
 10
51.9600663418944
 20
54.2104058664994
 42
0.4011991285519
  0
VERTEX
  8
Bild
 10
51.641526549894
 20
54.3266677069057
 42
-0.0357240451582
  0
VERTEX
  8
Bild
 10
48.1515346369513
 20
53.1262644647994
 42
-0.124469714354
  0
VERTEX
  8
Bild
 10
47.4357880427621
 20
52.9946996266513
 42
-0.521880689642
  0
VERTEX
  8
Bild
 10
47.4118314948658
 20
53.3978681698285
 42
-0.0647439818192
  0
VERTEX
  8
Bild
 10
47.9945932232922
 20
54.9484978896937
 42
0.0323310517252
  0
VERTEX
  8
Bild
 10
51.4523959913125
 20
56.293198966146
 42
0.1247837725177
  0
VERTEX
  8
Bild
 10
53.3256618564844
 20
57.3576080072052
 42
0.1047524910688
  0
VERTEX
  8
Bild
 10
54.2939024828121
 20
59.8931026810307
 42
0.070238854509
  0
VERTEX
  8
Bild
 10
54.3642904884126
 20
60.7461438890647
 42
0.3777388709998
  0
VERTEX
  8
Bild
 10
54.0735512363706
 20
61.0518048867104
 42
-0.1063137411938
  0
VERTEX
  8
Bild
 10
53.4807179898475
 20
61.1164851644283
 42
-0.4957105401191
  0
VERTEX
  8
Bild
 10
53.3878318323647
 20
61.4098751328971
 42
-0.0736090594989
  0
VERTEX
  8
Bild
 10
54.2350981173138
 20
62.1138433419776
 42
0.1181106510255
  0
VERTEX
  8
Bild
 10
55.2242548570192
 20
62.9939690351323
 42
0.0473465699136
  0
VERTEX
  8
Bild
 10
55.5719535550069
 20
64.4436867433094
 42
0.0129007208043
  0
VERTEX
  8
Bild
 10
56.2858373944211
 20
69.609594221034
 42
-0.0510789235886
  0
VERTEX
  8
Bild
 10
56.7114133325992
 20
72.0603792851904
 42
0.0293205584952
  0
VERTEX
  8
Bild
 10
56.9149420309441
 20
72.572766984653
 42
0.1994889905518
  0
VERTEX
  8
Bild
 10
56.7185391306258
 20
73.1706549380775
 42
0.0186392218413
  0
VERTEX
  8
Bild
 10
56.0023606756911
 20
73.9003482283923
 42
-0.080185927496
  0
VERTEX
  8
Bild
 10
53.5067766234919
 20
72.4189081833439
 42
0.0791785314038
  0
VERTEX
  8
Bild
 10
52.682487853279
 20
72.1112560304752
 42
0.1611339752308
  0
VERTEX
  8
Bild
 10
51.9437182514201
 20
71.0114677276884
 42
0.0284160373607
  0
VERTEX
  8
Bild
 10
51.4367366615096
 20
68.1255360819164
 42
-0.0474100284829
  0
VERTEX
  8
Bild
 10
50.9981858662977
 20
64.5706751997873
 42
-0.1764181715172
  0
VERTEX
  8
Bild
 10
50.9981858662977
 20
64.5706751997873
 42
-0.1705217748872
  0
SEQEND
  0
POLYLINE
  8
Bild
 66
     1
 10
0.0
 20
0.0
 30
0.0
 70
     1
  0
VERTEX
  8
Bild
 10
27.5352892549706
 20
-15.0028347971241
 42
0.1292651137225
  0
VERTEX
  8
Bild
 10
27.195317412554
 20
-15.5561825725763
 42
0.529387236277
  0
VERTEX
  8
Bild
 10
27.3360784770506
 20
-15.7221264810317
 42
0.0565990139963
  0
VERTEX
  8
Bild
 10
34.8419156060833
 20
-15.0229710225562
 42
-0.0319021886576
  0
VERTEX
  8
Bild
 10
38.6624610472604
 20
-14.4012917083801
 42
-0.0530747129981
  0
VERTEX
  8
Bild
 10
41.07370780965
 20
-14.586286399841
 42
-0.0613122721565
  0
VERTEX
  8
Bild
 10
44.8479061424095
 20
-15.6287333265052
 42
-0.0222276631878
  0
VERTEX
  8
Bild
 10
46.1693955629882
 20
-16.4179598834442
 42
-0.0185150462183
  0
VERTEX
  8
Bild
 10
48.4727254288021
 20
-17.9123439595579
 42
-0.1079943818758
  0
VERTEX
  8
Bild
 10
49.3076393830483
 20
-18.6720456493401
 42
-0.2226682256184
  0
VERTEX
  8
Bild
 10
49.4071378566885
 20
-19.6122799873214
 42
-0.161501562746
  0
VERTEX
  8
Bild
 10
49.019751421649
 20
-20.3000821229029
 42
-0.2387406024912
  0
VERTEX
  8
Bild
 10
48.2329151566996
 20
-20.3901758434926
 42
-0.0718790567975
  0
VERTEX
  8
Bild
 10
46.8720791791875
 20
-19.4618413551875
 42
0.1347177588936
  0
VERTEX
  8
Bild
 10
41.2189416632241
 20
-16.560843203912
 42
0.0779928435991
  0
VERTEX
  8
Bild
 10
37.9541842376352
 20
-16.4476695522359
 42
0.0127518593691
  0
VERTEX
  8
Bild
 10
34.3301563983254
 20
-17.0747968806892
 42
-0.0432143338963
  0
VERTEX
  8
Bild
 10
28.1933702243267
 20
-17.5377964680363
 42
-0.0450818908198
  0
VERTEX
  8
Bild
 10
23.3645013637713
 20
-17.2087370563149
 42
-0.0753515488913
  0
VERTEX
  8
Bild
 10
20.823062340644
 20
-16.406583976345
 42
-0.0718309706641
  0
VERTEX
  8
Bild
 10
14.377473015487
 20
-11.9380292607976
 42
-0.0687286375606
  0
VERTEX
  8
Bild
 10
13.1882229927864
 20
-10.598636017173
 42
-0.3340377198937
  0
VERTEX
  8
Bild
 10
13.1851717143588
 20
-9.2195602787803
 42
-0.232086703782
  0
VERTEX
  8
Bild
 10
14.7908874696656
 20
-8.5008165297311
 42
-0.2055388129084
  0
VERTEX
  8
Bild
 10
16.3878950424225
 20
-9.1835692368362
 42
0.0579316065626
  0
VERTEX
  8
Bild
 10
18.733539337255
 20
-10.891139651833
 42
0.081321988953
  0
VERTEX
  8
Bild
 10
25.2306780096784
 20
-13.3529394397311
 42
0.0011778057061
  0
VERTEX
  8
Bild
 10
27.0956026170352
 20
-13.5888268773988
 42
-0.1448280072972
  0
VERTEX
  8
Bild
 10
27.905609714659
 20
-13.8206105964408
 42
-0.3481590269781
  0
VERTEX
  8
Bild
 10
28.0019094220326
 20
-14.2921160395235
 42
-0.0275557679637
  0
SEQEND
  0
POLYLINE
  8
Bild
 66
     1
 10
0.0
 20
0.0
 30
0.0
 70
     1
  0
VERTEX
  8
Bild
 10
-1.8044581802248
 20
-72.6105703700178
 42
-0.0426154077206
  0
VERTEX
  8
Bild
 10
-2.1331692445113
 20
-69.7552158864978
 42
0.0
  0
VERTEX
  8
Bild
 10
-4.1306477462841
 20
-69.5857432935057
 42
0.0267358822647
  0
VERTEX
  8
Bild
 10
-3.8697593822896
 20
-72.2259725508827
 42
0.1270548183025
  0
VERTEX
  8
Bild
 10
-3.6260642514072
 20
-73.0207840652855
 42
0.2045535430967
  0
VERTEX
  8
Bild
 10
-2.7939254009253
 20
-73.3375712668435
 42
0.0069963010084
  0
VERTEX
  8
Bild
 10
-1.6054227077894
 20
-73.3410098890578
 42
-0.0024461630097
  0
SEQEND
  0
POLYLINE
  8
Bild
 66
     1
 10
0.0
 20
0.0
 30
0.0
 70
     1
  0
VERTEX
  8
Bild
 10
-6.57204488943
 20
-99.3765597089297
 42
0.0
  0
VERTEX
  8
Bild
 10
-6.0864540094596
 20
-99.9131299550417
 42
0.0687326660172
  0
VERTEX
  8
Bild
 10
-7.3126876287696
 20
-101.816101023347
 42
0.0705180598761
  0
VERTEX
  8
Bild
 10
-7.957627547306
 20
-104.37237553093
 42
0.0174084574742
  0
VERTEX
  8
Bild
 10
-8.0694357654933
 20
-108.44378235458
 42
-0.0488443210965
  0
VERTEX
  8
Bild
 10
-8.1845100397132
 20
-110.745710220365
 42
-0.198018689861
  0
VERTEX
  8
Bild
 10
-8.535254036368
 20
-111.237175070293
 42
-0.1122751736184
  0
VERTEX
  8
Bild
 10
-9.726123247578
 20
-111.837438428481
 42
-0.5799771349998
  0
VERTEX
  8
Bild
 10
-9.962873877004
 20
-111.693586464183
 42
-0.0375394297402
  0
VERTEX
  8
Bild
 10
-10.0611378036616
 20
-109.367880591108
 42
-0.0278452559205
  0
VERTEX
  8
Bild
 10
-9.8473147621136
 20
-104.908472173776
 42
-0.0223920814757
  0
VERTEX
  8
Bild
 10
-9.6857640572289
 20
-104.12656907521
 42
0.7701277042377
  0
VERTEX
  8
Bild
 10
-9.8815512612363
 20
-103.935033315546
 42
0.0466657604975
  0
VERTEX
  8
Bild
 10
-11.1675534413729
 20
-104.966843930288
 42
-0.0576307453537
  0
VERTEX
  8
Bild
 10
-12.3405543427519
 20
-105.978868303543
 42
-0.2961116308838
  0
VERTEX
  8
Bild
 10
-13.8912350408947
 20
-106.042474346397
 42
-0.3440864842541
  0
VERTEX
  8
Bild
 10
-14.0503834327608
 20
-105.354354893563
 42
-0.0810721264625
  0
VERTEX
  8
Bild
 10
-13.0685640391169
 20
-104.174670995657
 42
0.0376190567741
  0
VERTEX
  8
Bild
 10
-9.5750983431078
 20
-100.682125752004
 42
-0.0670693202478
  0
VERTEX
  8
Bild
 10
-7.8220351883606
 20
-98.9806977692289
 42
-0.2964944432873
  0
VERTEX
  8
Bild
 10
-7.2753174379929
 20
-98.8935145643262
 42
-0.0632435577526
  0
SEQEND
  0
POLYLINE
  8
Bild
 66
     1
 10
0.0
 20
0.0
 30
0.0
 70
     1
  0
VERTEX
  8
Bild
 10
-6.10355691878
 20
-69.7406814681407
 42
-0.0326358946992
  0
VERTEX
  8
Bild
 10
-7.3735684190559
 20
-69.900857593206
 42
0.338299179938
  0
VERTEX
  8
Bild
 10
-7.7397518568141
 20
-70.2855901707734
 42
0.0859547116426
  0
VERTEX
  8
Bild
 10
-7.5768976514516
 20
-73.0243183725181
 42
0.184327563689
  0
VERTEX
  8
Bild
 10
-7.263556145852
 20
-73.6961078742082
 42
0.2654588834034
  0
VERTEX
  8
Bild
 10
-6.9324650845865
 20
-73.7373757799371
 42
0.0213396404493
  0
VERTEX
  8
Bild
 10
-5.5338184773963
 20
-73.3716220994065
 42
0.4290876884155
  0
VERTEX
  8
Bild
 10
-5.1947926872022
 20
-72.7538964708399
 42
0.0038056847929
  0
VERTEX
  8
Bild
 10
-5.6161206884078
 20
-70.3849726465413
 42
0.1226860931727
  0
VERTEX
  8
Bild
 10
-5.8034309325132
 20
-69.8237288794939
 42
0.2880114955675
  0
SEQEND
  0
POLYLINE
  8
Bild
 66
     1
 10
0.0
 20
0.0
 30
0.0
 70
     1
  0
VERTEX
  8
Bild
 10
-30.1018538850615
 20
-78.8411467722474
 42
-0.2271896964943
  0
VERTEX
  8
Bild
 10
-30.6982514385356
 20
-79.1194656305353
 42
-0.0396149975122
  0
VERTEX
  8
Bild
 10
-32.328404751365
 20
-78.5230680770612
 42
-0.0338724018796
  0
VERTEX
  8
Bild
 10
-34.7537548021598
 20
-73.2747696064887
 42
0.005593715374
  0
VERTEX
  8
Bild
 10
-35.9465499091081
 20
-69.8156637963386
 42
0.0266111436667
  0
VERTEX
  8
Bild
 10
-36.9803056684633
 20
-66.6746366813748
 42
-0.0509529435111
  0
VERTEX
  8
Bild
 10
-39.4098680118963
 20
-57.8710317954979
 42
-0.0642345299812
  0
VERTEX
  8
Bild
 10
-39.7587918550842
 20
-54.6795816290818
 42
0.0031976953375
  0
VERTEX
  8
Bild
 10
-39.5350262067333
 20
-49.385853351015
 42
-0.0485457575295
  0
VERTEX
  8
Bild
 10
-39.3205742771826
 20
-46.9809286550618
 42
-0.0626434619135
  0
VERTEX
  8
Bild
 10
-38.9393324106224
 20
-45.8830099379997
 42
0.1005480847847
  0
VERTEX
  8
Bild
 10
-38.5869618491967
 20
-44.8543490826699
 42
-0.038106249753
  0
VERTEX
  8
Bild
 10
-38.150322127644
 20
-43.3589766819788
 42
-0.0320293206387
  0
VERTEX
  8
Bild
 10
-36.6158995648595
 20
-39.4737309790463
 42
0.0333001967761
  0
VERTEX
  8
Bild
 10
-35.5345827324182
 20
-37.0846483076178
 42
-0.0497270313312
  0
VERTEX
  8
Bild
 10
-34.4458989586948
 20
-34.6748372633071
 42
-0.1085104498685
  0
VERTEX
  8
Bild
 10
-32.7503594397055
 20
-32.9873945928892
 42
0.042825017888
  0
VERTEX
  8
Bild
 10
-30.572352506932
 20
-31.4636855944965
 42
-0.0531499828262
  0
VERTEX
  8
Bild
 10
-29.2300956772393
 20
-30.4834174090983
 42
-0.0635901808801
  0
VERTEX
  8
Bild
 10
-26.4020564009256
 20
-29.1562404096324
 42
-0.0487568732664
  0
VERTEX
  8
Bild
 10
-24.2206350288105
 20
-28.8014083826864
 42
0.0
  0
VERTEX
  8
Bild
 10
-22.1153197487342
 20
-28.6390595671127
 42
-0.0722509349375
  0
VERTEX
  8
Bild
 10
-21.4025755401323
 20
-22.2331110845373
 42
-0.1295188298062
  0
VERTEX
  8
Bild
 10
-20.1718497794513
 20
-19.7537022035475
 42
-0.1827370021847
  0
VERTEX
  8
Bild
 10
-17.359616207227
 20
-18.3933162827821
 42
0.0209359086154
  0
VERTEX
  8
Bild
 10
-15.9931900897792
 20
-18.3303137611718
 42
0.3803610317708
  0
VERTEX
  8
Bild
 10
-15.4921542944215
 20
-18.0376636898691
 42
-0.1178874080544
  0
VERTEX
  8
Bild
 10
-15.0579710297499
 20
-16.8897734069581
 42
0.0535856553489
  0
VERTEX
  8
Bild
 10
-13.7620385651046
 20
-14.8673807747105
 42
0.1162048428356
  0
VERTEX
  8
Bild
 10
-13.113367179223
 20
-11.5229837424056
 42
-0.0720201836587
  0
VERTEX
  8
Bild
 10
-12.4222576913925
 20
-5.6950530018488
 42
-0.2067363934088
  0
VERTEX
  8
Bild
 10
-10.1262398797298
 20
-2.5209594505114
 42
-0.0258198614116
  0
VERTEX
  8
Bild
 10
-7.3766911607262
 20
-1.2593092493515
 42
-0.0473406152075
  0
VERTEX
  8
Bild
 10
-5.7148142944093
 20
-0.6521692063261
 42
-0.0987271277773
  0
VERTEX
  8
Bild
 10
-3.5410856231046
 20
-0.7885405579577
 42
-0.0615447857944
  0
VERTEX
  8
Bild
 10
-0.2731961828419
 20
-2.27824454893
 42
-0.0554633709279
  0
VERTEX
  8
Bild
 10
3.1184097021413
 20
-4.8251368921622
 42
-0.0786336524621
  0
VERTEX
  8
Bild
 10
5.3302609361794
 20
-7.8817780469533
 42
-0.0189271985921
  0
VERTEX
  8
Bild
 10
7.2615207017901
 20
-12.544524183156
 42
0.0479973267196
  0
VERTEX
  8
Bild
 10
8.7230921603477
 20
-15.876468749076
 42
0.0472578516309
  0
VERTEX
  8
Bild
 10
9.8983435939202
 20
-17.4109622404663
 42
-0.040278295955
  0
VERTEX
  8
Bild
 10
10.4151159376166
 20
-18.2206881270618
 42
0.1182216668688
  0
VERTEX
  8
Bild
 10
11.3387234778686
 20
-18.6379952148576
 42
-0.0907430233753
  0
VERTEX
  8
Bild
 10
13.4568051553603
 20
-19.1695986869166
 42
-0.0569158078078
  0
VERTEX
  8
Bild
 10
15.6306569348087
 20
-20.7239889062816
 42
-0.1245423576786
  0
VERTEX
  8
Bild
 10
17.2972041838307
 20
-23.2420512184911
 42
-0.0506667653489
  0
VERTEX
  8
Bild
 10
18.0149491832957
 20
-26.3736281390241
 42
0.0700117134294
  0
VERTEX
  8
Bild
 10
18.3131006306754
 20
-27.9353461719398
 42
0.3402177250205
  0
VERTEX
  8
Bild
 10
19.0613594611267
 20
-28.4521812644178
 42
-0.0631426498524
  0
VERTEX
  8
Bild
 10
20.4410641528636
 20
-29.0196973580777
 42
0.0540401100005
  0
VERTEX
  8
Bild
 10
22.1715118779452
 20
-29.9567735545284
 42
-0.052541175603
  0
VERTEX
  8
Bild
 10
24.2541453488375
 20
-30.7000075090064
 42
-0.1020826693421
  0
VERTEX
  8
Bild
 10
29.4985564030819
 20
-34.3886823543728
 42
-0.1021024004665
  0
VERTEX
  8
Bild
 10
33.0426935092373
 20
-39.9017060461787
 42
-0.044359674191
  0
VERTEX
  8
Bild
 10
33.7275700433264
 20
-42.6409495520686
 42
0.0204906002515
  0
VERTEX
  8
Bild
 10
34.7184416385478
 20
-46.750569766385
 42
-0.053540167928
  0
VERTEX
  8
Bild
 10
35.6499406808512
 20
-51.1751783339835
 42
-0.0506117529028
  0
VERTEX
  8
Bild
 10
35.45154057954
 20
-55.6324900152756
 42
-0.0211340197259
  0
VERTEX
  8
Bild
 10
34.290800164782
 20
-62.2746527679086
 42
-0.0515160793274
  0
VERTEX
  8
Bild
 10
31.2344024074808
 20
-71.2181539861053
 42
-0.0019726867294
  0
VERTEX
  8
Bild
 10
29.1409873770841
 20
-75.5066099146204
 42
0.0349412983115
  0
VERTEX
  8
Bild
 10
27.6548251310963
 20
-78.9804982167275
 42
-0.0661501071775
  0
VERTEX
  8
Bild
 10
27.0965680304172
 20
-80.5690483830432
 42
-0.2141260878403
  0
VERTEX
  8
Bild
 10
26.101895454023
 20
-81.242955108064
 42
-0.2280419180667
  0
VERTEX
  8
Bild
 10
25.1708920778693
 20
-81.1168265628702
 42
-0.3523895508012
  0
VERTEX
  8
Bild
 10
24.9682164793001
 20
-80.278359522674
 42
-0.0148958132723
  0
VERTEX
  8
Bild
 10
27.5929426396578
 20
-74.6609811921124
 42
0.0260859255339
  0
VERTEX
  8
Bild
 10
31.1882968708668
 20
-66.7876905827209
 42
0.0417608500841
  0
VERTEX
  8
Bild
 10
32.2523154871125
 20
-63.6240374348396
 42
-0.0421906821413
  0
VERTEX
  8
Bild
 10
32.6792467311392
 20
-61.7991622981963
 42
0.0424080460876
  0
VERTEX
  8
Bild
 10
33.0528051009447
 20
-60.3672559097611
 42
0.0287939026631
  0
VERTEX
  8
Bild
 10
33.7701567460677
 20
-54.8325986688524
 42
0.0627082508052
  0
VERTEX
  8
Bild
 10
33.7387417868856
 20
-53.7422245040729
 42
-0.0145857973391
  0
VERTEX
  8
Bild
 10
33.5281008049844
 20
-50.0462224639808
 42
0.0757160523696
  0
VERTEX
  8
Bild
 10
32.6578188331188
 20
-44.8429290336917
 42
0.0204940395749
  0
VERTEX
  8
Bild
 10
31.7941363342617
 20
-42.8366860980087
 42
0.0608713213959
  0
VERTEX
  8
Bild
 10
29.0665664986604
 20
-37.8436567406012
 42
0.0444048598239
  0
VERTEX
  8
Bild
 10
25.8103050795531
 20
-33.8682472062916
 42
0.1098194563698
  0
VERTEX
  8
Bild
 10
24.9060408732361
 20
-33.1189051670879
 42
-0.0209783547417
  0
VERTEX
  8
Bild
 10
22.5627132256023
 20
-32.0739148411423
 42
0.106382312127
  0
VERTEX
  8
Bild
 10
20.3311929993942
 20
-31.3877964975787
 42
0.1683037227209
  0
VERTEX
  8
Bild
 10
17.6809352450001
 20
-32.1332598671961
 42
-0.0378470118645
  0
VERTEX
  8
Bild
 10
16.386625007326
 20
-33.1302096926087
 42
-0.1215530676477
  0
VERTEX
  8
Bild
 10
14.8913574026206
 20
-33.4977954118328
 42
-0.1348728152793
  0
VERTEX
  8
Bild
 10
13.1091573591421
 20
-33.1949761222025
 42
-0.0508525916995
  0
VERTEX
  8
Bild
 10
12.095511035155
 20
-32.4507267181095
 42
0.006378614015
  0
VERTEX
  8
Bild
 10
8.2975256803858
 20
-35.4474438257852
 42
0.0645474653937
  0
VERTEX
  8
Bild
 10
7.1187120496866
 20
-36.9657522272364
 42
0.0207204598824
  0
VERTEX
  8
Bild
 10
4.44579060159
 20
-42.5438656201805
 42
-0.0590893927119
  0
VERTEX
  8
Bild
 10
2.0861428466873
 20
-46.8438894397822
 42
0.0510987529754
  0
VERTEX
  8
Bild
 10
0.0695204718596
 20
-49.7612294014816
 42
-0.0640354010862
  0
VERTEX
  8
Bild
 10
-0.7468982575661
 20
-51.2762805498412
 42
-0.1239294613371
  0
VERTEX
  8
Bild
 10
-1.4146314625268
 20
-51.7329656905825
 42
-0.0583542880774
  0
VERTEX
  8
Bild
 10
-4.1475738300928
 20
-52.5901487715373
 42
-0.2162542638954
  0
VERTEX
  8
Bild
 10
-4.7475818429917
 20
-52.5071856414029
 42
-0.1001776644892
  0
VERTEX
  8
Bild
 10
-7.2618979008596
 20
-50.0309611239573
 42
-0.1356551102722
  0
VERTEX
  8
Bild
 10
-7.5610931757659
 20
-49.1432872550044
 42
0.185373447409
  0
VERTEX
  8
Bild
 10
-7.8124525964698
 20
-48.833214382623
 42
-0.066548601917
  0
VERTEX
  8
Bild
 10
-8.4052541837299
 20
-47.4436087594578
 42
0.0257496598933
  0
VERTEX
  8
Bild
 10
-9.9656537632138
 20
-42.422925640173
 42
0.0403122492311
  0
VERTEX
  8
Bild
 10
-13.2740426537723
 20
-35.7341934553843
 42
0.0811375255679
  0
VERTEX
  8
Bild
 10
-14.769788138354
 20
-33.7379614976528
 42
0.2255485587715
  0
VERTEX
  8
Bild
 10
-16.1176115180602
 20
-33.3173148595135
 42
-0.0043711038207
  0
VERTEX
  8
Bild
 10
-17.5579931555935
 20
-33.5981793040831
 42
-0.1172215357742
  0
VERTEX
  8
Bild
 10
-19.7006787852485
 20
-33.4207802986566
 42
-0.1526409880267
  0
VERTEX
  8
Bild
 10
-20.8918617765784
 20
-32.8231457115159
 42
-0.057365624823
  0
VERTEX
  8
Bild
 10
-21.444545185753
 20
-31.8294467369386
 42
0.175114851106
  0
VERTEX
  8
Bild
 10
-22.0110498355002
 20
-30.9709039034856
 42
0.155875947572
  0
VERTEX
  8
Bild
 10
-22.7841696376875
 20
-30.8684035537582
 42
0.0876989916768
  0
VERTEX
  8
Bild
 10
-26.9407571622494
 20
-32.4204015015831
 42
-0.0767622496663
  0
VERTEX
  8
Bild
 10
-28.6865666563704
 20
-33.3376746694987
 42
0.0902052100776
  0
VERTEX
  8
Bild
 10
-29.833477228138
 20
-33.9508168976477
 42
0.0975214331131
  0
VERTEX
  8
Bild
 10
-32.1914268968883
 20
-36.3901729765505
 42
0.0254776452484
  0
VERTEX
  8
Bild
 10
-33.6421745202628
 20
-39.3668776968734
 42
0.0150677758194
  0
VERTEX
  8
Bild
 10
-35.9497661071027
 20
-45.0222328328448
 42
0.0434333314351
  0
VERTEX
  8
Bild
 10
-36.6629226932013
 20
-48.1450004574686
 42
0.0443371844027
  0
VERTEX
  8
Bild
 10
-37.0232302316893
 20
-57.1424800732856
 42
0.0972193418558
  0
VERTEX
  8
Bild
 10
-35.89883141763
 20
-62.0992690857115
 42
-0.0270760093005
  0
VERTEX
  8
Bild
 10
-35.2308728449391
 20
-65.2830423899351
 42
0.0139584841741
  0
VERTEX
  8
Bild
 10
-33.6404793690081
 20
-69.9349433070334
 42
0.0587676809345
  0
VERTEX
  8
Bild
 10
-32.4476842620598
 20
-73.1952499326921
 42
0.0238373405655
  0
VERTEX
  8
Bild
 10
-30.7777711123322
 20
-76.8133950904353
 42
-0.0780719063181
  0
VERTEX
  8
Bild
 10
-30.1018538850615
 20
-78.8411467722474
 42
-0.2134734123349
  0
SEQEND
  0
POLYLINE
  8
Bild
 66
     1
 10
0.0
 20
0.0
 30
0.0
 70
     1
  0
VERTEX
  8
Bild
 10
17.1157385403112
 20
-89.252190869505
 42
-0.2274808717013
  0
VERTEX
  8
Bild
 10
16.7423676330321
 20
-89.1686431965029
 42
-0.0313298356647
  0
VERTEX
  8
Bild
 10
13.7976077638592
 20
-86.6181426230552
 42
0.0392166299982
  0
VERTEX
  8
Bild
 10
11.3407697333212
 20
-84.4351413676514
 42
0.1079657118949
  0
VERTEX
  8
Bild
 10
10.5881662788772
 20
-83.9807690128066
 42
-0.0443960301117
  0
VERTEX
  8
Bild
 10
8.0518801982045
 20
-83.3354943016153
 42
0.0355262900145
  0
VERTEX
  8
Bild
 10
2.6536676227948
 20
-81.7519733294827
 42
0.077741238288
  0
VERTEX
  8
Bild
 10
-7.5146055556711
 20
-81.1875376284764
 42
0.0752824439805
  0
VERTEX
  8
Bild
 10
-11.7886084097025
 20
-82.2660073036602
 42
0.0609096247347
  0
VERTEX
  8
Bild
 10
-17.9002803611596
 20
-85.5494421282829
 42
-0.001710651601
  0
VERTEX
  8
Bild
 10
-19.8676735230321
 20
-87.1090513930401
 42
-0.0525839042809
  0
VERTEX
  8
Bild
 10
-21.9929936520709
 20
-88.5817564408984
 42
-0.1451613522028
  0
VERTEX
  8
Bild
 10
-22.4195013258995
 20
-88.7456499837919
 42
-0.0619674337259
  0
VERTEX
  8
Bild
 10
-23.0936982544749
 20
-87.7663951924581
 42
0.0629753252556
  0
VERTEX
  8
Bild
 10
-24.4876551340548
 20
-85.5328183565413
 42
-0.0806309593013
  0
VERTEX
  8
Bild
 10
-25.2344374906091
 20
-84.6231711610291
 42
0.0803572482224
  0
VERTEX
  8
Bild
 10
-25.9343337932206
 20
-83.350230586894
 42
-0.0124987601537
  0
VERTEX
  8
Bild
 10
-28.755507438641
 20
-78.6368768389808
 42
-0.0110836164204
  0
VERTEX
  8
Bild
 10
-30.9931663527139
 20
-73.4013590090105
 42
0.0265049027857
  0
VERTEX
  8
Bild
 10
-31.887340372955
 20
-70.5760055843301
 42
-0.0407108103866
  0
VERTEX
  8
Bild
 10
-34.5271605477583
 20
-61.7233454334332
 42
-0.0572431069414
  0
VERTEX
  8
Bild
 10
-34.5118539301076
 20
-57.9761731668686
 42
-0.1597038452912
  0
VERTEX
  8
Bild
 10
-32.6018431802163
 20
-53.954148586084
 42
-0.0843708075542
  0
VERTEX
  8
Bild
 10
-28.8800623158046
 20
-51.0286140719605
 42
-0.0288099396989
  0
VERTEX
  8
Bild
 10
-26.3506922875046
 20
-49.9633940156434
 42
-0.015608673577
  0
VERTEX
  8
Bild
 10
-22.8543364814913
 20
-50.3898570822322
 42
-0.0864678393213
  0
VERTEX
  8
Bild
 10
-18.5760405649761
 20
-52.0182029457277
 42
0.0035822211204
  0
VERTEX
  8
Bild
 10
-16.0882464753066
 20
-53.5833453235679
 42
0.0545011103678
  0
VERTEX
  8
Bild
 10
-11.100634444149
 20
-55.8209691365971
 42
0.034792791153
  0
VERTEX
  8
Bild
 10
-8.1472819868256
 20
-56.1584221006194
 42
0.0418644446561
  0
VERTEX
  8
Bild
 10
-3.5883618993353
 20
-56.1252914710149
 42
0.0439738491817
  0
VERTEX
  8
Bild
 10
-1.5566129051054
 20
-55.6436286465087
 42
-0.0144860396897
  0
VERTEX
  8
Bild
 10
2.1576618560818
 20
-54.3427579470077
 42
0.0458557038574
  0
VERTEX
  8
Bild
 10
4.8648978455535
 20
-53.3335349862875
 42
0.0052106332192
  0
VERTEX
  8
Bild
 10
9.4433567995613
 20
-50.9339499487787
 42
-0.0297282988416
  0
VERTEX
  8
Bild
 10
12.1336160727556
 20
-49.5970746126293
 42
0.049019428356
  0
VERTEX
  8
Bild
 10
14.1494715451878
 20
-48.54765554465
 42
-0.0511498691173
  0
VERTEX
  8
Bild
 10
16.3714561690286
 20
-47.6743824930314
 42
0.0
  0
VERTEX
  8
Bild
 10
18.0263107257848
 20
-47.2142905926348
 42
-0.0273550285233
  0
VERTEX
  8
Bild
 10
22.2539126930789
 20
-48.0867402800363
 42
-0.12793091365
  0
VERTEX
  8
Bild
 10
26.8340895704759
 20
-50.6044724774474
 42
-0.072108867496
  0
VERTEX
  8
Bild
 10
29.2660232966487
 20
-53.524496211162
 42
-0.125508227465
  0
VERTEX
  8
Bild
 10
30.6126788662004
 20
-58.2342661239006
 42
-0.0256964346456
  0
VERTEX
  8
Bild
 10
30.2963577528678
 20
-61.4208469562028
 42
-0.0304894747983
  0
VERTEX
  8
Bild
 10
29.4104085941635
 20
-66.1838145629429
 42
0.0085886272656
  0
VERTEX
  8
Bild
 10
28.5790526478546
 20
-69.2631853119625
 42
-0.0434595300113
  0
VERTEX
  8
Bild
 10
27.4046575265098
 20
-72.3202677260533
 42
0.0031799207412
  0
VERTEX
  8
Bild
 10
26.0538075609664
 20
-75.4844678977402
 42
-0.0302595354692
  0
VERTEX
  8
Bild
 10
24.3854588559829
 20
-78.8209163495315
 42
0.0653375974567
  0
VERTEX
  8
Bild
 10
23.8575439555722
 20
-79.8914998329522
 42
-0.0995780757086
  0
VERTEX
  8
Bild
 10
23.535790111517
 20
-80.5175461078933
 42
0.0286053606532
  0
VERTEX
  8
Bild
 10
21.059618128501
 20
-83.9283256603782
 42
-0.0070265564513
  0
VERTEX
  8
Bild
 10
19.0370334960638
 20
-87.1326191314631
 42
-0.0622258468919
  0
VERTEX
  8
Bild
 10
17.7595798506019
 20
-88.7977254042102
 42
-0.13892717452
  0
SEQEND
  0
POLYLINE
  8
Silberbergteufel
 66
     1
 10
0.0
 20
0.0
 30
0.0
 70
     1
  0
VERTEX
  8
Silberbergteufel
 10
-70.568831345762
 20
92.6015681183025
 42
0.0076558549674
  0
VERTEX
  8
Silberbergteufel
 10
-74.289310497322
 20
104.140245163913
 42
0.0395378956614
  0
VERTEX
  8
Silberbergteufel
 10
-75.2632062949696
 20
106.744834632475
 42
0.2541131251744
  0
VERTEX
  8
Silberbergteufel
 10
-76.4084294771925
 20
107.528449983267
 42
-0.114341881359
  0
VERTEX
  8
Silberbergteufel
 10
-77.3969998801636
 20
107.659682548479
 42
-0.2330294446638
  0
VERTEX
  8
Silberbergteufel
 10
-77.721879467817
 20
107.93324553913
 42
-0.2337559726882
  0
VERTEX
  8
Silberbergteufel
 10
-77.5061876045013
 20
108.337427932515
 42
-0.0329705543317
  0
VERTEX
  8
Silberbergteufel
 10
-75.4965043626415
 20
109.548389480058
 42
-0.051385798722
  0
VERTEX
  8
Silberbergteufel
 10
-72.8500264842924
 20
110.7510036157
 42
-0.1892846301532
  0
VERTEX
  8
Silberbergteufel
 10
-72.5820017762955
 20
110.797381696652
 42
-0.0132152330745
  0
VERTEX
  8
Silberbergteufel
 10
-71.4787912336965
 20
107.586367175936
 42
0.0176812410605
  0
VERTEX
  8
Silberbergteufel
 10
-69.9119570754174
 20
102.807954832959
 42
0.0893780583738
  0
VERTEX
  8
Silberbergteufel
 10
-69.6727304773044
 20
102.253025145833
 42
0.3538171494665
  0
VERTEX
  8
Silberbergteufel
 10
-69.5165017717814
 20
102.325301014422
 42
0.0097922524068
  0
VERTEX
  8
Silberbergteufel
 10
-69.1133406197501
 20
103.008437174365
 42
-0.3303946352961
  0
VERTEX
  8
Silberbergteufel
 10
-62.5023309808885
 20
105.061503847005
 42
-0.239856234542
  0
VERTEX
  8
Silberbergteufel
 10
-57.9292134044274
 20
100.200851558074
 42
-0.1878373945663
  0
VERTEX
  8
Silberbergteufel
 10
-58.3323746408969
 20
94.6708663278815
 42
-0.1911118554734
  0
VERTEX
  8
Silberbergteufel
 10
-61.8429955390228
 20
91.4515880448185
 42
-0.0937773914923
  0
VERTEX
  8
Silberbergteufel
 10
-65.3353154556466
 20
91.1788839522895
 42
-0.0454343704922
  0
VERTEX
  8
Silberbergteufel
 10
-67.0110243434336
 20
91.4985270091265
 42
0.2639544519272
  0
VERTEX
  8
Silberbergteufel
 10
-67.6092198692262
 20
91.2924997884005
 42
0.0126618126564
  0
VERTEX
  8
Silberbergteufel
 10
-68.3532070774538
 20
90.1178350574335
 42
-0.1356075432118
  0
VERTEX
  8
Silberbergteufel
 10
-68.8620957909202
 20
89.5454220149595
 42
-0.339401142203
  0
VERTEX
  8
Silberbergteufel
 10
-69.377769208828
 20
89.6788142351895
 42
-0.0535319398218
  0
VERTEX
  8
Silberbergteufel
 10
-70.0673035567345
 20
91.1006788438595
 42
-0.0022929672854
  0
SEQEND
  0
POLYLINE
  8
Silberbergteufel
 66
     1
 10
0.0
 20
0.0
 30
0.0
 70
     1
  0
VERTEX
  8
Silberbergteufel
 10
-71.6740580539496
 20
89.0428375639585
 42
-0.2120612873323
  0
VERTEX
  8
Silberbergteufel
 10
-71.5767276948857
 20
88.5478046885965
 42
-0.0098945779907
  0
VERTEX
  8
Silberbergteufel
 10
-75.16728871161
 20
87.0997205606215
 42
-0.0101961499409
  0
VERTEX
  8
Silberbergteufel
 10
-78.3953423132016
 20
85.8420545180055
 42
-0.1223967920982
  0
VERTEX
  8
Silberbergteufel
 10
-79.0666990673983
 20
85.6848910354205
 42
-0.4433196795376
  0
VERTEX
  8
Silberbergteufel
 10
-79.3134104033904
 20
86.2574202006325
 42
-0.072265523002
  0
VERTEX
  8
Silberbergteufel
 10
-78.5686600086021
 20
87.2057081338505
 42
0.1299653723707
  0
VERTEX
  8
Silberbergteufel
 10
-78.0091702963621
 20
87.9339960539795
 42
0.1342953120654
  0
VERTEX
  8
Silberbergteufel
 10
-78.088259888818
 20
88.8627746290135
 42
0.0173794098778
  0
VERTEX
  8
Silberbergteufel
 10
-83.4404172370488
 20
102.384815037294
 42
0.0503170870646
  0
VERTEX
  8
Silberbergteufel
 10
-84.0530189107443
 20
103.686273217869
 42
0.2373990794924
  0
VERTEX
  8
Silberbergteufel
 10
-84.8167734101263
 20
104.272993137024
 42
0.02594434139
  0
VERTEX
  8
Silberbergteufel
 10
-85.8257474565266
 20
104.186637845452
 42
-0.1332943888704
  0
VERTEX
  8
Silberbergteufel
 10
-86.5322024821808
 20
104.186720400691
 42
-0.5354202643814
  0
VERTEX
  8
Silberbergteufel
 10
-86.6429977238674
 20
104.471967189512
 42
-0.0784559221208
  0
VERTEX
  8
Silberbergteufel
 10
-85.5211630355479
 20
105.467523814983
 42
-0.0306246950468
  0
VERTEX
  8
Silberbergteufel
 10
-81.7978163312957
 20
107.643564088187
 42
-0.1717782919248
  0
VERTEX
  8
Silberbergteufel
 10
-81.5011422112873
 20
107.766041808925
 42
0.0011766642859
  0
VERTEX
  8
Silberbergteufel
 10
-76.6950639720599
 20
95.6164665704985
 42
0.0148119130415
  0
VERTEX
  8
Silberbergteufel
 10
-74.4612844166284
 20
90.1822308521335
 42
0.1661971220034
  0
VERTEX
  8
Silberbergteufel
 10
-73.9077069006562
 20
89.3725148132915
 42
0.1559189345831
  0
VERTEX
  8
Silberbergteufel
 10
-73.1293152114413
 20
89.2767455583825
 42
-0.062648177008
  0
VERTEX
  8
Silberbergteufel
 10
-72.1573546545557
 20
89.3747191163785
 42
-0.2868507823409
  0
SEQEND
  0
POLYLINE
  8
Silberbergteufel
 66
     1
 10
0.0
 20
0.0
 30
0.0
 70
     1
  0
VERTEX
  8
Silberbergteufel
 10
-90.9707128292364
 20
99.7488936767425
 42
-0.3697021790555
  0
VERTEX
  8
Silberbergteufel
 10
-93.2626866209696
 20
99.4132973379385
 42
-0.5024704558533
  0
VERTEX
  8
Silberbergteufel
 10
-93.7717358932583
 20
102.549916740765
 42
-0.4562791204525
  0
VERTEX
  8
Silberbergteufel
 10
-90.7874712037004
 20
102.272997533143
 42
-0.2576740222794
  0
VERTEX
  8
Silberbergteufel
 10
-90.4118600923679
 20
100.630075876675
 42
-0.106041381466
  0
SEQEND
  0
POLYLINE
  8
Silberbergteufel
 66
     1
 10
0.0
 20
0.0
 30
0.0
 70
     1
  0
VERTEX
  8
Silberbergteufel
 10
-88.367506067689
 20
81.9755125937855
 42
-0.2717671733525
  0
VERTEX
  8
Silberbergteufel
 10
-88.221869345505
 20
82.6139648504405
 42
-0.0081524734036
  0
VERTEX
  8
Silberbergteufel
 10
-87.5617100337225
 20
83.1930678219985
 42
0.2717355299766
  0
VERTEX
  8
Silberbergteufel
 10
-87.219147297481
 20
84.5903971087445
 42
0.0392599259969
  0
VERTEX
  8
Silberbergteufel
 10
-90.2330166384537
 20
91.6217626314905
 42
0.0692666092381
  0
VERTEX
  8
Silberbergteufel
 10
-90.7836990632125
 20
92.5300847488245
 42
0.2032052549467
  0
VERTEX
  8
Silberbergteufel
 10
-91.9859555347631
 20
92.9536236778085
 42
-0.0873912064668
  0
VERTEX
  8
Silberbergteufel
 10
-93.0561242592004
 20
92.9596926231945
 42
-0.3271660952477
  0
VERTEX
  8
Silberbergteufel
 10
-93.4350537417113
 20
93.1791001825695
 42
-0.1151451728948
  0
VERTEX
  8
Silberbergteufel
 10
-92.9243898777613
 20
93.7659241383955
 42
-0.0579657068457
  0
VERTEX
  8
Silberbergteufel
 10
-88.9698040359537
 20
96.3730343467365
 42
-0.1645374423959
  0
VERTEX
  8
Silberbergteufel
 10
-88.4792890904818
 20
96.5347366577025
 42
-0.0897668151567
  0
VERTEX
  8
Silberbergteufel
 10
-88.1787352543713
 20
96.0431611029995
 42
-0.0011568446531
  0
VERTEX
  8
Silberbergteufel
 10
-84.9765544459098
 20
89.0601732964175
 42
0.038073502226
  0
VERTEX
  8
Silberbergteufel
 10
-83.7168771861684
 20
86.5135668254785
 42
0.1311161686127
  0
VERTEX
  8
Silberbergteufel
 10
-83.0653868258567
 20
85.7296907102695
 42
0.1496746271729
  0
VERTEX
  8
Silberbergteufel
 10
-82.2332567395913
 20
85.5787889033465
 42
-0.0753718051689
  0
VERTEX
  8
Silberbergteufel
 10
-81.2064335161856
 20
85.5945541085975
 42
-0.4606369593034
  0
VERTEX
  8
Silberbergteufel
 10
-80.8172906531838
 20
85.1926640053245
 42
-0.1243473188328
  0
VERTEX
  8
Silberbergteufel
 10
-81.3211489712717
 20
84.7034768182045
 42
-0.019424904708
  0
VERTEX
  8
Silberbergteufel
 10
-84.6096490651747
 20
83.0923191471945
 42
-0.0094105471716
  0
VERTEX
  8
Silberbergteufel
 10
-87.8595770191545
 20
81.6455664226755
 42
-0.3570326683896
  0
SEQEND
  0
POLYLINE
  8
Silberbergteufel
 66
     1
 10
0.0
 20
0.0
 30
0.0
 70
     1
  0
VERTEX
  8
Silberbergteufel
 10
71.9153202990188
 20
83.7770378231395
 42
-0.2984281953084
  0
VERTEX
  8
Silberbergteufel
 10
72.3708172539096
 20
84.1070139341745
 42
-0.0057330557388
  0
VERTEX
  8
Silberbergteufel
 10
73.4110046121011
 20
84.0093671199335
 42
0.2976335446146
  0
VERTEX
  8
Silberbergteufel
 10
74.7235596757606
 20
84.6397535681485
 42
0.0254133192754
  0
VERTEX
  8
Silberbergteufel
 10
78.6336520458806
 20
92.6469222352635
 42
0.0746038553906
  0
VERTEX
  8
Silberbergteufel
 10
78.928976931984
 20
93.4321791893335
 42
0.1472079028344
  0
VERTEX
  8
Silberbergteufel
 10
78.7182947805376
 20
93.6851810567285
 42
0.0247617941583
  0
VERTEX
  8
Silberbergteufel
 10
77.3092420703317
 20
94.4664124915655
 42
-0.1775951725863
  0
VERTEX
  8
Silberbergteufel
 10
76.7358521180373
 20
94.8861814708655
 42
-0.2181207599373
  0
VERTEX
  8
Silberbergteufel
 10
76.8079901276081
 20
95.3714663336265
 42
-0.2938993098878
  0
VERTEX
  8
Silberbergteufel
 10
77.3238726137297
 20
95.8638664587355
 42
-0.0888675024668
  0
VERTEX
  8
Silberbergteufel
 10
78.3733003164071
 20
95.5177905257365
 42
-0.0033266748562
  0
VERTEX
  8
Silberbergteufel
 10
79.7345345747256
 20
94.8259050410715
 42
-0.0830168956433
  0
VERTEX
  8
Silberbergteufel
 10
81.2643681308472
 20
97.5884678107745
 42
-0.2525550457493
  0
VERTEX
  8
Silberbergteufel
 10
86.513733433512
 20
99.8444846348485
 42
-0.1462584660255
  0
VERTEX
  8
Silberbergteufel
 10
90.2352199835626
 20
98.3744923678785
 42
-0.107412605096
  0
VERTEX
  8
Silberbergteufel
 10
91.6961927325833
 20
96.8143901333345
 42
-0.3944256528667
  0
VERTEX
  8
Silberbergteufel
 10
91.4611143975625
 20
95.0833296303625
 42
-0.23057466092
  0
VERTEX
  8
Silberbergteufel
 10
90.3038503380873
 20
94.6725305769975
 42
-0.1681370408446
  0
VERTEX
  8
Silberbergteufel
 10
89.4151830907326
 20
95.2724736080885
 42
-0.0557018806197
  0
VERTEX
  8
Silberbergteufel
 10
88.629888797511
 20
96.8346807434635
 42
0.1425571927719
  0
VERTEX
  8
Silberbergteufel
 10
87.8850541243588
 20
98.0052049852945
 42
0.2485891642101
  0
VERTEX
  8
Silberbergteufel
 10
86.719622871106
 20
98.1594179934595
 42
0.1196592548857
  0
VERTEX
  8
Silberbergteufel
 10
85.4493747039518
 20
97.2794385882415
 42
0.0726001998793
  0
VERTEX
  8
Silberbergteufel
 10
83.3856909594207
 20
94.2236719311195
 42
0.1269047039786
  0
VERTEX
  8
Silberbergteufel
 10
83.1822728520434
 20
93.5949205529985
 42
0.1172110820804
  0
VERTEX
  8
Silberbergteufel
 10
83.8787050878455
 20
93.0099032065725
 42
0.011662363459
  0
VERTEX
  8
Silberbergteufel
 10
85.5920410221511
 20
92.1599141890145
 42
-0.1093523065346
  0
VERTEX
  8
Silberbergteufel
 10
86.683302273974
 20
91.5044850346415
 42
-0.3144147464182
  0
VERTEX
  8
Silberbergteufel
 10
86.7652437185911
 20
90.8069060561865
 42
-0.2342770236554
  0
VERTEX
  8
Silberbergteufel
 10
86.4455365059519
 20
90.4286793701545
 42
-0.0934342622613
  0
VERTEX
  8
Silberbergteufel
 10
85.6430252840439
 20
90.5737859893695
 42
0.0279413495856
  0
VERTEX
  8
Silberbergteufel
 10
83.0750483050829
 20
91.6038418391885
 42
0.1260755063976
  0
VERTEX
  8
Silberbergteufel
 10
82.409632830409
 20
91.7406506783205
 42
0.0939009708512
  0
VERTEX
  8
Silberbergteufel
 10
82.1233459397932
 20
91.3700109366105
 42
0.0289517397977
  0
VERTEX
  8
Silberbergteufel
 10
78.6730450306594
 20
83.5831952564295
 42
0.0975021804949
  0
VERTEX
  8
Silberbergteufel
 10
78.4012141819634
 20
82.6676462816215
 42
0.184346321319
  0
VERTEX
  8
Silberbergteufel
 10
78.9857515906096
 20
81.3954884896765
 42
-0.095240346664
  0
VERTEX
  8
Silberbergteufel
 10
79.7840749993668
 20
80.5646435903325
 42
-0.48242701494
  0
VERTEX
  8
Silberbergteufel
 10
79.6067236547173
 20
79.7291784355785
 42
-0.0768922981624
  0
VERTEX
  8
Silberbergteufel
 10
79.174617617108
 20
79.8578717111265
 42
-0.0092091631754
  0
VERTEX
  8
Silberbergteufel
 10
71.8392128109327
 20
83.2906876156855
 42
-0.1236141025085
  0
VERTEX
  8
Silberbergteufel
 10
71.8607025045529
 20
83.6196144636225
 42
-0.0284988062563
  0
SEQEND
  0
POLYLINE
  8
Silberbergteufel
 66
     1
 10
0.0
 20
0.0
 30
0.0
 70
     1
  0
VERTEX
  8
Silberbergteufel
 10
-63.8627484619107
 20
92.6786069103395
 42
0.2093114896304
  0
VERTEX
  8
Silberbergteufel
 10
-62.088326567553
 20
93.2997456692745
 42
0.0091287313243
  0
VERTEX
  8
Silberbergteufel
 10
-61.0925207280114
 20
94.2889046564345
 42
0.0349752058012
  0
VERTEX
  8
Silberbergteufel
 10
-61.5036095330096
 20
98.1624468081885
 42
0.0873006332706
  0
VERTEX
  8
Silberbergteufel
 10
-62.7679229815527
 20
101.499211323574
 42
0.1258497252161
  0
VERTEX
  8
Silberbergteufel
 10
-64.1833665004186
 20
103.049545418714
 42
0.3019350661382
  0
VERTEX
  8
Silberbergteufel
 10
-66.8554956372818
 20
103.086831108242
 42
0.0914053069827
  0
VERTEX
  8
Silberbergteufel
 10
-68.0401727322391
 20
102.04989857155
 42
0.1177157572537
  0
VERTEX
  8
Silberbergteufel
 10
-68.4995081040213
 20
100.724568994944
 42
0.1046782670202
  0
VERTEX
  8
Silberbergteufel
 10
-67.9902098159891
 20
96.6496353391685
 42
0.0938864755464
  0
VERTEX
  8
Silberbergteufel
 10
-66.5985345719818
 20
93.8714590510595
 42
0.1930946933271
  0
VERTEX
  8
Silberbergteufel
 10
-65.0998573508307
 20
92.8515337264075
 42
0.0635172353802
  0
SEQEND
  0
POLYLINE
  8
Silberbergteufel
 66
     1
 10
0.0
 20
0.0
 30
0.0
 70
     1
  0
VERTEX
  8
Silberbergteufel
 10
-102.795684806334
 20
77.6334758661583
 42
-0.0251045062542
  0
VERTEX
  8
Silberbergteufel
 10
-104.397234735853
 20
80.3871562795085
 42
-0.538343543556
  0
VERTEX
  8
Silberbergteufel
 10
-104.178946356311
 20
80.8149847117805
 42
-0.3022829910545
  0
VERTEX
  8
Silberbergteufel
 10
-103.191895777255
 20
80.4335340733875
 42
0.1582915268789
  0
VERTEX
  8
Silberbergteufel
 10
-99.66117606232
 20
78.50180176714
 42
0.2542059519959
  0
VERTEX
  8
Silberbergteufel
 10
-94.1380693945295
 20
80.5761112318445
 42
0.241322604516
  0
VERTEX
  8
Silberbergteufel
 10
-93.3361689408943
 20
83.3419156295575
 42
0.3510348779607
  0
VERTEX
  8
Silberbergteufel
 10
-95.3812370696932
 20
85.2205426738735
 42
0.0177007141091
  0
VERTEX
  8
Silberbergteufel
 10
-99.9540610803233
 20
85.0982234960665
 42
-0.0546120687107
  0
VERTEX
  8
Silberbergteufel
 10
-103.486741813269
 20
85.1221537132375
 42
-0.2054449941299
  0
VERTEX
  8
Silberbergteufel
 10
-107.346484478811
 20
87.1890283399015
 42
-0.2964640844215
  0
VERTEX
  8
Silberbergteufel
 10
-107.94232567647
 20
92.7664435655175
 42
-0.1138538177001
  0
VERTEX
  8
Silberbergteufel
 10
-105.585148314058
 20
95.3500797622765
 42
-0.1582983497102
  0
VERTEX
  8
Silberbergteufel
 10
-101.303989188981
 20
96.6521872693425
 42
0.0
  0
VERTEX
  8
Silberbergteufel
 10
-99.9403303228143
 20
96.6521872693425
 42
-0.093875598992
  0
VERTEX
  8
Silberbergteufel
 10
-99.8846567806756
 20
97.9915884462505
 42
-0.588768902587
  0
VERTEX
  8
Silberbergteufel
 10
-99.5042975083807
 20
98.1276035635105
 42
-0.064663309857
  0
VERTEX
  8
Silberbergteufel
 10
-98.6261224939009
 20
97.0440856205425
 42
-0.0325098192423
  0
VERTEX
  8
Silberbergteufel
 10
-96.9499024846129
 20
94.1140737578475
 42
-0.1252746715873
  0
VERTEX
  8
Silberbergteufel
 10
-96.7640887100709
 20
93.5197169999205
 42
-0.2442315389257
  0
VERTEX
  8
Silberbergteufel
 10
-97.1290909480011
 20
93.1486291733655
 42
-0.2883711587741
  0
VERTEX
  8
Silberbergteufel
 10
-97.8289373936984
 20
93.3417007108185
 42
0.1080565371971
  0
VERTEX
  8
Silberbergteufel
 10
-100.046161150035
 20
94.7174107626475
 42
0.2392852187625
  0
VERTEX
  8
Silberbergteufel
 10
-104.155794924716
 20
94.3321806164995
 42
0.1850475129579
  0
VERTEX
  8
Silberbergteufel
 10
-105.901998296121
 20
92.3018598081815
 42
0.1873512279269
  0
VERTEX
  8
Silberbergteufel
 10
-105.857648776072
 20
90.4209160486615
 42
0.2179706947598
  0
VERTEX
  8
Silberbergteufel
 10
-104.417112113839
 20
89.3254030238725
 42
0.0646752462427
  0
VERTEX
  8
Silberbergteufel
 10
-101.928946192024
 20
89.2075843255905
 42
-0.0373386652349
  0
VERTEX
  8
Silberbergteufel
 10
-97.2589118273505
 20
89.4690464251785
 42
-0.084672359297
  0
VERTEX
  8
Silberbergteufel
 10
-93.957190564067
 20
88.9786767645925
 42
-0.4215022184466
  0
VERTEX
  8
Silberbergteufel
 10
-90.8017468197334
 20
82.2983429955935
 42
-0.1314981485643
  0
VERTEX
  8
Silberbergteufel
 10
-93.4659066176376
 20
78.7950402197341
 42
-0.0690983514888
  0
VERTEX
  8
Silberbergteufel
 10
-96.1963570520893
 20
77.1808271001365
 42
-0.0816450379291
  0
VERTEX
  8
Silberbergteufel
 10
-98.9612677844989
 20
76.7369423689197
 42
0.0
  0
VERTEX
  8
Silberbergteufel
 10
-100.771156137063
 20
76.7310988527674
 42
-0.0688758172306
  0
VERTEX
  8
Silberbergteufel
 10
-100.669305806647
 20
75.355993699953
 42
-0.2706372468283
  0
VERTEX
  8
Silberbergteufel
 10
-100.7780886216
 20
75.0585038362704
 42
-0.221012041026
  0
VERTEX
  8
Silberbergteufel
 10
-101.19642116303
 20
75.2843792055482
 42
-0.031421122192
  0
SEQEND
  0
POLYLINE
  8
Silberbergteufel
 66
     1
 10
0.0
 20
0.0
 30
0.0
 70
     1
  0
VERTEX
  8
Silberbergteufel
 10
94.0625015061074
 20
72.3829595762208
 42
-0.3940133802704
  0
VERTEX
  8
Silberbergteufel
 10
94.8797331768716
 20
72.5221866608372
 42
0.3041672272247
  0
VERTEX
  8
Silberbergteufel
 10
96.5679131874193
 20
72.5709613119521
 42
0.0650554998083
  0
VERTEX
  8
Silberbergteufel
 10
97.5367572467021
 20
73.6670172228177
 42
0.0136995238517
  0
VERTEX
  8
Silberbergteufel
 10
104.559727433524
 20
84.6344811224545
 42
0.0558637681308
  0
VERTEX
  8
Silberbergteufel
 10
105.605849429574
 20
86.6076207049075
 42
0.328590336729
  0
VERTEX
  8
Silberbergteufel
 10
105.47281237677
 20
87.6167429643375
 42
-0.0427260402071
  0
VERTEX
  8
Silberbergteufel
 10
104.647471962734
 20
88.4605858239845
 42
-0.7309485060152
  0
VERTEX
  8
Silberbergteufel
 10
104.897035361024
 20
89.1163882624765
 42
-0.050667893146
  0
VERTEX
  8
Silberbergteufel
 10
106.391963829418
 20
88.6910374178805
 42
-0.0352240065307
  0
VERTEX
  8
Silberbergteufel
 10
109.890087344715
 20
87.1316204352965
 42
-0.1457261803098
  0
VERTEX
  8
Silberbergteufel
 10
110.268133949421
 20
86.8928115312275
 42
-0.0073576147524
  0
VERTEX
  8
Silberbergteufel
 10
107.55235041987
 20
82.4428988502435
 42
0.0078208710801
  0
VERTEX
  8
Silberbergteufel
 10
101.460365893785
 20
72.7240687036545
 42
0.0289211022586
  0
VERTEX
  8
Silberbergteufel
 10
100.203903663406
 20
70.5560749820961
 42
0.2269614525791
  0
VERTEX
  8
Silberbergteufel
 10
100.352737936386
 20
69.215934445722
 42
0.0216005080881
  0
VERTEX
  8
Silberbergteufel
 10
101.027478679629
 20
68.5664663545731
 42
-0.5303700770333
  0
VERTEX
  8
Silberbergteufel
 10
101.075327810088
 20
68.0134405674836
 42
-0.3268287180835
  0
VERTEX
  8
Silberbergteufel
 10
100.487503239939
 20
67.8013947929142
 42
-0.0413136797234
  0
VERTEX
  8
Silberbergteufel
 10
98.9275723970277
 20
68.6038342508751
 42
-0.0143059270898
  0
VERTEX
  8
Silberbergteufel
 10
93.9073169059961
 20
71.8336739596813
 42
-0.426810034363
  0
VERTEX
  8
Silberbergteufel
 10
93.8458658410929
 20
72.0412484869766
 42
-0.067501537337
  0
SEQEND
  0
POLYLINE
  8
Silberbergteufel
 66
     1
 10
0.0
 20
0.0
 30
0.0
 70
     1
  0
VERTEX
  8
Silberbergteufel
 10
-31.6570960534019
 20
98.7077763018285
 42
-0.4284111551774
  0
VERTEX
  8
Silberbergteufel
 10
-32.4636318543925
 20
98.0804706788355
 42
-0.0006628835137
  0
VERTEX
  8
Silberbergteufel
 10
-38.2587409429915
 20
97.1245763961805
 42
-0.0421819589605
  0
VERTEX
  8
Silberbergteufel
 10
-40.3796313826334
 20
96.8258594328505
 42
-0.4597222596998
  0
VERTEX
  8
Silberbergteufel
 10
-40.9770653092931
 20
97.2739348778455
 42
-0.2848922864574
  0
VERTEX
  8
Silberbergteufel
 10
-40.7978351312952
 20
98.0207272861695
 42
-0.060855064339
  0
VERTEX
  8
Silberbergteufel
 10
-39.6925823669747
 20
98.4986744274975
 42
0.2735270687544
  0
VERTEX
  8
Silberbergteufel
 10
-38.8494336733367
 20
99.4472826392915
 42
0.0461779728601
  0
VERTEX
  8
Silberbergteufel
 10
-38.9590482095176
 20
101.723844869222
 42
0.026592436446
  0
VERTEX
  8
Silberbergteufel
 10
-39.7661087541819
 20
106.578197058032
 42
0.0771919119943
  0
VERTEX
  8
Silberbergteufel
 10
-40.3159159890207
 20
108.302493954446
 42
0.283178285748
  0
VERTEX
  8
Silberbergteufel
 10
-41.5555982213702
 20
109.128664268831
 42
-0.0753740231313
  0
VERTEX
  8
Silberbergteufel
 10
-42.2594419136451
 20
109.186130331485
 42
-0.5766867758007
  0
VERTEX
  8
Silberbergteufel
 10
-42.4595430778683
 20
109.861381791308
 42
-0.0632994720657
  0
VERTEX
  8
Silberbergteufel
 10
-41.3628758346105
 20
110.451119656873
 42
-0.0097865676987
  0
VERTEX
  8
Silberbergteufel
 10
-37.5550767194
 20
111.73380708768
 42
0.0471059819459
  0
VERTEX
  8
Silberbergteufel
 10
-36.9291311842555
 20
109.48259029185
 42
0.1971693278917
  0
VERTEX
  8
Silberbergteufel
 10
-36.7573412855289
 20
109.150435145743
 42
0.1132046053056
  0
VERTEX
  8
Silberbergteufel
 10
-36.3780578711718
 20
109.562860428687
 42
0.0163818060699
  0
VERTEX
  8
Silberbergteufel
 10
-35.8621357180491
 20
110.354096348256
 42
-0.2298284277056
  0
VERTEX
  8
Silberbergteufel
 10
-32.8950533772422
 20
112.437464437035
 42
-0.2319288453502
  0
VERTEX
  8
Silberbergteufel
 10
-30.8141903845741
 20
111.863152255254
 42
-0.2928166964548
  0
VERTEX
  8
Silberbergteufel
 10
-30.5271437438903
 20
109.946570745666
 42
-0.2182524535655
  0
VERTEX
  8
Silberbergteufel
 10
-31.475742481979
 20
109.000633355422
 42
-0.1026520341283
  0
VERTEX
  8
Silberbergteufel
 10
-32.6588712023791
 20
109.010169759693
 42
-0.0133683347884
  0
VERTEX
  8
Silberbergteufel
 10
-33.8452833040878
 20
109.27639711659
 42
0.3304158616679
  0
VERTEX
  8
Silberbergteufel
 10
-34.9598826792715
 20
108.828945488611
 42
0.0778853167983
  0
VERTEX
  8
Silberbergteufel
 10
-35.4508959989228
 20
107.289841700502
 42
0.0630765078565
  0
VERTEX
  8
Silberbergteufel
 10
-35.4734055002532
 20
103.647742243431
 42
0.0525320515223
  0
VERTEX
  8
Silberbergteufel
 10
-34.9064222204807
 20
100.435455830093
 42
0.1218282971572
  0
VERTEX
  8
Silberbergteufel
 10
-34.5852743158931
 20
99.6899789832815
 42
0.1396105621023
  0
VERTEX
  8
Silberbergteufel
 10
-33.5179750727116
 20
99.3275558447105
 42
-0.0318622649424
  0
VERTEX
  8
Silberbergteufel
 10
-32.4636318543925
 20
99.4246970138205
 42
-0.4326560017576
  0
SEQEND
  0
POLYLINE
  8
Silberbergteufel
 66
     1
 10
0.0
 20
0.0
 30
0.0
 70
     1
  0
VERTEX
  8
Silberbergteufel
 10
93.9870032774194
 20
75.289107495823
 42
-0.4343425681086
  0
VERTEX
  8
Silberbergteufel
 10
93.7018830001992
 20
74.5586704263899
 42
-0.0584008723536
  0
VERTEX
  8
Silberbergteufel
 10
91.7894534071661
 20
74.2386531269886
 42
-0.1269029279756
  0
VERTEX
  8
Silberbergteufel
 10
88.6072657529594
 20
74.6503713382188
 42
-0.1663827776274
  0
VERTEX
  8
Silberbergteufel
 10
84.7837207701412
 20
77.7092712858486
 42
-0.2369979093344
  0
VERTEX
  8
Silberbergteufel
 10
84.2162617860468
 20
83.6729568320355
 42
-0.1475376243951
  0
VERTEX
  8
Silberbergteufel
 10
86.7964935158297
 20
87.2011607854145
 42
-0.2399596131553
  0
VERTEX
  8
Silberbergteufel
 10
93.5240577548635
 20
88.1118638647365
 42
-0.1462843598656
  0
VERTEX
  8
Silberbergteufel
 10
96.8940770830893
 20
85.7929646153065
 42
-0.2294880596864
  0
VERTEX
  8
Silberbergteufel
 10
97.9103262046036
 20
81.9324526073225
 42
-0.1184257773831
  0
VERTEX
  8
Silberbergteufel
 10
97.131000770542
 20
79.7729114072355
 42
-0.2905247468035
  0
VERTEX
  8
Silberbergteufel
 10
96.7275698545582
 20
79.4337408533227
 42
-0.0138267902598
  0
VERTEX
  8
Silberbergteufel
 10
92.6041909589907
 20
81.5897459798765
 42
0.0188617305731
  0
VERTEX
  8
Silberbergteufel
 10
88.9869550418413
 20
83.5155420859255
 42
0.1576220156773
  0
VERTEX
  8
Silberbergteufel
 10
88.6543480852049
 20
83.6504704015665
 42
0.1935548878342
  0
VERTEX
  8
Silberbergteufel
 10
88.6468369818854
 20
83.6482573517165
 42
0.0819946515435
  0
VERTEX
  8
Silberbergteufel
 10
87.7834385320556
 20
81.9835278011735
 42
0.1331473914706
  0
VERTEX
  8
Silberbergteufel
 10
87.3634050291789
 20
78.9301557568226
 42
0.2778342848155
  0
VERTEX
  8
Silberbergteufel
 10
89.4580673025438
 20
76.1225464589268
 42
0.0868543299802
  0
VERTEX
  8
Silberbergteufel
 10
92.1144936808514
 20
75.6824558171853
 42
-0.0572086746582
  0
VERTEX
  8
Silberbergteufel
 10
93.4618353398791
 20
75.6121673077656
 42
-0.2933961071822
  0
SEQEND
  0
POLYLINE
  8
Silberbergteufel
 66
     1
 10
0.0
 20
0.0
 30
0.0
 70
     1
  0
VERTEX
  8
Silberbergteufel
 10
67.2702853773119
 20
98.9914849045885
 42
-0.1961369905327
  0
VERTEX
  8
Silberbergteufel
 10
66.6659933213666
 20
99.4048796385105
 42
-0.1936755518006
  0
VERTEX
  8
Silberbergteufel
 10
66.7749646754963
 20
99.9676313165065
 42
-0.2900242099947
  0
VERTEX
  8
Silberbergteufel
 10
67.1375511801519
 20
100.151592665737
 42
-0.0485440949243
  0
VERTEX
  8
Silberbergteufel
 10
68.9202039394045
 20
99.6387346866025
 42
-0.0289272892287
  0
VERTEX
  8
Silberbergteufel
 10
72.0472420204723
 20
98.3701638322915
 42
-0.0596392335373
  0
VERTEX
  8
Silberbergteufel
 10
72.2469105961478
 20
98.2604982199455
 42
-0.0415962487474
  0
VERTEX
  8
Silberbergteufel
 10
71.8470245839451
 20
96.7010455761425
 42
-0.0021811916174
  0
VERTEX
  8
Silberbergteufel
 10
69.9235424961029
 20
91.3613749437985
 42
0.0255085886167
  0
VERTEX
  8
Silberbergteufel
 10
68.6133609295934
 20
87.5223991561815
 42
0.1543690678179
  0
VERTEX
  8
Silberbergteufel
 10
68.5171271107972
 20
86.5230125579395
 42
0.1473186743891
  0
VERTEX
  8
Silberbergteufel
 10
68.9534763012412
 20
86.0593503794295
 42
-0.1338822955572
  0
VERTEX
  8
Silberbergteufel
 10
69.8805643188801
 20
85.3967882338065
 42
-0.377772686255
  0
VERTEX
  8
Silberbergteufel
 10
70.0004757606639
 20
84.7478429895835
 42
-0.2661244225684
  0
VERTEX
  8
Silberbergteufel
 10
69.6623881946291
 20
84.6316453082955
 42
-0.0229343418875
  0
VERTEX
  8
Silberbergteufel
 10
65.1390009802258
 20
85.9539602381295
 42
0.0415330261767
  0
VERTEX
  8
Silberbergteufel
 10
65.1963908168641
 20
87.7579069726675
 42
0.3845742231592
  0
VERTEX
  8
Silberbergteufel
 10
65.0469346703892
 20
88.0666139191815
 42
0.0301124436115
  0
VERTEX
  8
Silberbergteufel
 10
64.3711752300652
 20
87.8473592945765
 42
-0.0922628663658
  0
VERTEX
  8
Silberbergteufel
 10
62.7678482072077
 20
87.4241788173975
 42
-0.117304348646
  0
VERTEX
  8
Silberbergteufel
 10
59.3150254094725
 20
88.3024115707745
 42
-0.3012744657615
  0
VERTEX
  8
Silberbergteufel
 10
56.8168572720558
 20
92.7282029385545
 42
-0.0603446406917
  0
VERTEX
  8
Silberbergteufel
 10
57.7067750210085
 20
96.5295214100815
 42
0.0270850771655
  0
VERTEX
  8
Silberbergteufel
 10
58.9346213588394
 20
100.036542764411
 42
0.1208740557268
  0
VERTEX
  8
Silberbergteufel
 10
59.1221468855527
 20
101.470565425882
 42
0.2563547858193
  0
VERTEX
  8
Silberbergteufel
 10
58.4986417162258
 20
102.278417585826
 42
-0.332540418928
  0
VERTEX
  8
Silberbergteufel
 10
57.8199382218749
 20
103.253791953348
 42
-0.1856602886212
  0
VERTEX
  8
Silberbergteufel
 10
57.9782951958677
 20
103.613313603034
 42
-0.0465596680228
  0
VERTEX
  8
Silberbergteufel
 10
58.9438038963718
 20
103.392775099325
 42
-0.0401535808823
  0
VERTEX
  8
Silberbergteufel
 10
62.8504723390303
 20
101.831063069637
 42
-0.1048861888291
  0
VERTEX
  8
Silberbergteufel
 10
63.3168744463391
 20
101.551637197419
 42
-0.0945713769309
  0
VERTEX
  8
Silberbergteufel
 10
63.2164004585226
 20
100.984557931551
 42
-0.0040208069862
  0
VERTEX
  8
Silberbergteufel
 10
61.5604726356277
 20
96.3438099636965
 42
0.0398399449416
  0
VERTEX
  8
Silberbergteufel
 10
60.4131912164114
 20
92.6136402741635
 42
0.0914878028772
  0
VERTEX
  8
Silberbergteufel
 10
60.2671029849163
 20
90.9325001690535
 42
0.3064727400202
  0
VERTEX
  8
Silberbergteufel
 10
61.7556818248043
 20
89.1441573096675
 42
0.3157897646825
  0
VERTEX
  8
Silberbergteufel
 10
65.0751186153049
 20
90.2652080141695
 42
0.0592975662125
  0
VERTEX
  8
Silberbergteufel
 10
67.4826921969676
 20
95.2914455732245
 42
0.0572496802829
  0
VERTEX
  8
Silberbergteufel
 10
68.0888046929276
 20
97.4648762935725
 42
0.2486051005951
  0
VERTEX
  8
Silberbergteufel
 10
67.8393077925846
 20
98.5330296478685
 42
0.1094122319167
  0
SEQEND
  0
POLYLINE
  8
Silberbergteufel
 66
     1
 10
0.0
 20
0.0
 30
0.0
 70
     1
  0
VERTEX
  8
Silberbergteufel
 10
-19.7281637162003
 20
111.824598329367
 42
0.2136277629808
  0
VERTEX
  8
Silberbergteufel
 10
-21.4558152051126
 20
111.76564698048
 42
0.1329076493636
  0
VERTEX
  8
Silberbergteufel
 10
-23.0080167897918
 20
110.672319054961
 42
0.1137616305243
  0
VERTEX
  8
Silberbergteufel
 10
-23.7012379447561
 20
108.831590307405
 42
0.0728350226604
  0
VERTEX
  8
Silberbergteufel
 10
-23.595662014412
 20
104.519421958684
 42
0.1323204528495
  0
VERTEX
  8
Silberbergteufel
 10
-22.6138352291225
 20
102.126796668395
 42
0.3136529650318
  0
VERTEX
  8
Silberbergteufel
 10
-19.1932503714057
 20
100.998527319599
 42
0.1916620339087
  0
VERTEX
  8
Silberbergteufel
 10
-17.8550447907083
 20
102.078740461074
 42
0.0995583387635
  0
VERTEX
  8
Silberbergteufel
 10
-17.1071839486721
 20
104.770257933623
 42
0.1133616301066
  0
VERTEX
  8
Silberbergteufel
 10
-17.8653483567788
 20
109.966667151052
 42
0.1906434792792
  0
VERTEX
  8
Silberbergteufel
 10
-19.0922875290146
 20
111.561906990596
 42
0.0425066961725
  0
SEQEND
  0
POLYLINE
  8
Silberbergteufel
 66
     1
 10
0.0
 20
0.0
 30
0.0
 70
     1
  0
VERTEX
  8
Silberbergteufel
 10
94.8566778495069
 20
83.5125045030675
 42
0.5133221545371
  0
VERTEX
  8
Silberbergteufel
 10
92.9354519230593
 20
86.5523271524065
 42
0.1097882313669
  0
VERTEX
  8
Silberbergteufel
 10
91.2172331645028
 20
86.1344155405845
 42
0.1060247361634
  0
VERTEX
  8
Silberbergteufel
 10
90.0392885575281
 20
85.3305315409665
 42
0.3119133433861
  0
VERTEX
  8
Silberbergteufel
 10
89.8798613883242
 20
84.9727646596635
 42
0.0692448683022
  0
VERTEX
  8
Silberbergteufel
 10
90.7515532465903
 20
84.3170894555575
 42
0.047755130319
  0
VERTEX
  8
Silberbergteufel
 10
93.6902335347057
 20
82.7707301662595
 42
0.2382191415114
  0
VERTEX
  8
Silberbergteufel
 10
94.2710019201247
 20
82.6683764237215
 42
0.1452199575261
  0
VERTEX
  8
Silberbergteufel
 10
94.8099811283645
 20
83.3811347565435
 42
0.0122612528369
  0
SEQEND
  0
POLYLINE
  8
Silberbergteufel
 66
     1
 10
0.0
 20
0.0
 30
0.0
 70
     1
  0
VERTEX
  8
Silberbergteufel
 10
-1.711527680397
 20
110.26746754937
 42
0.1670269327857
  0
VERTEX
  8
Silberbergteufel
 10
-2.1289639094141
 20
111.481395651748
 42
0.1879202190813
  0
VERTEX
  8
Silberbergteufel
 10
-3.6826939119133
 20
112.554613096687
 42
0.1624647820397
  0
VERTEX
  8
Silberbergteufel
 10
-5.0486596412098
 20
112.292603846182
 42
0.1457538537968
  0
VERTEX
  8
Silberbergteufel
 10
-6.7033257836691
 20
110.481223832973
 42
0.1579661244906
  0
VERTEX
  8
Silberbergteufel
 10
-6.9296854984834
 20
109.805249717505
 42
0.2759072238082
  0
VERTEX
  8
Silberbergteufel
 10
-6.5934828623237
 20
109.502866683514
 42
0.0333520182617
  0
VERTEX
  8
Silberbergteufel
 10
-4.7492949046959
 20
109.448204436947
 42
0.0005764088178
  0
VERTEX
  8
Silberbergteufel
 10
-1.7958204008942
 20
109.534484241503
 42
0.0394023553764
  0
SEQEND
  0
POLYLINE
  8
Silberbergteufel
 66
     1
 10
0.0
 20
0.0
 30
0.0
 70
     1
  0
VERTEX
  8
Silberbergteufel
 10
51.0614393405458
 20
101.248245530328
 42
0.1530391496557
  0
VERTEX
  8
Silberbergteufel
 10
51.6634408829595
 20
101.381664446155
 42
0.1404279039674
  0
VERTEX
  8
Silberbergteufel
 10
51.9082879742618
 20
101.972538737568
 42
0.290575868176
  0
VERTEX
  8
Silberbergteufel
 10
51.1740506239107
 20
104.151397658169
 42
0.2399660625212
  0
VERTEX
  8
Silberbergteufel
 10
48.8165153033607
 20
104.4430110017
 42
0.1866535696611
  0
VERTEX
  8
Silberbergteufel
 10
46.8296900920056
 20
102.827318766221
 42
0.2108038283174
  0
VERTEX
  8
Silberbergteufel
 10
46.7160874781392
 20
102.40330020426
 42
0.1216033164997
  0
VERTEX
  8
Silberbergteufel
 10
47.1467629821648
 20
102.134400141597
 42
0.0530583249745
  0
VERTEX
  8
Silberbergteufel
 10
50.5788795577019
 20
101.282048068239
 42
0.0593123330293
  0
SEQEND
  0
POLYLINE
  8
Silberbergteufel
 66
     1
 10
0.0
 20
0.0
 30
0.0
 70
     1
  0
VERTEX
  8
Silberbergteufel
 10
34.5492829417499
 20
95.6066441102195
 42
-0.1756497978918
  0
VERTEX
  8
Silberbergteufel
 10
33.1511981487681
 20
97.2326278692825
 42
0.0
  0
VERTEX
  8
Silberbergteufel
 10
32.8010005982853
 20
98.2056683131355
 42
0.0076726933089
  0
VERTEX
  8
Silberbergteufel
 10
35.7775641152143
 20
107.415604596626
 42
0.0523618350162
  0
VERTEX
  8
Silberbergteufel
 10
35.9384779228146
 20
107.980066988435
 42
0.1764909600557
  0
VERTEX
  8
Silberbergteufel
 10
35.4503656674326
 20
108.370371438355
 42
-0.0809939320921
  0
VERTEX
  8
Silberbergteufel
 10
34.7317563468869
 20
108.672820967907
 42
-0.2656380185465
  0
VERTEX
  8
Silberbergteufel
 10
34.4725652564672
 20
109.362915379068
 42
-0.2038727956811
  0
VERTEX
  8
Silberbergteufel
 10
34.6607820442891
 20
109.862002255921
 42
-0.2055965648453
  0
VERTEX
  8
Silberbergteufel
 10
34.9979722531005
 20
109.958967265152
 42
0.1657825452187
  0
VERTEX
  8
Silberbergteufel
 10
38.6144039313978
 20
111.076614857765
 42
-0.0995764109688
  0
VERTEX
  8
Silberbergteufel
 10
39.6130660437735
 20
111.660035884721
 42
-0.2287956330237
  0
VERTEX
  8
Silberbergteufel
 10
40.5832047239214
 20
111.512683627621
 42
-0.257674062727
  0
VERTEX
  8
Silberbergteufel
 10
40.7243589243922
 20
110.961382319375
 42
-0.0241094116247
  0
VERTEX
  8
Silberbergteufel
 10
40.1094668911011
 20
108.889225761973
 42
0.402891258244
  0
VERTEX
  8
Silberbergteufel
 10
40.3234421364422
 20
108.394953446871
 42
0.0030534382592
  0
VERTEX
  8
Silberbergteufel
 10
41.8308292588766
 20
107.855006623997
 42
-0.1497501136413
  0
VERTEX
  8
Silberbergteufel
 10
42.6563590242149
 20
107.409257880643
 42
-0.300093543947
  0
VERTEX
  8
Silberbergteufel
 10
42.6825223676253
 20
106.861836477295
 42
-0.2264809635925
  0
VERTEX
  8
Silberbergteufel
 10
42.2442509493534
 20
106.404290060097
 42
-0.077334842887
  0
VERTEX
  8
Silberbergteufel
 10
41.2357775082762
 20
106.534695089344
 42
0.034805578542
  0
VERTEX
  8
Silberbergteufel
 10
40.0274822838366
 20
106.860374252512
 42
0.3412554238046
  0
VERTEX
  8
Silberbergteufel
 10
39.4956702353965
 20
106.750825257849
 42
0.0172305365114
  0
VERTEX
  8
Silberbergteufel
 10
38.108720341248
 20
102.695674284868
 42
0.0200800672772
  0
VERTEX
  8
Silberbergteufel
 10
36.9226495694843
 20
98.4498509057265
 42
0.1009781745925
  0
VERTEX
  8
Silberbergteufel
 10
36.7951418392546
 20
97.0489997000435
 42
0.2231717894829
  0
VERTEX
  8
Silberbergteufel
 10
37.3338141132731
 20
96.3359948529465
 42
0.2193707854495
  0
VERTEX
  8
Silberbergteufel
 10
38.5885425912661
 20
96.3843040899505
 42
-0.1888625000445
  0
VERTEX
  8
Silberbergteufel
 10
39.2572471523309
 20
96.3203783812565
 42
-0.2453604877257
  0
VERTEX
  8
Silberbergteufel
 10
39.5184037128546
 20
95.7909049245425
 42
-0.2748038326007
  0
VERTEX
  8
Silberbergteufel
 10
38.9476331392222
 20
94.9479418981265
 42
-0.1120506188956
  0
VERTEX
  8
Silberbergteufel
 10
36.663273233511
 20
94.8730358469555
 42
-0.116493472694
  0
SEQEND
  0
POLYLINE
  8
Silberbergteufel
 66
     1
 10
0.0
 20
0.0
 30
0.0
 70
     1
  0
VERTEX
  8
Silberbergteufel
 10
1.2802410315552
 20
103.146454645318
 42
-0.3304807758142
  0
VERTEX
  8
Silberbergteufel
 10
1.5718711067602
 20
102.421453502508
 42
-0.1277563598228
  0
VERTEX
  8
Silberbergteufel
 10
0.2233499591971
 20
101.133826272443
 42
-0.1344378818789
  0
VERTEX
  8
Silberbergteufel
 10
-3.1587828420603
 20
99.9358804020975
 42
-0.0767866815907
  0
VERTEX
  8
Silberbergteufel
 10
-6.1467793595669
 20
100.014526343141
 42
-0.2151732338845
  0
VERTEX
  8
Silberbergteufel
 10
-10.6882022552137
 20
103.623893988652
 42
-0.071990766484
  0
VERTEX
  8
Silberbergteufel
 10
-11.0764455452116
 20
104.895670945796
 42
-0.0969967918979
  0
VERTEX
  8
Silberbergteufel
 10
-11.0281415426742
 20
108.696149190642
 42
-0.2476489602668
  0
VERTEX
  8
Silberbergteufel
 10
-7.1977544662449
 20
113.433432155824
 42
-0.1522509348519
  0
VERTEX
  8
Silberbergteufel
 10
-2.3063508345925
 20
114.012200427223
 42
-0.3088593364693
  0
VERTEX
  8
Silberbergteufel
 10
1.8025982526985
 20
110.113050244515
 42
-0.0544497209229
  0
VERTEX
  8
Silberbergteufel
 10
2.0440384829316
 20
108.864598073994
 42
-0.3874796476581
  0
VERTEX
  8
Silberbergteufel
 10
1.567067119873
 20
108.018143279873
 42
-0.0489589683661
  0
VERTEX
  8
Silberbergteufel
 10
-0.073477955209
 20
107.823064208068
 42
-0.0028508328323
  0
VERTEX
  8
Silberbergteufel
 10
-7.2409149973742
 20
107.807990832863
 42
0.0288943446215
  0
VERTEX
  8
Silberbergteufel
 10
-7.206004665611
 20
105.79979398509
 42
0.1434649843461
  0
VERTEX
  8
Silberbergteufel
 10
-5.9976925924053
 20
102.795058234981
 42
0.2006833859448
  0
VERTEX
  8
Silberbergteufel
 10
-3.8157722764771
 20
101.575249747737
 42
0.160739624225
  0
VERTEX
  8
Silberbergteufel
 10
-0.3841009859052
 20
102.573209957974
 42
-0.0833493011269
  0
VERTEX
  8
Silberbergteufel
 10
0.8299506578181
 20
103.43316320561
 42
-0.1986133732038
  0
SEQEND
  0
POLYLINE
  8
Silberbergteufel
 66
     1
 10
0.0
 20
0.0
 30
0.0
 70
     1
  0
VERTEX
  8
Silberbergteufel
 10
-50.5360573986542
 20
104.37349236946
 42
0.0346174939979
  0
VERTEX
  8
Silberbergteufel
 10
-48.0554585313509
 20
105.00636027008
 42
0.1786125437201
  0
VERTEX
  8
Silberbergteufel
 10
-47.4408652742925
 20
105.363712540457
 42
0.2058876548927
  0
VERTEX
  8
Silberbergteufel
 10
-47.446542979602
 20
106.126738845288
 42
0.1943463949387
  0
VERTEX
  8
Silberbergteufel
 10
-49.2607067031207
 20
107.73852618795
 42
0.1850228572343
  0
VERTEX
  8
Silberbergteufel
 10
-50.6741501251239
 20
107.549695731003
 42
0.2953207579637
  0
VERTEX
  8
Silberbergteufel
 10
-52.3919829478647
 20
104.601505667807
 42
0.4771606461249
  0
VERTEX
  8
Silberbergteufel
 10
-51.9874004995238
 20
104.127696471124
 42
0.0217811526178
  0
SEQEND
  0
POLYLINE
  8
Silberbergteufel
 66
     1
 10
0.0
 20
0.0
 30
0.0
 70
     1
  0
VERTEX
  8
Silberbergteufel
 10
-42.7214913744321
 20
99.4893816983475
 42
-0.3316383609976
  0
VERTEX
  8
Silberbergteufel
 10
-42.4535583635032
 20
99.1219443562995
 42
-0.0791047381617
  0
VERTEX
  8
Silberbergteufel
 10
-42.9263171091271
 20
98.3317388532695
 42
-0.080558754016
  0
VERTEX
  8
Silberbergteufel
 10
-44.7819268163048
 20
96.4535494914615
 42
-0.1116309266613
  0
VERTEX
  8
Silberbergteufel
 10
-48.190914749493
 20
95.1979455607875
 42
-0.1157779138577
  0
VERTEX
  8
Silberbergteufel
 10
-51.7167329075798
 20
95.3615230355845
 42
-0.0861045403824
  0
VERTEX
  8
Silberbergteufel
 10
-53.5060884232192
 20
96.4655120457215
 42
-0.0736117676345
  0
VERTEX
  8
Silberbergteufel
 10
-55.2170210360136
 20
98.3043476633705
 42
-0.0645231386695
  0
VERTEX
  8
Silberbergteufel
 10
-55.966111356744
 20
100.123020703296
 42
-0.0859781636084
  0
VERTEX
  8
Silberbergteufel
 10
-56.34993609072
 20
102.415912165299
 42
-0.1325536640334
  0
VERTEX
  8
Silberbergteufel
 10
-55.1606234690339
 20
106.021923864108
 42
-0.173658691601
  0
VERTEX
  8
Silberbergteufel
 10
-51.1194107277164
 20
109.11968222135
 42
-0.1303451035263
  0
VERTEX
  8
Silberbergteufel
 10
-46.9790113362779
 20
109.254129231465
 42
-0.1073611243157
  0
VERTEX
  8
Silberbergteufel
 10
-45.8502252621593
 20
108.710260578563
 42
-0.1882900175394
  0
VERTEX
  8
Silberbergteufel
 10
-43.5335045731189
 20
105.330415221909
 42
-0.1914097136659
  0
VERTEX
  8
Silberbergteufel
 10
-43.5181555114437
 20
104.652818765107
 42
-0.1805765601849
  0
VERTEX
  8
Silberbergteufel
 10
-43.7974937177882
 20
104.483723321814
 42
-0.0076337587388
  0
VERTEX
  8
Silberbergteufel
 10
-49.2256372537448
 20
103.141654531396
 42
0.0195594907318
  0
VERTEX
  8
Silberbergteufel
 10
-52.2079649709999
 20
102.412301332532
 42
0.3891829821208
  0
VERTEX
  8
Silberbergteufel
 10
-52.3906288536931
 20
102.169967432151
 42
0.0533102630961
  0
VERTEX
  8
Silberbergteufel
 10
-51.6774580788098
 20
100.010381745477
 42
0.0728400051051
  0
VERTEX
  8
Silberbergteufel
 10
-50.7967871209395
 20
98.4515493244015
 42
0.3233598186844
  0
VERTEX
  8
Silberbergteufel
 10
-46.7470604405528
 20
97.2440435202025
 42
0.0951996807676
  0
VERTEX
  8
Silberbergteufel
 10
-44.4895481197774
 20
98.6384355955275
 42
-0.0674611438129
  0
VERTEX
  8
Silberbergteufel
 10
-43.3833531946433
 20
99.5217693997855
 42
-0.2945439304382
  0
SEQEND
  0
POLYLINE
  8
Silberbergteufel
 66
     1
 10
0.0
 20
0.0
 30
0.0
 70
     1
  0
VERTEX
  8
Silberbergteufel
 10
4.0444685368235
 20
101.016693546648
 42
0.1781010090258
  0
VERTEX
  8
Silberbergteufel
 10
5.1624917213787
 20
101.582866790419
 42
0.0981142355017
  0
VERTEX
  8
Silberbergteufel
 10
5.373070204132
 20
102.232441883853
 42
0.0353769588911
  0
VERTEX
  8
Silberbergteufel
 10
5.970924931197
 20
108.998325379408
 42
0.0797128935759
  0
VERTEX
  8
Silberbergteufel
 10
5.828539136251
 20
110.88155429505
 42
0.2888528587855
  0
VERTEX
  8
Silberbergteufel
 10
4.8123203332484
 20
111.941041329809
 42
-0.1562966314903
  0
VERTEX
  8
Silberbergteufel
 10
4.0919846514023
 20
112.221181159387
 42
-0.6111039513762
  0
VERTEX
  8
Silberbergteufel
 10
4.247518830783
 20
113.000076607543
 42
-0.0282281695884
  0
VERTEX
  8
Silberbergteufel
 10
6.1735297941536
 20
113.271129919933
 42
0.016219143128
  0
VERTEX
  8
Silberbergteufel
 10
8.7536999319025
 20
113.596879658758
 42
-0.5053261501851
  0
VERTEX
  8
Silberbergteufel
 10
9.2022297646231
 20
113.339764165541
 42
0.0469619412906
  0
VERTEX
  8
Silberbergteufel
 10
9.3407553767014
 20
111.574836046505
 42
0.0250034346052
  0
VERTEX
  8
Silberbergteufel
 10
9.5481895371735
 20
110.75482874912
 42
-0.1100083589881
  0
VERTEX
  8
Silberbergteufel
 10
11.2689608928938
 20
112.419766841682
 42
-0.1664855563797
  0
VERTEX
  8
Silberbergteufel
 10
14.1645752399757
 20
113.121273169385
 42
-0.3394140520456
  0
VERTEX
  8
Silberbergteufel
 10
16.0709405128089
 20
111.615847354506
 42
-0.2053261131219
  0
VERTEX
  8
Silberbergteufel
 10
15.6962256960952
 20
110.29227756071
 42
-0.1392085898636
  0
VERTEX
  8
Silberbergteufel
 10
14.7212517964258
 20
109.504569801216
 42
-0.171852032058
  0
VERTEX
  8
Silberbergteufel
 10
13.6215711309013
 20
109.654446363363
 42
-0.0272238242546
  0
VERTEX
  8
Silberbergteufel
 10
11.8708517443918
 20
110.810636718904
 42
0.1347847092153
  0
VERTEX
  8
Silberbergteufel
 10
10.3375396645719
 20
108.720527271722
 42
0.0678267569124
  0
VERTEX
  8
Silberbergteufel
 10
9.3040903463688
 20
103.49689574091
 42
0.0789288794014
  0
VERTEX
  8
Silberbergteufel
 10
9.3458365986493
 20
101.645857449238
 42
0.2845151597204
  0
VERTEX
  8
Silberbergteufel
 10
10.1986653527084
 20
100.623676909639
 42
-0.0003073754925
  0
VERTEX
  8
Silberbergteufel
 10
10.9244668501901
 20
100.472277503304
 42
-0.2112976780449
  0
VERTEX
  8
Silberbergteufel
 10
11.8379018674995
 20
100.348840338803
 42
-0.4394298713935
  0
VERTEX
  8
Silberbergteufel
 10
11.5910275384969
 20
99.2379058582915
 42
-0.0552420056222
  0
VERTEX
  8
Silberbergteufel
 10
9.8622888240378
 20
99.3774280021575
 42
-0.0321592117908
  0
VERTEX
  8
Silberbergteufel
 10
8.8561373639988
 20
99.4782225670575
 42
-0.0014963010978
  0
VERTEX
  8
Silberbergteufel
 10
4.6913093579939
 20
99.7235609609005
 42
-0.0628967415833
  0
VERTEX
  8
Silberbergteufel
 10
3.291777602035
 20
99.8584555879805
 42
-0.638899087881
  0
VERTEX
  8
Silberbergteufel
 10
3.2580539452649
 20
100.870165291084
 42
-0.1041269369765
  0
SEQEND
  0
POLYLINE
  8
Silberbergteufel
 66
     1
 10
0.0
 20
0.0
 30
0.0
 70
     1
  0
VERTEX
  8
Silberbergteufel
 10
23.9645555872213
 20
110.358515640153
 42
0.1218342472548
  0
VERTEX
  8
Silberbergteufel
 10
23.3907257821344
 20
110.649048529257
 42
0.1386111286256
  0
VERTEX
  8
Silberbergteufel
 10
22.750452864797
 20
110.426366075372
 42
0.1770413382966
  0
VERTEX
  8
Silberbergteufel
 10
21.4516479881983
 20
108.634490784282
 42
0.1164130585307
  0
VERTEX
  8
Silberbergteufel
 10
21.2588915611096
 20
105.616584122481
 42
0.1541284824494
  0
VERTEX
  8
Silberbergteufel
 10
21.7019744144478
 20
104.53522935534
 42
0.239769292079
  0
VERTEX
  8
Silberbergteufel
 10
22.8525105581415
 20
104.140867303723
 42
0.2211497049287
  0
VERTEX
  8
Silberbergteufel
 10
24.0002597172644
 20
104.804086896716
 42
0.0761905570257
  0
VERTEX
  8
Silberbergteufel
 10
24.6068096250453
 20
106.243278732655
 42
0.0946278537444
  0
VERTEX
  8
Silberbergteufel
 10
24.8553888218533
 20
108.902387029196
 42
0.2194615921676
  0
SEQEND
  0
POLYLINE
  8
Silberbergteufel
 66
     1
 10
0.0
 20
0.0
 30
0.0
 70
     1
  0
VERTEX
  8
Silberbergteufel
 10
52.8229805653812
 20
93.9484295316755
 42
-0.1849269114775
  0
VERTEX
  8
Silberbergteufel
 10
53.0174588544649
 20
93.4550938672235
 42
-0.1749201033388
  0
VERTEX
  8
Silberbergteufel
 10
52.7950623947789
 20
92.9280575658735
 42
-0.1589651230021
  0
VERTEX
  8
Silberbergteufel
 10
48.2263597660159
 20
92.0923961501665
 42
-0.1002546192792
  0
VERTEX
  8
Silberbergteufel
 10
45.2752119070242
 20
92.8545082055625
 42
-0.1355434472813
  0
VERTEX
  8
Silberbergteufel
 10
42.2367152203214
 20
95.7160918966825
 42
-0.1620246950677
  0
VERTEX
  8
Silberbergteufel
 10
41.5077918557043
 20
100.071161056935
 42
-0.2624218832226
  0
VERTEX
  8
Silberbergteufel
 10
45.862640981455
 20
105.895780121941
 42
-0.1756563237919
  0
VERTEX
  8
Silberbergteufel
 10
51.834373725429
 20
105.703707117354
 42
-0.1657477874457
  0
VERTEX
  8
Silberbergteufel
 10
54.6452165043559
 20
103.421602890003
 42
-0.106675590341
  0
VERTEX
  8
Silberbergteufel
 10
55.0271674813643
 20
101.928092963458
 42
-0.0492259776591
  0
VERTEX
  8
Silberbergteufel
 10
54.9531884446713
 20
99.0359638466655
 42
-0.1711764775571
  0
VERTEX
  8
Silberbergteufel
 10
54.8514057974679
 20
98.6271204233415
 42
-0.0410099262281
  0
VERTEX
  8
Silberbergteufel
 10
53.636131196295
 20
98.8089817889685
 42
-0.0019254769862
  0
VERTEX
  8
Silberbergteufel
 10
48.9473892307295
 20
100.053886825177
 42
0.0471754106273
  0
VERTEX
  8
Silberbergteufel
 10
46.189395074208
 20
100.666760411164
 42
0.183628910601
  0
VERTEX
  8
Silberbergteufel
 10
45.7901260623285
 20
100.64342796538
 42
0.1209667282326
  0
VERTEX
  8
Silberbergteufel
 10
45.5094975756165
 20
99.9103400677705
 42
0.0911753270678
  0
VERTEX
  8
Silberbergteufel
 10
45.5395475207867
 20
96.2224210650615
 42
0.2133984093262
  0
VERTEX
  8
Silberbergteufel
 10
47.2960169059268
 20
94.0342651883335
 42
0.1420876883946
  0
VERTEX
  8
Silberbergteufel
 10
50.0835219187796
 20
93.6401283707205
 42
0.0092534592297
  0
VERTEX
  8
Silberbergteufel
 10
51.8164854651619
 20
94.0562240467995
 42
-0.1646613838451
  0
VERTEX
  8
Silberbergteufel
 10
52.6030920735753
 20
94.1233569392515
 42
-0.1530840008987
  0
SEQEND
  0
POLYLINE
  8
Silberbergteufel
 66
     1
 10
0.0
 20
0.0
 30
0.0
 70
     1
  0
VERTEX
  8
Silberbergteufel
 10
-30.6149796066541
 20
118.953556556084
 42
-0.2781178524667
  0
VERTEX
  8
Silberbergteufel
 10
-30.1152753713801
 20
119.571029594103
 42
-0.0293560483364
  0
VERTEX
  8
Silberbergteufel
 10
-25.7886373424318
 20
120.672823654257
 42
-0.1313119733143
  0
VERTEX
  8
Silberbergteufel
 10
-25.1501707023432
 20
120.732446493795
 42
-0.2869681557723
  0
VERTEX
  8
Silberbergteufel
 10
-25.0538468860098
 20
120.517622238173
 42
-0.014804127854
  0
VERTEX
  8
Silberbergteufel
 10
-24.2552950480249
 20
111.673698024393
 42
0.3256670623414
  0
VERTEX
  8
Silberbergteufel
 10
-24.0302480779164
 20
111.71564644084
 42
0.0221346236063
  0
VERTEX
  8
Silberbergteufel
 10
-22.9949145463423
 20
112.600054692773
 42
-0.1569721338731
  0
VERTEX
  8
Silberbergteufel
 10
-20.3569952205121
 20
113.62493537748
 42
-0.2456551593428
  0
VERTEX
  8
Silberbergteufel
 10
-14.9138816986727
 20
111.403881487851
 42
-0.3074433783698
  0
VERTEX
  8
Silberbergteufel
 10
-14.062677320648
 20
102.818749065685
 42
-0.2844570404167
  0
VERTEX
  8
Silberbergteufel
 10
-20.2803416096288
 20
99.3372253027615
 42
-0.1417607288436
  0
VERTEX
  8
Silberbergteufel
 10
-23.5310071578071
 20
100.444605346905
 42
0.0
  0
VERTEX
  8
Silberbergteufel
 10
-24.2826612966237
 20
100.968402197937
 42
-0.0375139921886
  0
VERTEX
  8
Silberbergteufel
 10
-25.9415847018966
 20
99.3996936183615
 42
-0.143861699574
  0
VERTEX
  8
Silberbergteufel
 10
-26.5027618741666
 20
99.0975868572185
 42
-0.3374308678499
  0
VERTEX
  8
Silberbergteufel
 10
-26.8867625375552
 20
99.3992425490475
 42
-0.0338041420588
  0
VERTEX
  8
Silberbergteufel
 10
-27.1022840597498
 20
100.788207601598
 42
0.0011973690656
  0
VERTEX
  8
Silberbergteufel
 10
-27.993955457244
 20
112.271003102939
 42
0.0291140545178
  0
VERTEX
  8
Silberbergteufel
 10
-28.4273394622595
 20
116.395979150144
 42
0.0946366288537
  0
VERTEX
  8
Silberbergteufel
 10
-28.802630335738
 20
117.805609845725
 42
0.2685360601834
  0
VERTEX
  8
Silberbergteufel
 10
-29.7085345757525
 20
118.417504483632
 42
-0.1510468545775
  0
VERTEX
  8
Silberbergteufel
 10
-30.4117960942453
 20
118.513009490103
 42
-0.2110476300304
  0
SEQEND
  0
POLYLINE
  8
Silberbergteufel
 66
     1
 10
0.0
 20
0.0
 30
0.0
 70
     1
  0
VERTEX
  8
Silberbergteufel
 10
28.9092247411352
 20
109.277307908267
 42
0.2770662947031
  0
VERTEX
  8
Silberbergteufel
 10
28.4032822138727
 20
108.680018936953
 42
-0.006109578208
  0
VERTEX
  8
Silberbergteufel
 10
28.3225943048737
 20
106.892228886236
 42
-0.3319395770264
  0
VERTEX
  8
Silberbergteufel
 10
25.03018878885
 20
102.842939219805
 42
-0.0311928297484
  0
VERTEX
  8
Silberbergteufel
 10
22.186492385928
 20
102.495736203305
 42
0.0498102119591
  0
VERTEX
  8
Silberbergteufel
 10
20.4914343559516
 20
102.326464457797
 42
0.2026297073825
  0
VERTEX
  8
Silberbergteufel
 10
20.0569556153442
 20
102.12433184719
 42
0.3794356107534
  0
VERTEX
  8
Silberbergteufel
 10
20.2383585614146
 20
101.430444845891
 42
0.0384351604766
  0
VERTEX
  8
Silberbergteufel
 10
21.9026438456239
 20
100.787365507529
 42
-0.0297023377766
  0
VERTEX
  8
Silberbergteufel
 10
25.356017715987
 20
99.7049166882315
 42
-0.1165013500347
  0
VERTEX
  8
Silberbergteufel
 10
27.3118429724678
 20
98.5597609754975
 42
-0.2939532584732
  0
VERTEX
  8
Silberbergteufel
 10
28.3315586891944
 20
93.7632916647525
 42
-0.2378423597005
  0
VERTEX
  8
Silberbergteufel
 10
25.503960820265
 20
91.4045129442915
 42
-0.0742612518319
  0
VERTEX
  8
Silberbergteufel
 10
21.1787354702984
 20
91.2654337844925
 42
-0.0849558030381
  0
VERTEX
  8
Silberbergteufel
 10
17.0579071455871
 20
92.4059052986315
 42
-0.1065802922012
  0
VERTEX
  8
Silberbergteufel
 10
15.3577752152979
 20
93.6054912768115
 42
-0.1924751153617
  0
VERTEX
  8
Silberbergteufel
 10
14.6025579565617
 20
95.2465217042685
 42
-0.1757554024968
  0
VERTEX
  8
Silberbergteufel
 10
15.3954210475152
 20
97.5785449581625
 42
-0.2109831121873
  0
VERTEX
  8
Silberbergteufel
 10
17.2181711457457
 20
98.2431897226075
 42
-0.1737016810938
  0
VERTEX
  8
Silberbergteufel
 10
18.9580089095418
 20
97.6183276685295
 42
0.0
  0
VERTEX
  8
Silberbergteufel
 10
19.6875745573027
 20
96.9907791882135
 42
0.0782971765498
  0
VERTEX
  8
Silberbergteufel
 10
18.4729708763836
 20
96.2884162100545
 42
0.201972379891
  0
VERTEX
  8
Silberbergteufel
 10
18.0017710831869
 20
95.2301235956775
 42
0.2353759601994
  0
VERTEX
  8
Silberbergteufel
 10
18.6822860940657
 20
93.7213968639955
 42
0.1160827163507
  0
VERTEX
  8
Silberbergteufel
 10
21.0900797328544
 20
92.7767473980565
 42
0.1033370090394
  0
VERTEX
  8
Silberbergteufel
 10
23.7469576939135
 20
92.7889346115315
 42
0.3376983524228
  0
VERTEX
  8
Silberbergteufel
 10
25.394914665068
 20
94.4104779655765
 42
0.2317474776915
  0
VERTEX
  8
Silberbergteufel
 10
25.0333818546807
 20
96.0793770649395
 42
0.0853012838564
  0
VERTEX
  8
Silberbergteufel
 10
23.8402207035337
 20
96.9078040768615
 42
0.0211430243322
  0
VERTEX
  8
Silberbergteufel
 10
20.951337937647
 20
97.8980020795065
 42
-0.0461490839072
  0
VERTEX
  8
Silberbergteufel
 10
18.2319840345397
 20
98.8348630429465
 42
-0.1509932262304
  0
VERTEX
  8
Silberbergteufel
 10
17.0185186267565
 20
99.6958128009595
 42
-0.1235175945988
  0
VERTEX
  8
Silberbergteufel
 10
16.667144503404
 20
100.970674019158
 42
-0.1569251178578
  0
VERTEX
  8
Silberbergteufel
 10
17.0414088561536
 20
102.284050174836
 42
-0.1726344837092
  0
VERTEX
  8
Silberbergteufel
 10
18.4789238057636
 20
103.482550321075
 42
-0.0862109777684
  0
VERTEX
  8
Silberbergteufel
 10
19.6111705836111
 20
103.558160903903
 42
-0.0653111594028
  0
VERTEX
  8
Silberbergteufel
 10
18.192534152332
 20
105.436375326473
 42
-0.0817808928952
  0
VERTEX
  8
Silberbergteufel
 10
17.8190882795876
 20
106.868295509826
 42
-0.0534672128609
  0
VERTEX
  8
Silberbergteufel
 10
17.7705232326771
 20
108.574835268916
 42
-0.1216572334192
  0
VERTEX
  8
Silberbergteufel
 10
18.3033438581352
 20
109.932905797343
 42
-0.1788996793304
  0
VERTEX
  8
Silberbergteufel
 10
21.1532202410098
 20
111.831511083456
 42
-0.2149815908298
  0
VERTEX
  8
Silberbergteufel
 10
26.7427809698182
 20
110.74039021755
 42
0.0
  0
VERTEX
  8
Silberbergteufel
 10
27.4895796779409
 20
110.208621482415
 42
-0.0610951883232
  0
VERTEX
  8
Silberbergteufel
 10
29.6554833221571
 20
110.86264628273
 42
-0.1517673085072
  0
VERTEX
  8
Silberbergteufel
 10
31.4561894282655
 20
110.664384930396
 42
-0.2149139303
  0
VERTEX
  8
Silberbergteufel
 10
32.7448008874996
 20
109.294350274129
 42
-0.1969644036482
  0
VERTEX
  8
Silberbergteufel
 10
32.4367798009175
 20
108.356020445628
 42
-0.3839093395807
  0
VERTEX
  8
Silberbergteufel
 10
31.0363270815428
 20
108.078917269721
 42
-0.0305359319189
  0
VERTEX
  8
Silberbergteufel
 10
30.1331264785513
 20
108.801342686761
 42
0.139503015122
  0
VERTEX
  8
Silberbergteufel
 10
29.3568883591556
 20
109.292388954945
 42
0.1294554161986
  0
SEQEND
  0
POLYLINE
  8
Hofsgrund
 66
     1
 10
0.0
 20
0.0
 30
0.0
 70
     1
  0
VERTEX
  8
Hofsgrund
 10
-20.7536233421646
 20
-148.174924451327
 42
-0.242085956239
  0
VERTEX
  8
Hofsgrund
 10
-21.4591475034308
 20
-148.583703827732
 42
-0.2981943814519
  0
VERTEX
  8
Hofsgrund
 10
-21.7404237576511
 20
-148.258342108392
 42
-0.0273647513243
  0
VERTEX
  8
Hofsgrund
 10
-21.8547705257984
 20
-145.934448660001
 42
-0.0611625088041
  0
VERTEX
  8
Hofsgrund
 10
-21.7820268290924
 20
-144.317449671491
 42
-0.5454519443337
  0
VERTEX
  8
Hofsgrund
 10
-21.1132287077758
 20
-143.936164461685
 42
-0.1130131118316
  0
VERTEX
  8
Hofsgrund
 10
-20.3218918880162
 20
-144.87849085386
 42
0.1222375947611
  0
VERTEX
  8
Hofsgrund
 10
-19.0248359051302
 20
-146.684603812081
 42
0.3455982691472
  0
VERTEX
  8
Hofsgrund
 10
-15.8491941820602
 20
-146.900092309336
 42
0.3597112419554
  0
VERTEX
  8
Hofsgrund
 10
-15.4057212620516
 20
-145.34613374123
 42
0.1243558359799
  0
VERTEX
  8
Hofsgrund
 10
-16.7065005218002
 20
-143.861963488092
 42
-0.0359237725946
  0
VERTEX
  8
Hofsgrund
 10
-19.804802668599
 20
-141.764757529645
 42
-0.119284660798
  0
VERTEX
  8
Hofsgrund
 10
-21.2268305574285
 20
-140.138560901608
 42
-0.1039121261208
  0
VERTEX
  8
Hofsgrund
 10
-21.5721184751116
 20
-138.006569072767
 42
-0.1785231490047
  0
VERTEX
  8
Hofsgrund
 10
-20.8308625517646
 20
-136.120850316287
 42
-0.2533826214383
  0
VERTEX
  8
Hofsgrund
 10
-16.9867725057736
 20
-134.53918301417
 42
-0.0444042337418
  0
VERTEX
  8
Hofsgrund
 10
-15.4215958057705
 20
-134.916714758332
 42
0.0940037587929
  0
VERTEX
  8
Hofsgrund
 10
-14.5132414020231
 20
-135.105058860756
 42
0.2981133833156
  0
VERTEX
  8
Hofsgrund
 10
-14.1893231523985
 20
-134.953381032667
 42
-0.2555672098201
  0
VERTEX
  8
Hofsgrund
 10
-13.6068205170254
 20
-134.76359068893
 42
-0.2357787981051
  0
VERTEX
  8
Hofsgrund
 10
-13.3568504804502
 20
-135.196458956203
 42
-0.0438904739411
  0
VERTEX
  8
Hofsgrund
 10
-13.3127826487156
 20
-137.956790307062
 42
-0.1528014394102
  0
VERTEX
  8
Hofsgrund
 10
-13.4548962811645
 20
-138.496900234864
 42
-0.3395890476725
  0
VERTEX
  8
Hofsgrund
 10
-14.2404472796354
 20
-138.450569812471
 42
-0.086553437558
  0
VERTEX
  8
Hofsgrund
 10
-14.9644083595086
 20
-137.536436890367
 42
0.1907707883463
  0
VERTEX
  8
Hofsgrund
 10
-16.5553751754484
 20
-136.049176971996
 42
0.350477067199
  0
VERTEX
  8
Hofsgrund
 10
-18.5381556750469
 20
-136.646697489842
 42
0.2449186284537
  0
VERTEX
  8
Hofsgrund
 10
-18.5182329652008
 20
-137.857481428062
 42
0.1056008414138
  0
VERTEX
  8
Hofsgrund
 10
-17.0444347282644
 20
-139.3578471011
 42
-0.0564832887896
  0
VERTEX
  8
Hofsgrund
 10
-13.8023320316342
 20
-141.660506299505
 42
-0.0962542504249
  0
VERTEX
  8
Hofsgrund
 10
-12.4579592448962
 20
-143.24284513615
 42
-0.3326288553256
  0
VERTEX
  8
Hofsgrund
 10
-13.3575799899957
 20
-147.614502414854
 42
-0.170679125292
  0
VERTEX
  8
Hofsgrund
 10
-16.6557902150478
 20
-148.804095821924
 42
-0.1274143009623
  0
VERTEX
  8
Hofsgrund
 10
-19.8208198599246
 20
-148.084671437567
 42
0.1538644144951
  0
VERTEX
  8
Hofsgrund
 10
-20.355951010962
 20
-147.911964576775
 42
0.1511475850238
  0
SEQEND
  0
POLYLINE
  8
Hofsgrund
 66
     1
 10
0.0
 20
0.0
 30
0.0
 70
     1
  0
VERTEX
  8
Hofsgrund
 10
-2.9204990980685
 20
-141.959083500287
 42
0.1049638499886
  0
VERTEX
  8
Hofsgrund
 10
-2.4289356158883
 20
-140.681552626552
 42
0.1196703035443
  0
VERTEX
  8
Hofsgrund
 10
-2.476327128455
 20
-137.481103580408
 42
0.1549122098963
  0
VERTEX
  8
Hofsgrund
 10
-3.1557139417319
 20
-136.247525528158
 42
0.3009535783978
  0
VERTEX
  8
Hofsgrund
 10
-4.533351690525
 20
-136.073937524723
 42
0.1637881881152
  0
VERTEX
  8
Hofsgrund
 10
-5.4628501706979
 20
-136.890749275064
 42
0.077122005857
  0
VERTEX
  8
Hofsgrund
 10
-5.66412473388
 20
-138.15491819418
 42
0.0348876496715
  0
VERTEX
  8
Hofsgrund
 10
-5.6323725478435
 20
-140.537166392762
 42
0.1603783033541
  0
VERTEX
  8
Hofsgrund
 10
-5.3023942675951
 20
-141.720027410005
 42
0.3681350747037
  0
VERTEX
  8
Hofsgrund
 10
-3.5093300031789
 20
-142.379843848238
 42
0.1205072568068
  0
SEQEND
  0
POLYLINE
  8
Hofsgrund
 66
     1
 10
0.0
 20
0.0
 30
0.0
 70
     1
  0
VERTEX
  8
Hofsgrund
 10
56.3562390381285
 20
-147.394286514467
 42
-0.4310009420015
  0
VERTEX
  8
Hofsgrund
 10
56.8565637975525
 20
-147.954862006307
 42
0.0
  0
VERTEX
  8
Hofsgrund
 10
56.8565637975525
 20
-148.515465157667
 42
-0.0143913555882
  0
VERTEX
  8
Hofsgrund
 10
50.151719831783
 20
-148.361608517184
 42
-0.0647274601211
  0
VERTEX
  8
Hofsgrund
 10
48.9916650987462
 20
-148.221793435754
 42
-0.5042957500102
  0
VERTEX
  8
Hofsgrund
 10
48.6312079431656
 20
-147.576312888629
 42
-0.1816129801732
  0
VERTEX
  8
Hofsgrund
 10
49.1770501969125
 20
-147.394286514467
 42
0.1717805297826
  0
VERTEX
  8
Hofsgrund
 10
50.2366819414817
 20
-147.168524433512
 42
0.1668727644719
  0
VERTEX
  8
Hofsgrund
 10
50.793943609859
 20
-146.086965972874
 42
0.0573311582344
  0
VERTEX
  8
Hofsgrund
 10
50.9222305159154
 20
-139.93853045471
 42
0.0721384622081
  0
VERTEX
  8
Hofsgrund
 10
50.4980209370981
 20
-137.68397925079
 42
0.2338235760353
  0
VERTEX
  8
Hofsgrund
 10
49.2344040867754
 20
-136.340312670052
 42
0.2945942971316
  0
VERTEX
  8
Hofsgrund
 10
46.2611458153901
 20
-137.006548046998
 42
0.1626051749363
  0
VERTEX
  8
Hofsgrund
 10
45.1677340214741
 20
-139.30981247869
 42
0.0130455676183
  0
VERTEX
  8
Hofsgrund
 10
44.9110947677925
 20
-146.236044114467
 42
0.1420609540306
  0
VERTEX
  8
Hofsgrund
 10
46.2103552199868
 20
-147.293155436713
 42
0.033875482899
  0
VERTEX
  8
Hofsgrund
 10
46.7585093248043
 20
-147.403721359127
 42
-0.3860259022693
  0
VERTEX
  8
Hofsgrund
 10
47.1757317975525
 20
-147.947338616867
 42
0.0
  0
VERTEX
  8
Hofsgrund
 10
47.1757317975525
 20
-148.500529016867
 42
0.0
  0
VERTEX
  8
Hofsgrund
 10
39.1544709975525
 20
-148.500529016867
 42
-0.0554840325398
  0
VERTEX
  8
Hofsgrund
 10
39.1713625387586
 20
-147.817714997425
 42
-0.2244571058709
  0
VERTEX
  8
Hofsgrund
 10
39.82397727101
 20
-147.296204942498
 42
0.1953675096968
  0
VERTEX
  8
Hofsgrund
 10
41.0275209731499
 20
-146.658563910706
 42
0.0843926392938
  0
VERTEX
  8
Hofsgrund
 10
41.1931210737599
 20
-146.086165127148
 42
0.0387175707696
  0
VERTEX
  8
Hofsgrund
 10
41.2897343062186
 20
-138.837126169183
 42
0.1001196555173
  0
VERTEX
  8
Hofsgrund
 10
40.9819856966195
 20
-137.158882608875
 42
0.2651851184875
  0
VERTEX
  8
Hofsgrund
 10
40.0000331075948
 20
-136.413284767531
 42
-0.1038585380709
  0
VERTEX
  8
Hofsgrund
 10
39.1246828937833
 20
-136.243185335856
 42
-0.579594472815
  0
VERTEX
  8
Hofsgrund
 10
39.1270110936158
 20
-135.582467036312
 42
-0.0541829807408
  0
VERTEX
  8
Hofsgrund
 10
40.571386960836
 20
-135.086025346225
 42
-0.0393690128131
  0
VERTEX
  8
Hofsgrund
 10
43.5967993522548
 20
-134.566133560591
 42
-0.1505691142734
  0
VERTEX
  8
Hofsgrund
 10
43.9249969224165
 20
-134.574901120547
 42
-0.1437428928092
  0
VERTEX
  8
Hofsgrund
 10
44.1331845975525
 20
-135.470931270947
 42
0.1622803166282
  0
VERTEX
  8
Hofsgrund
 10
44.250320687942
 20
-136.281315807617
 42
0.3705718321086
  0
VERTEX
  8
Hofsgrund
 10
44.6660070249465
 20
-136.337564554046
 42
0.0146281522157
  0
VERTEX
  8
Hofsgrund
 10
45.7939753579005
 20
-135.483142517504
 42
-0.227672338812
  0
VERTEX
  8
Hofsgrund
 10
51.0608847642983
 20
-134.717963391455
 42
-0.1035134131292
  0
VERTEX
  8
Hofsgrund
 10
52.9851209134904
 20
-135.915038605963
 42
-0.1718122793753
  0
VERTEX
  8
Hofsgrund
 10
54.344196179839
 20
-138.516800729802
 42
-0.0189015778826
  0
VERTEX
  8
Hofsgrund
 10
54.6268496777445
 20
-142.369353856547
 42
0.0266495514879
  0
VERTEX
  8
Hofsgrund
 10
54.8052357319995
 20
-145.653750107309
 42
0.0824728917942
  0
VERTEX
  8
Hofsgrund
 10
54.9997418257966
 20
-146.59842235508
 42
0.1975017596276
  0
VERTEX
  8
Hofsgrund
 10
55.8775225970337
 20
-147.291116317978
 42
0.0548448657002
  0
SEQEND
  0
POLYLINE
  8
Hofsgrund
 66
     1
 10
0.0
 20
0.0
 30
0.0
 70
     1
  0
VERTEX
  8
Hofsgrund
 10
-52.053765087737
 20
-147.477627952127
 42
-0.2383140078908
  0
VERTEX
  8
Hofsgrund
 10
-51.4663421859501
 20
-147.63828769567
 42
-0.1431450148557
  0
VERTEX
  8
Hofsgrund
 10
-51.349705835897
 20
-148.597064045567
 42
-0.0112462434459
  0
VERTEX
  8
Hofsgrund
 10
-59.0767148984116
 20
-148.448327240977
 42
-0.0788068601753
  0
VERTEX
  8
Hofsgrund
 10
-60.6445158070234
 20
-148.278415662143
 42
-0.7728319801466
  0
VERTEX
  8
Hofsgrund
 10
-60.7480613734771
 20
-147.588297819562
 42
-0.0395821514905
  0
VERTEX
  8
Hofsgrund
 10
-59.5397073007833
 20
-147.302964279173
 42
0.1530431940224
  0
VERTEX
  8
Hofsgrund
 10
-58.56870655971
 20
-146.899312667632
 42
0.1308821987791
  0
VERTEX
  8
Hofsgrund
 10
-58.1167102313584
 20
-145.883673604511
 42
0.0212778493066
  0
VERTEX
  8
Hofsgrund
 10
-57.987990635897
 20
-142.755760654847
 42
0.0
  0
VERTEX
  8
Hofsgrund
 10
-57.987990635897
 20
-139.179771952127
 42
0.0
  0
VERTEX
  8
Hofsgrund
 10
-67.392227435897
 20
-139.179771952127
 42
0.0344372881827
  0
VERTEX
  8
Hofsgrund
 10
-67.274169950121
 20
-145.687293012418
 42
0.0714586890856
  0
VERTEX
  8
Hofsgrund
 10
-67.1376548762224
 20
-146.586505135796
 42
0.1730874726668
  0
VERTEX
  8
Hofsgrund
 10
-66.386908435653
 20
-147.196960082873
 42
0.001398121424
  0
VERTEX
  8
Hofsgrund
 10
-65.2014487883344
 20
-147.482807871503
 42
-0.2857083250574
  0
VERTEX
  8
Hofsgrund
 10
-64.6532727843705
 20
-147.879146596571
 42
-0.07180531683
  0
VERTEX
  8
Hofsgrund
 10
-64.626275435897
 20
-148.584008752127
 42
0.0
  0
VERTEX
  8
Hofsgrund
 10
-74.030512235897
 20
-148.584008752127
 42
-0.0613522923082
  0
VERTEX
  8
Hofsgrund
 10
-74.0103010925311
 20
-147.897509557483
 42
-0.2223441976459
  0
VERTEX
  8
Hofsgrund
 10
-73.3239980828296
 20
-147.413678820604
 42
0.0809500910001
  0
VERTEX
  8
Hofsgrund
 10
-72.2860089809608
 20
-147.151586351692
 42
0.2049681288343
  0
VERTEX
  8
Hofsgrund
 10
-71.6732183469914
 20
-146.293436564118
 42
0.0342650499455
  0
VERTEX
  8
Hofsgrund
 10
-71.4343707525708
 20
-143.69099574241
 42
0.0086405260455
  0
VERTEX
  8
Hofsgrund
 10
-71.4331249874234
 20
-133.500323345578
 42
0.0482107396895
  0
VERTEX
  8
Hofsgrund
 10
-71.6019140096467
 20
-130.993251075365
 42
0.1213411489053
  0
VERTEX
  8
Hofsgrund
 10
-71.8837028589842
 20
-130.137906687037
 42
0.2002103972531
  0
VERTEX
  8
Hofsgrund
 10
-72.6241833766816
 20
-129.783414063528
 42
-0.09642167257
  0
VERTEX
  8
Hofsgrund
 10
-73.4458062937928
 20
-129.723644595818
 42
-0.3256931678325
  0
VERTEX
  8
Hofsgrund
 10
-73.753917035897
 20
-129.222344752127
 42
0.0
  0
VERTEX
  8
Hofsgrund
 10
-73.753917035897
 20
-128.669154352127
 42
0.0
  0
VERTEX
  8
Hofsgrund
 10
-64.902870635897
 20
-128.669154352127
 42
-0.1165686337162
  0
VERTEX
  8
Hofsgrund
 10
-64.9433227894586
 20
-129.493896363047
 42
-0.2567601734093
  0
VERTEX
  8
Hofsgrund
 10
-65.4957415245944
 20
-129.769108350301
 42
0.1046901367711
  0
VERTEX
  8
Hofsgrund
 10
-66.4849595379739
 20
-129.866204902955
 42
0.2348438349775
  0
VERTEX
  8
Hofsgrund
 10
-67.1697683000617
 20
-130.678074645239
 42
0.0401249536894
  0
VERTEX
  8
Hofsgrund
 10
-67.3832724360763
 20
-132.915807500224
 42
0.003837683825
  0
VERTEX
  8
Hofsgrund
 10
-67.392227435897
 20
-137.520200752127
 42
0.0
  0
VERTEX
  8
Hofsgrund
 10
-57.987990635897
 20
-137.520200752127
 42
0.021323971571
  0
VERTEX
  8
Hofsgrund
 10
-58.0242297790275
 20
-132.425494426855
 42
0.0872334740312
  0
VERTEX
  8
Hofsgrund
 10
-58.2670173659919
 20
-130.750756896089
 42
0.2930805258421
  0
VERTEX
  8
Hofsgrund
 10
-59.4844211640137
 20
-129.752715395838
 42
-0.1473449170033
  0
VERTEX
  8
Hofsgrund
 10
-60.4449043510344
 20
-129.513857753578
 42
-0.3652515635593
  0
VERTEX
  8
Hofsgrund
 10
-60.6989465262997
 20
-128.978593925245
 42
-0.1919468421187
  0
VERTEX
  8
Hofsgrund
 10
-60.1460320709515
 20
-128.75342932378
 42
-0.0109076591812
  0
VERTEX
  8
Hofsgrund
 10
-55.6198055841511
 20
-128.669447560312
 42
-0.0282255956231
  0
VERTEX
  8
Hofsgrund
 10
-52.4686064416288
 20
-128.729715996221
 42
-0.1297280929102
  0
VERTEX
  8
Hofsgrund
 10
-51.8074161834348
 20
-128.855706530106
 42
-0.3914679377387
  0
VERTEX
  8
Hofsgrund
 10
-51.722804228198
 20
-129.283398320706
 42
-0.2187469812819
  0
VERTEX
  8
Hofsgrund
 10
-52.524579905273
 20
-129.724467380351
 42
0.2066274153202
  0
VERTEX
  8
Hofsgrund
 10
-53.4792510206192
 20
-130.078966275454
 42
0.1268156783339
  0
VERTEX
  8
Hofsgrund
 10
-53.9155933725126
 20
-131.261530224982
 42
0.0195904926717
  0
VERTEX
  8
Hofsgrund
 10
-54.1066795645065
 20
-135.40302343599
 42
0.0014208848643
  0
VERTEX
  8
Hofsgrund
 10
-54.115657835897
 20
-146.119794455807
 42
0.0452736995128
  0
VERTEX
  8
Hofsgrund
 10
-53.1360420017112
 20
-147.049401606812
 42
0.1303150221153
  0
SEQEND
  0
POLYLINE
  8
Hofsgrund
 66
     1
 10
0.0
 20
0.0
 30
0.0
 70
     1
  0
VERTEX
  8
Hofsgrund
 10
-33.2571287198286
 20
-147.477627952127
 42
0.1185855629678
  0
VERTEX
  8
Hofsgrund
 10
-32.1507479198286
 20
-147.047052204287
 42
0.0
  0
VERTEX
  8
Hofsgrund
 10
-31.5360123218766
 20
-146.616476456447
 42
0.0
  0
VERTEX
  8
Hofsgrund
 10
-31.5360123218766
 20
-136.137224752127
 42
-0.0379141666068
  0
VERTEX
  8
Hofsgrund
 10
-33.7386503107187
 20
-136.114910818411
 42
-0.3091928629428
  0
VERTEX
  8
Hofsgrund
 10
-34.2435568761897
 20
-135.887361273191
 42
-0.1549458331843
  0
VERTEX
  8
Hofsgrund
 10
-34.2586644567754
 20
-135.039566259245
 42
-0.2302099076195
  0
VERTEX
  8
Hofsgrund
 10
-33.7882752216738
 20
-134.78084454637
 42
-0.0160197065183
  0
VERTEX
  8
Hofsgrund
 10
-31.6148170603086
 20
-134.754248752127
 42
-0.0654249245389
  0
VERTEX
  8
Hofsgrund
 10
-31.0646332037492
 20
-131.296866449478
 42
-0.2664535621308
  0
VERTEX
  8
Hofsgrund
 10
-26.5819706809098
 20
-127.216995912109
 42
-0.0890073005576
  0
VERTEX
  8
Hofsgrund
 10
-23.7662062041255
 20
-127.072187932953
 42
-0.1857294098133
  0
VERTEX
  8
Hofsgrund
 10
-21.1780726534984
 20
-128.379549159198
 42
-0.2054557827355
  0
VERTEX
  8
Hofsgrund
 10
-20.7755758133137
 20
-129.286142407258
 42
-0.1741935937901
  0
VERTEX
  8
Hofsgrund
 10
-21.331312162288
 20
-130.214595436289
 42
-0.3119617513958
  0
VERTEX
  8
Hofsgrund
 10
-22.755267982297
 20
-130.409867338418
 42
-0.0398260166092
  0
VERTEX
  8
Hofsgrund
 10
-24.1551928446741
 20
-129.32226949635
 42
0.0861317543704
  0
VERTEX
  8
Hofsgrund
 10
-25.1589227396737
 20
-128.555548083006
 42
0.2506220825217
  0
VERTEX
  8
Hofsgrund
 10
-26.0857223211088
 20
-128.566655448241
 42
0.1976106013311
  0
VERTEX
  8
Hofsgrund
 10
-27.267957397218
 20
-129.971413136551
 42
0.051268867632
  0
VERTEX
  8
Hofsgrund
 10
-27.7853343886926
 20
-132.887231152127
 42
0.0
  0
VERTEX
  8
Hofsgrund
 10
-27.9556810745166
 20
-134.754248752127
 42
0.0
  0
VERTEX
  8
Hofsgrund
 10
-23.5147515218766
 20
-134.754248752127
 42
0.0
  0
VERTEX
  8
Hofsgrund
 10
-23.5147515218766
 20
-136.113963095807
 42
0.0
  0
VERTEX
  8
Hofsgrund
 10
-27.8019771218766
 20
-136.275522352127
 42
0.0153277076155
  0
VERTEX
  8
Hofsgrund
 10
-27.7038307369518
 20
-144.841636620173
 42
0.0607406675781
  0
VERTEX
  8
Hofsgrund
 10
-27.5970888907869
 20
-146.090994881245
 42
0.2339595377982
  0
VERTEX
  8
Hofsgrund
 10
-26.1774929580859
 20
-147.359917311814
 42
0.0485584607215
  0
VERTEX
  8
Hofsgrund
 10
-25.3277683423552
 20
-147.484332556924
 42
-0.3814495783745
  0
VERTEX
  8
Hofsgrund
 10
-24.8977385856846
 20
-148.030818352127
 42
0.0
  0
VERTEX
  8
Hofsgrund
 10
-24.8977385856846
 20
-148.584008752127
 42
0.0
  0
VERTEX
  8
Hofsgrund
 10
-33.7487849856846
 20
-148.584008752127
 42
-0.0619795527698
  0
VERTEX
  8
Hofsgrund
 10
-33.7232221760826
 20
-147.82551325678
 42
-0.3499849419234
  0
SEQEND
  0
POLYLINE
  8
Hofsgrund
 66
     1
 10
0.0
 20
0.0
 30
0.0
 70
     1
  0
VERTEX
  8
Hofsgrund
 10
63.4355649955631
 20
-136.301772982007
 42
0.1819956849688
  0
VERTEX
  8
Hofsgrund
 10
61.9031396257349
 20
-137.736260991132
 42
0.0706979363884
  0
VERTEX
  8
Hofsgrund
 10
61.2918692158506
 20
-140.171791300711
 42
0.0724368066453
  0
VERTEX
  8
Hofsgrund
 10
61.3141427332739
 20
-143.515620835919
 42
0.1463066964586
  0
VERTEX
  8
Hofsgrund
 10
62.4473816223791
 20
-146.203134334967
 42
0.2757797740452
  0
VERTEX
  8
Hofsgrund
 10
64.7960001969831
 20
-147.010404724958
 42
0.1676526259203
  0
VERTEX
  8
Hofsgrund
 10
66.8896761048713
 20
-145.776419741624
 42
0.1121925888733
  0
VERTEX
  8
Hofsgrund
 10
67.6012094536788
 20
-144.112685346305
 42
0.072914679586
  0
VERTEX
  8
Hofsgrund
 10
67.700640036406
 20
-139.96433543926
 42
0.11406613386
  0
VERTEX
  8
Hofsgrund
 10
66.9749010216658
 20
-137.738257649603
 42
0.1420984955377
  0
VERTEX
  8
Hofsgrund
 10
65.2650744529095
 20
-136.317980986858
 42
0.2074633638559
  0
VERTEX
  8
Hofsgrund
 10
63.7322542878329
 20
-136.195679943984
 42
0.0217633561423
  0
SEQEND
  0
POLYLINE
  8
Hofsgrund
 66
     1
 10
0.0
 20
0.0
 30
0.0
 70
     1
  0
VERTEX
  8
Hofsgrund
 10
73.6176262212911
 20
-147.875290616567
 42
-0.4252380805405
  0
VERTEX
  8
Hofsgrund
 10
73.198550323022
 20
-148.372878049794
 42
-0.0011043778319
  0
VERTEX
  8
Hofsgrund
 10
71.2898392193829
 20
-148.442257817359
 42
0.0543429149377
  0
VERTEX
  8
Hofsgrund
 10
68.6389126212911
 20
-148.774225016567
 42
0.0548541097986
  0
VERTEX
  8
Hofsgrund
 10
68.6133865033768
 20
-147.046572515089
 42
0.7425027136022
  0
VERTEX
  8
Hofsgrund
 10
68.3648636226701
 20
-146.93620328281
 42
-0.1340311039793
  0
VERTEX
  8
Hofsgrund
 10
65.2051271877224
 20
-148.447285979701
 42
-0.235281457956
  0
VERTEX
  8
Hofsgrund
 10
59.5602639286688
 20
-147.095199831965
 42
-0.1850033604731
  0
VERTEX
  8
Hofsgrund
 10
57.3623648258951
 20
-142.841128812337
 42
-0.1050424818389
  0
VERTEX
  8
Hofsgrund
 10
57.688571731083
 20
-138.954114302045
 42
-0.4076332122407
  0
VERTEX
  8
Hofsgrund
 10
65.4152580327503
 20
-134.556113987933
 42
-0.11728991017
  0
VERTEX
  8
Hofsgrund
 10
66.9780275940911
 20
-135.332223827447
 42
0.0
  0
VERTEX
  8
Hofsgrund
 10
67.8091270212911
 20
-136.030875643127
 42
0.0200698963605
  0
VERTEX
  8
Hofsgrund
 10
67.7833626898494
 20
-131.04016534382
 42
0.0753410779227
  0
VERTEX
  8
Hofsgrund
 10
67.61218072591
 20
-129.800369228717
 42
0.255950116287
  0
VERTEX
  8
Hofsgrund
 10
66.8622630083152
 20
-129.058682659189
 42
0.0070803126865
  0
VERTEX
  8
Hofsgrund
 10
65.6540156329875
 20
-128.801956301623
 42
-0.1591104115763
  0
VERTEX
  8
Hofsgrund
 10
64.9178384212575
 20
-128.474931159574
 42
-0.5067976281166
  0
VERTEX
  8
Hofsgrund
 10
64.9227112134909
 20
-128.047360995255
 42
-0.1004735988909
  0
VERTEX
  8
Hofsgrund
 10
65.579341758548
 20
-127.806828355265
 42
-0.0038686302885
  0
VERTEX
  8
Hofsgrund
 10
69.2910250266959
 20
-127.206221974931
 42
0.0340297463936
  0
VERTEX
  8
Hofsgrund
 10
71.3612123668271
 20
-126.805039981174
 42
0.0052997491906
  0
VERTEX
  8
Hofsgrund
 10
71.5251303125405
 20
-142.315597805596
 42
0.0362643783352
  0
VERTEX
  8
Hofsgrund
 10
71.7099758370335
 20
-145.799160451824
 42
0.1017988400671
  0
VERTEX
  8
Hofsgrund
 10
71.9805680816256
 20
-146.88822975794
 42
0.2764183873238
  0
VERTEX
  8
Hofsgrund
 10
72.756608285955
 20
-147.319098722592
 42
-0.1856141296776
  0
VERTEX
  8
Hofsgrund
 10
73.4455518238059
 20
-147.433183828662
 42
-0.1657861023579
  0
SEQEND
  0
POLYLINE
  8
Hofsgrund
 66
     1
 10
0.0
 20
0.0
 30
0.0
 70
     1
  0
VERTEX
  8
Hofsgrund
 10
29.5273373403644
 20
-135.932677552427
 42
-0.4624781360025
  0
VERTEX
  8
Hofsgrund
 10
28.9741469403644
 20
-135.379487152427
 42
0.0
  0
VERTEX
  8
Hofsgrund
 10
28.9741469403644
 20
-134.826296752427
 42
0.0
  0
VERTEX
  8
Hofsgrund
 10
34.7432921753084
 20
-134.826296752427
 42
0.0095729207685
  0
VERTEX
  8
Hofsgrund
 10
34.9078008832984
 20
-144.110259040702
 42
0.048755610368
  0
VERTEX
  8
Hofsgrund
 10
35.1127758301928
 20
-146.412235496542
 42
0.1490240958146
  0
VERTEX
  8
Hofsgrund
 10
35.4514505761448
 20
-147.24565446762
 42
0.1871420312548
  0
VERTEX
  8
Hofsgrund
 10
36.2440725694404
 20
-147.545115492784
 42
-0.0948988937113
  0
VERTEX
  8
Hofsgrund
 10
36.9638872981786
 20
-147.601567551431
 42
-0.3256957708171
  0
VERTEX
  8
Hofsgrund
 10
37.2720029403644
 20
-148.102866352427
 42
-0.4213155091421
  0
VERTEX
  8
Hofsgrund
 10
36.9227912008794
 20
-148.593952144615
 42
-0.0087310870867
  0
VERTEX
  8
Hofsgrund
 10
35.2995304562697
 20
-148.669808959007
 42
0.0282246820319
  0
VERTEX
  8
Hofsgrund
 10
32.0976452575484
 20
-148.996739060267
 42
0.0
  0
VERTEX
  8
Hofsgrund
 10
31.7200789797884
 20
-146.635584135467
 42
-0.064320433609
  0
VERTEX
  8
Hofsgrund
 10
29.822261137378
 20
-148.227408803098
 42
-0.0868813447534
  0
VERTEX
  8
Hofsgrund
 10
28.190177917205
 20
-148.70298900715
 42
-0.0895133308351
  0
VERTEX
  8
Hofsgrund
 10
25.5481003914857
 20
-148.670418619486
 42
-0.1695553910068
  0
VERTEX
  8
Hofsgrund
 10
22.8404186567412
 20
-146.784849680657
 42
-0.1449475046435
  0
VERTEX
  8
Hofsgrund
 10
21.9561471251592
 20
-144.508251397698
 42
-0.0171881597071
  0
VERTEX
  8
Hofsgrund
 10
21.7429650885189
 20
-139.990421169818
 42
0.0488184212504
  0
VERTEX
  8
Hofsgrund
 10
21.5941945366342
 20
-137.477617633962
 42
0.202100884021
  0
VERTEX
  8
Hofsgrund
 10
21.125621509636
 20
-136.40503019945
 42
0.0536238369138
  0
VERTEX
  8
Hofsgrund
 10
20.1718731935912
 20
-135.97970395307
 42
-0.2125726751039
  0
VERTEX
  8
Hofsgrund
 10
19.6067030412077
 20
-135.505840262495
 42
-0.4822699109093
  0
VERTEX
  8
Hofsgrund
 10
19.8941745576676
 20
-134.938965538813
 42
-0.0279831404094
  0
VERTEX
  8
Hofsgrund
 10
22.0910359845003
 20
-134.826696846152
 42
-0.0005532662123
  0
VERTEX
  8
Hofsgrund
 10
25.3353075103484
 20
-134.826296752427
 42
0.0083774124761
  0
VERTEX
  8
Hofsgrund
 10
25.496397054264
 20
-143.069000626717
 42
0.0599345639446
  0
VERTEX
  8
Hofsgrund
 10
25.6798415240608
 20
-145.158891304043
 42
0.517463448403
  0
VERTEX
  8
Hofsgrund
 10
29.3228335060854
 20
-146.72655987485
 42
0.1917207422799
  0
VERTEX
  8
Hofsgrund
 10
30.8709479902632
 20
-144.383761041089
 42
0.0272379258336
  0
VERTEX
  8
Hofsgrund
 10
31.1350067207728
 20
-141.066604987868
 42
0.0308065069698
  0
VERTEX
  8
Hofsgrund
 10
31.165818696304
 20
-137.889854558924
 42
0.1658674732605
  0
VERTEX
  8
Hofsgrund
 10
30.876635732002
 20
-136.758045540756
 42
0.2014084236965
  0
VERTEX
  8
Hofsgrund
 10
29.6337841312046
 20
-135.941735148017
 42
0.0070147229323
  0
SEQEND
  0
POLYLINE
  8
Hofsgrund
 66
     1
 10
0.0
 20
0.0
 30
0.0
 70
     1
  0
VERTEX
  8
Hofsgrund
 10
-41.4200698791246
 20
-146.452206567167
 42
0.1034526868159
  0
VERTEX
  8
Hofsgrund
 10
-40.3999398960066
 20
-144.781388102312
 42
0.1257059240265
  0
VERTEX
  8
Hofsgrund
 10
-39.8898097720526
 20
-139.759769070524
 42
0.1893219991055
  0
VERTEX
  8
Hofsgrund
 10
-41.4080730993118
 20
-136.801665250289
 42
0.3512471593777
  0
VERTEX
  8
Hofsgrund
 10
-44.6987927478787
 20
-136.608431083741
 42
0.1512026911893
  0
VERTEX
  8
Hofsgrund
 10
-46.2365797253598
 20
-138.752843147993
 42
0.1675701087582
  0
VERTEX
  8
Hofsgrund
 10
-46.1613473744192
 20
-144.7021200722
 42
0.1351055846719
  0
VERTEX
  8
Hofsgrund
 10
-45.0057449153016
 20
-146.497936659466
 42
0.2107550654854
  0
VERTEX
  8
Hofsgrund
 10
-42.734203536399
 20
-147.038249715065
 42
0.1559400044617
  0
SEQEND
  0
POLYLINE
  8
Hofsgrund
 66
     1
 10
0.0
 20
0.0
 30
0.0
 70
     1
  0
VERTEX
  8
Hofsgrund
 10
-45.4154073305166
 20
-148.489966384127
 42
-0.1163254606794
  0
VERTEX
  8
Hofsgrund
 10
-48.865619125237
 20
-146.439016782184
 42
-0.4675927851487
  0
VERTEX
  8
Hofsgrund
 10
-47.6498343037899
 20
-135.874522543768
 42
-0.107183507403
  0
VERTEX
  8
Hofsgrund
 10
-44.9719583730118
 20
-134.732774078296
 42
-0.1030776741629
  0
VERTEX
  8
Hofsgrund
 10
-40.8923213726185
 20
-134.916011920382
 42
-0.1756556260261
  0
VERTEX
  8
Hofsgrund
 10
-36.7463272106145
 20
-137.930119352899
 42
-0.2881408248407
  0
VERTEX
  8
Hofsgrund
 10
-36.6784310661716
 20
-145.177085220685
 42
-0.2305349381471
  0
VERTEX
  8
Hofsgrund
 10
-42.319731160333
 20
-148.664704205935
 42
-0.1065685283982
  0
SEQEND
  0
POLYLINE
  8
Hofsgrund
 66
     1
 10
0.0
 20
0.0
 30
0.0
 70
     1
  0
VERTEX
  8
Hofsgrund
 10
-6.3996079977874
 20
-144.889823877877
 42
0.2916861174406
  0
VERTEX
  8
Hofsgrund
 10
-6.0518214971112
 20
-145.291738693914
 42
0.0419394729322
  0
VERTEX
  8
Hofsgrund
 10
-3.761689636501
 20
-145.841443214843
 42
-0.0384866477523
  0
VERTEX
  8
Hofsgrund
 10
-0.5236334874118
 20
-146.391956653103
 42
-0.1161242873861
  0
VERTEX
  8
Hofsgrund
 10
1.7236689077498
 20
-147.384993641594
 42
-0.2649706021781
  0
VERTEX
  8
Hofsgrund
 10
3.2641619111754
 20
-151.38104547562
 42
-0.2316337687994
  0
VERTEX
  8
Hofsgrund
 10
0.9769789715634
 20
-154.372786714367
 42
-0.0744762343093
  0
VERTEX
  8
Hofsgrund
 10
-2.0053719603758
 20
-155.104099252356
 42
-0.0735744051682
  0
VERTEX
  8
Hofsgrund
 10
-6.4875777549861
 20
-155.01040019423
 42
-0.1207480398385
  0
VERTEX
  8
Hofsgrund
 10
-9.2470261764895
 20
-153.955876607905
 42
-0.2889785844412
  0
VERTEX
  8
Hofsgrund
 10
-10.5009273641454
 20
-151.40346549609
 42
-0.2131807629102
  0
VERTEX
  8
Hofsgrund
 10
-9.5952280192599
 20
-149.396204256794
 42
-0.2278861294904
  0
VERTEX
  8
Hofsgrund
 10
-7.4232834709713
 20
-148.976738194367
 42
-0.0257156219766
  0
VERTEX
  8
Hofsgrund
 10
-6.6077039647566
 20
-149.293475440127
 42
0.0
  0
VERTEX
  8
Hofsgrund
 10
-5.7706494429006
 20
-149.726319268607
 42
0.0977030750329
  0
VERTEX
  8
Hofsgrund
 10
-6.9830754442852
 20
-150.985100048204
 42
0.3707059227132
  0
VERTEX
  8
Hofsgrund
 10
-6.6462492415617
 20
-152.915397534745
 42
0.1446217177217
  0
VERTEX
  8
Hofsgrund
 10
-4.2256154130178
 20
-153.806388303307
 42
0.1011019767694
  0
VERTEX
  8
Hofsgrund
 10
-1.3837893044099
 20
-153.483166970573
 42
0.3993630722384
  0
VERTEX
  8
Hofsgrund
 10
0.1527446372275
 20
-150.936976459007
 42
0.2633362467111
  0
VERTEX
  8
Hofsgrund
 10
-1.0157536507887
 20
-149.508259397888
 42
0.0385222964207
  0
VERTEX
  8
Hofsgrund
 10
-3.6505702522412
 20
-148.899168989897
 42
-0.0447003983432
  0
VERTEX
  8
Hofsgrund
 10
-7.5607373465026
 20
-148.152474726726
 42
-0.4687438798107
  0
VERTEX
  8
Hofsgrund
 10
-9.1495693425022
 20
-144.949810699027
 42
-0.1597122000828
  0
VERTEX
  8
Hofsgrund
 10
-7.9941871918926
 20
-143.766301218047
 42
0.0
  0
VERTEX
  8
Hofsgrund
 10
-7.0119367857486
 20
-143.235791624447
 42
-0.0308485128966
  0
VERTEX
  8
Hofsgrund
 10
-8.4498149791362
 20
-141.746125187006
 42
-0.337325987576
  0
VERTEX
  8
Hofsgrund
 10
-8.4856288703319
 20
-136.531505714914
 42
-0.208465536234
  0
VERTEX
  8
Hofsgrund
 10
-4.905014295512
 20
-134.596139904517
 42
-0.110704559222
  0
VERTEX
  8
Hofsgrund
 10
-1.5876839826273
 20
-134.977806738917
 42
-0.0532004343055
  0
VERTEX
  8
Hofsgrund
 10
-0.1424571218765
 20
-135.768357393407
 42
-0.0617014020007
  0
VERTEX
  8
Hofsgrund
 10
2.3151109209238
 20
-134.607063481944
 42
-0.089564545544
  0
VERTEX
  8
Hofsgrund
 10
3.7123489513277
 20
-134.607034284163
 42
-0.1479037542263
  0
VERTEX
  8
Hofsgrund
 10
4.9926060752294
 20
-135.114513216619
 42
-0.3572877398964
  0
VERTEX
  8
Hofsgrund
 10
4.8030428845832
 20
-137.115134900939
 42
0.0
  0
VERTEX
  8
Hofsgrund
 10
4.3659038523264
 20
-137.300078337662
 42
-0.0441992543546
  0
VERTEX
  8
Hofsgrund
 10
2.8567931792494
 20
-136.702550410886
 42
0.1960970406455
  0
VERTEX
  8
Hofsgrund
 10
1.6925670116729
 20
-136.422635875151
 42
0.365521984327
  0
VERTEX
  8
Hofsgrund
 10
1.0483847997196
 20
-137.29143935077
 42
0.0415879481137
  0
VERTEX
  8
Hofsgrund
 10
1.2325671550013
 20
-138.097125061326
 42
-0.1832317339599
  0
VERTEX
  8
Hofsgrund
 10
0.6512153737089
 20
-141.539951802428
 42
-0.1689785448584
  0
VERTEX
  8
Hofsgrund
 10
-1.8892663878863
 20
-143.495804675606
 42
-0.0182908084095
  0
VERTEX
  8
Hofsgrund
 10
-4.7547688567672
 20
-144.185321554721
 42
0.0661376972109
  0
VERTEX
  8
Hofsgrund
 10
-6.0577278063447
 20
-144.60027116074
 42
0.2242934969653
  0
SEQEND
  0
POLYLINE
  8
Hofsgrund
 66
     1
 10
0.0
 20
0.0
 30
0.0
 70
     1
  0
VERTEX
  8
Hofsgrund
 10
14.756558027911
 20
-148.030818352127
 42
0.0
  0
VERTEX
  8
Hofsgrund
 10
14.756558027911
 20
-148.584008752127
 42
0.0
  0
VERTEX
  8
Hofsgrund
 10
6.182095764103
 20
-148.584008752127
 42
-0.1036690946406
  0
VERTEX
  8
Hofsgrund
 10
6.2125523854174
 20
-147.801677071138
 42
-0.3279570393225
  0
VERTEX
  8
Hofsgrund
 10
6.735286164103
 20
-147.477627952127
 42
0.1560331550614
  0
VERTEX
  8
Hofsgrund
 10
7.860442246279
 20
-146.905656738047
 42
0.0
  0
VERTEX
  8
Hofsgrund
 10
8.432407928455
 20
-146.333685523967
 42
0.0078455140933
  0
VERTEX
  8
Hofsgrund
 10
8.2738300942084
 20
-139.468101084294
 42
0.0687823214561
  0
VERTEX
  8
Hofsgrund
 10
8.0869645460802
 20
-137.69052423116
 42
0.1866650691019
  0
VERTEX
  8
Hofsgrund
 10
7.1754171899187
 20
-136.592445447685
 42
0.0
  0
VERTEX
  8
Hofsgrund
 10
7.011202497578
 20
-135.329255506603
 42
0.0257903024948
  0
VERTEX
  8
Hofsgrund
 10
8.5643778910478
 20
-134.997490598773
 42
-0.0351989512868
  0
VERTEX
  8
Hofsgrund
 10
10.9694656850399
 20
-134.623737060844
 42
-0.5604609817738
  0
VERTEX
  8
Hofsgrund
 10
11.1696590200402
 20
-134.747423451587
 42
0.0048014657914
  0
VERTEX
  8
Hofsgrund
 10
11.4681127867692
 20
-136.709860925938
 42
0.1528770144096
  0
VERTEX
  8
Hofsgrund
 10
11.5977426401466
 20
-137.232868769694
 42
0.0342898518699
  0
VERTEX
  8
Hofsgrund
 10
12.478694651985
 20
-136.39589962675
 42
-0.182630349153
  0
VERTEX
  8
Hofsgrund
 10
15.4424178426329
 20
-134.580172000751
 42
-0.2342185664116
  0
VERTEX
  8
Hofsgrund
 10
17.703583075591
 20
-135.066358775807
 42
-0.1748665636466
  0
VERTEX
  8
Hofsgrund
 10
18.063117794543
 20
-136.28533064974
 42
-0.1723269690222
  0
VERTEX
  8
Hofsgrund
 10
17.699959678471
 20
-137.651721769727
 42
-0.2057532639715
  0
VERTEX
  8
Hofsgrund
 10
16.5538469677697
 20
-138.151974799696
 42
-0.2132569321038
  0
VERTEX
  8
Hofsgrund
 10
15.084090999943
 20
-137.704606771967
 42
0.1966658649491
  0
VERTEX
  8
Hofsgrund
 10
14.108373772423
 20
-137.243605552127
 42
0.198573115004
  0
VERTEX
  8
Hofsgrund
 10
13.3751489146788
 20
-137.727517669403
 42
0.0703926628841
  0
VERTEX
  8
Hofsgrund
 10
12.5359394567426
 20
-139.691409298136
 42
0.0950491148249
  0
VERTEX
  8
Hofsgrund
 10
12.1047061690508
 20
-145.533967954678
 42
0.1408863483846
  0
VERTEX
  8
Hofsgrund
 10
12.5101753619243
 20
-146.906530245484
 42
0.2135386057131
  0
VERTEX
  8
Hofsgrund
 10
13.6772513925815
 20
-147.46763648399
 42
-0.0868119699803
  0
VERTEX
  8
Hofsgrund
 10
14.4176381465263
 20
-147.519681227533
 42
-0.3420089170606
  0
SEQEND
  0
ENDSEC
  0
EOF
