; generated by PrusaSlicer 2.9.3 on 2025-09-24 at 16:03:01 UTC

; 

; external perimeters extrusion width = 0.45mm
; perimeters extrusion width = 0.45mm
; infill extrusion width = 0.45mm
; solid infill extrusion width = 0.45mm
; top infill extrusion width = 0.45mm
; first layer extrusion width = 0.42mm

; external perimeters extrusion width = 0.45mm
; perimeters extrusion width = 0.45mm
; infill extrusion width = 0.45mm
; solid infill extrusion width = 0.45mm
; top infill extrusion width = 0.45mm
; first layer extrusion width = 0.42mm

; external perimeters extrusion width = 0.45mm
; perimeters extrusion width = 0.45mm
; infill extrusion width = 0.45mm
; solid infill extrusion width = 0.45mm
; top infill extrusion width = 0.45mm
; first layer extrusion width = 0.42mm

M73 P0 R23
M201 X9000 Y9000 Z500 E10000 ; sets maximum accelerations, mm/sec^2
M203 X500 Y500 Z12 E120 ; sets maximum feedrates, mm / sec
M204 S2000 T1500 ; sets acceleration (S) and retract acceleration (R), mm/sec^2
M205 X10.00 Y10.00 Z0.20 E2.50 ; sets the jerk limits, mm/sec
M205 S0 T0 ; sets the minimum extruding and travel feed rate, mm/sec

; printing object pieds_clavier_cherry.stl id:0 copy 0
; stop printing object pieds_clavier_cherry.stl id:0 copy 0
; printing object pieds_clavier_cherry.stl id:2 copy 0
; stop printing object pieds_clavier_cherry.stl id:2 copy 0
; printing object pieds_clavier_cherry.stl id:1 copy 0
; stop printing object pieds_clavier_cherry.stl id:1 copy 0

;TYPE:Custom
M862.3 P "MK2S" ; printer model check
M862.1 P0.4 ; nozzle diameter check
M115 U3.2.3 ; tell printer latest fw version
G90 ; use absolute coordinates
M83 ; extruder relative mode
M204 S2000 T1500 ; MK2 firmware only supports the old M204 format
M104 S215 ; set extruder temp
M140 S60 ; set bed temp
M190 S60 ; wait for bed temp
M109 S215 ; wait for extruder temp
G28 W ; home all without mesh bed level
G80 ; mesh bed leveling
G1 Z0.2 F720
G1 Y-2 F1000 ; go outside print area
G92 E0
G1 X60 E9 F1000 ; intro line
G1 X100 E12.5 F1000 ; intro line
G92 E0
G21 ; set units to millimeters
G90 ; use absolute coordinates
M83 ; use relative distances for extrusion

M900 K0.05 ; Filament gcode LA 1.5
M900 K30 ; Filament gcode LA 1.0




M107
;LAYER_CHANGE
;Z:0.2
;HEIGHT:0.2
G1 E-.8 F2100
G1 Z.6 F720
G1 X115.908 Y75.355 F10800
G1 Z.2 F720
G1 E.8 F2100
M204 S800
;TYPE:Skirt/Brim
;WIDTH:0.42
G1 F1200
G1 X116.941 Y74.553 E.041
G1 X117.706 Y74.415 E.02437
G1 X140.206 Y74.415 E.70547
G1 X141.454 Y74.805 E.041
G1 X142.391 Y76.478 E.06012
G1 X146.009 Y139.826 E1.98947
G1 X146.012 Y157.951 E.5683
G1 X145.622 Y159.199 E.041
G1 X144.589 Y160.001 E.041
G1 X143.824 Y160.139 E.02437
G1 X121.324 Y160.139 E.70547
G1 X120.076 Y159.748 E.04101
G1 X119.141 Y158.112 E.05908
G1 X116.71 Y125.277 E1.03234
G1 X115.519 Y94.688 E.95982
M73 P1 R23
G1 X115.517 Y76.603 E.56704
G1 X115.89 Y75.412 E.03913
M204 S1000
;WIPE_START
G1 F8640
G1 X115.908 Y75.355 E-.0138
G1 X116.941 Y74.553 E-.30197
G1 X117.706 Y74.415 E-.17949
G1 X119.026 Y74.415 E-.30474
;WIPE_END
G1 Z.6 F720
; printing object pieds_clavier_cherry.stl id:1 copy 0
G1 X122.134 Y157.141 F10800
G1 Z.2 F720
G1 E.8 F2100
M204 S800
;TYPE:Perimeter
;WIDTH:0.46576
G1 F1200
G1 X134.058 Y157.141 E.41924
;WIDTH:0.474678
G1 X134.16 Y157.136 E.00367
M204 S1000
;WIPE_START
G1 F8640
G1 X134.058 Y157.141 E-.02358
G1 X130.695 Y157.141 E-.77642
;WIPE_END
G1 Z.6 F720
G1 X134.423 Y141.42 F10800
G1 Z.2 F720
G1 E.8 F2100
M204 S800
;WIDTH:0.452211
G1 F1200
G1 X134.284 Y141.341 E.00544
;WIDTH:0.484423
G1 X134.058 Y141.212 E.00955
G1 X122.143 Y141.212 E.43741
G1 X122.143 Y140.77 E.01623
G1 X134.058 Y140.77 E.43741
G1 X134.467 Y140.754 E.01503
;WIDTH:0.452211
G1 X134.876 Y140.738 E.01393
;WIDTH:0.419999
G1 X143.037 Y140.738 E.25588
G1 X143.037 Y144.953 E.13216
G1 X143.037 Y157.164 E.38287
G1 X135.235 Y157.164 E.24463
;WIDTH:0.447339
G1 X134.697 Y157.15 E.0181
;WIDTH:0.474678
G1 X134.16 Y157.136 E.01929
G1 X134.392 Y156.844 E.01339
;WIDTH:0.447339
G1 X134.623 Y156.552 E.01252
;WIDTH:0.419999
G1 X134.623 Y153.809 E.086
G1 X134.613 Y153.704 E.00331
G1 X134.513 Y153.474 E.00786
G1 X134.321 Y153.309 E.00794
G1 X134.058 Y153.244 E.00849
G1 X122.111 Y153.244 E.37459
G1 X122.111 Y145.118 E.25478
G1 X134.058 Y145.118 E.37459
G1 X134.201 Y145.099 E.00452
G1 X134.408 Y144.996 E.00725
G1 X134.571 Y144.789 E.00826
G1 X134.623 Y144.552 E.00761
G1 X134.623 Y141.809 E.086
G1 X134.51 Y141.47 E.0112
;WIDTH:0.452211
G1 X134.476 Y141.45 E.00134
M204 S1000
G1 X134.16 Y141.672 F10800
M204 S800
;TYPE:External perimeter
;WIDTH:0.419999
G1 F1200
G1 X134.058 Y141.621 E.00358
G1 X121.734 Y141.621 E.38641
G1 X121.734 Y140.361 E.03951
G1 X143.414 Y140.361 E.67976
G1 X143.414 Y144.953 E.14398
G1 X143.414 Y157.541 E.39469
G1 X121.734 Y157.541 E.67976
G1 X121.734 Y156.741 E.02508
M73 P2 R23
G1 X134.058 Y156.741 E.38641
G1 X134.246 Y156.552 E.00836
G1 X134.246 Y153.809 E.086
G1 X134.193 Y153.678 E.00443
G1 X134.058 Y153.621 E.00459
G1 X121.734 Y153.621 E.38641
G1 X121.734 Y144.741 E.27843
G1 X134.058 Y144.741 E.38641
G1 X134.174 Y144.7 E.00386
G1 X134.246 Y144.552 E.00516
G1 X134.246 Y141.809 E.086
G1 X134.21 Y141.702 E.00354
M204 S1000
;WIPE_START
G1 F8640
G1 X134.16 Y141.672 E-.01346
G1 X134.058 Y141.621 E-.02633
G1 X130.766 Y141.621 E-.76021
;WIPE_END
G1 Z.6 F720
G1 X142.886 Y141.66 F10800
G1 Z.2 F720
G1 E.8 F2100
M204 S800
;TYPE:Solid infill
;WIDTH:0.424338
G1 F1200
G1 X142.284 Y141.058 E.027
G1 X141.745 Y141.058 E.01709
G1 X142.716 Y142.03 E.04357
G1 X142.716 Y142.569 E.01709
G1 X141.205 Y141.058 E.06777
G1 X140.666 Y141.058 E.01709
G1 X142.716 Y143.109 E.09197
G1 X142.716 Y143.648 E.01709
G1 X140.127 Y141.058 E.11614
G1 X139.587 Y141.058 E.01713
G1 X142.716 Y144.187 E.14034
G1 X142.716 Y144.727 E.01713
G1 X139.048 Y141.058 E.16454
G1 X138.508 Y141.058 E.01713
G1 X142.716 Y145.266 E.18874
G1 X142.716 Y145.806 E.01713
G1 X137.969 Y141.058 E.21293
G1 X137.43 Y141.058 E.01709
G1 X142.716 Y146.345 E.23711
G1 X142.716 Y146.884 E.01709
G1 X136.89 Y141.058 E.26131
G1 X136.351 Y141.058 E.01709
G1 X142.716 Y147.424 E.2855
G1 X142.716 Y147.963 E.01709
G1 X135.811 Y141.058 E.3097
G1 X135.272 Y141.058 E.01709
G1 X142.716 Y148.503 E.3339
G1 X142.716 Y149.042 E.01709
G1 X134.743 Y141.069 E.3576
G1 X134.476 Y141.09 E.00849
G1 X134.771 Y141.269 E.01094
G1 X134.944 Y141.809 E.01798
G1 X142.716 Y149.582 E.34861
G1 X142.716 Y150.121 E.01709
G1 X134.942 Y142.346 E.3487
G1 X134.939 Y142.883 E.01703
G1 X142.716 Y150.66 E.34881
G1 X142.716 Y151.2 E.01713
G1 X134.937 Y143.421 E.3489
G1 X134.935 Y143.958 E.01703
G1 X142.716 Y151.739 E.34899
G1 X142.716 Y152.279 E.01713
G1 X134.933 Y144.495 E.3491
G1 X134.932 Y144.703 E.0066
G1 X134.847 Y144.949 E.00825
G1 X142.716 Y152.818 E.35294
G1 X142.716 Y153.357 E.01709
M73 P2 R22
G1 X134.603 Y145.244 E.36388
G1 X134.542 Y145.296 E.00254
G1 X134.236 Y145.416 E.01042
G1 X142.716 Y153.897 E.38037
G1 X142.716 Y154.436 E.01709
G1 X133.719 Y145.438 E.40355
G1 X133.179 Y145.438 E.01713
M73 P3 R22
G1 X142.716 Y154.976 E.42777
G1 X142.716 Y155.515 E.01709
G1 X132.64 Y145.438 E.45195
G1 X132.1 Y145.438 E.01713
G1 X142.716 Y156.054 E.47615
G1 X142.716 Y156.594 E.01713
G1 X131.561 Y145.438 E.50034
G1 X131.022 Y145.438 E.01709
G1 X142.426 Y156.843 E.51151
G1 X141.887 Y156.843 E.01709
G1 X130.482 Y145.438 E.51154
G1 X129.943 Y145.438 E.01709
G1 X141.347 Y156.843 E.51151
G1 X140.808 Y156.843 E.01709
G1 X129.403 Y145.438 E.51154
G1 X128.864 Y145.438 E.01709
G1 X140.269 Y156.843 E.51154
G1 X139.729 Y156.843 E.01713
G1 X128.325 Y145.438 E.51151
G1 X127.785 Y145.438 E.01713
G1 X139.19 Y156.843 E.51154
G1 X138.65 Y156.843 E.01713
G1 X127.246 Y145.438 E.51151
G1 X126.706 Y145.438 E.01713
G1 X138.111 Y156.843 E.51154
G1 X137.572 Y156.843 E.01709
G1 X134.944 Y154.215 E.11787
G1 X134.944 Y154.755 E.01713
G1 X137.032 Y156.843 E.09365
G1 X136.493 Y156.843 E.01709
G1 X134.944 Y155.294 E.06948
G1 X134.944 Y155.833 E.01709
G1 X135.953 Y156.843 E.04528
G1 X135.414 Y156.843 E.01709
G1 X134.944 Y156.373 E.02108
G1 X134.944 Y156.6 E.0072
G1 X134.801 Y156.77 E.00705
G1 X135.044 Y157.013 E.0109
M204 S1000
;WIPE_START
G1 F8640
G1 X134.801 Y156.77 E-.07935
G1 X134.944 Y156.6 E-.05129
G1 X134.944 Y156.373 E-.05241
G1 X135.414 Y156.843 E-.15348
G1 X135.953 Y156.843 E-.12446
G1 X134.944 Y155.833 E-.32965
G1 X134.944 Y155.792 E-.00936
;WIPE_END
G1 Z.6 F720
G1 X133.828 Y153.099 F10800
G1 Z.2 F720
G1 E.8 F2100
M204 S800
G1 F1200
G1 X126.167 Y145.438 E.34361
G1 X125.627 Y145.438 E.01713
G1 X133.118 Y152.929 E.33599
G1 X132.578 Y152.929 E.01713
G1 X125.088 Y145.438 E.33596
G1 X124.549 Y145.438 E.01709
G1 X132.039 Y152.928 E.33594
G1 X131.499 Y152.928 E.01713
M73 P4 R22
G1 X124.009 Y145.438 E.33594
G1 X123.47 Y145.438 E.01709
G1 X130.959 Y152.928 E.33592
G1 X130.42 Y152.928 E.01709
G1 X122.93 Y145.438 E.33594
G1 X122.432 Y145.438 E.01579
G1 X122.432 Y145.479 E.0013
G1 X129.88 Y152.927 E.33406
G1 X129.34 Y152.927 E.01713
G1 X122.432 Y146.018 E.30986
G1 X122.432 Y146.558 E.01713
G1 X128.801 Y152.927 E.28566
G1 X128.261 Y152.926 E.01713
G1 X122.432 Y147.097 E.26144
G1 X122.432 Y147.637 E.01713
G1 X127.721 Y152.926 E.23722
G1 X127.181 Y152.926 E.01713
G1 X122.432 Y148.176 E.21302
G1 X122.432 Y148.715 E.01709
G1 X126.642 Y152.926 E.18885
G1 X126.102 Y152.925 E.01713
G1 X122.432 Y149.255 E.16461
G1 X122.432 Y149.794 E.01709
G1 X125.562 Y152.925 E.14041
G1 X125.023 Y152.925 E.01709
G1 X122.432 Y150.334 E.11621
G1 X122.432 Y150.873 E.01709
G1 X124.483 Y152.924 E.09199
G1 X123.943 Y152.924 E.01713
G1 X122.432 Y151.412 E.06779
G1 X122.432 Y151.952 E.01713
G1 X123.404 Y152.924 E.0436
G1 X122.864 Y152.924 E.01713
G1 X122.262 Y152.322 E.027
M204 S1000
;WIPE_START
G1 F8640
G1 X122.864 Y152.924 E-.19658
G1 X123.404 Y152.924 E-.12469
G1 X122.432 Y151.952 E-.3174
G1 X122.432 Y151.412 E-.12469
G1 X122.544 Y151.524 E-.03664
;WIPE_END
G1 Z.6 F720
; stop printing object pieds_clavier_cherry.stl id:1 copy 0
; printing object pieds_clavier_cherry.stl id:2 copy 0
G1 X119.702 Y124.305 F10800
G1 Z.2 F720
G1 E.8 F2100
M204 S800
;TYPE:Perimeter
;WIDTH:0.46576
G1 F1200
G1 X131.626 Y124.305 E.41924
;WIDTH:0.474678
G1 X131.729 Y124.301 E.0037
M204 S1000
;WIPE_START
G1 F8640
G1 X131.626 Y124.305 E-.0238
G1 X128.265 Y124.305 E-.7762
;WIPE_END
G1 Z.6 F720
G1 X131.992 Y108.585 F10800
G1 Z.2 F720
G1 E.8 F2100
M204 S800
;WIDTH:0.452211
G1 F1200
G1 X131.852 Y108.505 E.00549
;WIDTH:0.484423
G1 X131.626 Y108.376 E.00955
G1 X119.712 Y108.376 E.43738
G1 X119.712 Y107.934 E.01623
G1 X131.626 Y107.934 E.43738
G1 X132.035 Y107.918 E.01503
;WIDTH:0.452211
G1 X132.445 Y107.902 E.01396
;WIDTH:0.419999
G1 X140.605 Y107.902 E.25585
G1 X140.605 Y112.117 E.13216
G1 X140.605 Y124.328 E.38287
G1 X132.803 Y124.328 E.24463
;WIDTH:0.447339
G1 X132.266 Y124.314 E.01806
;WIDTH:0.474678
G1 X131.729 Y124.301 E.01928
G1 X131.96 Y124.009 E.01337
;WIDTH:0.447339
G1 X132.192 Y123.717 E.01254
;WIDTH:0.419999
G1 X132.192 Y120.974 E.086
G1 X132.182 Y120.869 E.00331
G1 X132.082 Y120.638 E.00789
G1 X131.889 Y120.473 E.00796
G1 X131.626 Y120.408 E.00849
G1 X119.68 Y120.408 E.37456
G1 X119.68 Y112.282 E.25478
G1 X131.626 Y112.282 E.37456
G1 X131.77 Y112.264 E.00455
G1 X131.976 Y112.161 E.00722
G1 X132.14 Y111.953 E.00831
G1 X132.192 Y111.717 E.00758
G1 X132.192 Y108.974 E.086
G1 X132.079 Y108.634 E.01123
;WIDTH:0.452211
G1 X132.044 Y108.615 E.00136
M204 S1000
G1 X131.729 Y108.837 F10800
M204 S800
;TYPE:External perimeter
;WIDTH:0.419999
G1 F1200
G1 X131.626 Y108.785 E.00362
G1 X119.302 Y108.785 E.38641
G1 X119.302 Y107.525 E.03951
G1 X140.982 Y107.525 E.67976
G1 X140.982 Y112.117 E.14398
M73 P5 R22
G1 X140.982 Y124.705 E.39469
G1 X119.302 Y124.705 E.67976
G1 X119.302 Y123.905 E.02508
G1 X131.626 Y123.905 E.38641
G1 X131.815 Y123.717 E.00836
G1 X131.815 Y120.974 E.086
G1 X131.761 Y120.842 E.00447
G1 X131.626 Y120.785 E.00459
G1 X119.302 Y120.785 E.38641
G1 X119.302 Y111.905 E.27843
G1 X131.626 Y111.905 E.38641
G1 X131.743 Y111.865 E.00388
G1 X131.815 Y111.717 E.00516
G1 X131.815 Y108.974 E.086
G1 X131.779 Y108.867 E.00354
M204 S1000
;WIPE_START
G1 F8640
G1 X131.729 Y108.837 E-.01346
G1 X131.626 Y108.785 E-.02664
G1 X128.335 Y108.785 E-.7599
;WIPE_END
G1 Z.6 F720
G1 X140.455 Y108.824 F10800
G1 Z.2 F720
G1 E.8 F2100
M204 S800
;TYPE:Solid infill
;WIDTH:0.424338
G1 F1200
G1 X139.853 Y108.223 E.02698
G1 X139.313 Y108.223 E.01713
G1 X140.285 Y109.194 E.04357
G1 X140.285 Y109.734 E.01713
G1 X138.774 Y108.223 E.06777
G1 X138.235 Y108.223 E.01709
G1 X140.285 Y110.273 E.09195
G1 X140.285 Y110.812 E.01709
G1 X137.695 Y108.223 E.11614
G1 X137.156 Y108.223 E.01709
G1 X140.285 Y111.352 E.14034
G1 X140.285 Y111.891 E.01709
G1 X136.616 Y108.223 E.16454
G1 X136.077 Y108.223 E.01709
G1 X140.285 Y112.431 E.18874
G1 X140.285 Y112.97 E.01709
G1 X135.538 Y108.223 E.21291
G1 X134.998 Y108.223 E.01713
G1 X140.285 Y113.509 E.23711
G1 X140.285 Y114.049 E.01713
G1 X134.459 Y108.223 E.26131
G1 X133.919 Y108.223 E.01713
G1 X140.285 Y114.588 E.2855
G1 X140.285 Y115.128 E.01713
G1 X133.38 Y108.223 E.3097
G1 X132.84 Y108.223 E.01713
G1 X140.285 Y115.667 E.3339
G1 X140.285 Y116.206 E.01709
G1 X132.312 Y108.234 E.35758
G1 X132.044 Y108.255 E.00853
G1 X132.339 Y108.434 E.01094
G1 X132.512 Y108.973 E.01795
G1 X140.285 Y116.746 E.34863
G1 X140.285 Y117.285 E.01709
G1 X132.51 Y109.511 E.3487
G1 X132.508 Y110.048 E.01703
G1 X140.285 Y117.825 E.34881
G1 X140.285 Y118.364 E.01709
G1 X132.506 Y110.585 E.3489
G1 X132.504 Y111.122 E.01703
G1 X140.285 Y118.904 E.34901
G1 X140.285 Y119.443 E.01709
G1 X132.502 Y111.66 E.34908
G1 X132.501 Y111.867 E.00657
M73 P6 R22
G1 X132.416 Y112.113 E.00825
G1 X140.285 Y119.982 E.35294
G1 X140.285 Y120.522 E.01713
G1 X132.172 Y112.409 E.36388
G1 X132.111 Y112.46 E.00252
G1 X131.805 Y112.581 E.01044
G1 X140.285 Y121.061 E.38034
G1 X140.285 Y121.601 E.01713
G1 X131.287 Y112.603 E.40358
G1 X130.748 Y112.603 E.01709
G1 X140.285 Y122.14 E.42775
G1 X140.285 Y122.679 E.01709
G1 X130.208 Y112.603 E.45195
G1 X129.669 Y112.603 E.01709
G1 X140.285 Y123.219 E.47615
G1 X140.285 Y123.758 E.01709
G1 X129.129 Y112.603 E.50034
G1 X128.59 Y112.603 E.01709
G1 X139.995 Y124.008 E.51154
G1 X139.455 Y124.008 E.01713
G1 X128.051 Y112.603 E.51151
G1 X127.511 Y112.603 E.01713
G1 X138.916 Y124.008 E.51154
G1 X138.377 Y124.008 E.01709
G1 X126.972 Y112.603 E.51154
G1 X126.432 Y112.603 E.01713
G1 X137.837 Y124.008 E.51154
G1 X137.298 Y124.008 E.01709
G1 X125.893 Y112.603 E.51154
G1 X125.354 Y112.603 E.01709
G1 X136.758 Y124.008 E.51151
G1 X136.219 Y124.008 E.01709
G1 X124.814 Y112.603 E.51154
G1 X124.275 Y112.603 E.01709
G1 X135.68 Y124.008 E.51154
G1 X135.14 Y124.008 E.01713
G1 X132.512 Y121.38 E.11787
G1 X132.512 Y121.919 E.01709
G1 X134.601 Y124.008 E.0937
G1 X134.061 Y124.008 E.01713
G1 X132.512 Y122.458 E.0695
G1 X132.512 Y122.998 E.01713
G1 X133.522 Y124.008 E.0453
G1 X132.983 Y124.008 E.01709
G1 X132.512 Y123.537 E.02113
G1 X132.512 Y123.765 E.00723
G1 X132.37 Y123.934 E.007
G1 X132.613 Y124.177 E.0109
M204 S1000
;WIPE_START
G1 F8640
G1 X132.37 Y123.934 E-.07935
G1 X132.512 Y123.765 E-.05097
G1 X132.512 Y123.537 E-.05265
G1 X132.983 Y124.008 E-.1538
G1 X133.522 Y124.008 E-.12446
G1 X132.512 Y122.998 E-.32981
G1 X132.512 Y122.959 E-.00896
M73 P7 R22
;WIPE_END
G1 Z.6 F720
G1 X131.396 Y120.264 F10800
G1 Z.2 F720
G1 E.8 F2100
M204 S800
G1 F1200
G1 X123.735 Y112.603 E.34361
G1 X123.196 Y112.603 E.01709
G1 X130.687 Y120.093 E.33596
G1 X130.147 Y120.093 E.01713
G1 X122.657 Y112.603 E.33594
G1 X122.117 Y112.603 E.01713
M73 P7 R21
G1 X129.607 Y120.093 E.33594
G1 X129.068 Y120.093 E.01709
G1 X121.578 Y112.603 E.33594
G1 X121.038 Y112.603 E.01713
G1 X128.528 Y120.092 E.33592
G1 X127.988 Y120.092 E.01713
G1 X120.499 Y112.603 E.3359
G1 X120 Y112.603 E.01583
G1 X120 Y112.643 E.00127
G1 X127.448 Y120.092 E.33408
G1 X126.909 Y120.091 E.01709
G1 X120 Y113.183 E.30986
G1 X120 Y113.722 E.01709
G1 X126.369 Y120.091 E.28566
G1 X125.829 Y120.091 E.01713
G1 X120 Y114.262 E.26144
G1 X120 Y114.801 E.01709
G1 X125.29 Y120.091 E.23727
G1 X124.75 Y120.09 E.01713
G1 X120 Y115.34 E.21305
G1 X120 Y115.88 E.01713
G1 X124.21 Y120.09 E.18883
G1 X123.671 Y120.09 E.01709
G1 X120 Y116.419 E.16465
G1 X120 Y116.959 E.01713
G1 X123.131 Y120.089 E.14041
G1 X122.591 Y120.089 E.01713
G1 X120 Y117.498 E.11621
G1 X120 Y118.037 E.01709
G1 X122.051 Y120.089 E.09201
G1 X121.512 Y120.088 E.01709
G1 X120 Y118.577 E.06779
G1 X120 Y119.116 E.01709
G1 X120.972 Y120.088 E.0436
G1 X120.432 Y120.088 E.01713
G1 X119.83 Y119.486 E.027
M204 S1000
;WIPE_START
G1 F8640
G1 X120.432 Y120.088 E-.19658
G1 X120.972 Y120.088 E-.12469
G1 X120 Y119.116 E-.3174
G1 X120 Y118.577 E-.12446
G1 X120.113 Y118.69 E-.03687
;WIPE_END
G1 Z.6 F720
; stop printing object pieds_clavier_cherry.stl id:2 copy 0
; printing object pieds_clavier_cherry.stl id:0 copy 0
G1 X118.516 Y93.793 F10800
G1 Z.2 F720
G1 E.8 F2100
M204 S800
;TYPE:Perimeter
;WIDTH:0.46576
G1 F1200
G1 X130.44 Y93.793 E.41924
;WIDTH:0.474678
G1 X130.542 Y93.789 E.00366
M204 S1000
;WIPE_START
G1 F8640
G1 X130.44 Y93.793 E-.02357
G1 X127.077 Y93.793 E-.77643
;WIPE_END
G1 Z.6 F720
G1 X130.805 Y78.073 F10800
G1 Z.2 F720
G1 E.8 F2100
M204 S800
;WIDTH:0.452211
G1 F1200
G1 X130.666 Y77.993 E.00546
;WIDTH:0.484423
G1 X130.44 Y77.864 E.00955
G1 X118.525 Y77.864 E.43741
G1 X118.525 Y77.422 E.01623
G1 X130.44 Y77.422 E.43741
G1 X130.849 Y77.406 E.01503
;WIDTH:0.452211
G1 X131.258 Y77.39 E.01393
;WIDTH:0.419999
G1 X139.419 Y77.39 E.25588
G1 X139.419 Y81.605 E.13216
G1 X139.419 Y93.816 E.38287
G1 X131.617 Y93.816 E.24463
;WIDTH:0.447339
G1 X131.079 Y93.802 E.0181
;WIDTH:0.474678
G1 X130.542 Y93.789 E.01928
G1 X130.774 Y93.497 E.01339
;WIDTH:0.447339
G1 X131.005 Y93.205 E.01252
;WIDTH:0.419999
G1 X131.005 Y90.462 E.086
G1 X130.995 Y90.357 E.00331
G1 X130.895 Y90.126 E.00789
G1 X130.703 Y89.961 E.00794
G1 X130.44 Y89.896 E.00849
G1 X118.493 Y89.896 E.37459
G1 X118.493 Y81.77 E.25478
G1 X130.44 Y81.77 E.37459
M73 P8 R21
G1 X130.583 Y81.752 E.00452
G1 X130.79 Y81.649 E.00725
G1 X130.953 Y81.441 E.00829
G1 X131.005 Y81.205 E.00758
G1 X131.005 Y78.462 E.086
G1 X130.892 Y78.122 E.01123
;WIDTH:0.452211
G1 X130.858 Y78.103 E.00133
M204 S1000
G1 X130.542 Y78.325 F10800
M204 S800
;TYPE:External perimeter
;WIDTH:0.419999
G1 F1200
G1 X130.44 Y78.273 E.00359
G1 X118.116 Y78.273 E.38641
G1 X118.116 Y77.013 E.03951
G1 X139.796 Y77.013 E.67976
G1 X139.796 Y81.605 E.14398
G1 X139.796 Y94.193 E.39469
G1 X118.116 Y94.193 E.67976
G1 X118.116 Y93.393 E.02508
G1 X130.44 Y93.393 E.38641
G1 X130.628 Y93.205 E.00834
G1 X130.628 Y90.462 E.086
G1 X130.575 Y90.33 E.00446
G1 X130.44 Y90.273 E.00459
G1 X118.116 Y90.273 E.38641
G1 X118.116 Y81.393 E.27843
G1 X130.44 Y81.393 E.38641
G1 X130.556 Y81.353 E.00385
G1 X130.628 Y81.205 E.00516
G1 X130.628 Y78.462 E.086
G1 X130.593 Y78.355 E.00353
M204 S1000
;WIPE_START
G1 F8640
G1 X130.542 Y78.325 E-.01366
G1 X130.44 Y78.273 E-.02644
G1 X127.149 Y78.273 E-.7599
;WIPE_END
G1 Z.6 F720
G1 X139.268 Y78.313 F10800
G1 Z.2 F720
G1 E.8 F2100
M204 S800
;TYPE:Solid infill
;WIDTH:0.424338
G1 F1200
G1 X138.666 Y77.711 E.027
G1 X138.127 Y77.711 E.01709
G1 X139.098 Y78.682 E.04355
G1 X139.098 Y79.222 E.01713
G1 X137.588 Y77.711 E.06775
G1 X137.048 Y77.711 E.01713
G1 X139.098 Y79.761 E.09195
G1 X139.098 Y80.3 E.01709
G1 X136.509 Y77.711 E.11612
G1 X135.969 Y77.711 E.01713
G1 X139.098 Y80.84 E.14034
G1 X139.098 Y81.379 E.01709
G1 X135.43 Y77.711 E.16452
G1 X134.89 Y77.711 E.01713
G1 X139.098 Y81.919 E.18874
G1 X139.098 Y82.458 E.01709
G1 X134.351 Y77.711 E.21291
G1 X133.812 Y77.711 E.01709
G1 X139.098 Y82.998 E.23711
G1 X139.098 Y83.537 E.01709
G1 X133.272 Y77.711 E.26131
G1 X132.733 Y77.711 E.01709
G1 X139.098 Y84.076 E.28548
G1 X139.098 Y84.616 E.01713
G1 X132.193 Y77.711 E.3097
G1 X131.654 Y77.711 E.01709
G1 X139.098 Y85.155 E.33388
G1 X139.098 Y85.695 E.01713
G1 X131.126 Y77.722 E.35758
G1 X130.858 Y77.743 E.00853
G1 X131.153 Y77.922 E.01094
G1 X131.326 Y78.461 E.01795
G1 X139.098 Y86.234 E.34861
G1 X139.098 Y86.773 E.01709
G1 X131.324 Y78.999 E.34868
G1 X131.322 Y79.536 E.01703
M73 P9 R21
G1 X139.098 Y87.313 E.34879
G1 X139.098 Y87.852 E.01709
G1 X131.319 Y80.073 E.3489
G1 X131.317 Y80.61 E.01703
G1 X139.098 Y88.392 E.34901
G1 X139.098 Y88.931 E.01709
G1 X131.315 Y81.148 E.34908
G1 X131.314 Y81.355 E.00657
G1 X131.229 Y81.601 E.00825
G1 X139.098 Y89.47 E.35294
G1 X139.098 Y90.01 E.01713
G1 X130.985 Y81.897 E.36388
G1 X130.925 Y81.948 E.0025
G1 X130.618 Y82.069 E.01047
G1 X139.098 Y90.549 E.38034
G1 X139.098 Y91.089 E.01713
G1 X130.101 Y82.091 E.40355
G1 X129.561 Y82.091 E.01713
G1 X139.098 Y91.628 E.42775
G1 X139.098 Y92.167 E.01709
G1 X129.022 Y82.091 E.45193
G1 X128.482 Y82.091 E.01713
G1 X139.098 Y92.707 E.47615
G1 X139.098 Y93.246 E.01709
G1 X127.943 Y82.091 E.50032
G1 X127.404 Y82.091 E.01709
G1 X138.808 Y93.496 E.51151
G1 X138.269 Y93.496 E.01709
G1 X126.864 Y82.091 E.51154
G1 X126.325 Y82.091 E.01709
G1 X137.73 Y93.496 E.51154
G1 X137.19 Y93.496 E.01713
G1 X125.785 Y82.091 E.51154
G1 X125.246 Y82.091 E.01709
G1 X136.651 Y93.496 E.51154
G1 X136.111 Y93.496 E.01713
G1 X124.707 Y82.091 E.51151
G1 X124.167 Y82.091 E.01713
G1 X135.572 Y93.496 E.51154
G1 X135.033 Y93.496 E.01709
G1 X123.628 Y82.091 E.51154
G1 X123.088 Y82.091 E.01713
M73 P10 R21
G1 X134.493 Y93.496 E.51154
G1 X133.954 Y93.496 E.01709
G1 X131.326 Y90.868 E.11787
G1 X131.326 Y91.407 E.01709
G1 X133.414 Y93.496 E.09367
G1 X132.875 Y93.496 E.01709
G1 X131.326 Y91.947 E.06948
G1 X131.326 Y92.486 E.01709
G1 X132.335 Y93.496 E.04528
G1 X131.796 Y93.496 E.01709
G1 X131.326 Y93.025 E.0211
G1 X131.326 Y93.253 E.00723
G1 X131.183 Y93.422 E.00702
G1 X131.426 Y93.665 E.0109
M204 S1000
;WIPE_START
G1 F8640
G1 X131.183 Y93.422 E-.07935
G1 X131.326 Y93.253 E-.05112
G1 X131.326 Y93.025 E-.05265
G1 X131.796 Y93.496 E-.15364
G1 X132.335 Y93.496 E-.12446
G1 X131.326 Y92.486 E-.32965
G1 X131.326 Y92.446 E-.00913
;WIPE_END
G1 Z.6 F720
G1 X130.21 Y89.752 F10800
G1 Z.2 F720
G1 E.8 F2100
M204 S800
G1 F1200
G1 X122.549 Y82.091 E.34361
G1 X122.01 Y82.091 E.01709
G1 X129.5 Y89.582 E.33596
G1 X128.961 Y89.581 E.01709
G1 X121.47 Y82.091 E.33596
G1 X120.931 Y82.091 E.01709
G1 X128.421 Y89.581 E.33594
G1 X127.881 Y89.581 E.01713
G1 X120.391 Y82.091 E.33594
G1 X119.852 Y82.091 E.01709
G1 X127.341 Y89.58 E.3359
G1 X126.802 Y89.58 E.01709
G1 X119.313 Y82.091 E.3359
G1 X118.814 Y82.091 E.01583
G1 X118.814 Y82.131 E.00127
G1 X126.262 Y89.58 E.33408
G1 X125.722 Y89.579 E.01713
G1 X118.814 Y82.671 E.30984
G1 X118.814 Y83.21 E.01709
G1 X125.183 Y89.579 E.28566
G1 X124.643 Y89.579 E.01713
G1 X118.814 Y83.75 E.26144
G1 X118.814 Y84.289 E.01709
G1 X124.103 Y89.579 E.23724
G1 X123.564 Y89.578 E.01709
G1 X118.814 Y84.828 E.21305
G1 X118.814 Y85.368 E.01713
G1 X123.024 Y89.578 E.18883
G1 X122.484 Y89.578 E.01713
G1 X118.814 Y85.907 E.16463
G1 X118.814 Y86.447 E.01713
G1 X121.944 Y89.577 E.14039
G1 X121.405 Y89.577 E.01709
G1 X118.814 Y86.986 E.11621
G1 X118.814 Y87.525 E.01709
G1 X120.865 Y89.577 E.09201
G1 X120.325 Y89.577 E.01713
G1 X118.814 Y88.065 E.06779
G1 X118.814 Y88.604 E.01709
G1 X119.786 Y89.576 E.0436
G1 X119.246 Y89.576 E.01713
G1 X118.644 Y88.974 E.027
M204 S1000
M106 S84.15
;LAYER_CHANGE
;Z:0.35
;HEIGHT:0.15
;BEFORE_LAYER_CHANGE
G92 E0.0
;0.35


;WIPE_START
G1 F8640
G1 X119.246 Y89.576 E-.19658
G1 X119.786 Y89.576 E-.12469
G1 X118.814 Y88.604 E-.3174
G1 X118.814 Y88.065 E-.12446
G1 X118.927 Y88.178 E-.03687
;WIPE_END
G1 Z.35 F720
;AFTER_LAYER_CHANGE
;0.35
; stop printing object pieds_clavier_cherry.stl id:0 copy 0
G1 Z.75
G1 X115.519 Y88.974 F10800
G1 Z.35 F720
G1 E.8 F2100
;TYPE:Skirt/Brim
;WIDTH:0.42
G1 F3000
G1 X115.517 Y76.603 E.29919
G1 X115.908 Y75.355 E.03163
G1 X116.941 Y74.553 E.03163
G1 X117.706 Y74.415 E.0188
G1 X140.206 Y74.415 E.54416
G1 X141.454 Y74.805 E.03162
G1 X142.391 Y76.478 E.04638
G1 X146.009 Y139.826 E1.53456
G1 X146.012 Y157.951 E.43835
G1 X145.622 Y159.199 E.03162
G1 X144.589 Y160.001 E.03163
G1 X143.824 Y160.139 E.0188
G1 X121.324 Y160.139 E.54416
G1 X120.076 Y159.748 E.03163
M73 P11 R21
G1 X119.141 Y158.112 E.04557
G1 X116.71 Y125.277 E.79628
G1 X115.519 Y94.688 E.74035
G1 X115.519 Y89.034 E.13674
;WIPE_START
G1 F8640
G1 X115.519 Y88.974 E-.01385
G1 X115.519 Y85.569 E-.78615
;WIPE_END
G1 Z.75 F720
; printing object pieds_clavier_cherry.stl id:1 copy 0
G1 X134.283 Y141.584 F10800
G1 Z.35 F720
G1 E.8 F2100
M204 S800
;TYPE:Perimeter
;WIDTH:0.449999
G1 F2724.227
G1 X134.228 Y141.513 E.00234
;WIDTH:0.497082
G1 F2670.608
G1 X134.134 Y141.458 E.00316
;WIDTH:0.544164
G1 F2640.528
G1 X134.04 Y141.404 E.00346
;WIDTH:0.591246
G1 F2614.223
G1 X133.946 Y141.349 E.0038
;WIDTH:0.638328
G1 F2591.065
G1 X133.852 Y141.294 E.00412
G1 F2586.769
G1 X122.061 Y141.294 E.4457
G1 F2435.135
G1 X122.061 Y140.688 E.02291
G1 F2486.149
G1 X133.852 Y140.688 E.4457
G1 F2484.087
G1 X134.023 Y140.664 E.00653
;WIDTH:0.591246
G1 F2486.612
G1 X134.194 Y140.641 E.00602
;WIDTH:0.544164
G1 F2489.566
G1 X134.364 Y140.617 E.00548
;WIDTH:0.497082
G1 F2493.069
G1 X134.535 Y140.594 E.005
;WIDTH:0.449999
G1 F3000
G1 X143.181 Y140.594 E.22528
G1 X143.181 Y157.308 E.4355
G1 F2442.394
G1 X134.646 Y157.308 E.22239
G1 F2439.538
G1 X133.852 Y157.329 E.0207
;WIDTH:0.408245
G1 F2447.768
G1 X121.946 Y157.329 E.27922
G1 F2394.236
G1 X121.946 Y156.953 E.00882
G1 F2447.451
G1 X133.852 Y156.953 E.27922
;WIDTH:0.41426
G1 F2464.223
M73 P11 R20
G1 X133.957 Y156.947 E.00251
;WIDTH:0.449999
G1 F2480.884
G1 X134.354 Y156.723 E.01188
G1 F2529.015
G1 X134.479 Y156.347 E.01032
G1 F2717.792
G1 X134.479 Y154.015 E.06076
G1 F2895.315
G1 X134.463 Y153.875 E.00367
G1 F2913.897
G1 X134.352 Y153.636 E.00687
G1 F2930.904
G1 X134.143 Y153.46 E.00712
G1 F2938.922
G1 X133.852 Y153.388 E.00781
G1 X121.967 Y153.388 E.30967
G1 F2439.074
G1 X121.967 Y144.974 E.21923
G1 X133.852 Y144.974 E.30967
G1 F2459.422
G1 X134.011 Y144.953 E.00418
G1 F2482.086
G1 X134.24 Y144.839 E.00667
G1 F2511.237
G1 X134.415 Y144.622 E.00726
G1 F2536.517
G1 X134.479 Y144.347 E.00736
G1 F2717.217
G1 X134.479 Y142.015 E.06076
G1 F2767.941
G1 X134.431 Y141.774 E.0064
G1 F2724.227
G1 X134.32 Y141.632 E.0047
M204 S1000
G1 X133.993 Y141.879 F10800
M204 S800
;TYPE:External perimeter
G1 F2264.44
G1 X133.978 Y141.848 E.0009
G1 F2253.926
G1 X133.852 Y141.806 E.00346
G1 F2251.776
G1 X122.224 Y141.806 E.30298
G1 F1963.624
G1 X121.549 Y141.806 E.01759
G1 F2097.26
G1 X121.549 Y140.176 E.04247
G1 F2035.576
G1 X142.924 Y140.176 E.55694
G1 F1969.265
G1 X143.599 Y140.176 E.01759
G1 F1953.67
G1 X143.599 Y140.851 E.01759
G1 F2399.995
G1 X143.599 Y157.051 E.4221
G1 F1976.295
G1 X143.599 Y157.726 E.01759
G1 F1953.668
G1 X142.924 Y157.726 E.01759
G1 F1993.447
G1 X122.224 Y157.726 E.53935
G1 F1959.347
G1 X121.549 Y157.726 E.01759
G1 F1954.037
G1 X121.549 Y156.556 E.03049
G1 F1947.725
G1 X122.224 Y156.556 E.01759
G1 F1993.213
G1 X133.852 Y156.556 E.30298
G1 F2040.868
G1 X134.019 Y156.472 E.00487
G1 F2062.424
G1 X134.061 Y156.347 E.00344
G1 F2210.709
G1 X134.061 Y154.015 E.06076
G1 F2330.482
G1 X134.001 Y153.868 E.00414
G1 F2337.16
G1 X133.852 Y153.806 E.0042
G1 F2338.48
G1 X122.224 Y153.806 E.30298
G1 F1980.174
G1 X121.549 Y153.806 E.01759
G1 F1953.67
G1 X121.549 Y153.131 E.01759
G1 F1991.027
G1 X121.549 Y145.231 E.20584
G1 F1973.04
G1 X121.549 Y144.556 E.01759
G1 F1953.669
G1 X122.224 Y144.556 E.01759
G1 F1992.384
G1 X133.852 Y144.556 E.30298
G1 F2038.557
G1 X134.003 Y144.491 E.00428
G1 F2059.937
G1 X134.061 Y144.347 E.00404
G1 F2210.323
G1 X134.061 Y142.015 E.06076
G1 F2264.44
G1 X134.02 Y141.932 E.00241
M204 S1000
G1 X134.394 Y141.064 F10800
M204 S2000
;TYPE:Solid infill
;WIDTH:0.585604
G1 F3000
G1 X134.345 Y141.015 E.00239
G1 X134.279 Y141.033 E.00236
G1 X134.261 Y141.1 E.00239
G1 X134.31 Y141.149 E.00239
G1 X134.376 Y141.131 E.00236
;WIDTH:0.449999
G1 X134.631 Y141.465 E.01095
G1 X135.147 Y140.949 E.01901
G1 X135.242 Y140.875 E.00314
;WIDTH:0.411095
G1 X135.338 Y140.8 E.00288
;WIDTH:0.37219
G1 X135.297 Y140.811 E.0009
G1 X135.278 Y140.74 E.00156
G1 X135.349 Y140.759 E.00156
;WIDTH:0.449999
G1 X135.738 Y140.949 E.01128
G1 X134.809 Y141.877 E.03421
G1 X134.683 Y142.625 E.01976
;WIDTH:0.37219
G1 X134.642 Y142.636 E.0009
G1 X134.623 Y142.565 E.00156
G1 X134.694 Y142.584 E.00156
;WIDTH:0.411095
G1 X134.763 Y142.515 E.00231
;WIDTH:0.449999
G1 X136.329 Y140.949 E.0577
G1 X136.92 Y140.949 E.0154
G1 X134.829 Y143.04 E.07705
G1 X134.826 Y143.634 E.01548
G1 X137.511 Y140.949 E.09894
M204 S1000
G1 X138.438 Y140.815 F10800
M204 S2000
;WIDTH:0.37219
G1 F3000
G1 X138.367 Y140.796 E.00156
G1 X138.386 Y140.867 E.00156
G1 X138.427 Y140.856 E.0009
;WIDTH:0.411095
G1 X138.264 Y140.903 E.00401
;WIDTH:0.449999
G1 X138.102 Y140.949 E.00439
G1 X134.823 Y144.227 E.12081
G1 X134.774 Y144.39 E.00443
;WIDTH:0.411095
G1 X134.725 Y144.553 E.00402
;WIDTH:0.37219
G1 X134.684 Y144.564 E.0009
G1 X134.664 Y144.493 E.00156
G1 X134.736 Y144.512 E.00158
M204 S1000
;WIPE_START
G1 F8640
G1 X134.664 Y144.493 E-.01719
G1 X134.684 Y144.564 E-.01703
G1 X134.725 Y144.553 E-.0098
G1 X134.774 Y144.39 E-.0393
G1 X134.823 Y144.227 E-.0393
G1 X136.897 Y142.153 E-.67738
;WIPE_END
G1 Z.75 F720
G1 X122.435 Y145.363 F10800
G1 Z.35 F720
G1 E.8 F2100
M204 S2000
;WIDTH:0.55137
G1 F3000
G1 X122.389 Y145.317 E.00211
G1 X122.327 Y145.334 E.00208
G1 X122.31 Y145.396 E.00208
G1 X122.356 Y145.442 E.00211
G1 X122.418 Y145.425 E.00208
;WIDTH:0.449999
G1 X122.322 Y146.093 E.01758
G1 X123.086 Y145.329 E.02815
G1 X123.181 Y145.255 E.00314
;WIDTH:0.411095
G1 X123.276 Y145.18 E.00286
;WIDTH:0.37219
G1 X123.235 Y145.191 E.0009
G1 X123.216 Y145.12 E.00156
G1 X123.287 Y145.139 E.00156
;WIDTH:0.449999
G1 X123.677 Y145.329 E.0113
G1 X122.322 Y146.684 E.04993
G1 X122.322 Y147.274 E.01537
G1 X124.268 Y145.329 E.07169
G1 X124.858 Y145.329 E.01537
G1 X122.322 Y147.865 E.09345
G1 X122.322 Y148.456 E.0154
G1 X125.449 Y145.329 E.11522
G1 X126.04 Y145.329 E.0154
G1 X122.322 Y149.047 E.137
G1 X122.322 Y149.638 E.0154
G1 X126.631 Y145.329 E.15878
G1 X127.222 Y145.329 E.0154
G1 X122.322 Y150.229 E.18056
G1 X122.322 Y150.82 E.0154
G1 X127.813 Y145.329 E.20233
G1 X128.404 Y145.329 E.0154
G1 X122.322 Y151.411 E.22411
G1 X122.322 Y152.001 E.01537
G1 X128.995 Y145.329 E.24587
G1 X129.585 Y145.329 E.01537
G1 X122.322 Y152.592 E.26763
G1 X122.24 Y153.175 E.01534
;WIDTH:0.37219
G1 X122.199 Y153.186 E.0009
G1 X122.18 Y153.115 E.00156
G1 X122.251 Y153.134 E.00156
;WIDTH:0.411095
G1 X122.361 Y153.084 E.00286
;WIDTH:0.449999
G1 X122.472 Y153.033 E.00318
G1 X130.176 Y145.329 E.28388
G1 X130.767 Y145.329 E.0154
G1 X123.063 Y153.033 E.28388
G1 X123.653 Y153.034 E.01537
G1 X131.358 Y145.329 E.28392
G1 X131.949 Y145.329 E.0154
G1 X124.244 Y153.034 E.28392
G1 X124.834 Y153.034 E.01537
G1 X132.54 Y145.329 E.28393
G1 X133.131 Y145.329 E.0154
G1 X125.425 Y153.035 E.28395
G1 X126.015 Y153.035 E.01537
M73 P12 R20
G1 X133.722 Y145.329 E.28397
M204 S1000
;WIPE_START
G1 F8640
G1 X131.272 Y147.779 E-.8
;WIPE_END
G1 Z.75 F720
G1 X138.692 Y140.949 F10800
G1 Z.35 F720
G1 E.8 F2100
M204 S2000
G1 F3000
G1 X126.606 Y153.036 E.44537
G1 X127.196 Y153.036 E.01537
G1 X139.283 Y140.949 E.44539
G1 X139.874 Y140.949 E.0154
G1 X127.787 Y153.036 E.44539
G1 X128.377 Y153.037 E.01537
G1 X140.465 Y140.949 E.44542
G1 X141.056 Y140.949 E.0154
G1 X128.968 Y153.037 E.44542
G1 X129.558 Y153.037 E.01537
G1 X141.647 Y140.949 E.44544
G1 X142.238 Y140.949 E.0154
G1 X130.149 Y153.038 E.44546
G1 X130.739 Y153.038 E.01537
G1 X142.826 Y140.951 E.44539
G1 X142.826 Y141.542 E.0154
G1 X131.33 Y153.038 E.42361
G1 X131.92 Y153.039 E.01537
G1 X142.826 Y142.133 E.40187
G1 X142.826 Y142.724 E.0154
G1 X132.511 Y153.039 E.38009
G1 X133.101 Y153.039 E.01537
G1 X142.826 Y143.315 E.35833
G1 X142.826 Y143.906 E.0154
G1 X133.692 Y153.04 E.33657
G1 X134.211 Y153.112 E.01365
G1 X142.826 Y144.496 E.31747
G1 X142.826 Y145.087 E.0154
G1 X134.568 Y153.345 E.30429
G1 X134.786 Y153.718 E.01126
G1 X142.826 Y145.678 E.29626
G1 X142.826 Y146.269 E.0154
G1 X134.834 Y154.261 E.29449
G1 X134.834 Y154.852 E.0154
G1 X142.826 Y146.86 E.29449
G1 X142.826 Y147.451 E.0154
G1 X134.834 Y155.443 E.29449
G1 X134.834 Y156.034 E.0154
G1 X142.826 Y148.042 E.29449
G1 X142.826 Y148.633 E.0154
G1 X134.707 Y156.751 E.29915
G1 X134.617 Y156.771 E.0024
;WIDTH:0.411095
G1 X134.527 Y156.79 E.00217
;WIDTH:0.37219
G1 X134.457 Y156.949 E.00368
G1 X134.506 Y157.029 E.00199
;WIDTH:0.449999
G1 X135.097 Y156.953 E.01553
G1 X142.826 Y149.223 E.28482
G1 X142.826 Y149.814 E.0154
G1 X135.688 Y156.953 E.26304
G1 X136.278 Y156.953 E.01537
G1 X142.826 Y150.405 E.24128
G1 X142.826 Y150.996 E.0154
G1 X136.869 Y156.953 E.21951
G1 X137.46 Y156.953 E.0154
G1 X142.826 Y151.587 E.19773
G1 X142.826 Y152.178 E.0154
G1 X138.051 Y156.953 E.17595
G1 X138.642 Y156.953 E.0154
G1 X142.826 Y152.769 E.15417
G1 X142.826 Y153.36 E.0154
G1 X139.233 Y156.953 E.1324
G1 X139.824 Y156.953 E.0154
G1 X142.826 Y153.95 E.11064
G1 X142.826 Y154.541 E.0154
G1 X140.414 Y156.953 E.08888
G1 X140.875 Y157.161 E.01318
;WIDTH:0.37219
G1 X140.834 Y157.172 E.0009
G1 X140.815 Y157.101 E.00156
G1 X140.886 Y157.12 E.00156
;WIDTH:0.411095
G1 X140.946 Y157.036 E.00244
;WIDTH:0.449999
G1 X141.005 Y156.953 E.00265
G1 X142.826 Y155.132 E.0671
G1 X142.75 Y155.906 E.02026
;WIDTH:0.601282
G1 X142.75 Y156.877 E.03446
G1 X141.779 Y156.877 E.03446
G1 X142.603 Y156.053 E.04136
M204 S1000
;WIPE_START
G1 F8640
G1 X141.779 Y156.877 E-.26907
G1 X142.75 Y156.877 E-.22421
G1 X142.75 Y155.906 E-.22421
G1 X142.785 Y155.55 E-.08251
;WIPE_END
G1 Z.75 F720
; stop printing object pieds_clavier_cherry.stl id:1 copy 0
; printing object pieds_clavier_cherry.stl id:2 copy 0
G1 X131.852 Y108.749 F10800
G1 Z.35 F720
G1 E.8 F2100
M204 S800
;TYPE:Perimeter
;WIDTH:0.449999
G1 F2724.227
G1 X131.797 Y108.678 E.00234
;WIDTH:0.497082
G1 F2670.608
G1 X131.703 Y108.623 E.00316
;WIDTH:0.544164
G1 F2640.528
G1 X131.609 Y108.568 E.00348
;WIDTH:0.591246
G1 F2614.223
G1 X131.515 Y108.513 E.0038
;WIDTH:0.638328
G1 F2591.065
G1 X131.421 Y108.458 E.00412
G1 F2586.769
G1 X119.629 Y108.458 E.44574
G1 F2435.135
G1 X119.629 Y107.852 E.02291
G1 F2486.149
G1 X131.421 Y107.852 E.44574
G1 F2484.087
G1 X131.591 Y107.829 E.00648
;WIDTH:0.591246
G1 F2486.612
G1 X131.762 Y107.805 E.00602
;WIDTH:0.544164
G1 F2489.566
G1 X131.933 Y107.781 E.00551
;WIDTH:0.497082
G1 F2493.069
G1 X132.103 Y107.758 E.00497
;WIDTH:0.449999
G1 F3000
G1 X140.75 Y107.758 E.2253
G1 X140.75 Y124.472 E.4355
G1 F2442.394
G1 X132.215 Y124.472 E.22239
G1 F2439.538
G1 X131.421 Y124.493 E.0207
;WIDTH:0.408245
G1 F2447.768
G1 X119.514 Y124.493 E.27924
G1 F2394.236
G1 X119.514 Y124.117 E.00882
G1 F2447.451
G1 X131.421 Y124.117 E.27924
;WIDTH:0.41426
G1 F2464.223
G1 X131.526 Y124.111 E.00251
;WIDTH:0.449999
G1 F2480.884
G1 X131.922 Y123.887 E.01185
G1 F2529.015
G1 X132.047 Y123.511 E.01032
G1 F2717.792
G1 X132.047 Y121.179 E.06076
G1 F2895.315
G1 X132.032 Y121.04 E.00364
G1 F2913.897
G1 X131.92 Y120.8 E.0069
G1 F2930.904
G1 X131.712 Y120.624 E.0071
G1 F2938.922
G1 X131.421 Y120.552 E.00781
G1 X119.535 Y120.552 E.3097
G1 F2439.074
G1 X119.535 Y112.138 E.21923
G1 X131.421 Y112.138 E.3097
G1 F2459.422
G1 X131.58 Y112.117 E.00418
G1 F2482.086
G1 X131.808 Y112.004 E.00663
G1 F2511.237
G1 X131.984 Y111.787 E.00728
G1 F2536.517
G1 X132.047 Y111.511 E.00738
G1 F2717.217
G1 X132.047 Y109.179 E.06076
G1 F2767.941
G1 X131.999 Y108.938 E.0064
G1 F2724.227
G1 X131.889 Y108.796 E.00468
M204 S1000
G1 X131.562 Y109.043 F10800
M204 S800
;TYPE:External perimeter
G1 F2264.44
G1 X131.546 Y109.012 E.00091
G1 F2253.926
G1 X131.421 Y108.97 E.00344
G1 F2251.776
G1 X119.792 Y108.97 E.303
G1 F1963.624
G1 X119.117 Y108.97 E.01759
G1 F2097.26
G1 X119.117 Y107.34 E.04247
G1 F2035.576
G1 X140.492 Y107.34 E.55694
G1 F1969.265
M73 P13 R20
G1 X141.167 Y107.34 E.01759
G1 F1953.67
G1 X141.167 Y108.015 E.01759
G1 F2399.995
G1 X141.167 Y124.215 E.4221
G1 F1976.295
G1 X141.167 Y124.89 E.01759
G1 F1953.668
G1 X140.492 Y124.89 E.01759
G1 F1993.447
G1 X119.792 Y124.89 E.53935
G1 F1959.347
G1 X119.117 Y124.89 E.01759
G1 F1954.037
G1 X119.117 Y123.72 E.03049
G1 F1947.725
G1 X119.792 Y123.72 E.01759
G1 F1993.213
G1 X131.421 Y123.72 E.303
G1 F2040.868
G1 X131.588 Y123.637 E.00486
G1 F2062.424
G1 X131.63 Y123.511 E.00346
G1 F2210.709
G1 X131.63 Y121.179 E.06076
G1 F2330.482
G1 X131.569 Y121.032 E.00415
G1 F2337.16
G1 X131.421 Y120.97 E.00418
G1 F2338.48
G1 X119.792 Y120.97 E.303
G1 F1980.174
G1 X119.117 Y120.97 E.01759
G1 F1953.67
G1 X119.117 Y120.295 E.01759
G1 F1991.027
G1 X119.117 Y112.395 E.20584
G1 F1973.04
G1 X119.117 Y111.72 E.01759
G1 F1953.669
G1 X119.792 Y111.72 E.01759
G1 F1992.384
G1 X131.421 Y111.72 E.303
G1 F2038.557
G1 X131.572 Y111.656 E.00427
G1 F2059.937
G1 X131.63 Y111.511 E.00407
G1 F2210.323
G1 X131.63 Y109.179 E.06076
G1 F2264.44
G1 X131.588 Y109.097 E.0024
M204 S1000
G1 X131.963 Y108.228 F10800
M204 S2000
;TYPE:Solid infill
;WIDTH:0.585604
G1 F3000
G1 X131.914 Y108.179 E.00239
G1 X131.847 Y108.197 E.00239
G1 X131.829 Y108.264 E.00239
G1 X131.878 Y108.313 E.00239
G1 X131.945 Y108.295 E.00239
;WIDTH:0.449999
G1 X132.2 Y108.629 E.01095
G1 X132.716 Y108.113 E.01901
G1 X132.811 Y108.039 E.00314
;WIDTH:0.411095
G1 X132.906 Y107.965 E.00285
;WIDTH:0.37219
G1 X132.865 Y107.976 E.0009
G1 X132.846 Y107.905 E.00156
G1 X132.917 Y107.924 E.00156
;WIDTH:0.449999
G1 X133.307 Y108.113 E.01129
G1 X132.378 Y109.042 E.03423
G1 X132.252 Y109.789 E.01974
;WIDTH:0.37219
G1 X132.211 Y109.8 E.0009
G1 X132.192 Y109.729 E.00156
G1 X132.263 Y109.748 E.00156
;WIDTH:0.411095
G1 X132.332 Y109.679 E.00231
;WIDTH:0.449999
G1 X133.898 Y108.113 E.0577
G1 X134.488 Y108.113 E.01537
G1 X132.397 Y110.204 E.07705
G1 X132.394 Y110.798 E.01548
G1 X135.079 Y108.113 E.09894
M204 S1000
G1 X136.007 Y107.98 F10800
M204 S2000
;WIDTH:0.37219
G1 F3000
G1 X135.936 Y107.961 E.00156
G1 X135.955 Y108.032 E.00156
G1 X135.996 Y108.021 E.0009
;WIDTH:0.411095
G1 X135.833 Y108.067 E.004
;WIDTH:0.449999
G1 X135.67 Y108.113 E.00441
G1 X132.391 Y111.392 E.12083
G1 X132.342 Y111.555 E.00443
;WIDTH:0.411095
G1 X132.293 Y111.717 E.004
;WIDTH:0.37219
G1 X132.252 Y111.728 E.0009
G1 X132.233 Y111.657 E.00156
G1 X132.304 Y111.676 E.00156
M204 S1000
;WIPE_START
G1 F8640
G1 X132.233 Y111.657 E-.01697
G1 X132.252 Y111.728 E-.01697
G1 X132.293 Y111.717 E-.0098
G1 X132.342 Y111.555 E-.03908
G1 X132.391 Y111.392 E-.0393
G1 X134.467 Y109.316 E-.67788
;WIPE_END
G1 Z.75 F720
G1 X120.004 Y112.527 F10800
G1 Z.35 F720
G1 E.8 F2100
M204 S2000
;WIDTH:0.55137
G1 F3000
G1 X119.958 Y112.481 E.00211
G1 X119.895 Y112.498 E.00211
G1 X119.878 Y112.561 E.00211
G1 X119.924 Y112.607 E.00211
G1 X119.987 Y112.59 E.00211
;WIDTH:0.449999
G1 X119.89 Y113.257 E.01756
G1 X120.654 Y112.493 E.02815
G1 X120.75 Y112.419 E.00316
;WIDTH:0.411095
G1 X120.845 Y112.345 E.00285
;WIDTH:0.37219
G1 X120.804 Y112.356 E.0009
G1 X120.785 Y112.285 E.00156
G1 X120.856 Y112.304 E.00156
;WIDTH:0.449999
G1 X121.245 Y112.493 E.01127
G1 X119.89 Y113.848 E.04993
G1 X119.89 Y114.439 E.0154
G1 X121.836 Y112.493 E.07171
G1 X122.427 Y112.493 E.0154
G1 X119.89 Y115.03 E.09348
G1 X119.89 Y115.621 E.0154
G1 X123.018 Y112.493 E.11526
G1 X123.609 Y112.493 E.0154
G1 X119.89 Y116.211 E.13702
G1 X119.89 Y116.802 E.0154
G1 X124.2 Y112.493 E.1588
G1 X124.79 Y112.493 E.01537
G1 X119.89 Y117.393 E.18056
G1 X119.89 Y117.984 E.0154
G1 X125.381 Y112.493 E.20233
G1 X125.972 Y112.493 E.0154
G1 X119.89 Y118.575 E.22411
G1 X119.89 Y119.166 E.0154
G1 X126.563 Y112.493 E.24589
G1 X127.154 Y112.493 E.0154
G1 X119.89 Y119.757 E.26767
G1 X119.808 Y120.339 E.01531
;WIDTH:0.37219
G1 X119.767 Y120.35 E.0009
G1 X119.748 Y120.279 E.00156
G1 X119.819 Y120.298 E.00156
;WIDTH:0.411095
G1 X119.93 Y120.248 E.00288
;WIDTH:0.449999
G1 X120.041 Y120.197 E.00318
G1 X127.745 Y112.493 E.28388
G1 X128.336 Y112.493 E.0154
G1 X120.631 Y120.198 E.28392
G1 X121.222 Y120.198 E.0154
G1 X128.927 Y112.493 E.28392
G1 X129.517 Y112.493 E.01537
G1 X121.812 Y120.198 E.28392
G1 X122.403 Y120.199 E.0154
G1 X130.108 Y112.493 E.28393
G1 X130.699 Y112.493 E.0154
G1 X122.993 Y120.199 E.28395
G1 X123.584 Y120.2 E.0154
G1 X131.29 Y112.493 E.28397
M204 S1000
;WIPE_START
G1 F8640
G1 X128.84 Y114.943 E-.8
;WIPE_END
G1 Z.75 F720
G1 X136.261 Y108.113 F10800
G1 Z.35 F720
G1 E.8 F2100
M204 S2000
G1 F3000
G1 X124.174 Y120.2 E.44539
G1 X124.765 Y120.2 E.0154
G1 X136.852 Y108.113 E.44539
G1 X137.443 Y108.113 E.0154
G1 X125.355 Y120.201 E.44542
G1 X125.946 Y120.201 E.0154
G1 X138.034 Y108.113 E.44542
G1 X138.624 Y108.113 E.01537
G1 X126.536 Y120.201 E.44542
G1 X127.127 Y120.202 E.0154
G1 X139.215 Y108.113 E.44544
G1 X139.806 Y108.113 E.0154
G1 X127.717 Y120.202 E.44546
G1 X128.308 Y120.202 E.0154
G1 X140.395 Y108.116 E.44537
G1 X140.395 Y108.706 E.01537
G1 X128.898 Y120.203 E.42365
G1 X129.489 Y120.203 E.0154
G1 X140.395 Y109.297 E.40187
G1 X140.395 Y109.888 E.0154
G1 X130.079 Y120.203 E.38011
G1 X130.67 Y120.204 E.0154
G1 X140.395 Y110.479 E.35835
G1 X140.395 Y111.07 E.0154
G1 X131.26 Y120.204 E.33659
G1 X131.779 Y120.276 E.01365
G1 X140.395 Y111.661 E.31747
G1 X140.395 Y112.252 E.0154
G1 X132.136 Y120.51 E.30431
G1 X132.354 Y120.883 E.01126
G1 X140.395 Y112.843 E.29628
G1 X140.395 Y113.433 E.01537
G1 X132.403 Y121.425 E.29449
G1 X132.403 Y122.016 E.0154
M73 P14 R20
G1 X140.395 Y114.024 E.29449
G1 X140.395 Y114.615 E.0154
G1 X132.403 Y122.607 E.29449
G1 X132.403 Y123.198 E.0154
G1 X140.395 Y115.206 E.29449
G1 X140.395 Y115.797 E.0154
G1 X132.276 Y123.916 E.29917
G1 X132.186 Y123.935 E.0024
;WIDTH:0.411095
G1 X132.096 Y123.954 E.00217
;WIDTH:0.37219
G1 X132.025 Y124.113 E.00369
G1 X132.075 Y124.194 E.00202
;WIDTH:0.449999
G1 X132.665 Y124.117 E.0155
G1 X140.395 Y116.388 E.28482
G1 X140.395 Y116.979 E.0154
G1 X133.256 Y124.117 E.26304
G1 X133.847 Y124.117 E.0154
G1 X140.395 Y117.57 E.24126
G1 X140.395 Y118.16 E.01537
G1 X134.438 Y124.117 E.21951
G1 X135.029 Y124.117 E.0154
G1 X140.395 Y118.751 E.19773
G1 X140.395 Y119.342 E.0154
G1 X135.62 Y124.117 E.17595
G1 X136.21 Y124.117 E.01537
G1 X140.395 Y119.933 E.15419
G1 X140.395 Y120.524 E.0154
G1 X136.801 Y124.117 E.13241
G1 X137.392 Y124.117 E.0154
G1 X140.395 Y121.115 E.11064
G1 X140.395 Y121.706 E.0154
G1 X137.983 Y124.117 E.08886
G1 X138.444 Y124.326 E.01319
;WIDTH:0.37219
G1 X138.402 Y124.337 E.00092
G1 X138.383 Y124.265 E.00158
G1 X138.455 Y124.284 E.00158
;WIDTH:0.411095
G1 X138.514 Y124.201 E.00241
;WIDTH:0.449999
G1 X138.574 Y124.117 E.00269
G1 X140.395 Y122.297 E.06708
G1 X140.319 Y123.07 E.02024
;WIDTH:0.601282
G1 X140.319 Y124.042 E.0345
G1 X139.347 Y124.042 E.0345
G1 X140.171 Y123.218 E.04136
M204 S1000
;WIPE_START
G1 F8640
G1 X139.347 Y124.042 E-.26907
G1 X140.319 Y124.042 E-.22444
G1 X140.319 Y123.07 E-.22444
G1 X140.354 Y122.716 E-.08205
;WIPE_END
G1 Z.75 F720
; stop printing object pieds_clavier_cherry.stl id:2 copy 0
; printing object pieds_clavier_cherry.stl id:0 copy 0
G1 X130.666 Y78.237 F10800
G1 Z.35 F720
G1 E.8 F2100
M204 S800
;TYPE:Perimeter
;WIDTH:0.449999
G1 F2724.227
G1 X130.61 Y78.166 E.00236
;WIDTH:0.497082
G1 F2670.608
G1 X130.516 Y78.111 E.00316
;WIDTH:0.544164
G1 F2640.528
G1 X130.422 Y78.056 E.00348
;WIDTH:0.591246
G1 F2614.223
G1 X130.328 Y78.001 E.0038
;WIDTH:0.638328
G1 F2591.065
G1 X130.234 Y77.946 E.00412
G1 F2586.769
G1 X118.443 Y77.946 E.4457
G1 F2435.135
G1 X118.443 Y77.34 E.02291
G1 F2486.149
G1 X130.234 Y77.34 E.4457
G1 F2484.087
G1 X130.405 Y77.317 E.00652
;WIDTH:0.591246
G1 F2486.612
G1 X130.576 Y77.293 E.00602
;WIDTH:0.544164
G1 F2489.566
G1 X130.746 Y77.27 E.00548
;WIDTH:0.497082
G1 F2493.069
G1 X130.917 Y77.246 E.00501
;WIDTH:0.449999
G1 F3000
G1 X139.563 Y77.246 E.22528
G1 X139.563 Y93.96 E.4355
G1 F2442.394
G1 X131.028 Y93.96 E.22239
G1 F2439.538
G1 X130.234 Y93.981 E.0207
;WIDTH:0.408245
G1 F2447.768
G1 X118.328 Y93.981 E.27922
G1 F2394.236
G1 X118.328 Y93.605 E.00882
G1 F2447.451
G1 X130.234 Y93.605 E.27922
;WIDTH:0.41426
G1 F2464.223
G1 X130.34 Y93.599 E.00253
;WIDTH:0.449999
G1 F2480.884
G1 X130.736 Y93.375 E.01185
G1 F2529.015
G1 X130.861 Y92.999 E.01032
G1 F2717.792
G1 X130.861 Y90.667 E.06076
G1 F2895.315
G1 X130.845 Y90.528 E.00365
G1 F2913.897
G1 X130.734 Y90.288 E.00689
G1 F2930.904
G1 X130.525 Y90.112 E.00712
G1 F2938.922
G1 X130.234 Y90.04 E.00781
G1 X118.349 Y90.04 E.30967
G1 F2439.074
G1 X118.349 Y81.626 E.21923
G1 X130.234 Y81.626 E.30967
G1 F2459.422
G1 X130.393 Y81.606 E.00418
G1 F2482.086
G1 X130.622 Y81.492 E.00667
G1 F2511.237
G1 X130.797 Y81.275 E.00726
G1 F2536.517
G1 X130.861 Y80.999 E.00738
G1 F2717.217
G1 X130.861 Y78.667 E.06076
G1 F2767.941
G1 X130.813 Y78.426 E.0064
G1 F2724.227
G1 X130.702 Y78.284 E.0047
M204 S1000
G1 X130.375 Y78.531 F10800
M204 S800
;TYPE:External perimeter
G1 F2264.44
G1 X130.36 Y78.5 E.0009
G1 F2253.926
G1 X130.234 Y78.458 E.00346
G1 F2251.776
G1 X118.606 Y78.458 E.30298
G1 F1963.624
G1 X117.931 Y78.458 E.01759
G1 F2097.26
G1 X117.931 Y76.828 E.04247
G1 F2035.576
G1 X139.306 Y76.828 E.55694
G1 F1969.265
G1 X139.981 Y76.828 E.01759
G1 F1953.67
G1 X139.981 Y77.503 E.01759
G1 F2399.995
G1 X139.981 Y93.703 E.4221
G1 F1976.295
G1 X139.981 Y94.378 E.01759
G1 F1953.668
G1 X139.306 Y94.378 E.01759
G1 F1993.447
G1 X118.606 Y94.378 E.53935
G1 F1959.347
G1 X117.931 Y94.378 E.01759
G1 F1954.037
G1 X117.931 Y93.208 E.03049
G1 F1947.725
G1 X118.606 Y93.208 E.01759
G1 F1993.213
G1 X130.234 Y93.208 E.30298
G1 F2040.868
G1 X130.401 Y93.125 E.00486
G1 F2062.424
G1 X130.443 Y92.999 E.00346
G1 F2210.709
G1 X130.443 Y90.667 E.06076
G1 F2330.482
G1 X130.383 Y90.52 E.00414
G1 F2337.16
G1 X130.234 Y90.458 E.0042
G1 F2338.48
G1 X118.606 Y90.458 E.30298
G1 F1980.174
G1 X117.931 Y90.458 E.01759
G1 F1953.67
G1 X117.931 Y89.783 E.01759
G1 F1991.027
G1 X117.931 Y81.883 E.20584
G1 F1973.04
G1 X117.931 Y81.208 E.01759
G1 F1953.669
G1 X118.606 Y81.208 E.01759
G1 F1992.384
G1 X130.234 Y81.208 E.30298
G1 F2038.557
G1 X130.385 Y81.144 E.00427
G1 F2059.937
G1 X130.443 Y80.999 E.00407
G1 F2210.323
G1 X130.443 Y78.667 E.06076
G1 F2264.44
G1 X130.402 Y78.585 E.00239
M204 S1000
G1 X130.776 Y77.716 F10800
M204 S2000
;TYPE:Solid infill
;WIDTH:0.585604
G1 F3000
G1 X130.727 Y77.667 E.00239
G1 X130.661 Y77.685 E.00236
G1 X130.643 Y77.752 E.00239
G1 X130.692 Y77.801 E.00239
G1 X130.758 Y77.783 E.00236
;WIDTH:0.449999
G1 X131.013 Y78.117 E.01095
G1 X131.529 Y77.601 E.01901
G1 X131.625 Y77.527 E.00316
;WIDTH:0.411095
G1 X131.72 Y77.453 E.00285
;WIDTH:0.37219
G1 X131.679 Y77.464 E.0009
G1 X131.66 Y77.393 E.00156
G1 X131.731 Y77.412 E.00156
;WIDTH:0.449999
G1 X132.12 Y77.601 E.01127
G1 X131.192 Y78.53 E.03421
G1 X131.065 Y79.277 E.01974
;WIDTH:0.37219
G1 X131.024 Y79.288 E.0009
G1 X131.005 Y79.217 E.00156
G1 X131.076 Y79.236 E.00156
;WIDTH:0.411095
G1 X131.145 Y79.167 E.00231
;WIDTH:0.449999
G1 X132.711 Y77.601 E.0577
G1 X133.302 Y77.601 E.0154
G1 X131.211 Y79.692 E.07705
G1 X131.208 Y80.286 E.01548
G1 X133.893 Y77.601 E.09894
M204 S1000
G1 X134.82 Y77.468 F10800
M204 S2000
;WIDTH:0.37219
G1 F3000
G1 X134.749 Y77.449 E.00156
G1 X134.768 Y77.52 E.00156
G1 X134.809 Y77.509 E.0009
;WIDTH:0.411095
G1 X134.646 Y77.555 E.004
;WIDTH:0.449999
G1 X134.484 Y77.601 E.00439
G1 X131.205 Y80.88 E.12083
G1 X131.156 Y81.043 E.00443
;WIDTH:0.411095
G1 X131.107 Y81.205 E.004
;WIDTH:0.37219
G1 X131.066 Y81.216 E.0009
G1 X131.047 Y81.145 E.00156
G1 X131.118 Y81.164 E.00156
M204 S1000
;WIPE_START
G1 F8640
G1 X131.047 Y81.145 E-.01697
G1 X131.066 Y81.216 E-.01697
G1 X131.107 Y81.205 E-.0098
G1 X131.156 Y81.043 E-.03908
G1 X131.205 Y80.88 E-.0393
G1 X133.281 Y78.804 E-.67788
;WIPE_END
G1 Z.75 F720
G1 X118.817 Y82.015 F10800
G1 Z.35 F720
G1 E.8 F2100
M204 S2000
;WIDTH:0.55137
G1 F3000
G1 X118.771 Y81.969 E.00211
G1 X118.709 Y81.986 E.00208
G1 X118.692 Y82.049 E.00211
G1 X118.738 Y82.095 E.00211
G1 X118.801 Y82.078 E.00211
;WIDTH:0.449999
G1 X118.704 Y82.745 E.01756
G1 X119.468 Y81.981 E.02815
G1 X119.563 Y81.907 E.00314
;WIDTH:0.411095
G1 X119.658 Y81.833 E.00285
;WIDTH:0.37219
G1 X119.617 Y81.844 E.0009
G1 X119.598 Y81.773 E.00156
G1 X119.669 Y81.792 E.00156
;WIDTH:0.449999
G1 X120.059 Y81.981 E.01129
G1 X118.704 Y83.336 E.04993
G1 X118.704 Y83.927 E.0154
G1 X120.65 Y81.981 E.07171
G1 X121.241 Y81.981 E.0154
G1 X118.704 Y84.518 E.09348
G1 X118.704 Y85.109 E.0154
G1 X121.831 Y81.981 E.11524
G1 X122.422 Y81.981 E.0154
G1 X118.704 Y85.699 E.137
G1 X118.704 Y86.29 E.0154
G1 X123.013 Y81.981 E.15878
G1 X123.604 Y81.981 E.0154
G1 X118.704 Y86.881 E.18056
G1 X118.704 Y87.472 E.0154
G1 X124.195 Y81.981 E.20233
G1 X124.786 Y81.981 E.0154
G1 X118.704 Y88.063 E.22411
G1 X118.704 Y88.654 E.0154
G1 X125.377 Y81.981 E.24589
G1 X125.967 Y81.981 E.01537
G1 X118.704 Y89.245 E.26765
G1 X118.622 Y89.827 E.01531
M73 P15 R20
;WIDTH:0.37219
G1 X118.581 Y89.838 E.0009
G1 X118.562 Y89.767 E.00156
G1 X118.633 Y89.786 E.00156
;WIDTH:0.411095
G1 X118.744 Y89.736 E.00288
;WIDTH:0.449999
G1 X118.854 Y89.685 E.00316
G1 X126.558 Y81.981 E.28388
G1 X127.149 Y81.981 E.0154
G1 X119.445 Y89.686 E.2839
G1 X120.035 Y89.686 E.01537
G1 X127.74 Y81.981 E.28392
G1 X128.331 Y81.981 E.0154
G1 X120.626 Y89.687 E.28393
G1 X121.216 Y89.687 E.01537
G1 X128.922 Y81.981 E.28395
G1 X129.513 Y81.981 E.0154
G1 X121.807 Y89.687 E.28395
G1 X122.397 Y89.688 E.01537
G1 X130.104 Y81.981 E.28399
M204 S1000
;WIPE_START
G1 F8640
G1 X127.654 Y84.431 E-.8
;WIPE_END
G1 Z.75 F720
G1 X135.075 Y77.601 F10800
G1 Z.35 F720
G1 E.8 F2100
M204 S2000
G1 F3000
G1 X122.988 Y89.688 E.44539
G1 X123.578 Y89.688 E.01537
G1 X135.665 Y77.601 E.44539
G1 X136.256 Y77.601 E.0154
G1 X124.169 Y89.689 E.4454
G1 X124.759 Y89.689 E.01537
G1 X136.847 Y77.601 E.44542
G1 X137.438 Y77.601 E.0154
G1 X125.35 Y89.689 E.44542
G1 X125.94 Y89.69 E.01537
G1 X138.029 Y77.601 E.44546
G1 X138.62 Y77.601 E.0154
G1 X126.531 Y89.69 E.44546
G1 X127.121 Y89.69 E.01537
G1 X139.208 Y77.604 E.44537
G1 X139.208 Y78.195 E.0154
G1 X127.712 Y89.691 E.42361
G1 X128.302 Y89.691 E.01537
G1 X139.208 Y78.785 E.40187
G1 X139.208 Y79.376 E.0154
G1 X128.893 Y89.692 E.38011
G1 X129.483 Y89.692 E.01537
G1 X139.208 Y79.967 E.35835
G1 X139.208 Y80.558 E.0154
G1 X130.074 Y89.692 E.33657
G1 X130.593 Y89.764 E.01365
G1 X139.208 Y81.149 E.31745
G1 X139.208 Y81.74 E.0154
G1 X130.95 Y89.998 E.30429
G1 X131.168 Y90.371 E.01126
G1 X139.208 Y82.331 E.29626
G1 X139.208 Y82.922 E.0154
G1 X131.216 Y90.913 E.29447
M73 P15 R19
G1 X131.216 Y91.504 E.0154
G1 X139.208 Y83.512 E.29449
G1 X139.208 Y84.103 E.0154
G1 X131.216 Y92.095 E.29449
G1 X131.216 Y92.686 E.0154
G1 X139.208 Y84.694 E.29449
G1 X139.208 Y85.285 E.0154
G1 X131.089 Y93.404 E.29917
G1 X130.999 Y93.423 E.0024
;WIDTH:0.411095
G1 X130.909 Y93.442 E.00217
;WIDTH:0.37219
G1 X130.839 Y93.601 E.00368
G1 X130.888 Y93.682 E.00201
;WIDTH:0.449999
G1 X131.479 Y93.605 E.01553
G1 X139.208 Y85.876 E.2848
G1 X139.208 Y86.467 E.0154
G1 X132.07 Y93.605 E.26302
G1 X132.66 Y93.605 E.01537
G1 X139.208 Y87.058 E.24126
G1 X139.208 Y87.648 E.01537
G1 X133.251 Y93.605 E.21951
G1 X133.842 Y93.605 E.0154
G1 X139.208 Y88.239 E.19773
G1 X139.208 Y88.83 E.0154
G1 X134.433 Y93.605 E.17595
G1 X135.024 Y93.605 E.0154
G1 X139.208 Y89.421 E.15417
G1 X139.208 Y90.012 E.0154
G1 X135.615 Y93.605 E.1324
G1 X136.206 Y93.605 E.0154
G1 X139.208 Y90.603 E.11062
G1 X139.208 Y91.194 E.0154
G1 X136.797 Y93.605 E.08884
G1 X137.257 Y93.814 E.01316
;WIDTH:0.37219
G1 X137.216 Y93.825 E.0009
G1 X137.197 Y93.753 E.00158
G1 X137.268 Y93.773 E.00156
;WIDTH:0.411095
G1 X137.328 Y93.689 E.00244
;WIDTH:0.449999
G1 X137.387 Y93.605 E.00267
G1 X139.208 Y91.785 E.06708
G1 X139.132 Y92.558 E.02024
;WIDTH:0.601282
G1 X139.132 Y93.53 E.0345
G1 X138.161 Y93.53 E.03446
G1 X138.985 Y92.706 E.04136
M204 S1000
M106 S170.85
;LAYER_CHANGE
;Z:0.5
;HEIGHT:0.15
;BEFORE_LAYER_CHANGE
G92 E0.0
;0.5


;WIPE_START
G1 F8640
G1 X138.161 Y93.53 E-.26907
G1 X139.132 Y93.53 E-.22421
G1 X139.132 Y92.558 E-.22444
G1 X139.167 Y92.203 E-.08228
;WIPE_END
G1 Z.5 F720
;AFTER_LAYER_CHANGE
;0.5
; stop printing object pieds_clavier_cherry.stl id:0 copy 0
G1 Z.9
G1 X143.304 Y92.459 F10800
G1 Z.5 F720
G1 E.8 F2100
;TYPE:Skirt/Brim
;WIDTH:0.42
G1 F3000
G1 X146.009 Y139.826 E1.14743
G1 X146.012 Y157.951 E.43835
G1 X145.622 Y159.199 E.03162
G1 X144.589 Y160.001 E.03163
G1 X143.824 Y160.139 E.0188
G1 X121.324 Y160.139 E.54416
G1 X120.076 Y159.748 E.03163
G1 X119.141 Y158.112 E.04557
G1 X116.71 Y125.277 E.79628
G1 X115.519 Y94.688 E.74035
M73 P16 R19
G1 X115.517 Y76.603 E.43738
G1 X115.908 Y75.355 E.03163
G1 X116.941 Y74.553 E.03163
G1 X117.706 Y74.415 E.0188
G1 X140.206 Y74.415 E.54416
G1 X141.454 Y74.805 E.03162
G1 X142.391 Y76.478 E.04638
G1 X143.3 Y92.399 E.38567
;WIPE_START
G1 F8640
G1 X143.304 Y92.459 E-.01388
G1 X143.498 Y95.858 E-.78612
;WIPE_END
G1 Z.9 F720
; printing object pieds_clavier_cherry.stl id:1 copy 0
G1 X134.283 Y141.584 F10800
G1 Z.5 F720
G1 E.8 F2100
M204 S800
;TYPE:Perimeter
;WIDTH:0.449999
G1 F3000
G1 X134.228 Y141.513 E.00234
;WIDTH:0.497082
G1 X134.134 Y141.458 E.00316
;WIDTH:0.544164
G1 X134.04 Y141.404 E.00346
;WIDTH:0.591246
G1 X133.946 Y141.349 E.0038
;WIDTH:0.638328
G1 X133.852 Y141.294 E.00412
G1 X122.061 Y141.294 E.4457
G1 X122.061 Y140.688 E.02291
G1 X133.852 Y140.688 E.4457
G1 X134.023 Y140.664 E.00653
;WIDTH:0.591246
G1 X134.194 Y140.641 E.00602
;WIDTH:0.544164
G1 X134.364 Y140.617 E.00548
;WIDTH:0.497082
G1 X134.535 Y140.594 E.005
;WIDTH:0.449999
G1 X143.181 Y140.594 E.22528
G1 X143.181 Y157.308 E.4355
G1 X134.646 Y157.308 E.22239
G1 X133.852 Y157.329 E.0207
;WIDTH:0.408245
G1 X121.946 Y157.329 E.27922
G1 X121.946 Y156.953 E.00882
G1 X133.852 Y156.953 E.27922
;WIDTH:0.41426
G1 X133.957 Y156.947 E.00251
;WIDTH:0.449999
G1 X134.354 Y156.723 E.01188
G1 X134.479 Y156.347 E.01032
G1 X134.479 Y154.015 E.06076
G1 X134.463 Y153.875 E.00367
G1 X134.352 Y153.636 E.00687
G1 X134.143 Y153.46 E.00712
G1 X133.852 Y153.388 E.00781
G1 X121.967 Y153.388 E.30967
G1 X121.967 Y144.974 E.21923
G1 X133.852 Y144.974 E.30967
G1 X134.011 Y144.953 E.00418
G1 X134.24 Y144.839 E.00667
G1 X134.415 Y144.622 E.00726
G1 X134.479 Y144.347 E.00736
G1 X134.479 Y142.015 E.06076
G1 X134.431 Y141.774 E.0064
G1 X134.32 Y141.632 E.0047
M204 S1000
G1 X133.993 Y141.879 F10800
M204 S800
;TYPE:External perimeter
G1 F2400
G1 X133.978 Y141.848 E.0009
G1 X133.852 Y141.806 E.00346
G1 F2399.995
G1 X121.549 Y141.806 E.32056
G1 X121.549 Y140.176 E.04247
G1 X143.599 Y140.176 E.57453
G1 X143.599 Y157.726 E.45728
G1 X121.549 Y157.726 E.57453
G1 X121.549 Y156.556 E.03049
G1 X133.852 Y156.556 E.32056
G1 F2400
G1 X134.019 Y156.472 E.00487
G1 X134.061 Y156.347 E.00344
G1 X134.061 Y154.015 E.06076
G1 X134.001 Y153.868 E.00414
G1 X133.852 Y153.806 E.0042
G1 F2399.995
G1 X121.549 Y153.806 E.32056
G1 X121.549 Y144.556 E.24102
G1 X133.852 Y144.556 E.32056
G1 F2400
G1 X134.003 Y144.491 E.00428
G1 X134.061 Y144.347 E.00404
G1 X134.061 Y142.015 E.06076
G1 X134.02 Y141.932 E.00241
M204 S1000
;WIPE_START
G1 F8640
G1 X133.993 Y141.879 E-.01373
G1 X133.978 Y141.848 E-.00795
G1 X133.852 Y141.806 E-.03067
G1 X130.614 Y141.806 E-.74765
;WIPE_END
G1 Z.9 F720
G1 X122.356 Y152.92 F10800
G1 Z.5 F720
G1 E.8 F2100
M204 S2000
;TYPE:Solid infill
;WIDTH:0.55146
G1 F3000
G1 X122.31 Y152.965 E.00208
G1 X122.327 Y153.028 E.00211
G1 X122.389 Y153.045 E.00208
G1 X122.435 Y152.999 E.00211
G1 X122.419 Y152.936 E.0021
M204 S1000
G1 X123.277 Y153.182 F10800
M204 S2000
;WIDTH:0.37219
G1 F3000
G1 X123.288 Y153.223 E.0009
G1 X123.217 Y153.242 E.00156
G1 X123.236 Y153.171 E.00156
;WIDTH:0.411095
G1 X123.161 Y153.102 E.00241
;WIDTH:0.449999
G1 X122.322 Y152.269 E.03081
G1 X122.248 Y152.174 E.00314
;WIDTH:0.411095
G1 X122.174 Y152.078 E.00286
;WIDTH:0.37219
G1 X122.185 Y152.12 E.00092
G1 X122.114 Y152.139 E.00156
G1 X122.133 Y152.067 E.00158
;WIDTH:0.449999
G1 X122.322 Y151.678 E.01127
G1 X123.678 Y153.034 E.04997
G1 X124.269 Y153.034 E.0154
G1 X122.322 Y151.087 E.07174
G1 X122.322 Y150.496 E.0154
G1 X124.86 Y153.034 E.09352
G1 X125.451 Y153.035 E.0154
G1 X122.322 Y149.905 E.11532
G1 X122.322 Y149.315 E.01537
G1 X126.043 Y153.035 E.13709
G1 X126.634 Y153.036 E.0154
G1 X122.322 Y148.724 E.15889
G1 X122.322 Y148.133 E.0154
G1 X127.225 Y153.036 E.18067
G1 X127.816 Y153.036 E.0154
G1 X122.322 Y147.542 E.20244
G1 X122.322 Y146.951 E.0154
G1 X128.407 Y153.037 E.22424
G1 X128.999 Y153.037 E.01542
G1 X122.322 Y146.36 E.24604
G1 X122.322 Y145.769 E.0154
G1 X129.59 Y153.037 E.26781
G1 X130.181 Y153.038 E.0154
G1 X122.472 Y145.329 E.28406
G1 X122.356 Y145.258 E.00354
;WIDTH:0.411095
G1 X122.24 Y145.187 E.00321
;WIDTH:0.37219
G1 X122.251 Y145.228 E.0009
G1 X122.18 Y145.247 E.00156
G1 X122.199 Y145.176 E.00156
M204 S1000
G1 X123.063 Y145.329 F10800
M204 S2000
;WIDTH:0.449999
G1 F3000
G1 X130.772 Y153.038 E.28406
G1 X131.364 Y153.038 E.01542
G1 X123.654 Y145.329 E.28408
G1 X124.245 Y145.329 E.0154
G1 X131.955 Y153.039 E.2841
G1 X132.546 Y153.039 E.0154
G1 X124.836 Y145.329 E.2841
G1 X125.427 Y145.329 E.0154
G1 X133.137 Y153.039 E.2841
M204 S1000
G1 X134.013 Y153.132 F10800
M204 S2000
;WIDTH:0.37219
G1 F3000
G1 X133.994 Y153.203 E.00156
G1 X134.065 Y153.184 E.00156
G1 X134.054 Y153.143 E.0009
;WIDTH:0.411095
G1 X133.891 Y153.091 E.00404
;WIDTH:0.449999
G1 X133.729 Y153.04 E.00443
G1 X126.017 Y145.329 E.28416
M204 S1000
;WIPE_START
G1 F8640
G1 X128.467 Y147.779 E-.8
;WIPE_END
G1 Z.9 F720
G1 X134.636 Y156.883 F10800
G1 Z.5 F720
G1 E.8 F2100
M204 S2000
;WIDTH:0.4807
G1 F3000
G1 X134.596 Y156.923 E.00158
G1 X134.61 Y156.977 E.00156
G1 X134.665 Y156.992 E.00159
G1 X134.704 Y156.952 E.00156
G1 X134.69 Y156.898 E.00156
;WIDTH:0.449999
G1 X134.8 Y156.474 E.01141
G1 X135.353 Y157.021 E.02027
;WIDTH:0.411095
G1 X135.427 Y157.09 E.00239
;WIDTH:0.37219
G1 X135.408 Y157.161 E.00156
G1 X135.479 Y157.142 E.00156
G1 X135.468 Y157.101 E.0009
;WIDTH:0.449999
G1 X135.869 Y156.953 E.01114
G1 X134.76 Y155.829 E.04114
;WIDTH:0.411095
G1 X134.686 Y155.739 E.00275
;WIDTH:0.37219
G1 X134.697 Y155.78 E.0009
G1 X134.626 Y155.799 E.00156
G1 X134.645 Y155.728 E.00156
;WIDTH:0.449999
G1 X134.834 Y155.327 E.01155
G1 X136.46 Y156.953 E.05992
G1 X137.051 Y156.953 E.0154
G1 X134.834 Y154.736 E.08169
G1 X134.834 Y154.145 E.0154
M73 P17 R19
G1 X137.641 Y156.953 E.10345
G1 X137.804 Y156.999 E.00441
;WIDTH:0.411095
G1 X137.967 Y157.045 E.004
;WIDTH:0.37219
G1 X137.978 Y157.086 E.0009
G1 X137.907 Y157.105 E.00156
G1 X137.926 Y157.034 E.00156
;WIDTH:0.449999
G1 X138.423 Y157.101 E.01307
;WIDTH:0.37219
G1 X138.434 Y157.142 E.0009
G1 X138.363 Y157.161 E.00156
G1 X138.382 Y157.09 E.00156
;WIDTH:0.411095
G1 X138.307 Y157.021 E.00241
;WIDTH:0.449999
G1 X126.608 Y145.329 E.43096
G1 X127.199 Y145.329 E.0154
G1 X138.823 Y156.953 E.42833
G1 X139.414 Y156.953 E.0154
G1 X127.79 Y145.329 E.42833
G1 X128.381 Y145.329 E.0154
G1 X140.005 Y156.953 E.42833
G1 X140.596 Y156.953 E.0154
G1 X128.972 Y145.329 E.42833
G1 X129.563 Y145.329 E.0154
G1 X141.187 Y156.953 E.42833
G1 X141.778 Y156.953 E.0154
G1 X130.154 Y145.329 E.42833
G1 X130.744 Y145.329 E.01537
G1 X142.368 Y156.953 E.42833
G1 X142.974 Y157.041 E.01596
;WIDTH:0.37219
G1 X142.985 Y157.082 E.0009
G1 X142.914 Y157.101 E.00156
G1 X142.933 Y157.03 E.00156
;WIDTH:0.411095
G1 X142.879 Y156.925 E.00279
;WIDTH:0.449999
G1 X142.826 Y156.819 E.00309
G1 X131.335 Y145.329 E.42341
G1 X131.926 Y145.329 E.0154
G1 X142.826 Y156.229 E.40165
G1 X142.826 Y155.638 E.0154
G1 X132.517 Y145.329 E.37987
G1 X133.108 Y145.329 E.0154
G1 X142.826 Y155.047 E.35809
G1 X142.826 Y154.456 E.0154
G1 X133.699 Y145.329 E.33631
G1 X134.211 Y145.25 E.0135
G1 X142.826 Y153.865 E.31745
G1 X142.826 Y153.274 E.0154
G1 X134.569 Y145.018 E.30424
G1 X134.781 Y144.639 E.01132
G1 X142.826 Y152.683 E.29643
G1 X142.826 Y152.093 E.01537
G1 X134.824 Y144.09 E.29488
G1 X134.827 Y143.502 E.01532
G1 X142.826 Y151.502 E.29477
G1 X142.826 Y150.911 E.0154
G1 X134.83 Y142.914 E.29466
G1 X134.833 Y142.326 E.01532
G1 X142.826 Y150.32 E.29455
G1 X142.826 Y149.729 E.0154
G1 X134.768 Y141.671 E.29692
G1 X134.267 Y141.006 E.02169
;WIDTH:0.532404
G1 X134.223 Y141.05 E.00194
G1 X134.239 Y141.111 E.00197
G1 X134.299 Y141.127 E.00194
G1 X134.343 Y141.083 E.00194
G1 X134.327 Y141.022 E.00197
G1 X134.482 Y140.985 E.00497
;WIDTH:0.491202
G1 X134.637 Y140.949 E.00456
;WIDTH:0.449999
G1 X142.826 Y149.138 E.30175
G1 X142.826 Y148.547 E.0154
G1 X135.227 Y140.949 E.27999
G1 X135.818 Y140.949 E.0154
G1 X142.826 Y147.956 E.25821
G1 X142.826 Y147.366 E.01537
G1 X136.409 Y140.949 E.23646
G1 X137 Y140.949 E.0154
G1 X142.826 Y146.775 E.21468
G1 X142.826 Y146.184 E.0154
G1 X137.591 Y140.949 E.1929
G1 X138.182 Y140.949 E.0154
G1 X142.826 Y145.593 E.17112
G1 X142.826 Y145.002 E.0154
G1 X138.773 Y140.949 E.14935
G1 X139.363 Y140.949 E.01537
G1 X142.826 Y144.411 E.12759
G1 X142.826 Y143.82 E.0154
G1 X139.954 Y140.949 E.10581
G1 X140.545 Y140.949 E.0154
G1 X142.826 Y143.229 E.08403
G1 X143.034 Y142.769 E.01315
;WIDTH:0.37219
G1 X143.045 Y142.81 E.0009
G1 X142.974 Y142.829 E.00156
G1 X142.993 Y142.758 E.00156
;WIDTH:0.411095
G1 X142.91 Y142.698 E.00242
;WIDTH:0.449999
G1 X142.826 Y142.639 E.00267
G1 X141.136 Y140.949 E.06227
G1 X141.863 Y141.005 E.019
;WIDTH:0.562989
G1 X142.77 Y141.005 E.03002
G1 X142.77 Y141.911 E.02999
G1 X142.011 Y141.153 E.03551
M204 S1000
;WIPE_START
G1 F8640
G1 X142.77 Y141.911 E-.24769
G1 X142.77 Y141.005 E-.2092
G1 X141.863 Y141.005 E-.20943
G1 X141.286 Y140.96 E-.13368
;WIPE_END
G1 Z.9 F720
; stop printing object pieds_clavier_cherry.stl id:1 copy 0
; printing object pieds_clavier_cherry.stl id:2 copy 0
G1 X131.852 Y108.749 F10800
G1 Z.5 F720
G1 E.8 F2100
M204 S800
;TYPE:Perimeter
;WIDTH:0.449999
G1 F3000
G1 X131.797 Y108.678 E.00234
;WIDTH:0.497082
G1 X131.703 Y108.623 E.00316
;WIDTH:0.544164
G1 X131.609 Y108.568 E.00348
;WIDTH:0.591246
G1 X131.515 Y108.513 E.0038
;WIDTH:0.638328
G1 X131.421 Y108.458 E.00412
G1 X119.629 Y108.458 E.44574
G1 X119.629 Y107.852 E.02291
G1 X131.421 Y107.852 E.44574
G1 X131.591 Y107.829 E.00648
;WIDTH:0.591246
G1 X131.762 Y107.805 E.00602
;WIDTH:0.544164
G1 X131.933 Y107.781 E.00551
;WIDTH:0.497082
G1 X132.103 Y107.758 E.00497
;WIDTH:0.449999
G1 X140.75 Y107.758 E.2253
G1 X140.75 Y124.472 E.4355
G1 X132.215 Y124.472 E.22239
G1 X131.421 Y124.493 E.0207
;WIDTH:0.408245
G1 X119.514 Y124.493 E.27924
G1 X119.514 Y124.117 E.00882
G1 X131.421 Y124.117 E.27924
;WIDTH:0.41426
G1 X131.526 Y124.111 E.00251
;WIDTH:0.449999
G1 X131.922 Y123.887 E.01185
G1 X132.047 Y123.511 E.01032
G1 X132.047 Y121.179 E.06076
G1 X132.032 Y121.04 E.00364
G1 X131.92 Y120.8 E.0069
G1 X131.712 Y120.624 E.0071
G1 X131.421 Y120.552 E.00781
G1 X119.535 Y120.552 E.3097
G1 X119.535 Y112.138 E.21923
G1 X131.421 Y112.138 E.3097
G1 X131.58 Y112.117 E.00418
G1 X131.808 Y112.004 E.00663
G1 X131.984 Y111.787 E.00728
G1 X132.047 Y111.511 E.00738
G1 X132.047 Y109.179 E.06076
G1 X131.999 Y108.938 E.0064
G1 X131.889 Y108.796 E.00468
M204 S1000
G1 X131.562 Y109.043 F10800
M204 S800
;TYPE:External perimeter
G1 F2400
G1 X131.546 Y109.012 E.00091
G1 X131.421 Y108.97 E.00344
G1 F2399.995
G1 X119.117 Y108.97 E.32059
G1 X119.117 Y107.34 E.04247
G1 X141.167 Y107.34 E.57453
G1 X141.167 Y124.89 E.45728
G1 X119.117 Y124.89 E.57453
M73 P18 R19
G1 X119.117 Y123.72 E.03049
G1 X131.421 Y123.72 E.32059
G1 F2400
G1 X131.588 Y123.637 E.00486
G1 X131.63 Y123.511 E.00346
G1 X131.63 Y121.179 E.06076
G1 X131.569 Y121.032 E.00415
G1 X131.421 Y120.97 E.00418
G1 F2399.995
G1 X119.117 Y120.97 E.32059
G1 X119.117 Y111.72 E.24102
G1 X131.421 Y111.72 E.32059
G1 F2400
G1 X131.572 Y111.656 E.00427
G1 X131.63 Y111.511 E.00407
G1 X131.63 Y109.179 E.06076
G1 X131.588 Y109.097 E.0024
M204 S1000
;WIPE_START
G1 F8640
G1 X131.562 Y109.043 E-.01384
G1 X131.546 Y109.012 E-.00806
G1 X131.421 Y108.97 E-.03045
G1 X128.183 Y108.97 E-.74765
;WIPE_END
G1 Z.9 F720
G1 X119.924 Y120.084 F10800
G1 Z.5 F720
G1 E.8 F2100
M204 S2000
;TYPE:Solid infill
;WIDTH:0.55146
G1 F3000
G1 X119.878 Y120.13 E.00211
G1 X119.895 Y120.193 E.00211
G1 X119.958 Y120.209 E.0021
G1 X120.004 Y120.163 E.00211
G1 X119.987 Y120.101 E.00208
M204 S1000
G1 X120.845 Y120.346 F10800
M204 S2000
;WIDTH:0.37219
G1 F3000
G1 X120.856 Y120.387 E.0009
G1 X120.785 Y120.406 E.00156
G1 X120.804 Y120.335 E.00156
;WIDTH:0.411095
G1 X120.73 Y120.266 E.00239
;WIDTH:0.449999
G1 X119.89 Y119.433 E.03082
G1 X119.816 Y119.338 E.00314
;WIDTH:0.411095
G1 X119.742 Y119.243 E.00285
;WIDTH:0.37219
G1 X119.753 Y119.284 E.0009
G1 X119.682 Y119.303 E.00156
G1 X119.701 Y119.232 E.00156
;WIDTH:0.449999
G1 X119.89 Y118.842 E.01129
G1 X121.246 Y120.198 E.04997
G1 X121.837 Y120.199 E.0154
G1 X119.89 Y118.252 E.07174
G1 X119.89 Y117.661 E.0154
G1 X122.429 Y120.199 E.09354
G1 X123.02 Y120.199 E.0154
G1 X119.89 Y117.07 E.11532
G1 X119.89 Y116.479 E.0154
G1 X123.611 Y120.2 E.13711
G1 X124.202 Y120.2 E.0154
G1 X119.89 Y115.888 E.15889
G1 X119.89 Y115.297 E.0154
G1 X124.794 Y120.2 E.18069
G1 X125.385 Y120.201 E.0154
G1 X119.89 Y114.706 E.20248
G1 X119.89 Y114.115 E.0154
G1 X125.976 Y120.201 E.22426
G1 X126.567 Y120.201 E.0154
G1 X119.89 Y113.525 E.24602
G1 X119.89 Y112.934 E.0154
G1 X127.158 Y120.202 E.26781
G1 X127.75 Y120.202 E.01542
G1 X120.041 Y112.493 E.28406
G1 X119.925 Y112.422 E.00354
;WIDTH:0.411095
G1 X119.808 Y112.351 E.00323
;WIDTH:0.37219
G1 X119.819 Y112.392 E.0009
G1 X119.748 Y112.411 E.00156
G1 X119.767 Y112.34 E.00156
M204 S1000
G1 X120.632 Y112.493 F10800
M204 S2000
;WIDTH:0.449999
G1 F3000
G1 X128.341 Y120.202 E.28406
G1 X128.932 Y120.203 E.0154
G1 X121.222 Y112.493 E.2841
G1 X121.813 Y112.493 E.0154
G1 X129.523 Y120.203 E.2841
G1 X130.115 Y120.203 E.01542
G1 X122.404 Y112.493 E.28412
G1 X122.995 Y112.493 E.0154
G1 X130.706 Y120.204 E.28414
M204 S1000
G1 X131.581 Y120.296 F10800
M204 S2000
;WIDTH:0.37219
G1 F3000
G1 X131.562 Y120.368 E.00158
G1 X131.634 Y120.348 E.00158
G1 X131.623 Y120.307 E.0009
;WIDTH:0.411095
G1 X131.46 Y120.256 E.00404
;WIDTH:0.449999
G1 X131.297 Y120.204 E.00446
G1 X123.586 Y112.493 E.28414
M204 S1000
;WIPE_START
G1 F8640
G1 X126.036 Y114.943 E-.8
;WIPE_END
G1 Z.9 F720
G1 X132.204 Y124.048 F10800
G1 Z.5 F720
G1 E.8 F2100
M204 S2000
;WIDTH:0.4807
G1 F3000
G1 X132.164 Y124.087 E.00156
G1 X132.179 Y124.141 E.00157
G1 X132.233 Y124.156 E.00157
G1 X132.273 Y124.116 E.00158
G1 X132.258 Y124.062 E.00157
;WIDTH:0.449999
G1 X132.368 Y123.639 E.01139
G1 X132.921 Y124.186 E.02027
;WIDTH:0.411095
G1 X132.996 Y124.254 E.00239
;WIDTH:0.37219
G1 X132.977 Y124.326 E.00158
G1 X133.048 Y124.306 E.00156
G1 X133.037 Y124.265 E.0009
;WIDTH:0.449999
G1 X133.437 Y124.117 E.01111
G1 X132.328 Y122.993 E.04114
;WIDTH:0.411095
G1 X132.254 Y122.904 E.00274
;WIDTH:0.37219
G1 X132.265 Y122.945 E.0009
G1 X132.194 Y122.964 E.00156
G1 X132.213 Y122.893 E.00156
;WIDTH:0.449999
G1 X132.403 Y122.492 E.01156
G1 X134.028 Y124.117 E.05988
G1 X134.619 Y124.117 E.0154
G1 X132.403 Y121.901 E.08166
G1 X132.403 Y121.31 E.0154
G1 X135.21 Y124.117 E.10343
G1 X135.373 Y124.163 E.00441
;WIDTH:0.411095
G1 X135.535 Y124.209 E.00398
;WIDTH:0.37219
G1 X135.546 Y124.251 E.00092
G1 X135.475 Y124.27 E.00156
G1 X135.494 Y124.198 E.00158
;WIDTH:0.449999
G1 X135.991 Y124.265 E.01307
;WIDTH:0.37219
G1 X136.002 Y124.306 E.0009
G1 X135.931 Y124.326 E.00156
G1 X135.95 Y124.254 E.00158
;WIDTH:0.411095
G1 X135.876 Y124.186 E.00237
;WIDTH:0.449999
G1 X124.177 Y112.493 E.43098
G1 X124.768 Y112.493 E.0154
G1 X136.392 Y124.117 E.42833
G1 X136.983 Y124.117 E.0154
G1 X125.359 Y112.493 E.42833
G1 X125.949 Y112.493 E.01537
G1 X137.573 Y124.117 E.42833
G1 X138.164 Y124.117 E.0154
G1 X126.54 Y112.493 E.42833
G1 X127.131 Y112.493 E.0154
G1 X138.755 Y124.117 E.42833
G1 X139.346 Y124.117 E.0154
G1 X127.722 Y112.493 E.42833
G1 X128.313 Y112.493 E.0154
G1 X139.937 Y124.117 E.42833
G1 X140.542 Y124.205 E.01593
;WIDTH:0.37219
G1 X140.553 Y124.246 E.0009
G1 X140.482 Y124.265 E.00156
G1 X140.501 Y124.194 E.00156
;WIDTH:0.411095
G1 X140.448 Y124.089 E.00278
;WIDTH:0.449999
G1 X140.395 Y123.984 E.00306
G1 X128.904 Y112.493 E.42342
G1 X129.495 Y112.493 E.0154
G1 X140.395 Y123.393 E.40165
G1 X140.395 Y122.802 E.0154
G1 X130.086 Y112.493 E.37987
G1 X130.676 Y112.493 E.01537
G1 X140.395 Y122.211 E.35811
G1 X140.395 Y121.62 E.0154
G1 X131.267 Y112.493 E.33633
G1 X131.779 Y112.414 E.0135
G1 X140.395 Y121.03 E.31749
G1 X140.395 Y120.439 E.0154
G1 X132.138 Y112.182 E.30426
G1 X132.35 Y111.803 E.01132
G1 X140.395 Y119.848 E.29644
G1 X140.395 Y119.257 E.0154
G1 X132.392 Y111.254 E.2949
G1 X132.395 Y110.667 E.01529
G1 X140.395 Y118.666 E.29477
G1 X140.395 Y118.075 E.0154
G1 X132.398 Y110.079 E.29466
G1 X132.401 Y109.491 E.01532
G1 X140.395 Y117.484 E.29455
G1 X140.395 Y116.893 E.0154
G1 X132.337 Y108.836 E.29691
G1 X131.835 Y108.17 E.02173
;WIDTH:0.532404
G1 X131.791 Y108.215 E.00196
G1 X131.807 Y108.275 E.00194
G1 X131.868 Y108.291 E.00197
G1 X131.912 Y108.247 E.00194
G1 X131.896 Y108.187 E.00194
G1 X132.05 Y108.15 E.00494
;WIDTH:0.491202
G1 X132.205 Y108.113 E.00456
;WIDTH:0.449999
G1 X140.395 Y116.303 E.30179
G1 X140.395 Y115.712 E.0154
M73 P19 R19
G1 X132.796 Y108.113 E.28001
G1 X133.387 Y108.113 E.0154
G1 X140.395 Y115.121 E.25823
G1 X140.395 Y114.53 E.0154
G1 X133.978 Y108.113 E.23646
G1 X134.569 Y108.113 E.0154
G1 X140.395 Y113.939 E.21468
G1 X140.395 Y113.348 E.0154
G1 X135.159 Y108.113 E.19292
G1 X135.75 Y108.113 E.0154
G1 X140.395 Y112.757 E.17114
G1 X140.395 Y112.166 E.0154
G1 X136.341 Y108.113 E.14936
G1 X136.932 Y108.113 E.0154
G1 X140.395 Y111.576 E.12761
G1 X140.395 Y110.985 E.0154
G1 X137.523 Y108.113 E.10583
G1 X138.114 Y108.113 E.0154
G1 X140.395 Y110.394 E.08405
G1 X140.603 Y109.933 E.01318
;WIDTH:0.37219
G1 X140.614 Y109.974 E.0009
G1 X140.543 Y109.993 E.00156
G1 X140.562 Y109.922 E.00156
;WIDTH:0.411095
G1 X140.478 Y109.863 E.00243
;WIDTH:0.449999
G1 X140.395 Y109.803 E.00267
G1 X138.705 Y108.113 E.06227
G1 X139.432 Y108.17 E.019
;WIDTH:0.562989
G1 X140.338 Y108.17 E.02999
G1 X140.338 Y109.076 E.02999
G1 X139.58 Y108.317 E.03551
M204 S1000
;WIPE_START
G1 F8640
G1 X140.338 Y109.076 E-.24769
G1 X140.338 Y108.17 E-.2092
G1 X139.432 Y108.17 E-.2092
G1 X138.854 Y108.125 E-.13391
;WIPE_END
G1 Z.9 F720
; stop printing object pieds_clavier_cherry.stl id:2 copy 0
; printing object pieds_clavier_cherry.stl id:0 copy 0
G1 X130.666 Y78.237 F10800
G1 Z.5 F720
G1 E.8 F2100
M204 S800
;TYPE:Perimeter
;WIDTH:0.449999
G1 F3000
G1 X130.61 Y78.166 E.00236
;WIDTH:0.497082
G1 X130.516 Y78.111 E.00316
;WIDTH:0.544164
G1 X130.422 Y78.056 E.00348
;WIDTH:0.591246
G1 X130.328 Y78.001 E.0038
;WIDTH:0.638328
G1 X130.234 Y77.946 E.00412
G1 X118.443 Y77.946 E.4457
G1 X118.443 Y77.34 E.02291
G1 X130.234 Y77.34 E.4457
G1 X130.405 Y77.317 E.00652
;WIDTH:0.591246
G1 X130.576 Y77.293 E.00602
;WIDTH:0.544164
G1 X130.746 Y77.27 E.00548
;WIDTH:0.497082
G1 X130.917 Y77.246 E.00501
;WIDTH:0.449999
G1 X139.563 Y77.246 E.22528
G1 X139.563 Y93.96 E.4355
G1 X131.028 Y93.96 E.22239
G1 X130.234 Y93.981 E.0207
;WIDTH:0.408245
G1 X118.328 Y93.981 E.27922
G1 X118.328 Y93.605 E.00882
G1 X130.234 Y93.605 E.27922
;WIDTH:0.41426
G1 X130.34 Y93.599 E.00253
;WIDTH:0.449999
G1 X130.736 Y93.375 E.01185
G1 X130.861 Y92.999 E.01032
G1 X130.861 Y90.667 E.06076
G1 X130.845 Y90.528 E.00365
G1 X130.734 Y90.288 E.00689
G1 X130.525 Y90.112 E.00712
G1 X130.234 Y90.04 E.00781
G1 X118.349 Y90.04 E.30967
G1 X118.349 Y81.626 E.21923
G1 X130.234 Y81.626 E.30967
G1 X130.393 Y81.606 E.00418
G1 X130.622 Y81.492 E.00667
G1 X130.797 Y81.275 E.00726
G1 X130.861 Y80.999 E.00738
G1 X130.861 Y78.667 E.06076
G1 X130.813 Y78.426 E.0064
G1 X130.702 Y78.284 E.0047
M204 S1000
G1 X130.375 Y78.531 F10800
M204 S800
;TYPE:External perimeter
G1 F2400
G1 X130.36 Y78.5 E.0009
G1 X130.234 Y78.458 E.00346
G1 F2399.995
G1 X117.931 Y78.458 E.32056
G1 X117.931 Y76.828 E.04247
G1 X139.981 Y76.828 E.57453
G1 X139.981 Y94.378 E.45728
G1 X117.931 Y94.378 E.57453
G1 X117.931 Y93.208 E.03049
G1 X130.234 Y93.208 E.32056
G1 F2400
G1 X130.401 Y93.125 E.00486
G1 X130.443 Y92.999 E.00346
G1 X130.443 Y90.667 E.06076
G1 X130.383 Y90.52 E.00414
G1 X130.234 Y90.458 E.0042
G1 F2399.995
G1 X117.931 Y90.458 E.32056
G1 X117.931 Y81.208 E.24102
G1 X130.234 Y81.208 E.32056
G1 F2400
G1 X130.385 Y81.144 E.00427
G1 X130.443 Y80.999 E.00407
G1 X130.443 Y78.667 E.06076
G1 X130.402 Y78.585 E.00239
M204 S1000
;WIPE_START
G1 F8640
G1 X130.375 Y78.531 E-.01394
G1 X130.36 Y78.5 E-.00795
G1 X130.234 Y78.458 E-.03067
G1 X126.997 Y78.458 E-.74744
;WIPE_END
G1 Z.9 F720
G1 X118.738 Y89.572 F10800
G1 Z.5 F720
G1 E.8 F2100
M204 S2000
;TYPE:Solid infill
;WIDTH:0.55146
G1 F3000
G1 X118.692 Y89.618 E.00211
G1 X118.709 Y89.681 E.00211
G1 X118.772 Y89.697 E.0021
G1 X118.817 Y89.651 E.00208
G1 X118.801 Y89.589 E.00207
M204 S1000
G1 X119.659 Y89.834 F10800
M204 S2000
;WIDTH:0.37219
G1 F3000
G1 X119.67 Y89.875 E.0009
G1 X119.599 Y89.894 E.00156
G1 X119.618 Y89.823 E.00156
;WIDTH:0.411095
G1 X119.543 Y89.755 E.00239
;WIDTH:0.449999
G1 X118.704 Y88.921 E.03082
G1 X118.63 Y88.826 E.00314
;WIDTH:0.411095
G1 X118.556 Y88.731 E.00285
;WIDTH:0.37219
G1 X118.567 Y88.772 E.0009
G1 X118.496 Y88.791 E.00156
G1 X118.515 Y88.72 E.00156
;WIDTH:0.449999
G1 X118.704 Y88.33 E.01129
G1 X120.06 Y89.686 E.04997
G1 X120.651 Y89.687 E.0154
G1 X118.704 Y87.74 E.07174
G1 X118.704 Y87.149 E.0154
G1 X121.242 Y89.687 E.09352
G1 X121.833 Y89.687 E.0154
G1 X118.704 Y86.558 E.1153
G1 X118.704 Y85.967 E.0154
G1 X122.425 Y89.688 E.13711
G1 X123.016 Y89.688 E.0154
G1 X118.704 Y85.376 E.15889
G1 X118.704 Y84.785 E.0154
G1 X123.607 Y89.688 E.18067
G1 X124.198 Y89.689 E.0154
G1 X118.704 Y84.194 E.20246
G1 X118.704 Y83.603 E.0154
M73 P19 R18
G1 X124.79 Y89.689 E.22426
G1 X125.381 Y89.689 E.0154
G1 X118.704 Y83.013 E.24602
G1 X118.704 Y82.422 E.0154
G1 X125.972 Y89.69 E.26781
G1 X126.563 Y89.69 E.0154
G1 X118.854 Y81.981 E.28406
G1 X118.738 Y81.91 E.00354
;WIDTH:0.411095
G1 X118.622 Y81.839 E.00321
;WIDTH:0.37219
G1 X118.633 Y81.88 E.0009
G1 X118.562 Y81.899 E.00156
G1 X118.581 Y81.828 E.00156
M204 S1000
G1 X119.445 Y81.981 F10800
M204 S2000
;WIDTH:0.449999
G1 F3000
G1 X127.154 Y89.69 E.28406
G1 X127.746 Y89.691 E.01543
G1 X120.036 Y81.981 E.2841
G1 X120.627 Y81.981 E.0154
G1 X128.337 Y89.691 E.2841
G1 X128.928 Y89.692 E.0154
G1 X121.218 Y81.981 E.28412
G1 X121.809 Y81.981 E.0154
G1 X129.519 Y89.692 E.28412
M204 S1000
G1 X130.395 Y89.784 F10800
M204 S2000
;WIDTH:0.37219
G1 F3000
G1 X130.376 Y89.856 E.00158
G1 X130.447 Y89.837 E.00156
G1 X130.436 Y89.795 E.00092
;WIDTH:0.411095
G1 X130.273 Y89.744 E.00404
;WIDTH:0.449999
G1 X130.111 Y89.692 E.00443
G1 X122.4 Y81.981 E.28414
M204 S1000
;WIPE_START
G1 F8640
G1 X124.85 Y84.431 E-.8
;WIPE_END
G1 Z.9 F720
G1 X131.018 Y93.536 F10800
G1 Z.5 F720
G1 E.8 F2100
M204 S2000
;WIDTH:0.4807
G1 F3000
G1 X130.978 Y93.575 E.00156
G1 X130.992 Y93.63 E.00159
G1 X131.047 Y93.644 E.00159
G1 X131.086 Y93.604 E.00156
G1 X131.072 Y93.55 E.00156
;WIDTH:0.449999
G1 X131.182 Y93.127 E.01139
G1 X131.735 Y93.674 E.02027
;WIDTH:0.411095
G1 X131.809 Y93.742 E.00237
;WIDTH:0.37219
G1 X131.79 Y93.814 E.00158
G1 X131.862 Y93.795 E.00158
G1 X131.851 Y93.753 E.00092
;WIDTH:0.449999
G1 X132.251 Y93.605 E.01111
G1 X131.142 Y92.481 E.04114
;WIDTH:0.411095
G1 X131.068 Y92.392 E.00274
;WIDTH:0.37219
G1 X131.079 Y92.433 E.0009
G1 X131.008 Y92.452 E.00156
M73 P20 R18
G1 X131.027 Y92.381 E.00156
;WIDTH:0.449999
G1 X131.216 Y91.98 E.01155
G1 X132.842 Y93.605 E.0599
G1 X133.433 Y93.605 E.0154
G1 X131.216 Y91.389 E.08167
G1 X131.216 Y90.798 E.0154
G1 X134.024 Y93.605 E.10345
G1 X134.186 Y93.651 E.00439
;WIDTH:0.411095
G1 X134.349 Y93.698 E.00401
;WIDTH:0.37219
G1 X134.36 Y93.739 E.0009
G1 X134.289 Y93.758 E.00156
G1 X134.308 Y93.687 E.00156
;WIDTH:0.449999
G1 X134.805 Y93.753 E.01306
;WIDTH:0.37219
G1 X134.816 Y93.795 E.00092
G1 X134.745 Y93.814 E.00156
G1 X134.764 Y93.742 E.00158
;WIDTH:0.411095
G1 X134.689 Y93.674 E.00239
;WIDTH:0.449999
G1 X122.99 Y81.981 E.43098
G1 X123.581 Y81.981 E.0154
G1 X135.205 Y93.605 E.42833
G1 X135.796 Y93.605 E.0154
G1 X124.172 Y81.981 E.42833
G1 X124.763 Y81.981 E.0154
G1 X136.387 Y93.605 E.42833
G1 X136.978 Y93.605 E.0154
G1 X125.354 Y81.981 E.42833
G1 X125.945 Y81.981 E.0154
G1 X137.569 Y93.605 E.42833
G1 X138.16 Y93.605 E.0154
G1 X126.536 Y81.981 E.42833
G1 X127.126 Y81.981 E.01537
G1 X138.751 Y93.605 E.42834
G1 X139.356 Y93.693 E.01593
;WIDTH:0.37219
G1 X139.367 Y93.734 E.0009
G1 X139.296 Y93.753 E.00156
G1 X139.315 Y93.682 E.00156
;WIDTH:0.411095
G1 X139.262 Y93.577 E.00278
;WIDTH:0.449999
G1 X139.208 Y93.472 E.00308
G1 X127.717 Y81.981 E.42342
G1 X128.308 Y81.981 E.0154
G1 X139.208 Y92.881 E.40165
G1 X139.208 Y92.29 E.0154
G1 X128.899 Y81.981 E.37987
G1 X129.49 Y81.981 E.0154
G1 X139.208 Y91.699 E.35809
G1 X139.208 Y91.108 E.0154
G1 X130.081 Y81.981 E.33631
G1 X130.593 Y81.902 E.0135
G1 X139.208 Y90.518 E.31747
G1 X139.208 Y89.927 E.0154
G1 X130.952 Y81.67 E.30424
G1 X131.163 Y81.291 E.0113
G1 X139.208 Y89.336 E.29644
G1 X139.208 Y88.745 E.0154
G1 X131.206 Y80.743 E.29486
G1 X131.209 Y80.155 E.01532
G1 X139.208 Y88.154 E.29475
G1 X139.208 Y87.563 E.0154
G1 X131.212 Y79.567 E.29464
G1 X131.215 Y78.979 E.01532
G1 X139.208 Y86.972 E.29453
G1 X139.208 Y86.381 E.0154
G1 X131.15 Y78.324 E.29691
G1 X130.649 Y77.658 E.02171
;WIDTH:0.532404
G1 X130.605 Y77.703 E.00196
G1 X130.621 Y77.763 E.00194
G1 X130.681 Y77.779 E.00194
G1 X130.725 Y77.735 E.00194
G1 X130.709 Y77.675 E.00194
G1 X130.864 Y77.638 E.00497
;WIDTH:0.491202
G1 X131.019 Y77.601 E.00456
;WIDTH:0.449999
G1 X139.208 Y85.791 E.30177
G1 X139.208 Y85.2 E.0154
G1 X131.609 Y77.601 E.28001
G1 X132.2 Y77.601 E.0154
G1 X139.208 Y84.609 E.25823
G1 X139.208 Y84.018 E.0154
G1 X132.791 Y77.601 E.23646
G1 X133.382 Y77.601 E.0154
G1 X139.208 Y83.427 E.21468
G1 X139.208 Y82.836 E.0154
G1 X133.973 Y77.601 E.1929
G1 X134.564 Y77.601 E.0154
G1 X139.208 Y82.245 E.17112
G1 X139.208 Y81.654 E.0154
G1 X135.155 Y77.601 E.14935
G1 X135.746 Y77.601 E.0154
G1 X139.208 Y81.064 E.12759
G1 X139.208 Y80.473 E.0154
G1 X136.336 Y77.601 E.10583
G1 X136.927 Y77.601 E.0154
G1 X139.208 Y79.882 E.08405
G1 X139.416 Y79.421 E.01318
;WIDTH:0.37219
G1 X139.427 Y79.462 E.0009
G1 X139.356 Y79.481 E.00156
G1 X139.375 Y79.41 E.00156
;WIDTH:0.411095
G1 X139.292 Y79.351 E.00241
;WIDTH:0.449999
G1 X139.208 Y79.291 E.00269
G1 X137.518 Y77.601 E.06227
G1 X138.245 Y77.658 E.019
;WIDTH:0.562989
G1 X139.152 Y77.658 E.03002
G1 X139.152 Y78.564 E.02999
G1 X138.393 Y77.805 E.03553
M204 S1000
M106 S255
;LAYER_CHANGE
;Z:0.65
;HEIGHT:0.15
;BEFORE_LAYER_CHANGE
G92 E0.0
;0.65


;WIPE_START
G1 F8640
G1 X139.152 Y78.564 E-.24785
G1 X139.152 Y77.658 E-.2092
G1 X138.245 Y77.658 E-.20943
G1 X137.669 Y77.613 E-.13352
;WIPE_END
G1 Z.65 F720
;AFTER_LAYER_CHANGE
;0.65
G1 Z1.05
; stop printing object pieds_clavier_cherry.stl id:0 copy 0
; printing object pieds_clavier_cherry.stl id:1 copy 0
G1 X134.283 Y141.584 F10800
G1 Z.65 F720
G1 E.8 F2100
M204 S800
;TYPE:Perimeter
;WIDTH:0.449999
G1 F3000
G1 X134.228 Y141.513 E.00234
;WIDTH:0.497082
G1 X134.134 Y141.458 E.00316
;WIDTH:0.544164
G1 X134.04 Y141.404 E.00346
;WIDTH:0.591246
G1 X133.946 Y141.349 E.0038
;WIDTH:0.638328
G1 X133.852 Y141.294 E.00412
G1 X122.061 Y141.294 E.4457
G1 X122.061 Y140.688 E.02291
G1 X133.852 Y140.688 E.4457
G1 X134.023 Y140.664 E.00653
;WIDTH:0.591246
G1 X134.194 Y140.641 E.00602
;WIDTH:0.544164
G1 X134.364 Y140.617 E.00548
;WIDTH:0.497082
G1 X134.535 Y140.594 E.005
;WIDTH:0.449999
G1 X143.181 Y140.594 E.22528
G1 X143.181 Y157.308 E.4355
G1 X134.646 Y157.308 E.22239
G1 X133.852 Y157.329 E.0207
;WIDTH:0.408245
G1 X121.946 Y157.329 E.27922
G1 X121.946 Y156.953 E.00882
G1 X133.852 Y156.953 E.27922
;WIDTH:0.41426
G1 X133.957 Y156.947 E.00251
;WIDTH:0.449999
G1 X134.354 Y156.723 E.01188
G1 X134.479 Y156.347 E.01032
G1 X134.479 Y154.015 E.06076
G1 X134.463 Y153.875 E.00367
G1 X134.352 Y153.636 E.00687
G1 X134.143 Y153.46 E.00712
G1 X133.852 Y153.388 E.00781
G1 X121.967 Y153.388 E.30967
G1 X121.967 Y144.974 E.21923
G1 X133.852 Y144.974 E.30967
G1 X134.011 Y144.953 E.00418
G1 X134.24 Y144.839 E.00667
G1 X134.415 Y144.622 E.00726
G1 X134.479 Y144.347 E.00736
G1 X134.479 Y142.015 E.06076
G1 X134.431 Y141.774 E.0064
G1 X134.32 Y141.632 E.0047
M204 S1000
G1 X133.993 Y141.879 F10800
M204 S800
;TYPE:External perimeter
G1 F2400
G1 X133.978 Y141.848 E.0009
G1 X133.852 Y141.806 E.00346
G1 F2399.995
G1 X121.549 Y141.806 E.32056
G1 X121.549 Y140.176 E.04247
G1 X143.599 Y140.176 E.57453
G1 X143.599 Y157.726 E.45728
G1 X121.549 Y157.726 E.57453
M73 P21 R18
G1 X121.549 Y156.556 E.03049
G1 X133.852 Y156.556 E.32056
G1 F2400
G1 X134.019 Y156.472 E.00487
G1 X134.061 Y156.347 E.00344
G1 X134.061 Y154.015 E.06076
G1 X134.001 Y153.868 E.00414
G1 X133.852 Y153.806 E.0042
G1 F2399.995
G1 X121.549 Y153.806 E.32056
G1 X121.549 Y144.556 E.24102
G1 X133.852 Y144.556 E.32056
G1 F2400
G1 X134.003 Y144.491 E.00428
G1 X134.061 Y144.347 E.00404
G1 X134.061 Y142.015 E.06076
G1 X134.02 Y141.932 E.00241
M204 S1000
G1 X134.394 Y141.064 F10800
M204 S2000
;TYPE:Solid infill
;WIDTH:0.585604
G1 F3000
G1 X134.345 Y141.015 E.00239
G1 X134.279 Y141.033 E.00236
G1 X134.261 Y141.1 E.00239
G1 X134.31 Y141.149 E.00239
G1 X134.376 Y141.131 E.00236
;WIDTH:0.449999
G1 X134.631 Y141.465 E.01095
G1 X135.147 Y140.949 E.01901
G1 X135.242 Y140.875 E.00314
;WIDTH:0.411095
G1 X135.338 Y140.8 E.00288
;WIDTH:0.37219
G1 X135.297 Y140.811 E.0009
G1 X135.278 Y140.74 E.00156
G1 X135.349 Y140.759 E.00156
;WIDTH:0.449999
G1 X135.738 Y140.949 E.01128
G1 X134.809 Y141.877 E.03421
G1 X134.683 Y142.625 E.01976
;WIDTH:0.37219
G1 X134.642 Y142.636 E.0009
G1 X134.623 Y142.565 E.00156
G1 X134.694 Y142.584 E.00156
;WIDTH:0.411095
G1 X134.763 Y142.515 E.00231
;WIDTH:0.449999
G1 X136.329 Y140.949 E.0577
G1 X136.92 Y140.949 E.0154
G1 X134.829 Y143.04 E.07705
G1 X134.826 Y143.634 E.01548
G1 X137.511 Y140.949 E.09894
M204 S1000
G1 X138.438 Y140.815 F10800
M204 S2000
;WIDTH:0.37219
G1 F3000
G1 X138.367 Y140.796 E.00156
G1 X138.386 Y140.867 E.00156
G1 X138.427 Y140.856 E.0009
;WIDTH:0.411095
G1 X138.264 Y140.903 E.00401
;WIDTH:0.449999
G1 X138.102 Y140.949 E.00439
G1 X134.823 Y144.227 E.12081
G1 X134.774 Y144.39 E.00443
;WIDTH:0.411095
G1 X134.725 Y144.553 E.00402
;WIDTH:0.37219
G1 X134.684 Y144.564 E.0009
G1 X134.664 Y144.493 E.00156
G1 X134.736 Y144.512 E.00158
M204 S1000
;WIPE_START
G1 F8640
G1 X134.664 Y144.493 E-.01719
G1 X134.684 Y144.564 E-.01703
G1 X134.725 Y144.553 E-.0098
G1 X134.774 Y144.39 E-.0393
G1 X134.823 Y144.227 E-.0393
G1 X136.897 Y142.153 E-.67738
;WIPE_END
G1 Z1.05 F720
G1 X122.435 Y145.363 F10800
G1 Z.65 F720
G1 E.8 F2100
M204 S2000
;WIDTH:0.55137
G1 F3000
G1 X122.389 Y145.317 E.00211
G1 X122.327 Y145.334 E.00208
G1 X122.31 Y145.396 E.00208
G1 X122.356 Y145.442 E.00211
G1 X122.418 Y145.425 E.00208
;WIDTH:0.449999
G1 X122.322 Y146.093 E.01758
G1 X123.086 Y145.329 E.02815
G1 X123.181 Y145.255 E.00314
;WIDTH:0.411095
G1 X123.276 Y145.18 E.00286
;WIDTH:0.37219
G1 X123.235 Y145.191 E.0009
G1 X123.216 Y145.12 E.00156
G1 X123.287 Y145.139 E.00156
;WIDTH:0.449999
G1 X123.677 Y145.329 E.0113
G1 X122.322 Y146.684 E.04993
G1 X122.322 Y147.274 E.01537
G1 X124.268 Y145.329 E.07169
G1 X124.858 Y145.329 E.01537
G1 X122.322 Y147.865 E.09345
G1 X122.322 Y148.456 E.0154
G1 X125.449 Y145.329 E.11522
G1 X126.04 Y145.329 E.0154
G1 X122.322 Y149.047 E.137
G1 X122.322 Y149.638 E.0154
G1 X126.631 Y145.329 E.15878
G1 X127.222 Y145.329 E.0154
G1 X122.322 Y150.229 E.18056
G1 X122.322 Y150.82 E.0154
G1 X127.813 Y145.329 E.20233
G1 X128.404 Y145.329 E.0154
G1 X122.322 Y151.411 E.22411
G1 X122.322 Y152.001 E.01537
G1 X128.995 Y145.329 E.24587
G1 X129.585 Y145.329 E.01537
G1 X122.322 Y152.592 E.26763
G1 X122.24 Y153.175 E.01534
;WIDTH:0.37219
G1 X122.199 Y153.186 E.0009
G1 X122.18 Y153.115 E.00156
G1 X122.251 Y153.134 E.00156
;WIDTH:0.411095
G1 X122.361 Y153.084 E.00286
;WIDTH:0.449999
G1 X122.472 Y153.033 E.00318
G1 X130.176 Y145.329 E.28388
G1 X130.767 Y145.329 E.0154
G1 X123.063 Y153.033 E.28388
G1 X123.653 Y153.034 E.01537
G1 X131.358 Y145.329 E.28392
G1 X131.949 Y145.329 E.0154
G1 X124.244 Y153.034 E.28392
G1 X124.834 Y153.034 E.01537
G1 X132.54 Y145.329 E.28393
G1 X133.131 Y145.329 E.0154
G1 X125.425 Y153.035 E.28395
G1 X126.015 Y153.035 E.01537
G1 X133.722 Y145.329 E.28397
M204 S1000
;WIPE_START
G1 F8640
G1 X131.272 Y147.779 E-.8
;WIPE_END
G1 Z1.05 F720
G1 X138.692 Y140.949 F10800
G1 Z.65 F720
G1 E.8 F2100
M204 S2000
G1 F3000
G1 X126.606 Y153.036 E.44537
G1 X127.196 Y153.036 E.01537
G1 X139.283 Y140.949 E.44539
G1 X139.874 Y140.949 E.0154
G1 X127.787 Y153.036 E.44539
G1 X128.377 Y153.037 E.01537
G1 X140.465 Y140.949 E.44542
G1 X141.056 Y140.949 E.0154
G1 X128.968 Y153.037 E.44542
G1 X129.558 Y153.037 E.01537
G1 X141.647 Y140.949 E.44544
G1 X142.238 Y140.949 E.0154
G1 X130.149 Y153.038 E.44546
G1 X130.739 Y153.038 E.01537
G1 X142.826 Y140.951 E.44539
G1 X142.826 Y141.542 E.0154
G1 X131.33 Y153.038 E.42361
G1 X131.92 Y153.039 E.01537
G1 X142.826 Y142.133 E.40187
G1 X142.826 Y142.724 E.0154
G1 X132.511 Y153.039 E.38009
G1 X133.101 Y153.039 E.01537
G1 X142.826 Y143.315 E.35833
G1 X142.826 Y143.906 E.0154
G1 X133.692 Y153.04 E.33657
G1 X134.211 Y153.112 E.01365
G1 X142.826 Y144.496 E.31747
G1 X142.826 Y145.087 E.0154
G1 X134.568 Y153.345 E.30429
G1 X134.786 Y153.718 E.01126
G1 X142.826 Y145.678 E.29626
G1 X142.826 Y146.269 E.0154
G1 X134.834 Y154.261 E.29449
G1 X134.834 Y154.852 E.0154
G1 X142.826 Y146.86 E.29449
G1 X142.826 Y147.451 E.0154
G1 X134.834 Y155.443 E.29449
G1 X134.834 Y156.034 E.0154
G1 X142.826 Y148.042 E.29449
G1 X142.826 Y148.633 E.0154
M73 P22 R18
G1 X134.707 Y156.751 E.29915
G1 X134.617 Y156.771 E.0024
;WIDTH:0.411095
G1 X134.527 Y156.79 E.00217
;WIDTH:0.37219
G1 X134.457 Y156.949 E.00368
G1 X134.506 Y157.029 E.00199
;WIDTH:0.449999
G1 X135.097 Y156.953 E.01553
G1 X142.826 Y149.223 E.28482
G1 X142.826 Y149.814 E.0154
G1 X135.688 Y156.953 E.26304
G1 X136.278 Y156.953 E.01537
G1 X142.826 Y150.405 E.24128
G1 X142.826 Y150.996 E.0154
G1 X136.869 Y156.953 E.21951
G1 X137.46 Y156.953 E.0154
G1 X142.826 Y151.587 E.19773
G1 X142.826 Y152.178 E.0154
G1 X138.051 Y156.953 E.17595
G1 X138.642 Y156.953 E.0154
G1 X142.826 Y152.769 E.15417
G1 X142.826 Y153.36 E.0154
G1 X139.233 Y156.953 E.1324
G1 X139.824 Y156.953 E.0154
G1 X142.826 Y153.95 E.11064
G1 X142.826 Y154.541 E.0154
G1 X140.414 Y156.953 E.08888
G1 X140.875 Y157.161 E.01318
;WIDTH:0.37219
G1 X140.834 Y157.172 E.0009
G1 X140.815 Y157.101 E.00156
G1 X140.886 Y157.12 E.00156
;WIDTH:0.411095
G1 X140.946 Y157.036 E.00244
;WIDTH:0.449999
G1 X141.005 Y156.953 E.00265
G1 X142.826 Y155.132 E.0671
G1 X142.75 Y155.906 E.02026
;WIDTH:0.601282
G1 X142.75 Y156.877 E.03446
G1 X141.779 Y156.877 E.03446
G1 X142.603 Y156.053 E.04136
M204 S1000
;WIPE_START
G1 F8640
G1 X141.779 Y156.877 E-.26907
G1 X142.75 Y156.877 E-.22421
G1 X142.75 Y155.906 E-.22421
G1 X142.785 Y155.55 E-.08251
;WIPE_END
G1 Z1.05 F720
; stop printing object pieds_clavier_cherry.stl id:1 copy 0
; printing object pieds_clavier_cherry.stl id:2 copy 0
G1 X131.852 Y108.749 F10800
G1 Z.65 F720
G1 E.8 F2100
M204 S800
;TYPE:Perimeter
;WIDTH:0.449999
G1 F3000
G1 X131.797 Y108.678 E.00234
;WIDTH:0.497082
G1 X131.703 Y108.623 E.00316
;WIDTH:0.544164
G1 X131.609 Y108.568 E.00348
;WIDTH:0.591246
G1 X131.515 Y108.513 E.0038
;WIDTH:0.638328
G1 X131.421 Y108.458 E.00412
G1 X119.629 Y108.458 E.44574
G1 X119.629 Y107.852 E.02291
G1 X131.421 Y107.852 E.44574
G1 X131.591 Y107.829 E.00648
;WIDTH:0.591246
G1 X131.762 Y107.805 E.00602
;WIDTH:0.544164
G1 X131.933 Y107.781 E.00551
;WIDTH:0.497082
G1 X132.103 Y107.758 E.00497
;WIDTH:0.449999
G1 X140.75 Y107.758 E.2253
G1 X140.75 Y124.472 E.4355
G1 X132.215 Y124.472 E.22239
G1 X131.421 Y124.493 E.0207
;WIDTH:0.408245
G1 X119.514 Y124.493 E.27924
G1 X119.514 Y124.117 E.00882
G1 X131.421 Y124.117 E.27924
;WIDTH:0.41426
G1 X131.526 Y124.111 E.00251
;WIDTH:0.449999
G1 X131.922 Y123.887 E.01185
G1 X132.047 Y123.511 E.01032
G1 X132.047 Y121.179 E.06076
G1 X132.032 Y121.04 E.00364
G1 X131.92 Y120.8 E.0069
G1 X131.712 Y120.624 E.0071
G1 X131.421 Y120.552 E.00781
G1 X119.535 Y120.552 E.3097
G1 X119.535 Y112.138 E.21923
G1 X131.421 Y112.138 E.3097
G1 X131.58 Y112.117 E.00418
G1 X131.808 Y112.004 E.00663
G1 X131.984 Y111.787 E.00728
G1 X132.047 Y111.511 E.00738
G1 X132.047 Y109.179 E.06076
G1 X131.999 Y108.938 E.0064
G1 X131.889 Y108.796 E.00468
M204 S1000
G1 X131.562 Y109.043 F10800
M204 S800
;TYPE:External perimeter
G1 F2400
G1 X131.546 Y109.012 E.00091
G1 X131.421 Y108.97 E.00344
G1 F2399.995
G1 X119.117 Y108.97 E.32059
G1 X119.117 Y107.34 E.04247
G1 X141.167 Y107.34 E.57453
G1 X141.167 Y124.89 E.45728
G1 X119.117 Y124.89 E.57453
G1 X119.117 Y123.72 E.03049
G1 X131.421 Y123.72 E.32059
G1 F2400
G1 X131.588 Y123.637 E.00486
G1 X131.63 Y123.511 E.00346
G1 X131.63 Y121.179 E.06076
G1 X131.569 Y121.032 E.00415
G1 X131.421 Y120.97 E.00418
G1 F2399.995
G1 X119.117 Y120.97 E.32059
G1 X119.117 Y111.72 E.24102
G1 X131.421 Y111.72 E.32059
G1 F2400
G1 X131.572 Y111.656 E.00427
G1 X131.63 Y111.511 E.00407
G1 X131.63 Y109.179 E.06076
G1 X131.588 Y109.097 E.0024
M204 S1000
G1 X131.963 Y108.228 F10800
M204 S2000
;TYPE:Solid infill
;WIDTH:0.585604
G1 F3000
G1 X131.914 Y108.179 E.00239
G1 X131.847 Y108.197 E.00239
G1 X131.829 Y108.264 E.00239
G1 X131.878 Y108.313 E.00239
G1 X131.945 Y108.295 E.00239
;WIDTH:0.449999
G1 X132.2 Y108.629 E.01095
G1 X132.716 Y108.113 E.01901
G1 X132.811 Y108.039 E.00314
;WIDTH:0.411095
G1 X132.906 Y107.965 E.00285
;WIDTH:0.37219
G1 X132.865 Y107.976 E.0009
G1 X132.846 Y107.905 E.00156
G1 X132.917 Y107.924 E.00156
;WIDTH:0.449999
G1 X133.307 Y108.113 E.01129
G1 X132.378 Y109.042 E.03423
G1 X132.252 Y109.789 E.01974
;WIDTH:0.37219
G1 X132.211 Y109.8 E.0009
G1 X132.192 Y109.729 E.00156
G1 X132.263 Y109.748 E.00156
;WIDTH:0.411095
G1 X132.332 Y109.679 E.00231
;WIDTH:0.449999
G1 X133.898 Y108.113 E.0577
G1 X134.488 Y108.113 E.01537
G1 X132.397 Y110.204 E.07705
G1 X132.394 Y110.798 E.01548
G1 X135.079 Y108.113 E.09894
M204 S1000
G1 X136.007 Y107.98 F10800
M204 S2000
;WIDTH:0.37219
G1 F3000
G1 X135.936 Y107.961 E.00156
G1 X135.955 Y108.032 E.00156
G1 X135.996 Y108.021 E.0009
;WIDTH:0.411095
G1 X135.833 Y108.067 E.004
;WIDTH:0.449999
G1 X135.67 Y108.113 E.00441
G1 X132.391 Y111.392 E.12083
G1 X132.342 Y111.555 E.00443
;WIDTH:0.411095
G1 X132.293 Y111.717 E.004
;WIDTH:0.37219
G1 X132.252 Y111.728 E.0009
G1 X132.233 Y111.657 E.00156
G1 X132.304 Y111.676 E.00156
M204 S1000
;WIPE_START
G1 F8640
G1 X132.233 Y111.657 E-.01697
G1 X132.252 Y111.728 E-.01697
G1 X132.293 Y111.717 E-.0098
G1 X132.342 Y111.555 E-.03908
G1 X132.391 Y111.392 E-.0393
G1 X134.467 Y109.316 E-.67788
;WIPE_END
G1 Z1.05 F720
G1 X120.004 Y112.527 F10800
G1 Z.65 F720
G1 E.8 F2100
M204 S2000
;WIDTH:0.55137
G1 F3000
G1 X119.958 Y112.481 E.00211
G1 X119.895 Y112.498 E.00211
G1 X119.878 Y112.561 E.00211
G1 X119.924 Y112.607 E.00211
G1 X119.987 Y112.59 E.00211
;WIDTH:0.449999
G1 X119.89 Y113.257 E.01756
G1 X120.654 Y112.493 E.02815
G1 X120.75 Y112.419 E.00316
;WIDTH:0.411095
G1 X120.845 Y112.345 E.00285
;WIDTH:0.37219
G1 X120.804 Y112.356 E.0009
G1 X120.785 Y112.285 E.00156
G1 X120.856 Y112.304 E.00156
;WIDTH:0.449999
G1 X121.245 Y112.493 E.01127
G1 X119.89 Y113.848 E.04993
G1 X119.89 Y114.439 E.0154
G1 X121.836 Y112.493 E.07171
G1 X122.427 Y112.493 E.0154
G1 X119.89 Y115.03 E.09348
G1 X119.89 Y115.621 E.0154
G1 X123.018 Y112.493 E.11526
G1 X123.609 Y112.493 E.0154
G1 X119.89 Y116.211 E.13702
G1 X119.89 Y116.802 E.0154
G1 X124.2 Y112.493 E.1588
G1 X124.79 Y112.493 E.01537
G1 X119.89 Y117.393 E.18056
G1 X119.89 Y117.984 E.0154
G1 X125.381 Y112.493 E.20233
G1 X125.972 Y112.493 E.0154
G1 X119.89 Y118.575 E.22411
G1 X119.89 Y119.166 E.0154
G1 X126.563 Y112.493 E.24589
G1 X127.154 Y112.493 E.0154
G1 X119.89 Y119.757 E.26767
G1 X119.808 Y120.339 E.01531
;WIDTH:0.37219
G1 X119.767 Y120.35 E.0009
G1 X119.748 Y120.279 E.00156
G1 X119.819 Y120.298 E.00156
;WIDTH:0.411095
G1 X119.93 Y120.248 E.00288
;WIDTH:0.449999
G1 X120.041 Y120.197 E.00318
G1 X127.745 Y112.493 E.28388
G1 X128.336 Y112.493 E.0154
G1 X120.631 Y120.198 E.28392
G1 X121.222 Y120.198 E.0154
G1 X128.927 Y112.493 E.28392
G1 X129.517 Y112.493 E.01537
G1 X121.812 Y120.198 E.28392
G1 X122.403 Y120.199 E.0154
G1 X130.108 Y112.493 E.28393
G1 X130.699 Y112.493 E.0154
G1 X122.993 Y120.199 E.28395
G1 X123.584 Y120.2 E.0154
M73 P23 R18
G1 X131.29 Y112.493 E.28397
M204 S1000
;WIPE_START
G1 F8640
G1 X128.84 Y114.943 E-.8
;WIPE_END
G1 Z1.05 F720
G1 X136.261 Y108.113 F10800
G1 Z.65 F720
G1 E.8 F2100
M204 S2000
G1 F3000
G1 X124.174 Y120.2 E.44539
G1 X124.765 Y120.2 E.0154
G1 X136.852 Y108.113 E.44539
G1 X137.443 Y108.113 E.0154
G1 X125.355 Y120.201 E.44542
G1 X125.946 Y120.201 E.0154
G1 X138.034 Y108.113 E.44542
G1 X138.624 Y108.113 E.01537
G1 X126.536 Y120.201 E.44542
G1 X127.127 Y120.202 E.0154
G1 X139.215 Y108.113 E.44544
G1 X139.806 Y108.113 E.0154
G1 X127.717 Y120.202 E.44546
G1 X128.308 Y120.202 E.0154
G1 X140.395 Y108.116 E.44537
G1 X140.395 Y108.706 E.01537
G1 X128.898 Y120.203 E.42365
G1 X129.489 Y120.203 E.0154
G1 X140.395 Y109.297 E.40187
G1 X140.395 Y109.888 E.0154
G1 X130.079 Y120.203 E.38011
G1 X130.67 Y120.204 E.0154
G1 X140.395 Y110.479 E.35835
G1 X140.395 Y111.07 E.0154
G1 X131.26 Y120.204 E.33659
G1 X131.779 Y120.276 E.01365
G1 X140.395 Y111.661 E.31747
G1 X140.395 Y112.252 E.0154
G1 X132.136 Y120.51 E.30431
G1 X132.354 Y120.883 E.01126
G1 X140.395 Y112.843 E.29628
G1 X140.395 Y113.433 E.01537
G1 X132.403 Y121.425 E.29449
G1 X132.403 Y122.016 E.0154
G1 X140.395 Y114.024 E.29449
G1 X140.395 Y114.615 E.0154
G1 X132.403 Y122.607 E.29449
G1 X132.403 Y123.198 E.0154
G1 X140.395 Y115.206 E.29449
G1 X140.395 Y115.797 E.0154
G1 X132.276 Y123.916 E.29917
G1 X132.186 Y123.935 E.0024
;WIDTH:0.411095
G1 X132.096 Y123.954 E.00217
;WIDTH:0.37219
G1 X132.025 Y124.113 E.00369
G1 X132.075 Y124.194 E.00202
;WIDTH:0.449999
G1 X132.665 Y124.117 E.0155
G1 X140.395 Y116.388 E.28482
G1 X140.395 Y116.979 E.0154
G1 X133.256 Y124.117 E.26304
G1 X133.847 Y124.117 E.0154
G1 X140.395 Y117.57 E.24126
G1 X140.395 Y118.16 E.01537
G1 X134.438 Y124.117 E.21951
G1 X135.029 Y124.117 E.0154
G1 X140.395 Y118.751 E.19773
G1 X140.395 Y119.342 E.0154
G1 X135.62 Y124.117 E.17595
G1 X136.21 Y124.117 E.01537
G1 X140.395 Y119.933 E.15419
G1 X140.395 Y120.524 E.0154
G1 X136.801 Y124.117 E.13241
G1 X137.392 Y124.117 E.0154
G1 X140.395 Y121.115 E.11064
G1 X140.395 Y121.706 E.0154
G1 X137.983 Y124.117 E.08886
G1 X138.444 Y124.326 E.01319
;WIDTH:0.37219
G1 X138.402 Y124.337 E.00092
G1 X138.383 Y124.265 E.00158
G1 X138.455 Y124.284 E.00158
;WIDTH:0.411095
G1 X138.514 Y124.201 E.00241
;WIDTH:0.449999
G1 X138.574 Y124.117 E.00269
G1 X140.395 Y122.297 E.06708
G1 X140.319 Y123.07 E.02024
;WIDTH:0.601282
G1 X140.319 Y124.042 E.0345
G1 X139.347 Y124.042 E.0345
G1 X140.171 Y123.218 E.04136
M204 S1000
;WIPE_START
G1 F8640
G1 X139.347 Y124.042 E-.26907
G1 X140.319 Y124.042 E-.22444
G1 X140.319 Y123.07 E-.22444
G1 X140.354 Y122.716 E-.08205
;WIPE_END
G1 Z1.05 F720
; stop printing object pieds_clavier_cherry.stl id:2 copy 0
; printing object pieds_clavier_cherry.stl id:0 copy 0
G1 X130.666 Y78.237 F10800
G1 Z.65 F720
G1 E.8 F2100
M204 S800
;TYPE:Perimeter
;WIDTH:0.449999
G1 F3000
G1 X130.61 Y78.166 E.00236
;WIDTH:0.497082
G1 X130.516 Y78.111 E.00316
;WIDTH:0.544164
G1 X130.422 Y78.056 E.00348
;WIDTH:0.591246
G1 X130.328 Y78.001 E.0038
;WIDTH:0.638328
G1 X130.234 Y77.946 E.00412
G1 X118.443 Y77.946 E.4457
G1 X118.443 Y77.34 E.02291
G1 X130.234 Y77.34 E.4457
G1 X130.405 Y77.317 E.00652
;WIDTH:0.591246
G1 X130.576 Y77.293 E.00602
;WIDTH:0.544164
G1 X130.746 Y77.27 E.00548
;WIDTH:0.497082
G1 X130.917 Y77.246 E.00501
;WIDTH:0.449999
G1 X139.563 Y77.246 E.22528
G1 X139.563 Y93.96 E.4355
G1 X131.028 Y93.96 E.22239
G1 X130.234 Y93.981 E.0207
;WIDTH:0.408245
G1 X118.328 Y93.981 E.27922
G1 X118.328 Y93.605 E.00882
G1 X130.234 Y93.605 E.27922
;WIDTH:0.41426
G1 X130.34 Y93.599 E.00253
;WIDTH:0.449999
G1 X130.736 Y93.375 E.01185
G1 X130.861 Y92.999 E.01032
G1 X130.861 Y90.667 E.06076
G1 X130.845 Y90.528 E.00365
G1 X130.734 Y90.288 E.00689
G1 X130.525 Y90.112 E.00712
G1 X130.234 Y90.04 E.00781
G1 X118.349 Y90.04 E.30967
G1 X118.349 Y81.626 E.21923
G1 X130.234 Y81.626 E.30967
G1 X130.393 Y81.606 E.00418
G1 X130.622 Y81.492 E.00667
G1 X130.797 Y81.275 E.00726
G1 X130.861 Y80.999 E.00738
G1 X130.861 Y78.667 E.06076
G1 X130.813 Y78.426 E.0064
G1 X130.702 Y78.284 E.0047
M204 S1000
G1 X130.375 Y78.531 F10800
M204 S800
;TYPE:External perimeter
G1 F2400
G1 X130.36 Y78.5 E.0009
G1 X130.234 Y78.458 E.00346
G1 F2399.995
G1 X117.931 Y78.458 E.32056
G1 X117.931 Y76.828 E.04247
G1 X139.981 Y76.828 E.57453
G1 X139.981 Y94.378 E.45728
M73 P24 R17
G1 X117.931 Y94.378 E.57453
G1 X117.931 Y93.208 E.03049
G1 X130.234 Y93.208 E.32056
G1 F2400
G1 X130.401 Y93.125 E.00486
G1 X130.443 Y92.999 E.00346
G1 X130.443 Y90.667 E.06076
G1 X130.383 Y90.52 E.00414
G1 X130.234 Y90.458 E.0042
G1 F2399.995
G1 X117.931 Y90.458 E.32056
G1 X117.931 Y81.208 E.24102
G1 X130.234 Y81.208 E.32056
G1 F2400
G1 X130.385 Y81.144 E.00427
G1 X130.443 Y80.999 E.00407
G1 X130.443 Y78.667 E.06076
G1 X130.402 Y78.585 E.00239
M204 S1000
G1 X130.776 Y77.716 F10800
M204 S2000
;TYPE:Solid infill
;WIDTH:0.585604
G1 F3000
G1 X130.727 Y77.667 E.00239
G1 X130.661 Y77.685 E.00236
G1 X130.643 Y77.752 E.00239
G1 X130.692 Y77.801 E.00239
G1 X130.758 Y77.783 E.00236
;WIDTH:0.449999
G1 X131.013 Y78.117 E.01095
G1 X131.529 Y77.601 E.01901
G1 X131.625 Y77.527 E.00316
;WIDTH:0.411095
G1 X131.72 Y77.453 E.00285
;WIDTH:0.37219
G1 X131.679 Y77.464 E.0009
G1 X131.66 Y77.393 E.00156
G1 X131.731 Y77.412 E.00156
;WIDTH:0.449999
G1 X132.12 Y77.601 E.01127
G1 X131.192 Y78.53 E.03421
G1 X131.065 Y79.277 E.01974
;WIDTH:0.37219
G1 X131.024 Y79.288 E.0009
G1 X131.005 Y79.217 E.00156
G1 X131.076 Y79.236 E.00156
;WIDTH:0.411095
G1 X131.145 Y79.167 E.00231
;WIDTH:0.449999
G1 X132.711 Y77.601 E.0577
G1 X133.302 Y77.601 E.0154
G1 X131.211 Y79.692 E.07705
G1 X131.208 Y80.286 E.01548
G1 X133.893 Y77.601 E.09894
M204 S1000
G1 X134.82 Y77.468 F10800
M204 S2000
;WIDTH:0.37219
G1 F3000
G1 X134.749 Y77.449 E.00156
G1 X134.768 Y77.52 E.00156
G1 X134.809 Y77.509 E.0009
;WIDTH:0.411095
G1 X134.646 Y77.555 E.004
;WIDTH:0.449999
G1 X134.484 Y77.601 E.00439
G1 X131.205 Y80.88 E.12083
G1 X131.156 Y81.043 E.00443
;WIDTH:0.411095
G1 X131.107 Y81.205 E.004
;WIDTH:0.37219
G1 X131.066 Y81.216 E.0009
G1 X131.047 Y81.145 E.00156
G1 X131.118 Y81.164 E.00156
M204 S1000
;WIPE_START
G1 F8640
G1 X131.047 Y81.145 E-.01697
G1 X131.066 Y81.216 E-.01697
G1 X131.107 Y81.205 E-.0098
G1 X131.156 Y81.043 E-.03908
G1 X131.205 Y80.88 E-.0393
G1 X133.281 Y78.804 E-.67788
;WIPE_END
G1 Z1.05 F720
G1 X118.817 Y82.015 F10800
G1 Z.65 F720
G1 E.8 F2100
M204 S2000
;WIDTH:0.55137
G1 F3000
G1 X118.771 Y81.969 E.00211
G1 X118.709 Y81.986 E.00208
G1 X118.692 Y82.049 E.00211
G1 X118.738 Y82.095 E.00211
G1 X118.801 Y82.078 E.00211
;WIDTH:0.449999
G1 X118.704 Y82.745 E.01756
G1 X119.468 Y81.981 E.02815
G1 X119.563 Y81.907 E.00314
;WIDTH:0.411095
G1 X119.658 Y81.833 E.00285
;WIDTH:0.37219
G1 X119.617 Y81.844 E.0009
G1 X119.598 Y81.773 E.00156
G1 X119.669 Y81.792 E.00156
;WIDTH:0.449999
G1 X120.059 Y81.981 E.01129
G1 X118.704 Y83.336 E.04993
G1 X118.704 Y83.927 E.0154
G1 X120.65 Y81.981 E.07171
G1 X121.241 Y81.981 E.0154
G1 X118.704 Y84.518 E.09348
G1 X118.704 Y85.109 E.0154
G1 X121.831 Y81.981 E.11524
G1 X122.422 Y81.981 E.0154
G1 X118.704 Y85.699 E.137
G1 X118.704 Y86.29 E.0154
G1 X123.013 Y81.981 E.15878
G1 X123.604 Y81.981 E.0154
G1 X118.704 Y86.881 E.18056
G1 X118.704 Y87.472 E.0154
G1 X124.195 Y81.981 E.20233
G1 X124.786 Y81.981 E.0154
G1 X118.704 Y88.063 E.22411
G1 X118.704 Y88.654 E.0154
G1 X125.377 Y81.981 E.24589
G1 X125.967 Y81.981 E.01537
G1 X118.704 Y89.245 E.26765
G1 X118.622 Y89.827 E.01531
;WIDTH:0.37219
G1 X118.581 Y89.838 E.0009
G1 X118.562 Y89.767 E.00156
G1 X118.633 Y89.786 E.00156
;WIDTH:0.411095
G1 X118.744 Y89.736 E.00288
;WIDTH:0.449999
G1 X118.854 Y89.685 E.00316
G1 X126.558 Y81.981 E.28388
G1 X127.149 Y81.981 E.0154
G1 X119.445 Y89.686 E.2839
G1 X120.035 Y89.686 E.01537
G1 X127.74 Y81.981 E.28392
G1 X128.331 Y81.981 E.0154
G1 X120.626 Y89.687 E.28393
G1 X121.216 Y89.687 E.01537
G1 X128.922 Y81.981 E.28395
G1 X129.513 Y81.981 E.0154
G1 X121.807 Y89.687 E.28395
G1 X122.397 Y89.688 E.01537
G1 X130.104 Y81.981 E.28399
M204 S1000
;WIPE_START
G1 F8640
G1 X127.654 Y84.431 E-.8
;WIPE_END
G1 Z1.05 F720
G1 X135.075 Y77.601 F10800
G1 Z.65 F720
G1 E.8 F2100
M204 S2000
G1 F3000
G1 X122.988 Y89.688 E.44539
G1 X123.578 Y89.688 E.01537
G1 X135.665 Y77.601 E.44539
G1 X136.256 Y77.601 E.0154
G1 X124.169 Y89.689 E.4454
G1 X124.759 Y89.689 E.01537
G1 X136.847 Y77.601 E.44542
G1 X137.438 Y77.601 E.0154
G1 X125.35 Y89.689 E.44542
G1 X125.94 Y89.69 E.01537
G1 X138.029 Y77.601 E.44546
G1 X138.62 Y77.601 E.0154
G1 X126.531 Y89.69 E.44546
G1 X127.121 Y89.69 E.01537
G1 X139.208 Y77.604 E.44537
G1 X139.208 Y78.195 E.0154
G1 X127.712 Y89.691 E.42361
G1 X128.302 Y89.691 E.01537
G1 X139.208 Y78.785 E.40187
G1 X139.208 Y79.376 E.0154
G1 X128.893 Y89.692 E.38011
G1 X129.483 Y89.692 E.01537
G1 X139.208 Y79.967 E.35835
G1 X139.208 Y80.558 E.0154
G1 X130.074 Y89.692 E.33657
G1 X130.593 Y89.764 E.01365
G1 X139.208 Y81.149 E.31745
G1 X139.208 Y81.74 E.0154
G1 X130.95 Y89.998 E.30429
G1 X131.168 Y90.371 E.01126
G1 X139.208 Y82.331 E.29626
G1 X139.208 Y82.922 E.0154
G1 X131.216 Y90.913 E.29447
G1 X131.216 Y91.504 E.0154
G1 X139.208 Y83.512 E.29449
G1 X139.208 Y84.103 E.0154
G1 X131.216 Y92.095 E.29449
G1 X131.216 Y92.686 E.0154
M73 P25 R17
G1 X139.208 Y84.694 E.29449
G1 X139.208 Y85.285 E.0154
G1 X131.089 Y93.404 E.29917
G1 X130.999 Y93.423 E.0024
;WIDTH:0.411095
G1 X130.909 Y93.442 E.00217
;WIDTH:0.37219
G1 X130.839 Y93.601 E.00368
G1 X130.888 Y93.682 E.00201
;WIDTH:0.449999
G1 X131.479 Y93.605 E.01553
G1 X139.208 Y85.876 E.2848
G1 X139.208 Y86.467 E.0154
G1 X132.07 Y93.605 E.26302
G1 X132.66 Y93.605 E.01537
G1 X139.208 Y87.058 E.24126
G1 X139.208 Y87.648 E.01537
G1 X133.251 Y93.605 E.21951
G1 X133.842 Y93.605 E.0154
G1 X139.208 Y88.239 E.19773
G1 X139.208 Y88.83 E.0154
G1 X134.433 Y93.605 E.17595
G1 X135.024 Y93.605 E.0154
G1 X139.208 Y89.421 E.15417
G1 X139.208 Y90.012 E.0154
G1 X135.615 Y93.605 E.1324
G1 X136.206 Y93.605 E.0154
G1 X139.208 Y90.603 E.11062
G1 X139.208 Y91.194 E.0154
G1 X136.797 Y93.605 E.08884
G1 X137.257 Y93.814 E.01316
;WIDTH:0.37219
G1 X137.216 Y93.825 E.0009
G1 X137.197 Y93.753 E.00158
G1 X137.268 Y93.773 E.00156
;WIDTH:0.411095
G1 X137.328 Y93.689 E.00244
;WIDTH:0.449999
G1 X137.387 Y93.605 E.00267
G1 X139.208 Y91.785 E.06708
G1 X139.132 Y92.558 E.02024
;WIDTH:0.601282
G1 X139.132 Y93.53 E.0345
G1 X138.161 Y93.53 E.03446
G1 X138.985 Y92.706 E.04136
M204 S1000
;LAYER_CHANGE
;Z:0.8
;HEIGHT:0.15
;BEFORE_LAYER_CHANGE
G92 E0.0
;0.8


;WIPE_START
G1 F8640
G1 X138.161 Y93.53 E-.26907
G1 X139.132 Y93.53 E-.22421
G1 X139.132 Y92.558 E-.22444
G1 X139.167 Y92.203 E-.08228
;WIPE_END
G1 Z.8 F720
;AFTER_LAYER_CHANGE
;0.8
G1 Z1.2
; stop printing object pieds_clavier_cherry.stl id:0 copy 0
; printing object pieds_clavier_cherry.stl id:1 copy 0
G1 X134.283 Y141.584 F10800
G1 Z.8 F720
G1 E.8 F2100
M204 S800
;TYPE:Perimeter
;WIDTH:0.449999
G1 F3000
G1 X134.228 Y141.513 E.00234
;WIDTH:0.497082
G1 X134.134 Y141.458 E.00316
;WIDTH:0.544164
G1 X134.04 Y141.404 E.00346
;WIDTH:0.591246
G1 X133.946 Y141.349 E.0038
;WIDTH:0.638328
G1 X133.852 Y141.294 E.00412
G1 X122.061 Y141.294 E.4457
G1 X122.061 Y140.688 E.02291
G1 X133.852 Y140.688 E.4457
G1 X134.023 Y140.664 E.00653
;WIDTH:0.591246
G1 X134.194 Y140.641 E.00602
;WIDTH:0.544164
G1 X134.364 Y140.617 E.00548
;WIDTH:0.497082
G1 X134.535 Y140.594 E.005
;WIDTH:0.449999
G1 X143.181 Y140.594 E.22528
G1 X143.181 Y157.308 E.4355
G1 X134.646 Y157.308 E.22239
G1 X133.852 Y157.329 E.0207
;WIDTH:0.408245
G1 X121.946 Y157.329 E.27922
G1 X121.946 Y156.953 E.00882
G1 X133.852 Y156.953 E.27922
;WIDTH:0.41426
G1 X133.957 Y156.947 E.00251
;WIDTH:0.449999
G1 X134.354 Y156.723 E.01188
G1 X134.479 Y156.347 E.01032
G1 X134.479 Y154.015 E.06076
G1 X134.463 Y153.875 E.00367
G1 X134.352 Y153.636 E.00687
G1 X134.143 Y153.46 E.00712
G1 X133.852 Y153.388 E.00781
G1 X121.967 Y153.388 E.30967
G1 X121.967 Y144.974 E.21923
G1 X133.852 Y144.974 E.30967
G1 X134.011 Y144.953 E.00418
G1 X134.24 Y144.839 E.00667
G1 X134.415 Y144.622 E.00726
G1 X134.479 Y144.347 E.00736
G1 X134.479 Y142.015 E.06076
G1 X134.431 Y141.774 E.0064
G1 X134.32 Y141.632 E.0047
M204 S1000
G1 X133.993 Y141.879 F10800
M204 S800
;TYPE:External perimeter
G1 F2400
G1 X133.978 Y141.848 E.0009
G1 X133.852 Y141.806 E.00346
G1 F2399.995
G1 X121.549 Y141.806 E.32056
G1 X121.549 Y140.176 E.04247
G1 X143.599 Y140.176 E.57453
G1 X143.599 Y157.726 E.45728
G1 X121.549 Y157.726 E.57453
G1 X121.549 Y156.556 E.03049
G1 X133.852 Y156.556 E.32056
G1 F2400
G1 X134.019 Y156.472 E.00487
G1 X134.061 Y156.347 E.00344
G1 X134.061 Y154.015 E.06076
G1 X134.001 Y153.868 E.00414
G1 X133.852 Y153.806 E.0042
G1 F2399.995
G1 X121.549 Y153.806 E.32056
G1 X121.549 Y144.556 E.24102
G1 X133.852 Y144.556 E.32056
G1 F2400
G1 X134.003 Y144.491 E.00428
G1 X134.061 Y144.347 E.00404
G1 X134.061 Y142.015 E.06076
G1 X134.02 Y141.932 E.00241
M204 S1000
;WIPE_START
G1 F8640
G1 X133.993 Y141.879 E-.01373
G1 X133.978 Y141.848 E-.00795
G1 X133.852 Y141.806 E-.03067
G1 X130.614 Y141.806 E-.74765
;WIPE_END
G1 Z1.2 F720
G1 X122.356 Y152.92 F10800
G1 Z.8 F720
G1 E.8 F2100
M204 S2000
;TYPE:Solid infill
;WIDTH:0.55146
G1 F3000
G1 X122.31 Y152.965 E.00208
G1 X122.327 Y153.028 E.00211
G1 X122.389 Y153.045 E.00208
G1 X122.435 Y152.999 E.00211
G1 X122.419 Y152.936 E.0021
M204 S1000
G1 X123.277 Y153.182 F10800
M204 S2000
;WIDTH:0.37219
G1 F3000
G1 X123.288 Y153.223 E.0009
G1 X123.217 Y153.242 E.00156
G1 X123.236 Y153.171 E.00156
;WIDTH:0.411095
G1 X123.161 Y153.102 E.00241
;WIDTH:0.449999
G1 X122.322 Y152.269 E.03081
G1 X122.248 Y152.174 E.00314
;WIDTH:0.411095
G1 X122.174 Y152.078 E.00286
;WIDTH:0.37219
G1 X122.185 Y152.12 E.00092
G1 X122.114 Y152.139 E.00156
G1 X122.133 Y152.067 E.00158
;WIDTH:0.449999
G1 X122.322 Y151.678 E.01127
G1 X123.678 Y153.034 E.04997
G1 X124.269 Y153.034 E.0154
G1 X122.322 Y151.087 E.07174
G1 X122.322 Y150.496 E.0154
G1 X124.86 Y153.034 E.09352
G1 X125.451 Y153.035 E.0154
G1 X122.322 Y149.905 E.11532
G1 X122.322 Y149.315 E.01537
G1 X126.043 Y153.035 E.13709
G1 X126.634 Y153.036 E.0154
G1 X122.322 Y148.724 E.15889
G1 X122.322 Y148.133 E.0154
G1 X127.225 Y153.036 E.18067
G1 X127.816 Y153.036 E.0154
G1 X122.322 Y147.542 E.20244
G1 X122.322 Y146.951 E.0154
G1 X128.407 Y153.037 E.22424
G1 X128.999 Y153.037 E.01542
G1 X122.322 Y146.36 E.24604
G1 X122.322 Y145.769 E.0154
G1 X129.59 Y153.037 E.26781
G1 X130.181 Y153.038 E.0154
G1 X122.472 Y145.329 E.28406
G1 X122.356 Y145.258 E.00354
;WIDTH:0.411095
G1 X122.24 Y145.187 E.00321
;WIDTH:0.37219
G1 X122.251 Y145.228 E.0009
G1 X122.18 Y145.247 E.00156
G1 X122.199 Y145.176 E.00156
M204 S1000
G1 X123.063 Y145.329 F10800
M204 S2000
;WIDTH:0.449999
G1 F3000
G1 X130.772 Y153.038 E.28406
G1 X131.364 Y153.038 E.01542
G1 X123.654 Y145.329 E.28408
G1 X124.245 Y145.329 E.0154
G1 X131.955 Y153.039 E.2841
G1 X132.546 Y153.039 E.0154
G1 X124.836 Y145.329 E.2841
G1 X125.427 Y145.329 E.0154
G1 X133.137 Y153.039 E.2841
M204 S1000
G1 X134.013 Y153.132 F10800
M204 S2000
;WIDTH:0.37219
G1 F3000
G1 X133.994 Y153.203 E.00156
G1 X134.065 Y153.184 E.00156
G1 X134.054 Y153.143 E.0009
;WIDTH:0.411095
G1 X133.891 Y153.091 E.00404
;WIDTH:0.449999
G1 X133.729 Y153.04 E.00443
G1 X126.017 Y145.329 E.28416
M204 S1000
;WIPE_START
G1 F8640
G1 X128.467 Y147.779 E-.8
;WIPE_END
G1 Z1.2 F720
M73 P26 R17
G1 X134.636 Y156.883 F10800
G1 Z.8 F720
G1 E.8 F2100
M204 S2000
;WIDTH:0.4807
G1 F3000
G1 X134.596 Y156.923 E.00158
G1 X134.61 Y156.977 E.00156
G1 X134.665 Y156.992 E.00159
G1 X134.704 Y156.952 E.00156
G1 X134.69 Y156.898 E.00156
;WIDTH:0.449999
G1 X134.8 Y156.474 E.01141
G1 X135.353 Y157.021 E.02027
;WIDTH:0.411095
G1 X135.427 Y157.09 E.00239
;WIDTH:0.37219
G1 X135.408 Y157.161 E.00156
G1 X135.479 Y157.142 E.00156
G1 X135.468 Y157.101 E.0009
;WIDTH:0.449999
G1 X135.869 Y156.953 E.01114
G1 X134.76 Y155.829 E.04114
;WIDTH:0.411095
G1 X134.686 Y155.739 E.00275
;WIDTH:0.37219
G1 X134.697 Y155.78 E.0009
G1 X134.626 Y155.799 E.00156
G1 X134.645 Y155.728 E.00156
;WIDTH:0.449999
G1 X134.834 Y155.327 E.01155
G1 X136.46 Y156.953 E.05992
G1 X137.051 Y156.953 E.0154
G1 X134.834 Y154.736 E.08169
G1 X134.834 Y154.145 E.0154
G1 X137.641 Y156.953 E.10345
G1 X137.804 Y156.999 E.00441
;WIDTH:0.411095
G1 X137.967 Y157.045 E.004
;WIDTH:0.37219
G1 X137.978 Y157.086 E.0009
G1 X137.907 Y157.105 E.00156
G1 X137.926 Y157.034 E.00156
;WIDTH:0.449999
G1 X138.423 Y157.101 E.01307
;WIDTH:0.37219
G1 X138.434 Y157.142 E.0009
G1 X138.363 Y157.161 E.00156
G1 X138.382 Y157.09 E.00156
;WIDTH:0.411095
G1 X138.307 Y157.021 E.00241
;WIDTH:0.449999
G1 X126.608 Y145.329 E.43096
G1 X127.199 Y145.329 E.0154
G1 X138.823 Y156.953 E.42833
G1 X139.414 Y156.953 E.0154
G1 X127.79 Y145.329 E.42833
G1 X128.381 Y145.329 E.0154
G1 X140.005 Y156.953 E.42833
G1 X140.596 Y156.953 E.0154
G1 X128.972 Y145.329 E.42833
G1 X129.563 Y145.329 E.0154
G1 X141.187 Y156.953 E.42833
G1 X141.778 Y156.953 E.0154
G1 X130.154 Y145.329 E.42833
G1 X130.744 Y145.329 E.01537
G1 X142.368 Y156.953 E.42833
G1 X142.974 Y157.041 E.01596
;WIDTH:0.37219
G1 X142.985 Y157.082 E.0009
G1 X142.914 Y157.101 E.00156
G1 X142.933 Y157.03 E.00156
;WIDTH:0.411095
G1 X142.879 Y156.925 E.00279
;WIDTH:0.449999
G1 X142.826 Y156.819 E.00309
G1 X131.335 Y145.329 E.42341
G1 X131.926 Y145.329 E.0154
G1 X142.826 Y156.229 E.40165
G1 X142.826 Y155.638 E.0154
G1 X132.517 Y145.329 E.37987
G1 X133.108 Y145.329 E.0154
G1 X142.826 Y155.047 E.35809
G1 X142.826 Y154.456 E.0154
G1 X133.699 Y145.329 E.33631
G1 X134.211 Y145.25 E.0135
G1 X142.826 Y153.865 E.31745
G1 X142.826 Y153.274 E.0154
G1 X134.569 Y145.018 E.30424
G1 X134.781 Y144.639 E.01132
G1 X142.826 Y152.683 E.29643
G1 X142.826 Y152.093 E.01537
G1 X134.824 Y144.09 E.29488
G1 X134.827 Y143.502 E.01532
G1 X142.826 Y151.502 E.29477
G1 X142.826 Y150.911 E.0154
G1 X134.83 Y142.914 E.29466
G1 X134.833 Y142.326 E.01532
G1 X142.826 Y150.32 E.29455
G1 X142.826 Y149.729 E.0154
G1 X134.768 Y141.671 E.29692
G1 X134.267 Y141.006 E.02169
;WIDTH:0.532404
G1 X134.223 Y141.05 E.00194
G1 X134.239 Y141.111 E.00197
G1 X134.299 Y141.127 E.00194
G1 X134.343 Y141.083 E.00194
G1 X134.327 Y141.022 E.00197
G1 X134.482 Y140.985 E.00497
;WIDTH:0.491202
G1 X134.637 Y140.949 E.00456
;WIDTH:0.449999
G1 X142.826 Y149.138 E.30175
G1 X142.826 Y148.547 E.0154
G1 X135.227 Y140.949 E.27999
G1 X135.818 Y140.949 E.0154
G1 X142.826 Y147.956 E.25821
G1 X142.826 Y147.366 E.01537
G1 X136.409 Y140.949 E.23646
G1 X137 Y140.949 E.0154
G1 X142.826 Y146.775 E.21468
G1 X142.826 Y146.184 E.0154
G1 X137.591 Y140.949 E.1929
G1 X138.182 Y140.949 E.0154
G1 X142.826 Y145.593 E.17112
G1 X142.826 Y145.002 E.0154
G1 X138.773 Y140.949 E.14935
G1 X139.363 Y140.949 E.01537
G1 X142.826 Y144.411 E.12759
G1 X142.826 Y143.82 E.0154
G1 X139.954 Y140.949 E.10581
G1 X140.545 Y140.949 E.0154
G1 X142.826 Y143.229 E.08403
G1 X143.034 Y142.769 E.01315
;WIDTH:0.37219
G1 X143.045 Y142.81 E.0009
G1 X142.974 Y142.829 E.00156
G1 X142.993 Y142.758 E.00156
;WIDTH:0.411095
G1 X142.91 Y142.698 E.00242
;WIDTH:0.449999
G1 X142.826 Y142.639 E.00267
G1 X141.136 Y140.949 E.06227
G1 X141.863 Y141.005 E.019
;WIDTH:0.562989
G1 X142.77 Y141.005 E.03002
G1 X142.77 Y141.911 E.02999
G1 X142.011 Y141.153 E.03551
M204 S1000
;WIPE_START
G1 F8640
G1 X142.77 Y141.911 E-.24769
G1 X142.77 Y141.005 E-.2092
G1 X141.863 Y141.005 E-.20943
G1 X141.286 Y140.96 E-.13368
;WIPE_END
G1 Z1.2 F720
; stop printing object pieds_clavier_cherry.stl id:1 copy 0
; printing object pieds_clavier_cherry.stl id:2 copy 0
G1 X131.852 Y108.749 F10800
G1 Z.8 F720
G1 E.8 F2100
M204 S800
;TYPE:Perimeter
;WIDTH:0.449999
G1 F3000
G1 X131.797 Y108.678 E.00234
;WIDTH:0.497082
G1 X131.703 Y108.623 E.00316
;WIDTH:0.544164
G1 X131.609 Y108.568 E.00348
;WIDTH:0.591246
G1 X131.515 Y108.513 E.0038
;WIDTH:0.638328
G1 X131.421 Y108.458 E.00412
G1 X119.629 Y108.458 E.44574
G1 X119.629 Y107.852 E.02291
G1 X131.421 Y107.852 E.44574
G1 X131.591 Y107.829 E.00648
;WIDTH:0.591246
G1 X131.762 Y107.805 E.00602
;WIDTH:0.544164
G1 X131.933 Y107.781 E.00551
;WIDTH:0.497082
G1 X132.103 Y107.758 E.00497
;WIDTH:0.449999
G1 X140.75 Y107.758 E.2253
G1 X140.75 Y124.472 E.4355
G1 X132.215 Y124.472 E.22239
G1 X131.421 Y124.493 E.0207
;WIDTH:0.408245
G1 X119.514 Y124.493 E.27924
G1 X119.514 Y124.117 E.00882
G1 X131.421 Y124.117 E.27924
;WIDTH:0.41426
G1 X131.526 Y124.111 E.00251
;WIDTH:0.449999
G1 X131.922 Y123.887 E.01185
G1 X132.047 Y123.511 E.01032
G1 X132.047 Y121.179 E.06076
G1 X132.032 Y121.04 E.00364
G1 X131.92 Y120.8 E.0069
G1 X131.712 Y120.624 E.0071
G1 X131.421 Y120.552 E.00781
G1 X119.535 Y120.552 E.3097
G1 X119.535 Y112.138 E.21923
G1 X131.421 Y112.138 E.3097
G1 X131.58 Y112.117 E.00418
G1 X131.808 Y112.004 E.00663
G1 X131.984 Y111.787 E.00728
G1 X132.047 Y111.511 E.00738
G1 X132.047 Y109.179 E.06076
G1 X131.999 Y108.938 E.0064
G1 X131.889 Y108.796 E.00468
M204 S1000
G1 X131.562 Y109.043 F10800
M204 S800
;TYPE:External perimeter
G1 F2400
G1 X131.546 Y109.012 E.00091
G1 X131.421 Y108.97 E.00344
G1 F2399.995
G1 X119.117 Y108.97 E.32059
G1 X119.117 Y107.34 E.04247
G1 X141.167 Y107.34 E.57453
G1 X141.167 Y124.89 E.45728
M73 P27 R17
G1 X119.117 Y124.89 E.57453
G1 X119.117 Y123.72 E.03049
G1 X131.421 Y123.72 E.32059
G1 F2400
G1 X131.588 Y123.637 E.00486
G1 X131.63 Y123.511 E.00346
G1 X131.63 Y121.179 E.06076
G1 X131.569 Y121.032 E.00415
G1 X131.421 Y120.97 E.00418
G1 F2399.995
G1 X119.117 Y120.97 E.32059
G1 X119.117 Y111.72 E.24102
G1 X131.421 Y111.72 E.32059
G1 F2400
G1 X131.572 Y111.656 E.00427
G1 X131.63 Y111.511 E.00407
G1 X131.63 Y109.179 E.06076
G1 X131.588 Y109.097 E.0024
M204 S1000
;WIPE_START
G1 F8640
G1 X131.562 Y109.043 E-.01384
G1 X131.546 Y109.012 E-.00806
G1 X131.421 Y108.97 E-.03045
G1 X128.183 Y108.97 E-.74765
;WIPE_END
G1 Z1.2 F720
G1 X119.924 Y120.084 F10800
G1 Z.8 F720
G1 E.8 F2100
M204 S2000
;TYPE:Solid infill
;WIDTH:0.55146
G1 F3000
G1 X119.878 Y120.13 E.00211
G1 X119.895 Y120.193 E.00211
G1 X119.958 Y120.209 E.0021
G1 X120.004 Y120.163 E.00211
G1 X119.987 Y120.101 E.00208
M204 S1000
G1 X120.845 Y120.346 F10800
M204 S2000
;WIDTH:0.37219
G1 F3000
G1 X120.856 Y120.387 E.0009
G1 X120.785 Y120.406 E.00156
G1 X120.804 Y120.335 E.00156
;WIDTH:0.411095
G1 X120.73 Y120.266 E.00239
;WIDTH:0.449999
G1 X119.89 Y119.433 E.03082
G1 X119.816 Y119.338 E.00314
;WIDTH:0.411095
G1 X119.742 Y119.243 E.00285
;WIDTH:0.37219
G1 X119.753 Y119.284 E.0009
G1 X119.682 Y119.303 E.00156
G1 X119.701 Y119.232 E.00156
;WIDTH:0.449999
G1 X119.89 Y118.842 E.01129
G1 X121.246 Y120.198 E.04997
G1 X121.837 Y120.199 E.0154
G1 X119.89 Y118.252 E.07174
G1 X119.89 Y117.661 E.0154
G1 X122.429 Y120.199 E.09354
G1 X123.02 Y120.199 E.0154
G1 X119.89 Y117.07 E.11532
G1 X119.89 Y116.479 E.0154
G1 X123.611 Y120.2 E.13711
G1 X124.202 Y120.2 E.0154
G1 X119.89 Y115.888 E.15889
G1 X119.89 Y115.297 E.0154
G1 X124.794 Y120.2 E.18069
G1 X125.385 Y120.201 E.0154
G1 X119.89 Y114.706 E.20248
G1 X119.89 Y114.115 E.0154
G1 X125.976 Y120.201 E.22426
G1 X126.567 Y120.201 E.0154
G1 X119.89 Y113.525 E.24602
G1 X119.89 Y112.934 E.0154
G1 X127.158 Y120.202 E.26781
G1 X127.75 Y120.202 E.01542
G1 X120.041 Y112.493 E.28406
G1 X119.925 Y112.422 E.00354
;WIDTH:0.411095
G1 X119.808 Y112.351 E.00323
;WIDTH:0.37219
G1 X119.819 Y112.392 E.0009
G1 X119.748 Y112.411 E.00156
G1 X119.767 Y112.34 E.00156
M204 S1000
G1 X120.632 Y112.493 F10800
M204 S2000
;WIDTH:0.449999
G1 F3000
G1 X128.341 Y120.202 E.28406
G1 X128.932 Y120.203 E.0154
G1 X121.222 Y112.493 E.2841
G1 X121.813 Y112.493 E.0154
G1 X129.523 Y120.203 E.2841
G1 X130.115 Y120.203 E.01542
G1 X122.404 Y112.493 E.28412
G1 X122.995 Y112.493 E.0154
G1 X130.706 Y120.204 E.28414
M204 S1000
G1 X131.581 Y120.296 F10800
M204 S2000
;WIDTH:0.37219
G1 F3000
G1 X131.562 Y120.368 E.00158
G1 X131.634 Y120.348 E.00158
G1 X131.623 Y120.307 E.0009
;WIDTH:0.411095
G1 X131.46 Y120.256 E.00404
;WIDTH:0.449999
G1 X131.297 Y120.204 E.00446
G1 X123.586 Y112.493 E.28414
M204 S1000
;WIPE_START
G1 F8640
G1 X126.036 Y114.943 E-.8
;WIPE_END
G1 Z1.2 F720
G1 X132.204 Y124.048 F10800
G1 Z.8 F720
G1 E.8 F2100
M204 S2000
;WIDTH:0.4807
G1 F3000
G1 X132.164 Y124.087 E.00156
G1 X132.179 Y124.141 E.00157
G1 X132.233 Y124.156 E.00157
G1 X132.273 Y124.116 E.00158
G1 X132.258 Y124.062 E.00157
;WIDTH:0.449999
G1 X132.368 Y123.639 E.01139
G1 X132.921 Y124.186 E.02027
;WIDTH:0.411095
G1 X132.996 Y124.254 E.00239
;WIDTH:0.37219
G1 X132.977 Y124.326 E.00158
G1 X133.048 Y124.306 E.00156
G1 X133.037 Y124.265 E.0009
;WIDTH:0.449999
G1 X133.437 Y124.117 E.01111
G1 X132.328 Y122.993 E.04114
;WIDTH:0.411095
G1 X132.254 Y122.904 E.00274
;WIDTH:0.37219
G1 X132.265 Y122.945 E.0009
G1 X132.194 Y122.964 E.00156
G1 X132.213 Y122.893 E.00156
;WIDTH:0.449999
G1 X132.403 Y122.492 E.01156
G1 X134.028 Y124.117 E.05988
G1 X134.619 Y124.117 E.0154
G1 X132.403 Y121.901 E.08166
G1 X132.403 Y121.31 E.0154
G1 X135.21 Y124.117 E.10343
G1 X135.373 Y124.163 E.00441
;WIDTH:0.411095
G1 X135.535 Y124.209 E.00398
;WIDTH:0.37219
G1 X135.546 Y124.251 E.00092
G1 X135.475 Y124.27 E.00156
G1 X135.494 Y124.198 E.00158
;WIDTH:0.449999
G1 X135.991 Y124.265 E.01307
;WIDTH:0.37219
G1 X136.002 Y124.306 E.0009
G1 X135.931 Y124.326 E.00156
G1 X135.95 Y124.254 E.00158
;WIDTH:0.411095
G1 X135.876 Y124.186 E.00237
;WIDTH:0.449999
G1 X124.177 Y112.493 E.43098
G1 X124.768 Y112.493 E.0154
G1 X136.392 Y124.117 E.42833
G1 X136.983 Y124.117 E.0154
G1 X125.359 Y112.493 E.42833
G1 X125.949 Y112.493 E.01537
G1 X137.573 Y124.117 E.42833
G1 X138.164 Y124.117 E.0154
G1 X126.54 Y112.493 E.42833
G1 X127.131 Y112.493 E.0154
G1 X138.755 Y124.117 E.42833
G1 X139.346 Y124.117 E.0154
G1 X127.722 Y112.493 E.42833
G1 X128.313 Y112.493 E.0154
G1 X139.937 Y124.117 E.42833
G1 X140.542 Y124.205 E.01593
;WIDTH:0.37219
G1 X140.553 Y124.246 E.0009
G1 X140.482 Y124.265 E.00156
G1 X140.501 Y124.194 E.00156
;WIDTH:0.411095
G1 X140.448 Y124.089 E.00278
;WIDTH:0.449999
G1 X140.395 Y123.984 E.00306
G1 X128.904 Y112.493 E.42342
G1 X129.495 Y112.493 E.0154
G1 X140.395 Y123.393 E.40165
G1 X140.395 Y122.802 E.0154
G1 X130.086 Y112.493 E.37987
G1 X130.676 Y112.493 E.01537
G1 X140.395 Y122.211 E.35811
G1 X140.395 Y121.62 E.0154
G1 X131.267 Y112.493 E.33633
G1 X131.779 Y112.414 E.0135
G1 X140.395 Y121.03 E.31749
G1 X140.395 Y120.439 E.0154
G1 X132.138 Y112.182 E.30426
G1 X132.35 Y111.803 E.01132
G1 X140.395 Y119.848 E.29644
G1 X140.395 Y119.257 E.0154
G1 X132.392 Y111.254 E.2949
G1 X132.395 Y110.667 E.01529
G1 X140.395 Y118.666 E.29477
G1 X140.395 Y118.075 E.0154
G1 X132.398 Y110.079 E.29466
G1 X132.401 Y109.491 E.01532
M73 P28 R17
G1 X140.395 Y117.484 E.29455
G1 X140.395 Y116.893 E.0154
G1 X132.337 Y108.836 E.29691
G1 X131.835 Y108.17 E.02173
;WIDTH:0.532404
G1 X131.791 Y108.215 E.00196
G1 X131.807 Y108.275 E.00194
G1 X131.868 Y108.291 E.00197
G1 X131.912 Y108.247 E.00194
G1 X131.896 Y108.187 E.00194
G1 X132.05 Y108.15 E.00494
;WIDTH:0.491202
G1 X132.205 Y108.113 E.00456
;WIDTH:0.449999
G1 X140.395 Y116.303 E.30179
G1 X140.395 Y115.712 E.0154
G1 X132.796 Y108.113 E.28001
G1 X133.387 Y108.113 E.0154
G1 X140.395 Y115.121 E.25823
G1 X140.395 Y114.53 E.0154
G1 X133.978 Y108.113 E.23646
G1 X134.569 Y108.113 E.0154
G1 X140.395 Y113.939 E.21468
G1 X140.395 Y113.348 E.0154
G1 X135.159 Y108.113 E.19292
G1 X135.75 Y108.113 E.0154
G1 X140.395 Y112.757 E.17114
G1 X140.395 Y112.166 E.0154
G1 X136.341 Y108.113 E.14936
G1 X136.932 Y108.113 E.0154
G1 X140.395 Y111.576 E.12761
G1 X140.395 Y110.985 E.0154
G1 X137.523 Y108.113 E.10583
G1 X138.114 Y108.113 E.0154
G1 X140.395 Y110.394 E.08405
G1 X140.603 Y109.933 E.01318
;WIDTH:0.37219
G1 X140.614 Y109.974 E.0009
G1 X140.543 Y109.993 E.00156
G1 X140.562 Y109.922 E.00156
;WIDTH:0.411095
G1 X140.478 Y109.863 E.00243
;WIDTH:0.449999
G1 X140.395 Y109.803 E.00267
G1 X138.705 Y108.113 E.06227
G1 X139.432 Y108.17 E.019
;WIDTH:0.562989
G1 X140.338 Y108.17 E.02999
G1 X140.338 Y109.076 E.02999
G1 X139.58 Y108.317 E.03551
M204 S1000
;WIPE_START
G1 F8640
G1 X140.338 Y109.076 E-.24769
G1 X140.338 Y108.17 E-.2092
G1 X139.432 Y108.17 E-.2092
G1 X138.854 Y108.125 E-.13391
;WIPE_END
G1 Z1.2 F720
; stop printing object pieds_clavier_cherry.stl id:2 copy 0
; printing object pieds_clavier_cherry.stl id:0 copy 0
G1 X130.666 Y78.237 F10800
G1 Z.8 F720
M73 P28 R16
G1 E.8 F2100
M204 S800
;TYPE:Perimeter
;WIDTH:0.449999
G1 F3000
G1 X130.61 Y78.166 E.00236
;WIDTH:0.497082
G1 X130.516 Y78.111 E.00316
;WIDTH:0.544164
G1 X130.422 Y78.056 E.00348
;WIDTH:0.591246
G1 X130.328 Y78.001 E.0038
;WIDTH:0.638328
G1 X130.234 Y77.946 E.00412
G1 X118.443 Y77.946 E.4457
G1 X118.443 Y77.34 E.02291
G1 X130.234 Y77.34 E.4457
G1 X130.405 Y77.317 E.00652
;WIDTH:0.591246
G1 X130.576 Y77.293 E.00602
;WIDTH:0.544164
G1 X130.746 Y77.27 E.00548
;WIDTH:0.497082
G1 X130.917 Y77.246 E.00501
;WIDTH:0.449999
G1 X139.563 Y77.246 E.22528
G1 X139.563 Y93.96 E.4355
G1 X131.028 Y93.96 E.22239
G1 X130.234 Y93.981 E.0207
;WIDTH:0.408245
G1 X118.328 Y93.981 E.27922
G1 X118.328 Y93.605 E.00882
G1 X130.234 Y93.605 E.27922
;WIDTH:0.41426
G1 X130.34 Y93.599 E.00253
;WIDTH:0.449999
G1 X130.736 Y93.375 E.01185
G1 X130.861 Y92.999 E.01032
G1 X130.861 Y90.667 E.06076
G1 X130.845 Y90.528 E.00365
G1 X130.734 Y90.288 E.00689
G1 X130.525 Y90.112 E.00712
G1 X130.234 Y90.04 E.00781
G1 X118.349 Y90.04 E.30967
G1 X118.349 Y81.626 E.21923
G1 X130.234 Y81.626 E.30967
G1 X130.393 Y81.606 E.00418
G1 X130.622 Y81.492 E.00667
G1 X130.797 Y81.275 E.00726
G1 X130.861 Y80.999 E.00738
G1 X130.861 Y78.667 E.06076
G1 X130.813 Y78.426 E.0064
G1 X130.702 Y78.284 E.0047
M204 S1000
G1 X130.375 Y78.531 F10800
M204 S800
;TYPE:External perimeter
G1 F2400
G1 X130.36 Y78.5 E.0009
G1 X130.234 Y78.458 E.00346
G1 F2399.995
G1 X117.931 Y78.458 E.32056
G1 X117.931 Y76.828 E.04247
G1 X139.981 Y76.828 E.57453
G1 X139.981 Y94.378 E.45728
G1 X117.931 Y94.378 E.57453
G1 X117.931 Y93.208 E.03049
G1 X130.234 Y93.208 E.32056
G1 F2400
G1 X130.401 Y93.125 E.00486
G1 X130.443 Y92.999 E.00346
G1 X130.443 Y90.667 E.06076
G1 X130.383 Y90.52 E.00414
G1 X130.234 Y90.458 E.0042
G1 F2399.995
G1 X117.931 Y90.458 E.32056
G1 X117.931 Y81.208 E.24102
G1 X130.234 Y81.208 E.32056
G1 F2400
G1 X130.385 Y81.144 E.00427
G1 X130.443 Y80.999 E.00407
G1 X130.443 Y78.667 E.06076
G1 X130.402 Y78.585 E.00239
M204 S1000
;WIPE_START
G1 F8640
G1 X130.375 Y78.531 E-.01394
G1 X130.36 Y78.5 E-.00795
G1 X130.234 Y78.458 E-.03067
G1 X126.997 Y78.458 E-.74744
;WIPE_END
G1 Z1.2 F720
G1 X118.738 Y89.572 F10800
G1 Z.8 F720
G1 E.8 F2100
M204 S2000
;TYPE:Solid infill
;WIDTH:0.55146
G1 F3000
G1 X118.692 Y89.618 E.00211
G1 X118.709 Y89.681 E.00211
G1 X118.772 Y89.697 E.0021
G1 X118.817 Y89.651 E.00208
G1 X118.801 Y89.589 E.00207
M204 S1000
G1 X119.659 Y89.834 F10800
M204 S2000
;WIDTH:0.37219
G1 F3000
G1 X119.67 Y89.875 E.0009
G1 X119.599 Y89.894 E.00156
G1 X119.618 Y89.823 E.00156
;WIDTH:0.411095
G1 X119.543 Y89.755 E.00239
;WIDTH:0.449999
G1 X118.704 Y88.921 E.03082
G1 X118.63 Y88.826 E.00314
;WIDTH:0.411095
G1 X118.556 Y88.731 E.00285
;WIDTH:0.37219
G1 X118.567 Y88.772 E.0009
G1 X118.496 Y88.791 E.00156
G1 X118.515 Y88.72 E.00156
;WIDTH:0.449999
G1 X118.704 Y88.33 E.01129
G1 X120.06 Y89.686 E.04997
G1 X120.651 Y89.687 E.0154
G1 X118.704 Y87.74 E.07174
G1 X118.704 Y87.149 E.0154
G1 X121.242 Y89.687 E.09352
G1 X121.833 Y89.687 E.0154
G1 X118.704 Y86.558 E.1153
G1 X118.704 Y85.967 E.0154
G1 X122.425 Y89.688 E.13711
G1 X123.016 Y89.688 E.0154
G1 X118.704 Y85.376 E.15889
G1 X118.704 Y84.785 E.0154
G1 X123.607 Y89.688 E.18067
G1 X124.198 Y89.689 E.0154
G1 X118.704 Y84.194 E.20246
G1 X118.704 Y83.603 E.0154
G1 X124.79 Y89.689 E.22426
G1 X125.381 Y89.689 E.0154
G1 X118.704 Y83.013 E.24602
G1 X118.704 Y82.422 E.0154
G1 X125.972 Y89.69 E.26781
G1 X126.563 Y89.69 E.0154
G1 X118.854 Y81.981 E.28406
G1 X118.738 Y81.91 E.00354
;WIDTH:0.411095
G1 X118.622 Y81.839 E.00321
;WIDTH:0.37219
G1 X118.633 Y81.88 E.0009
G1 X118.562 Y81.899 E.00156
G1 X118.581 Y81.828 E.00156
M204 S1000
G1 X119.445 Y81.981 F10800
M204 S2000
;WIDTH:0.449999
G1 F3000
G1 X127.154 Y89.69 E.28406
G1 X127.746 Y89.691 E.01543
G1 X120.036 Y81.981 E.2841
G1 X120.627 Y81.981 E.0154
G1 X128.337 Y89.691 E.2841
G1 X128.928 Y89.692 E.0154
G1 X121.218 Y81.981 E.28412
G1 X121.809 Y81.981 E.0154
G1 X129.519 Y89.692 E.28412
M204 S1000
G1 X130.395 Y89.784 F10800
M204 S2000
;WIDTH:0.37219
G1 F3000
G1 X130.376 Y89.856 E.00158
G1 X130.447 Y89.837 E.00156
G1 X130.436 Y89.795 E.00092
;WIDTH:0.411095
G1 X130.273 Y89.744 E.00404
;WIDTH:0.449999
G1 X130.111 Y89.692 E.00443
G1 X122.4 Y81.981 E.28414
M204 S1000
;WIPE_START
G1 F8640
M73 P29 R16
G1 X124.85 Y84.431 E-.8
;WIPE_END
G1 Z1.2 F720
G1 X131.018 Y93.536 F10800
G1 Z.8 F720
G1 E.8 F2100
M204 S2000
;WIDTH:0.4807
G1 F3000
G1 X130.978 Y93.575 E.00156
G1 X130.992 Y93.63 E.00159
G1 X131.047 Y93.644 E.00159
G1 X131.086 Y93.604 E.00156
G1 X131.072 Y93.55 E.00156
;WIDTH:0.449999
G1 X131.182 Y93.127 E.01139
G1 X131.735 Y93.674 E.02027
;WIDTH:0.411095
G1 X131.809 Y93.742 E.00237
;WIDTH:0.37219
G1 X131.79 Y93.814 E.00158
G1 X131.862 Y93.795 E.00158
G1 X131.851 Y93.753 E.00092
;WIDTH:0.449999
G1 X132.251 Y93.605 E.01111
G1 X131.142 Y92.481 E.04114
;WIDTH:0.411095
G1 X131.068 Y92.392 E.00274
;WIDTH:0.37219
G1 X131.079 Y92.433 E.0009
G1 X131.008 Y92.452 E.00156
G1 X131.027 Y92.381 E.00156
;WIDTH:0.449999
G1 X131.216 Y91.98 E.01155
G1 X132.842 Y93.605 E.0599
G1 X133.433 Y93.605 E.0154
G1 X131.216 Y91.389 E.08167
G1 X131.216 Y90.798 E.0154
G1 X134.024 Y93.605 E.10345
G1 X134.186 Y93.651 E.00439
;WIDTH:0.411095
G1 X134.349 Y93.698 E.00401
;WIDTH:0.37219
G1 X134.36 Y93.739 E.0009
G1 X134.289 Y93.758 E.00156
G1 X134.308 Y93.687 E.00156
;WIDTH:0.449999
G1 X134.805 Y93.753 E.01306
;WIDTH:0.37219
G1 X134.816 Y93.795 E.00092
G1 X134.745 Y93.814 E.00156
G1 X134.764 Y93.742 E.00158
;WIDTH:0.411095
G1 X134.689 Y93.674 E.00239
;WIDTH:0.449999
G1 X122.99 Y81.981 E.43098
G1 X123.581 Y81.981 E.0154
G1 X135.205 Y93.605 E.42833
G1 X135.796 Y93.605 E.0154
G1 X124.172 Y81.981 E.42833
G1 X124.763 Y81.981 E.0154
G1 X136.387 Y93.605 E.42833
G1 X136.978 Y93.605 E.0154
G1 X125.354 Y81.981 E.42833
G1 X125.945 Y81.981 E.0154
G1 X137.569 Y93.605 E.42833
G1 X138.16 Y93.605 E.0154
G1 X126.536 Y81.981 E.42833
G1 X127.126 Y81.981 E.01537
G1 X138.751 Y93.605 E.42834
G1 X139.356 Y93.693 E.01593
;WIDTH:0.37219
G1 X139.367 Y93.734 E.0009
G1 X139.296 Y93.753 E.00156
G1 X139.315 Y93.682 E.00156
;WIDTH:0.411095
G1 X139.262 Y93.577 E.00278
;WIDTH:0.449999
G1 X139.208 Y93.472 E.00308
G1 X127.717 Y81.981 E.42342
G1 X128.308 Y81.981 E.0154
G1 X139.208 Y92.881 E.40165
G1 X139.208 Y92.29 E.0154
G1 X128.899 Y81.981 E.37987
G1 X129.49 Y81.981 E.0154
G1 X139.208 Y91.699 E.35809
G1 X139.208 Y91.108 E.0154
G1 X130.081 Y81.981 E.33631
G1 X130.593 Y81.902 E.0135
G1 X139.208 Y90.518 E.31747
G1 X139.208 Y89.927 E.0154
G1 X130.952 Y81.67 E.30424
G1 X131.163 Y81.291 E.0113
G1 X139.208 Y89.336 E.29644
G1 X139.208 Y88.745 E.0154
G1 X131.206 Y80.743 E.29486
G1 X131.209 Y80.155 E.01532
G1 X139.208 Y88.154 E.29475
G1 X139.208 Y87.563 E.0154
G1 X131.212 Y79.567 E.29464
G1 X131.215 Y78.979 E.01532
G1 X139.208 Y86.972 E.29453
G1 X139.208 Y86.381 E.0154
G1 X131.15 Y78.324 E.29691
G1 X130.649 Y77.658 E.02171
;WIDTH:0.532404
G1 X130.605 Y77.703 E.00196
G1 X130.621 Y77.763 E.00194
G1 X130.681 Y77.779 E.00194
G1 X130.725 Y77.735 E.00194
G1 X130.709 Y77.675 E.00194
G1 X130.864 Y77.638 E.00497
;WIDTH:0.491202
G1 X131.019 Y77.601 E.00456
;WIDTH:0.449999
G1 X139.208 Y85.791 E.30177
G1 X139.208 Y85.2 E.0154
G1 X131.609 Y77.601 E.28001
G1 X132.2 Y77.601 E.0154
G1 X139.208 Y84.609 E.25823
G1 X139.208 Y84.018 E.0154
G1 X132.791 Y77.601 E.23646
G1 X133.382 Y77.601 E.0154
G1 X139.208 Y83.427 E.21468
G1 X139.208 Y82.836 E.0154
G1 X133.973 Y77.601 E.1929
G1 X134.564 Y77.601 E.0154
G1 X139.208 Y82.245 E.17112
G1 X139.208 Y81.654 E.0154
G1 X135.155 Y77.601 E.14935
G1 X135.746 Y77.601 E.0154
G1 X139.208 Y81.064 E.12759
G1 X139.208 Y80.473 E.0154
G1 X136.336 Y77.601 E.10583
G1 X136.927 Y77.601 E.0154
G1 X139.208 Y79.882 E.08405
G1 X139.416 Y79.421 E.01318
;WIDTH:0.37219
G1 X139.427 Y79.462 E.0009
G1 X139.356 Y79.481 E.00156
G1 X139.375 Y79.41 E.00156
;WIDTH:0.411095
G1 X139.292 Y79.351 E.00241
;WIDTH:0.449999
G1 X139.208 Y79.291 E.00269
G1 X137.518 Y77.601 E.06227
G1 X138.245 Y77.658 E.019
;WIDTH:0.562989
G1 X139.152 Y77.658 E.03002
G1 X139.152 Y78.564 E.02999
G1 X138.393 Y77.805 E.03553
M204 S1000
;LAYER_CHANGE
;Z:0.95
;HEIGHT:0.15
;BEFORE_LAYER_CHANGE
G92 E0.0
;0.95


;WIPE_START
G1 F8640
G1 X139.152 Y78.564 E-.24785
G1 X139.152 Y77.658 E-.2092
G1 X138.245 Y77.658 E-.20943
G1 X137.669 Y77.613 E-.13352
;WIPE_END
G1 Z.95 F720
;AFTER_LAYER_CHANGE
;0.95
G1 Z1.35
; stop printing object pieds_clavier_cherry.stl id:0 copy 0
; printing object pieds_clavier_cherry.stl id:1 copy 0
G1 X134.283 Y141.584 F10800
G1 Z.95 F720
G1 E.8 F2100
M204 S800
;TYPE:Perimeter
;WIDTH:0.449999
G1 F3000
G1 X134.228 Y141.513 E.00234
;WIDTH:0.497082
G1 X134.134 Y141.458 E.00316
;WIDTH:0.544164
G1 X134.04 Y141.404 E.00346
;WIDTH:0.591246
G1 X133.946 Y141.349 E.0038
;WIDTH:0.638328
G1 X133.852 Y141.294 E.00412
G1 X122.061 Y141.294 E.4457
G1 X122.061 Y140.688 E.02291
G1 X133.852 Y140.688 E.4457
G1 X134.023 Y140.664 E.00653
;WIDTH:0.591246
G1 X134.194 Y140.641 E.00602
;WIDTH:0.544164
G1 X134.364 Y140.617 E.00548
;WIDTH:0.497082
G1 X134.535 Y140.594 E.005
;WIDTH:0.449999
G1 X143.181 Y140.594 E.22528
G1 X143.181 Y157.308 E.4355
G1 X134.646 Y157.308 E.22239
G1 X133.852 Y157.329 E.0207
;WIDTH:0.408245
G1 X121.946 Y157.329 E.27922
G1 X121.946 Y156.953 E.00882
G1 X133.852 Y156.953 E.27922
;WIDTH:0.41426
G1 X133.957 Y156.947 E.00251
;WIDTH:0.449999
G1 X134.354 Y156.723 E.01188
G1 X134.479 Y156.347 E.01032
G1 X134.479 Y154.015 E.06076
G1 X134.463 Y153.875 E.00367
G1 X134.352 Y153.636 E.00687
G1 X134.143 Y153.46 E.00712
G1 X133.852 Y153.388 E.00781
G1 X121.967 Y153.388 E.30967
G1 X121.967 Y144.974 E.21923
G1 X133.852 Y144.974 E.30967
G1 X134.011 Y144.953 E.00418
G1 X134.24 Y144.839 E.00667
G1 X134.415 Y144.622 E.00726
G1 X134.479 Y144.347 E.00736
G1 X134.479 Y142.015 E.06076
G1 X134.431 Y141.774 E.0064
G1 X134.32 Y141.632 E.0047
M204 S1000
G1 X133.993 Y141.879 F10800
M204 S800
;TYPE:External perimeter
G1 F2400
G1 X133.978 Y141.848 E.0009
G1 X133.852 Y141.806 E.00346
G1 F2399.995
G1 X121.549 Y141.806 E.32056
G1 X121.549 Y140.176 E.04247
M73 P30 R16
G1 X143.599 Y140.176 E.57453
G1 X143.599 Y157.726 E.45728
G1 X121.549 Y157.726 E.57453
G1 X121.549 Y156.556 E.03049
G1 X133.852 Y156.556 E.32056
G1 F2400
G1 X134.019 Y156.472 E.00487
G1 X134.061 Y156.347 E.00344
G1 X134.061 Y154.015 E.06076
G1 X134.001 Y153.868 E.00414
G1 X133.852 Y153.806 E.0042
G1 F2399.995
G1 X121.549 Y153.806 E.32056
G1 X121.549 Y144.556 E.24102
G1 X133.852 Y144.556 E.32056
G1 F2400
G1 X134.003 Y144.491 E.00428
G1 X134.061 Y144.347 E.00404
G1 X134.061 Y142.015 E.06076
G1 X134.02 Y141.932 E.00241
M204 S1000
;WIPE_START
G1 F8640
G1 X133.993 Y141.879 E-.01373
G1 X133.978 Y141.848 E-.00795
G1 X133.852 Y141.806 E-.03067
G1 X130.614 Y141.806 E-.74765
;WIPE_END
G1 Z1.35 F720
G1 X134.547 Y145.039 F10800
G1 Z.95 F720
G1 E.8 F2100
M204 S2000
;TYPE:Internal infill
;WIDTH:0.45
G1 F3600
G1 X134.104 Y145.297 E.01336
G1 X133.862 Y145.329 E.00636
G1 X132.124 Y145.329 E.04528
G1 X130.058 Y153.038 E.20795
G1 X129.795 Y153.037 E.00685
G1 X122.322 Y145.564 E.27537
G1 X122.322 Y147.008 E.03762
G1 X128.59 Y145.329 E.16908
G1 X129.177 Y145.329 E.01529
G1 X140.801 Y156.953 E.42833
G1 X139.391 Y156.953 E.03674
G1 X142.826 Y144.131 E.34587
G1 X142.826 Y141.514 E.06819
G1 X134.826 Y143.658 E.2158
G1 X134.825 Y143.886 E.00594
G1 X142.826 Y151.887 E.29482
G1 X134.834 Y154.037 E.21564
M204 S1000
;WIPE_START
G1 F8640
G1 X138.18 Y153.137 E-.8
;WIPE_END
G1 Z1.35 F720
G1 X134.732 Y156.953 F10800
G1 Z.95 F720
G1 E.8 F2100
M204 S2000
G1 F3600
G1 X134.634 Y156.953 E.00255
G1 X134.834 Y156.371 E.01603
G1 X134.834 Y154.586 E.04651
G1 X138.488 Y140.949 E.36786
G1 X138.978 Y140.949 E.01277
G1 X142.826 Y144.797 E.14179
M204 S1000
;WIPE_START
G1 F8640
G1 X140.376 Y142.347 E-.8
;WIPE_END
G1 Z1.35 F720
G1 X142.826 Y149.205 F10800
G1 Z.95 F720
G1 E.8 F2100
M204 S2000
G1 F3600
G1 X142.826 Y146.705 E.06514
G1 X122.322 Y152.199 E.55309
G1 X122.322 Y152.655 E.01188
G1 X122.7 Y153.033 E.01393
G1 X124.869 Y153.034 E.05651
G1 X126.933 Y145.329 E.20784
G1 X124.433 Y145.329 E.06514
M204 S1000
;WIPE_START
G1 F8640
G1 X126.933 Y145.329 E-.57726
G1 X126.683 Y146.261 E-.22274
;WIPE_END
G1 Z1.35 F720
; stop printing object pieds_clavier_cherry.stl id:1 copy 0
; printing object pieds_clavier_cherry.stl id:2 copy 0
G1 X131.852 Y108.749 F10800
G1 Z.95 F720
G1 E.8 F2100
M204 S800
;TYPE:Perimeter
;WIDTH:0.449999
G1 F3000
G1 X131.797 Y108.678 E.00234
;WIDTH:0.497082
G1 X131.703 Y108.623 E.00316
;WIDTH:0.544164
G1 X131.609 Y108.568 E.00348
;WIDTH:0.591246
G1 X131.515 Y108.513 E.0038
;WIDTH:0.638328
G1 X131.421 Y108.458 E.00412
G1 X119.629 Y108.458 E.44574
G1 X119.629 Y107.852 E.02291
G1 X131.421 Y107.852 E.44574
G1 X131.591 Y107.829 E.00648
;WIDTH:0.591246
G1 X131.762 Y107.805 E.00602
;WIDTH:0.544164
G1 X131.933 Y107.781 E.00551
;WIDTH:0.497082
G1 X132.103 Y107.758 E.00497
;WIDTH:0.449999
G1 X140.75 Y107.758 E.2253
G1 X140.75 Y124.472 E.4355
G1 X132.215 Y124.472 E.22239
G1 X131.421 Y124.493 E.0207
;WIDTH:0.408245
G1 X119.514 Y124.493 E.27924
G1 X119.514 Y124.117 E.00882
G1 X131.421 Y124.117 E.27924
;WIDTH:0.41426
G1 X131.526 Y124.111 E.00251
;WIDTH:0.449999
G1 X131.922 Y123.887 E.01185
G1 X132.047 Y123.511 E.01032
G1 X132.047 Y121.179 E.06076
G1 X132.032 Y121.04 E.00364
G1 X131.92 Y120.8 E.0069
G1 X131.712 Y120.624 E.0071
G1 X131.421 Y120.552 E.00781
G1 X119.535 Y120.552 E.3097
G1 X119.535 Y112.138 E.21923
G1 X131.421 Y112.138 E.3097
G1 X131.58 Y112.117 E.00418
G1 X131.808 Y112.004 E.00663
G1 X131.984 Y111.787 E.00728
G1 X132.047 Y111.511 E.00738
G1 X132.047 Y109.179 E.06076
G1 X131.999 Y108.938 E.0064
G1 X131.889 Y108.796 E.00468
M204 S1000
G1 X131.562 Y109.043 F10800
M204 S800
;TYPE:External perimeter
G1 F2400
G1 X131.546 Y109.012 E.00091
G1 X131.421 Y108.97 E.00344
G1 F2399.995
G1 X119.117 Y108.97 E.32059
G1 X119.117 Y107.34 E.04247
G1 X141.167 Y107.34 E.57453
G1 X141.167 Y124.89 E.45728
G1 X119.117 Y124.89 E.57453
G1 X119.117 Y123.72 E.03049
G1 X131.421 Y123.72 E.32059
G1 F2400
G1 X131.588 Y123.637 E.00486
G1 X131.63 Y123.511 E.00346
G1 X131.63 Y121.179 E.06076
G1 X131.569 Y121.032 E.00415
G1 X131.421 Y120.97 E.00418
G1 F2399.995
G1 X119.117 Y120.97 E.32059
G1 X119.117 Y111.72 E.24102
G1 X131.421 Y111.72 E.32059
G1 F2400
M73 P31 R16
G1 X131.572 Y111.656 E.00427
G1 X131.63 Y111.511 E.00407
G1 X131.63 Y109.179 E.06076
G1 X131.588 Y109.097 E.0024
M204 S1000
;WIPE_START
G1 F8640
G1 X131.562 Y109.043 E-.01384
G1 X131.546 Y109.012 E-.00806
G1 X131.421 Y108.97 E-.03045
G1 X128.183 Y108.97 E-.74765
;WIPE_END
G1 Z1.35 F720
G1 X132.116 Y112.203 F10800
G1 Z.95 F720
G1 E.8 F2100
M204 S2000
;TYPE:Internal infill
;WIDTH:0.45
G1 F3600
G1 X131.673 Y112.462 E.01337
G1 X131.43 Y112.493 E.00638
G1 X129.693 Y112.493 E.04526
G1 X127.627 Y120.202 E.20795
G1 X127.364 Y120.202 E.00685
G1 X119.89 Y112.729 E.27539
G1 X119.89 Y114.173 E.03762
G1 X126.159 Y112.493 E.16911
G1 X126.746 Y112.493 E.01529
G1 X138.37 Y124.117 E.42833
G1 X136.959 Y124.117 E.03676
G1 X140.395 Y111.296 E.34585
G1 X140.395 Y108.679 E.06819
G1 X132.394 Y110.822 E.21582
G1 X132.393 Y111.05 E.00594
G1 X140.395 Y119.052 E.29486
G1 X132.403 Y121.201 E.21563
M204 S1000
;WIPE_START
G1 F8640
G1 X135.749 Y120.301 E-.8
;WIPE_END
G1 Z1.35 F720
G1 X132.3 Y124.117 F10800
G1 Z.95 F720
G1 E.8 F2100
M204 S2000
G1 F3600
G1 X132.203 Y124.118 E.00253
G1 X132.403 Y123.535 E.01606
G1 X132.403 Y121.75 E.04651
G1 X136.057 Y108.113 E.36786
G1 X136.546 Y108.113 E.01274
G1 X140.395 Y111.961 E.14181
M204 S1000
;WIPE_START
G1 F8640
G1 X137.945 Y109.511 E-.8
;WIPE_END
G1 Z1.35 F720
G1 X140.395 Y116.369 F10800
G1 Z.95 F720
G1 E.8 F2100
M204 S2000
G1 F3600
G1 X140.395 Y113.869 E.06514
G1 X119.89 Y119.363 E.55312
G1 X119.89 Y119.819 E.01188
G1 X120.269 Y120.198 E.01397
G1 X122.437 Y120.199 E.05649
G1 X124.502 Y112.493 E.20787
G1 X122.002 Y112.493 E.06514
M204 S1000
;WIPE_START
G1 F8640
G1 X124.502 Y112.493 E-.57726
G1 X124.252 Y113.425 E-.22274
;WIPE_END
G1 Z1.35 F720
; stop printing object pieds_clavier_cherry.stl id:2 copy 0
; printing object pieds_clavier_cherry.stl id:0 copy 0
G1 X130.666 Y78.237 F10800
G1 Z.95 F720
G1 E.8 F2100
M204 S800
;TYPE:Perimeter
;WIDTH:0.449999
G1 F3000
G1 X130.61 Y78.166 E.00236
;WIDTH:0.497082
G1 X130.516 Y78.111 E.00316
;WIDTH:0.544164
G1 X130.422 Y78.056 E.00348
;WIDTH:0.591246
G1 X130.328 Y78.001 E.0038
;WIDTH:0.638328
G1 X130.234 Y77.946 E.00412
G1 X118.443 Y77.946 E.4457
G1 X118.443 Y77.34 E.02291
G1 X130.234 Y77.34 E.4457
G1 X130.405 Y77.317 E.00652
;WIDTH:0.591246
G1 X130.576 Y77.293 E.00602
;WIDTH:0.544164
G1 X130.746 Y77.27 E.00548
;WIDTH:0.497082
G1 X130.917 Y77.246 E.00501
;WIDTH:0.449999
G1 X139.563 Y77.246 E.22528
G1 X139.563 Y93.96 E.4355
G1 X131.028 Y93.96 E.22239
G1 X130.234 Y93.981 E.0207
;WIDTH:0.408245
G1 X118.328 Y93.981 E.27922
G1 X118.328 Y93.605 E.00882
G1 X130.234 Y93.605 E.27922
;WIDTH:0.41426
G1 X130.34 Y93.599 E.00253
;WIDTH:0.449999
G1 X130.736 Y93.375 E.01185
G1 X130.861 Y92.999 E.01032
G1 X130.861 Y90.667 E.06076
G1 X130.845 Y90.528 E.00365
G1 X130.734 Y90.288 E.00689
G1 X130.525 Y90.112 E.00712
G1 X130.234 Y90.04 E.00781
G1 X118.349 Y90.04 E.30967
G1 X118.349 Y81.626 E.21923
G1 X130.234 Y81.626 E.30967
G1 X130.393 Y81.606 E.00418
G1 X130.622 Y81.492 E.00667
G1 X130.797 Y81.275 E.00726
G1 X130.861 Y80.999 E.00738
G1 X130.861 Y78.667 E.06076
G1 X130.813 Y78.426 E.0064
G1 X130.702 Y78.284 E.0047
M204 S1000
G1 X130.375 Y78.531 F10800
M204 S800
;TYPE:External perimeter
G1 F2400
G1 X130.36 Y78.5 E.0009
G1 X130.234 Y78.458 E.00346
G1 F2399.995
G1 X117.931 Y78.458 E.32056
G1 X117.931 Y76.828 E.04247
G1 X139.981 Y76.828 E.57453
G1 X139.981 Y94.378 E.45728
G1 X117.931 Y94.378 E.57453
G1 X117.931 Y93.208 E.03049
G1 X130.234 Y93.208 E.32056
G1 F2400
G1 X130.401 Y93.125 E.00486
G1 X130.443 Y92.999 E.00346
G1 X130.443 Y90.667 E.06076
G1 X130.383 Y90.52 E.00414
G1 X130.234 Y90.458 E.0042
G1 F2399.995
G1 X117.931 Y90.458 E.32056
G1 X117.931 Y81.208 E.24102
G1 X130.234 Y81.208 E.32056
G1 F2400
G1 X130.385 Y81.144 E.00427
G1 X130.443 Y80.999 E.00407
G1 X130.443 Y78.667 E.06076
G1 X130.402 Y78.585 E.00239
M204 S1000
;WIPE_START
G1 F8640
G1 X130.375 Y78.531 E-.01394
G1 X130.36 Y78.5 E-.00795
G1 X130.234 Y78.458 E-.03067
G1 X126.997 Y78.458 E-.74744
;WIPE_END
G1 Z1.35 F720
G1 X130.929 Y81.691 F10800
G1 Z.95 F720
G1 E.8 F2100
M204 S2000
;TYPE:Internal infill
;WIDTH:0.45
G1 F3600
G1 X130.486 Y81.95 E.01337
G1 X130.244 Y81.981 E.00636
G1 X128.506 Y81.981 E.04528
G1 X126.441 Y89.69 E.20795
G1 X126.177 Y89.69 E.00688
G1 X118.704 Y82.217 E.27537
G1 X118.704 Y83.661 E.03762
G1 X124.972 Y81.981 E.16908
G1 X125.559 Y81.981 E.01529
G1 X137.183 Y93.605 E.42833
G1 X135.773 Y93.605 E.03674
G1 X139.208 Y80.784 E.34584
G1 X139.208 Y78.167 E.06819
G1 X131.208 Y80.31 E.2158
G1 X131.207 Y80.538 E.00594
G1 X139.208 Y88.54 E.29484
G1 X131.216 Y90.689 E.21563
M204 S1000
;WIPE_START
G1 F8640
G1 X134.562 Y89.789 E-.8
;WIPE_END
G1 Z1.35 F720
G1 X131.114 Y93.605 F10800
G1 Z.95 F720
G1 E.8 F2100
M204 S2000
G1 F3600
G1 X131.016 Y93.606 E.00255
G1 X131.216 Y93.023 E.01606
G1 X131.216 Y91.239 E.04648
G1 X134.87 Y77.601 E.36788
G1 X135.36 Y77.601 E.01277
M73 P32 R16
G1 X139.208 Y81.449 E.14179
M204 S1000
;WIPE_START
G1 F8640
G1 X136.758 Y78.999 E-.8
;WIPE_END
G1 Z1.35 F720
G1 X139.208 Y85.857 F10800
G1 Z.95 F720
G1 E.8 F2100
M204 S2000
G1 F3600
G1 X139.208 Y83.357 E.06514
G1 X118.704 Y88.851 E.55309
G1 X118.704 Y89.307 E.01188
G1 X119.083 Y89.686 E.01397
G1 X121.251 Y89.687 E.05649
G1 X123.316 Y81.981 E.20787
G1 X120.816 Y81.981 E.06514
M204 S1000
;LAYER_CHANGE
;Z:1.1
;HEIGHT:0.15
;BEFORE_LAYER_CHANGE
G92 E0.0
;1.1


;WIPE_START
G1 F8640
G1 X123.316 Y81.981 E-.57726
G1 X123.066 Y82.913 E-.22274
;WIPE_END
G1 Z1.1 F720
;AFTER_LAYER_CHANGE
;1.1
G1 Z1.5
; stop printing object pieds_clavier_cherry.stl id:0 copy 0
; printing object pieds_clavier_cherry.stl id:1 copy 0
G1 X134.283 Y141.584 F10800
G1 Z1.1 F720
G1 E.8 F2100
M204 S800
;TYPE:Perimeter
;WIDTH:0.449999
G1 F3000
G1 X134.228 Y141.513 E.00234
;WIDTH:0.497082
G1 X134.134 Y141.458 E.00316
;WIDTH:0.544164
G1 X134.04 Y141.404 E.00346
;WIDTH:0.591246
G1 X133.946 Y141.349 E.0038
;WIDTH:0.638328
G1 X133.852 Y141.294 E.00412
G1 X122.061 Y141.294 E.4457
G1 X122.061 Y140.688 E.02291
G1 X133.852 Y140.688 E.4457
G1 X134.023 Y140.664 E.00653
;WIDTH:0.591246
G1 X134.194 Y140.641 E.00602
;WIDTH:0.544164
G1 X134.364 Y140.617 E.00548
;WIDTH:0.497082
G1 X134.535 Y140.594 E.005
;WIDTH:0.449999
G1 X143.18 Y140.594 E.22525
G1 X143.18 Y157.308 E.4355
G1 X134.646 Y157.308 E.22236
G1 X133.852 Y157.329 E.0207
;WIDTH:0.408245
G1 X121.946 Y157.329 E.27922
G1 X121.946 Y156.953 E.00882
G1 X133.852 Y156.953 E.27922
;WIDTH:0.41426
G1 X133.957 Y156.947 E.00251
;WIDTH:0.449999
G1 X134.354 Y156.723 E.01188
G1 X134.479 Y156.347 E.01032
G1 X134.479 Y154.015 E.06076
G1 X134.463 Y153.875 E.00367
G1 X134.352 Y153.636 E.00687
G1 X134.143 Y153.46 E.00712
G1 X133.852 Y153.388 E.00781
G1 X121.967 Y153.388 E.30967
G1 X121.967 Y144.974 E.21923
G1 X133.852 Y144.974 E.30967
G1 X134.011 Y144.953 E.00418
G1 X134.24 Y144.839 E.00667
G1 X134.415 Y144.622 E.00726
G1 X134.479 Y144.347 E.00736
G1 X134.479 Y142.015 E.06076
G1 X134.431 Y141.774 E.0064
G1 X134.32 Y141.632 E.0047
M204 S1000
G1 X133.993 Y141.879 F10800
M204 S800
;TYPE:External perimeter
G1 F2400
G1 X133.978 Y141.848 E.0009
G1 X133.852 Y141.806 E.00346
G1 F2399.995
G1 X121.549 Y141.806 E.32056
G1 X121.549 Y140.176 E.04247
G1 X143.597 Y140.176 E.57448
G1 X143.597 Y140.851 E.01759
G1 F2400
G1 X143.597 Y157.051 E.4221
G1 F2399.995
M73 P32 R15
G1 X143.597 Y157.726 E.01759
G1 X121.549 Y157.726 E.57448
G1 X121.549 Y156.556 E.03049
G1 X133.852 Y156.556 E.32056
G1 F2400
G1 X134.019 Y156.472 E.00487
G1 X134.061 Y156.347 E.00344
G1 X134.061 Y154.015 E.06076
G1 X134.001 Y153.868 E.00414
G1 X133.852 Y153.806 E.0042
G1 F2399.995
G1 X121.549 Y153.806 E.32056
G1 X121.549 Y144.556 E.24102
G1 X133.852 Y144.556 E.32056
G1 F2400
G1 X134.003 Y144.491 E.00428
G1 X134.061 Y144.347 E.00404
G1 X134.061 Y142.015 E.06076
G1 X134.02 Y141.932 E.00241
M204 S1000
;WIPE_START
G1 F8640
G1 X133.993 Y141.879 E-.01373
G1 X133.978 Y141.848 E-.00795
G1 X133.852 Y141.806 E-.03067
G1 X130.614 Y141.806 E-.74765
;WIPE_END
G1 Z1.5 F720
G1 X134.466 Y145.114 F10800
G1 Z1.1 F720
G1 E.8 F2100
M204 S2000
;TYPE:Internal infill
;WIDTH:0.45
G1 F3600
G1 X133.984 Y145.32 E.01366
G1 X132.014 Y145.329 E.05133
G1 X129.949 Y153.038 E.20795
G1 X122.322 Y145.414 E.28099
G1 X122.322 Y147.118 E.0444
G1 X129 Y145.329 E.18014
G1 X129.327 Y145.329 E.00852
G1 X140.951 Y156.953 E.42833
G1 X139.281 Y156.953 E.04351
G1 X142.824 Y143.728 E.35674
G1 X142.824 Y141.625 E.0548
G1 X134.825 Y143.737 E.21556
G1 X142.824 Y151.736 E.29475
G1 X142.824 Y152.006 E.00704
G1 X134.834 Y154.176 E.21573
G1 X138.378 Y140.949 E.3568
G1 X139.128 Y140.949 E.01954
G1 X142.824 Y144.645 E.13619
M204 S1000
;WIPE_START
G1 F8640
G1 X140.374 Y142.195 E-.8
;WIPE_END
G1 Z1.5 F720
G1 X142.824 Y149.315 F10800
G1 Z1.1 F720
G1 E.8 F2100
M204 S2000
G1 F3600
G1 X142.824 Y146.815 E.06514
G1 X122.322 Y152.309 E.55304
G1 X122.322 Y152.505 E.00511
G1 X122.851 Y153.033 E.01947
G1 X124.759 Y153.034 E.04971
G1 X126.824 Y145.329 E.20784
G1 X124.324 Y145.329 E.06514
M204 S1000
;WIPE_START
G1 F8640
G1 X126.824 Y145.329 E-.57726
G1 X126.574 Y146.261 E-.22274
;WIPE_END
G1 Z1.5 F720
; stop printing object pieds_clavier_cherry.stl id:1 copy 0
; printing object pieds_clavier_cherry.stl id:2 copy 0
G1 X131.852 Y108.749 F10800
G1 Z1.1 F720
G1 E.8 F2100
M204 S800
;TYPE:Perimeter
;WIDTH:0.449999
G1 F3000
G1 X131.797 Y108.678 E.00234
;WIDTH:0.497082
G1 X131.703 Y108.623 E.00316
;WIDTH:0.544164
G1 X131.609 Y108.568 E.00348
;WIDTH:0.591246
G1 X131.515 Y108.513 E.0038
;WIDTH:0.638328
G1 X131.421 Y108.458 E.00412
G1 X119.629 Y108.458 E.44574
G1 X119.629 Y107.852 E.02291
G1 X131.421 Y107.852 E.44574
G1 X131.591 Y107.829 E.00648
;WIDTH:0.591246
G1 X131.762 Y107.805 E.00602
;WIDTH:0.544164
G1 X131.933 Y107.781 E.00551
;WIDTH:0.497082
G1 X132.103 Y107.758 E.00497
;WIDTH:0.449999
G1 X140.748 Y107.758 E.22525
G1 X140.748 Y124.472 E.4355
G1 X132.215 Y124.472 E.22233
M73 P33 R15
G1 X131.421 Y124.493 E.0207
;WIDTH:0.408245
G1 X119.514 Y124.493 E.27924
G1 X119.514 Y124.117 E.00882
G1 X131.421 Y124.117 E.27924
;WIDTH:0.41426
G1 X131.526 Y124.111 E.00251
;WIDTH:0.449999
G1 X131.922 Y123.887 E.01185
G1 X132.047 Y123.511 E.01032
G1 X132.047 Y121.179 E.06076
G1 X132.032 Y121.04 E.00364
G1 X131.92 Y120.8 E.0069
G1 X131.712 Y120.624 E.0071
G1 X131.421 Y120.552 E.00781
G1 X119.535 Y120.552 E.3097
G1 X119.535 Y112.138 E.21923
G1 X131.421 Y112.138 E.3097
G1 X131.58 Y112.117 E.00418
G1 X131.808 Y112.004 E.00663
G1 X131.984 Y111.787 E.00728
G1 X132.047 Y111.511 E.00738
G1 X132.047 Y109.179 E.06076
G1 X131.999 Y108.938 E.0064
G1 X131.889 Y108.796 E.00468
M204 S1000
G1 X131.562 Y109.043 F10800
M204 S800
;TYPE:External perimeter
G1 F2400
G1 X131.546 Y109.012 E.00091
G1 X131.421 Y108.97 E.00344
G1 F2399.995
G1 X119.117 Y108.97 E.32059
G1 X119.117 Y107.34 E.04247
G1 X141.166 Y107.34 E.5745
G1 X141.166 Y108.015 E.01759
G1 F2400
G1 X141.166 Y124.215 E.4221
G1 F2399.995
G1 X141.166 Y124.89 E.01759
G1 X119.117 Y124.89 E.5745
G1 X119.117 Y123.72 E.03049
G1 X131.421 Y123.72 E.32059
G1 F2400
G1 X131.588 Y123.637 E.00486
G1 X131.63 Y123.511 E.00346
G1 X131.63 Y121.179 E.06076
G1 X131.569 Y121.032 E.00415
G1 X131.421 Y120.97 E.00418
G1 F2399.995
G1 X119.117 Y120.97 E.32059
G1 X119.117 Y111.72 E.24102
G1 X131.421 Y111.72 E.32059
G1 F2400
G1 X131.572 Y111.656 E.00427
G1 X131.63 Y111.511 E.00407
G1 X131.63 Y109.179 E.06076
G1 X131.588 Y109.097 E.0024
M204 S1000
;WIPE_START
G1 F8640
G1 X131.562 Y109.043 E-.01384
G1 X131.546 Y109.012 E-.00806
G1 X131.421 Y108.97 E-.03045
G1 X128.183 Y108.97 E-.74765
;WIPE_END
G1 Z1.5 F720
G1 X132.035 Y112.278 F10800
G1 Z1.1 F720
G1 E.8 F2100
M204 S2000
;TYPE:Internal infill
;WIDTH:0.45
G1 F3600
G1 X131.553 Y112.485 E.01367
G1 X129.583 Y112.493 E.05133
G1 X127.517 Y120.202 E.20795
G1 X119.89 Y112.579 E.28097
G1 X119.89 Y114.283 E.0444
G1 X126.569 Y112.493 E.18017
G1 X126.895 Y112.493 E.00849
G1 X138.52 Y124.117 E.42834
G1 X136.849 Y124.117 E.04354
G1 X140.393 Y110.892 E.35675
G1 X140.393 Y108.789 E.0548
G1 X132.394 Y110.901 E.21556
G1 X140.393 Y118.9 E.29475
G1 X140.393 Y119.17 E.00704
G1 X132.403 Y121.341 E.21573
G1 X135.947 Y108.113 E.35682
G1 X136.696 Y108.113 E.01952
G1 X140.393 Y111.81 E.13623
M204 S1000
;WIPE_START
G1 F8640
G1 X137.943 Y109.36 E-.8
;WIPE_END
G1 Z1.5 F720
G1 X140.393 Y116.48 F10800
G1 Z1.1 F720
G1 E.8 F2100
M204 S2000
G1 F3600
G1 X140.393 Y113.98 E.06514
G1 X119.89 Y119.473 E.55306
G1 X119.89 Y119.669 E.00511
G1 X120.419 Y120.198 E.01949
G1 X122.327 Y120.199 E.04971
G1 X124.392 Y112.493 E.20787
G1 X121.892 Y112.493 E.06514
M204 S1000
;WIPE_START
G1 F8640
G1 X124.392 Y112.493 E-.57726
G1 X124.142 Y113.425 E-.22274
;WIPE_END
G1 Z1.5 F720
; stop printing object pieds_clavier_cherry.stl id:2 copy 0
; printing object pieds_clavier_cherry.stl id:0 copy 0
G1 X130.666 Y78.237 F10800
G1 Z1.1 F720
G1 E.8 F2100
M204 S800
;TYPE:Perimeter
;WIDTH:0.449999
G1 F3000
G1 X130.61 Y78.166 E.00236
;WIDTH:0.497082
G1 X130.516 Y78.111 E.00316
;WIDTH:0.544164
G1 X130.422 Y78.056 E.00348
;WIDTH:0.591246
G1 X130.328 Y78.001 E.0038
;WIDTH:0.638328
G1 X130.234 Y77.946 E.00412
G1 X118.443 Y77.946 E.4457
G1 X118.443 Y77.34 E.02291
G1 X130.234 Y77.34 E.4457
G1 X130.405 Y77.317 E.00652
;WIDTH:0.591246
G1 X130.576 Y77.293 E.00602
;WIDTH:0.544164
G1 X130.746 Y77.27 E.00548
;WIDTH:0.497082
G1 X130.917 Y77.246 E.00501
;WIDTH:0.449999
G1 X139.562 Y77.246 E.22525
G1 X139.562 Y93.96 E.4355
G1 X131.028 Y93.96 E.22236
G1 X130.234 Y93.981 E.0207
;WIDTH:0.408245
G1 X118.328 Y93.981 E.27922
G1 X118.328 Y93.605 E.00882
G1 X130.234 Y93.605 E.27922
;WIDTH:0.41426
G1 X130.34 Y93.599 E.00253
;WIDTH:0.449999
G1 X130.736 Y93.375 E.01185
G1 X130.861 Y92.999 E.01032
G1 X130.861 Y90.667 E.06076
G1 X130.845 Y90.528 E.00365
G1 X130.734 Y90.288 E.00689
G1 X130.525 Y90.112 E.00712
G1 X130.234 Y90.04 E.00781
G1 X118.349 Y90.04 E.30967
G1 X118.349 Y81.626 E.21923
G1 X130.234 Y81.626 E.30967
G1 X130.393 Y81.606 E.00418
G1 X130.622 Y81.492 E.00667
G1 X130.797 Y81.275 E.00726
G1 X130.861 Y80.999 E.00738
G1 X130.861 Y78.667 E.06076
G1 X130.813 Y78.426 E.0064
G1 X130.702 Y78.284 E.0047
M204 S1000
G1 X130.375 Y78.531 F10800
M204 S800
;TYPE:External perimeter
G1 F2400
G1 X130.36 Y78.5 E.0009
G1 X130.234 Y78.458 E.00346
G1 F2399.995
G1 X117.931 Y78.458 E.32056
G1 X117.931 Y76.828 E.04247
G1 X139.979 Y76.828 E.57448
G1 X139.979 Y77.503 E.01759
G1 F2400
G1 X139.979 Y93.703 E.4221
G1 F2399.995
G1 X139.979 Y94.378 E.01759
G1 X117.931 Y94.378 E.57448
G1 X117.931 Y93.208 E.03049
M73 P34 R15
G1 X130.234 Y93.208 E.32056
G1 F2400
G1 X130.401 Y93.125 E.00486
G1 X130.443 Y92.999 E.00346
G1 X130.443 Y90.667 E.06076
G1 X130.383 Y90.52 E.00414
G1 X130.234 Y90.458 E.0042
G1 F2399.995
G1 X117.931 Y90.458 E.32056
G1 X117.931 Y81.208 E.24102
G1 X130.234 Y81.208 E.32056
G1 F2400
G1 X130.385 Y81.144 E.00427
G1 X130.443 Y80.999 E.00407
G1 X130.443 Y78.667 E.06076
G1 X130.402 Y78.585 E.00239
M204 S1000
;WIPE_START
G1 F8640
G1 X130.375 Y78.531 E-.01394
G1 X130.36 Y78.5 E-.00795
G1 X130.234 Y78.458 E-.03067
G1 X126.997 Y78.458 E-.74744
;WIPE_END
G1 Z1.5 F720
G1 X130.848 Y81.766 F10800
G1 Z1.1 F720
G1 E.8 F2100
M204 S2000
;TYPE:Internal infill
;WIDTH:0.45
G1 F3600
G1 X130.366 Y81.973 E.01367
G1 X128.396 Y81.981 E.05133
G1 X126.331 Y89.69 E.20795
G1 X118.704 Y82.067 E.28097
G1 X118.704 Y83.771 E.0444
G1 X125.382 Y81.981 E.18014
G1 X125.709 Y81.981 E.00852
G1 X137.333 Y93.605 E.42833
G1 X135.663 Y93.605 E.04351
G1 X139.206 Y80.38 E.35674
G1 X139.206 Y78.277 E.0548
G1 X131.207 Y80.389 E.21556
G1 X139.206 Y88.388 E.29475
G1 X139.206 Y88.658 E.00704
G1 X131.216 Y90.829 E.21573
G1 X134.761 Y77.601 E.35683
G1 X135.51 Y77.601 E.01952
G1 X139.206 Y81.298 E.13621
M204 S1000
;WIPE_START
G1 F8640
G1 X136.756 Y78.848 E-.8
;WIPE_END
G1 Z1.5 F720
G1 X139.206 Y85.968 F10800
G1 Z1.1 F720
G1 E.8 F2100
M204 S2000
G1 F3600
G1 X139.206 Y83.468 E.06514
G1 X118.704 Y88.961 E.55304
G1 X118.704 Y89.157 E.00511
G1 X119.233 Y89.686 E.01949
G1 X121.141 Y89.687 E.04971
G1 X123.206 Y81.981 E.20787
G1 X120.706 Y81.981 E.06514
M204 S1000
;LAYER_CHANGE
;Z:1.25
;HEIGHT:0.15
;BEFORE_LAYER_CHANGE
G92 E0.0
;1.25


;WIPE_START
G1 F8640
G1 X123.206 Y81.981 E-.57726
G1 X122.956 Y82.913 E-.22274
;WIPE_END
G1 Z1.25 F720
;AFTER_LAYER_CHANGE
;1.25
G1 Z1.65
; stop printing object pieds_clavier_cherry.stl id:0 copy 0
; printing object pieds_clavier_cherry.stl id:1 copy 0
G1 X134.283 Y141.584 F10800
G1 Z1.25 F720
G1 E.8 F2100
M204 S800
;TYPE:Perimeter
;WIDTH:0.449999
G1 F3000
G1 X134.228 Y141.513 E.00234
;WIDTH:0.497082
G1 X134.134 Y141.458 E.00316
;WIDTH:0.544164
G1 X134.04 Y141.404 E.00346
;WIDTH:0.591246
G1 X133.946 Y141.349 E.0038
;WIDTH:0.638328
G1 X133.852 Y141.294 E.00412
G1 X122.061 Y141.294 E.4457
G1 X122.061 Y140.688 E.02291
G1 X133.852 Y140.688 E.4457
G1 X134.023 Y140.664 E.00653
;WIDTH:0.591246
G1 X134.194 Y140.641 E.00602
;WIDTH:0.544164
G1 X134.364 Y140.617 E.00548
;WIDTH:0.497082
G1 X134.535 Y140.594 E.005
;WIDTH:0.449999
G1 X143.17 Y140.594 E.22499
G1 X143.17 Y157.308 E.4355
G1 X134.646 Y157.308 E.2221
G1 X133.852 Y157.329 E.0207
;WIDTH:0.408245
G1 X121.946 Y157.329 E.27922
G1 X121.946 Y156.953 E.00882
G1 X133.852 Y156.953 E.27922
;WIDTH:0.41426
G1 X133.957 Y156.947 E.00251
;WIDTH:0.449999
G1 X134.354 Y156.723 E.01188
G1 X134.479 Y156.347 E.01032
G1 X134.479 Y154.015 E.06076
G1 X134.463 Y153.876 E.00365
G1 X134.351 Y153.636 E.0069
G1 X134.143 Y153.46 E.0071
G1 X133.852 Y153.388 E.00781
G1 X121.967 Y153.388 E.30967
G1 X121.967 Y144.974 E.21923
G1 X133.852 Y144.974 E.30967
G1 X134.011 Y144.953 E.00418
G1 X134.239 Y144.84 E.00663
G1 X134.415 Y144.622 E.0073
G1 X134.479 Y144.347 E.00736
G1 X134.479 Y142.015 E.06076
G1 X134.431 Y141.774 E.0064
G1 X134.32 Y141.632 E.0047
M204 S1000
G1 X133.993 Y141.879 F10800
M204 S800
;TYPE:External perimeter
G1 F2400
G1 X133.978 Y141.848 E.0009
G1 X133.852 Y141.806 E.00346
G1 F2399.995
G1 X121.549 Y141.806 E.32056
G1 X121.549 Y140.176 E.04247
G1 X143.587 Y140.176 E.57422
G1 X143.587 Y140.851 E.01759
G1 F2400
G1 X143.587 Y157.051 E.4221
G1 F2399.995
G1 X143.587 Y157.726 E.01759
G1 X121.549 Y157.726 E.57422
G1 X121.549 Y156.556 E.03049
G1 X133.852 Y156.556 E.32056
G1 F2400
G1 X134.019 Y156.472 E.00487
G1 X134.061 Y156.347 E.00344
G1 X134.061 Y154.015 E.06076
G1 X134.001 Y153.868 E.00414
G1 X133.852 Y153.806 E.0042
G1 F2399.995
G1 X121.549 Y153.806 E.32056
G1 X121.549 Y144.556 E.24102
G1 X133.852 Y144.556 E.32056
G1 F2400
G1 X134.003 Y144.491 E.00428
G1 X134.061 Y144.347 E.00404
G1 X134.061 Y142.015 E.06076
G1 X134.02 Y141.932 E.00241
M204 S1000
;WIPE_START
G1 F8640
G1 X133.993 Y141.879 E-.01373
G1 X133.978 Y141.848 E-.00795
G1 X133.852 Y141.806 E-.03067
G1 X130.614 Y141.806 E-.74765
;WIPE_END
G1 Z1.65 F720
G1 X134.372 Y145.17 F10800
G1 Z1.25 F720
G1 E.8 F2100
M204 S2000
;TYPE:Internal infill
;WIDTH:0.45
G1 F3600
G1 X134.213 Y145.261 E.00477
G1 X133.857 Y145.329 E.00944
G1 X131.904 Y145.329 E.05089
G1 X129.839 Y153.037 E.20792
G1 X130.095 Y153.038 E.00667
G1 X122.387 Y145.329 E.28405
G1 X122.322 Y145.329 E.00169
G1 X122.322 Y147.228 E.04948
G1 X129.477 Y145.329 E.19288
G1 X141.101 Y156.953 E.42833
G1 X139.171 Y156.953 E.05029
M73 P35 R15
G1 X142.815 Y143.355 E.36681
G1 X142.815 Y141.737 E.04216
G1 X134.825 Y143.878 E.21553
G1 X134.826 Y143.587 E.00758
G1 X142.815 Y151.576 E.29438
G1 X142.815 Y152.118 E.01412
G1 X134.834 Y154.257 E.21529
G1 X134.815 Y153.837 E.01095
G1 X138.269 Y140.949 E.34766
G1 X139.278 Y140.949 E.02629
G1 X142.815 Y144.485 E.13031
M204 S1000
;WIPE_START
G1 F8640
G1 X140.365 Y142.035 E-.8
;WIPE_END
G1 Z1.65 F720
G1 X142.815 Y149.428 F10800
G1 Z1.25 F720
G1 E.8 F2100
M204 S2000
G1 F3600
G1 X142.815 Y146.928 E.06514
G1 X122.322 Y152.419 E.5528
G1 X122.322 Y152.355 E.00167
G1 X123.001 Y153.033 E.025
G1 X124.649 Y153.034 E.04294
G1 X126.714 Y145.329 E.20784
G1 X124.214 Y145.329 E.06514
M204 S1000
;WIPE_START
G1 F8640
G1 X126.714 Y145.329 E-.57726
G1 X126.464 Y146.261 E-.22274
;WIPE_END
G1 Z1.65 F720
; stop printing object pieds_clavier_cherry.stl id:1 copy 0
; printing object pieds_clavier_cherry.stl id:2 copy 0
G1 X131.852 Y108.749 F10800
G1 Z1.25 F720
G1 E.8 F2100
M204 S800
;TYPE:Perimeter
;WIDTH:0.449999
G1 F3000
G1 X131.797 Y108.678 E.00234
;WIDTH:0.497082
G1 X131.703 Y108.623 E.00316
;WIDTH:0.544164
G1 X131.609 Y108.568 E.00348
;WIDTH:0.591246
G1 X131.515 Y108.513 E.0038
;WIDTH:0.638328
G1 X131.421 Y108.458 E.00412
G1 X119.629 Y108.458 E.44574
G1 X119.629 Y107.852 E.02291
G1 X131.421 Y107.852 E.44574
G1 X131.591 Y107.829 E.00648
;WIDTH:0.591246
G1 X131.762 Y107.805 E.00602
;WIDTH:0.544164
G1 X131.933 Y107.781 E.00551
;WIDTH:0.497082
G1 X132.103 Y107.758 E.00497
;WIDTH:0.449999
G1 X140.738 Y107.758 E.22499
G1 X140.738 Y124.472 E.4355
G1 X132.215 Y124.472 E.22207
G1 X131.421 Y124.493 E.0207
;WIDTH:0.408245
G1 X119.514 Y124.493 E.27924
G1 X119.514 Y124.117 E.00882
G1 X131.421 Y124.117 E.27924
;WIDTH:0.41426
G1 X131.526 Y124.111 E.00251
;WIDTH:0.449999
G1 X131.922 Y123.887 E.01185
G1 X132.047 Y123.511 E.01032
G1 X132.047 Y121.179 E.06076
G1 X132.032 Y121.04 E.00364
G1 X131.92 Y120.8 E.0069
G1 X131.712 Y120.624 E.0071
G1 X131.421 Y120.552 E.00781
G1 X119.535 Y120.552 E.3097
G1 X119.535 Y112.138 E.21923
G1 X131.421 Y112.138 E.3097
G1 X131.58 Y112.118 E.00418
G1 X131.808 Y112.004 E.00664
G1 X131.984 Y111.786 E.0073
G1 X132.047 Y111.511 E.00735
G1 X132.047 Y109.179 E.06076
G1 X131.999 Y108.938 E.0064
G1 X131.889 Y108.796 E.00468
M204 S1000
G1 X131.562 Y109.043 F10800
M204 S800
;TYPE:External perimeter
G1 F2400
G1 X131.546 Y109.012 E.00091
G1 X131.421 Y108.97 E.00344
G1 F2399.995
G1 X119.117 Y108.97 E.32059
G1 X119.117 Y107.34 E.04247
G1 X141.156 Y107.34 E.57424
G1 X141.156 Y108.015 E.01759
G1 F2400
G1 X141.156 Y124.215 E.4221
G1 F2399.995
G1 X141.156 Y124.89 E.01759
G1 X119.117 Y124.89 E.57424
G1 X119.117 Y123.72 E.03049
G1 X131.421 Y123.72 E.32059
G1 F2400
G1 X131.588 Y123.637 E.00486
G1 X131.63 Y123.511 E.00346
G1 X131.63 Y121.179 E.06076
G1 X131.569 Y121.032 E.00415
G1 X131.421 Y120.97 E.00418
G1 F2399.995
G1 X119.117 Y120.97 E.32059
G1 X119.117 Y111.72 E.24102
G1 X131.421 Y111.72 E.32059
G1 F2400
G1 X131.572 Y111.656 E.00427
G1 X131.63 Y111.511 E.00407
G1 X131.63 Y109.179 E.06076
G1 X131.588 Y109.097 E.0024
M204 S1000
;WIPE_START
G1 F8640
G1 X131.562 Y109.043 E-.01384
G1 X131.546 Y109.012 E-.00806
G1 X131.421 Y108.97 E-.03045
G1 X128.183 Y108.97 E-.74765
;WIPE_END
G1 Z1.65 F720
G1 X131.941 Y112.335 F10800
G1 Z1.25 F720
G1 E.8 F2100
M204 S2000
;TYPE:Internal infill
;WIDTH:0.45
G1 F3600
G1 X131.782 Y112.426 E.00477
G1 X131.426 Y112.493 E.00944
G1 X129.473 Y112.493 E.05089
G1 X127.407 Y120.202 E.20795
G1 X127.664 Y120.202 E.0067
G1 X119.955 Y112.493 E.28406
G1 X119.89 Y112.493 E.00169
G1 X119.89 Y114.392 E.04948
G1 X127.045 Y112.493 E.19288
G1 X138.67 Y124.117 E.42834
G1 X136.739 Y124.117 E.05031
G1 X140.383 Y110.519 E.36681
G1 X140.383 Y108.901 E.04216
G1 X132.393 Y111.042 E.21553
G1 X132.395 Y110.752 E.00756
G1 X140.383 Y118.74 E.29435
G1 X140.383 Y119.283 E.01415
G1 X132.403 Y121.421 E.21526
G1 X132.384 Y121.002 E.01093
G1 X135.837 Y108.113 E.34768
G1 X136.846 Y108.113 E.02629
G1 X140.383 Y111.65 E.13033
M204 S1000
;WIPE_START
G1 F8640
G1 X137.933 Y109.2 E-.8
;WIPE_END
G1 Z1.65 F720
G1 X140.383 Y116.592 F10800
G1 Z1.25 F720
G1 E.8 F2100
M204 S2000
G1 F3600
G1 X140.383 Y114.092 E.06514
G1 X119.89 Y119.583 E.5528
G1 X119.89 Y119.519 E.00167
G1 X120.569 Y120.198 E.02502
G1 X122.218 Y120.199 E.04297
G1 X124.282 Y112.493 E.20786
G1 X121.782 Y112.493 E.06514
M204 S1000
;WIPE_START
G1 F8640
G1 X124.282 Y112.493 E-.57726
G1 X124.032 Y113.425 E-.22274
;WIPE_END
G1 Z1.65 F720
; stop printing object pieds_clavier_cherry.stl id:2 copy 0
; printing object pieds_clavier_cherry.stl id:0 copy 0
G1 X130.666 Y78.237 F10800
G1 Z1.25 F720
G1 E.8 F2100
M204 S800
;TYPE:Perimeter
;WIDTH:0.449999
G1 F3000
G1 X130.61 Y78.166 E.00236
;WIDTH:0.497082
G1 X130.516 Y78.111 E.00316
;WIDTH:0.544164
G1 X130.422 Y78.056 E.00348
;WIDTH:0.591246
G1 X130.328 Y78.001 E.0038
;WIDTH:0.638328
G1 X130.234 Y77.946 E.00412
G1 X118.443 Y77.946 E.4457
G1 X118.443 Y77.34 E.02291
M73 P36 R15
G1 X130.234 Y77.34 E.4457
G1 X130.405 Y77.317 E.00652
;WIDTH:0.591246
G1 X130.576 Y77.293 E.00602
;WIDTH:0.544164
G1 X130.746 Y77.27 E.00548
;WIDTH:0.497082
G1 X130.917 Y77.246 E.00501
;WIDTH:0.449999
G1 X139.552 Y77.246 E.22499
G1 X139.552 Y93.96 E.4355
G1 X131.028 Y93.96 E.2221
G1 X130.234 Y93.981 E.0207
;WIDTH:0.408245
G1 X118.328 Y93.981 E.27922
G1 X118.328 Y93.605 E.00882
G1 X130.234 Y93.605 E.27922
;WIDTH:0.41426
G1 X130.34 Y93.599 E.00253
;WIDTH:0.449999
G1 X130.736 Y93.375 E.01185
G1 X130.861 Y92.999 E.01032
G1 X130.861 Y90.667 E.06076
G1 X130.845 Y90.528 E.00365
G1 X130.734 Y90.288 E.00689
G1 X130.525 Y90.112 E.00712
G1 X130.234 Y90.04 E.00781
G1 X118.349 Y90.04 E.30967
G1 X118.349 Y81.626 E.21923
G1 X130.234 Y81.626 E.30967
G1 X130.393 Y81.606 E.00418
G1 X130.621 Y81.492 E.00664
G1 X130.797 Y81.275 E.00728
G1 X130.861 Y80.999 E.00738
G1 X130.861 Y78.667 E.06076
G1 X130.813 Y78.426 E.0064
G1 X130.702 Y78.284 E.0047
M204 S1000
G1 X130.375 Y78.531 F10800
M204 S800
;TYPE:External perimeter
G1 F2400
G1 X130.36 Y78.5 E.0009
G1 X130.234 Y78.458 E.00346
G1 F2399.995
G1 X117.931 Y78.458 E.32056
G1 X117.931 Y76.828 E.04247
G1 X139.97 Y76.828 E.57424
G1 X139.97 Y77.503 E.01759
G1 F2400
G1 X139.97 Y93.703 E.4221
G1 F2399.995
G1 X139.97 Y94.378 E.01759
G1 X117.931 Y94.378 E.57424
G1 X117.931 Y93.208 E.03049
G1 X130.234 Y93.208 E.32056
G1 F2400
G1 X130.401 Y93.125 E.00486
G1 X130.443 Y92.999 E.00346
G1 X130.443 Y90.667 E.06076
G1 X130.383 Y90.52 E.00414
G1 X130.234 Y90.458 E.0042
G1 F2399.995
G1 X117.931 Y90.458 E.32056
G1 X117.931 Y81.208 E.24102
G1 X130.234 Y81.208 E.32056
G1 F2400
G1 X130.385 Y81.144 E.00427
G1 X130.443 Y80.999 E.00407
G1 X130.443 Y78.667 E.06076
G1 X130.402 Y78.585 E.00239
M204 S1000
;WIPE_START
G1 F8640
G1 X130.375 Y78.531 E-.01394
G1 X130.36 Y78.5 E-.00795
G1 X130.234 Y78.458 E-.03067
G1 X126.997 Y78.458 E-.74744
;WIPE_END
G1 Z1.65 F720
G1 X130.754 Y81.823 F10800
G1 Z1.25 F720
G1 E.8 F2100
M204 S2000
;TYPE:Internal infill
;WIDTH:0.45
G1 F3600
G1 X130.595 Y81.914 E.00477
G1 X130.239 Y81.981 E.00944
G1 X128.286 Y81.981 E.05089
G1 X126.221 Y89.69 E.20795
G1 X126.477 Y89.69 E.00667
G1 X118.769 Y81.981 E.28405
G1 X118.704 Y81.981 E.00169
G1 X118.704 Y83.88 E.04948
G1 X125.859 Y81.981 E.19288
G1 X137.483 Y93.605 E.42833
G1 X135.553 Y93.605 E.05029
G1 X139.197 Y80.007 E.36681
G1 X139.197 Y78.389 E.04216
G1 X131.207 Y80.53 E.21553
G1 X131.208 Y80.24 E.00756
G1 X139.197 Y88.228 E.29436
G1 X139.197 Y88.771 E.01415
G1 X131.216 Y90.909 E.21528
G1 X131.197 Y90.49 E.01093
G1 X134.651 Y77.601 E.34768
G1 X135.66 Y77.601 E.02629
G1 X139.197 Y81.138 E.13033
M204 S1000
;WIPE_START
G1 F8640
G1 X136.747 Y78.688 E-.8
;WIPE_END
G1 Z1.65 F720
G1 X139.197 Y86.08 F10800
G1 Z1.25 F720
G1 E.8 F2100
M204 S2000
G1 F3600
G1 X139.197 Y83.58 E.06514
G1 X118.704 Y89.071 E.5528
G1 X118.704 Y89.007 E.00167
M73 P36 R14
G1 X119.383 Y89.686 E.02502
G1 X121.031 Y89.687 E.04294
G1 X123.096 Y81.981 E.20787
G1 X120.596 Y81.981 E.06514
M204 S1000
;LAYER_CHANGE
;Z:1.4
;HEIGHT:0.15
;BEFORE_LAYER_CHANGE
G92 E0.0
;1.4


;WIPE_START
G1 F8640
G1 X123.096 Y81.981 E-.57726
G1 X122.846 Y82.913 E-.22274
;WIPE_END
G1 Z1.4 F720
;AFTER_LAYER_CHANGE
;1.4
G1 Z1.8
; stop printing object pieds_clavier_cherry.stl id:0 copy 0
; printing object pieds_clavier_cherry.stl id:1 copy 0
G1 X134.283 Y141.584 F10800
G1 Z1.4 F720
G1 E.8 F2100
M204 S800
;TYPE:Perimeter
;WIDTH:0.449999
G1 F3000
G1 X134.228 Y141.513 E.00234
;WIDTH:0.497082
G1 X134.134 Y141.458 E.00316
;WIDTH:0.544164
G1 X134.04 Y141.404 E.00346
;WIDTH:0.591246
G1 X133.946 Y141.349 E.0038
;WIDTH:0.638328
G1 X133.852 Y141.294 E.00412
G1 X122.061 Y141.294 E.4457
G1 X122.061 Y140.688 E.02291
G1 X133.852 Y140.688 E.4457
G1 X134.023 Y140.664 E.00653
;WIDTH:0.591246
G1 X134.194 Y140.641 E.00602
;WIDTH:0.544164
G1 X134.364 Y140.617 E.00548
;WIDTH:0.497082
G1 X134.535 Y140.594 E.005
;WIDTH:0.449999
G1 X143.151 Y140.594 E.2245
G1 X143.151 Y157.308 E.4355
G1 X134.646 Y157.308 E.2216
G1 X133.852 Y157.329 E.0207
;WIDTH:0.408245
G1 X121.946 Y157.329 E.27922
G1 X121.946 Y156.953 E.00882
G1 X133.852 Y156.953 E.27922
;WIDTH:0.41426
G1 X133.957 Y156.947 E.00251
;WIDTH:0.449999
G1 X134.354 Y156.723 E.01188
G1 X134.479 Y156.347 E.01032
G1 X134.479 Y154.015 E.06076
G1 X134.464 Y153.877 E.00362
G1 X134.351 Y153.636 E.00694
G1 X134.142 Y153.459 E.00714
G1 X133.852 Y153.388 E.00778
G1 X121.967 Y153.388 E.30967
G1 X121.967 Y144.974 E.21923
G1 X133.852 Y144.974 E.30967
G1 X134.011 Y144.953 E.00418
G1 X134.239 Y144.84 E.00663
G1 X134.415 Y144.622 E.0073
G1 X134.479 Y144.347 E.00736
G1 X134.479 Y142.015 E.06076
G1 X134.431 Y141.774 E.0064
G1 X134.32 Y141.632 E.0047
M204 S1000
G1 X133.993 Y141.879 F10800
M204 S800
;TYPE:External perimeter
G1 F2400
G1 X133.978 Y141.848 E.0009
G1 X133.852 Y141.806 E.00346
G1 F2399.995
G1 X121.549 Y141.806 E.32056
G1 X121.549 Y140.176 E.04247
G1 X143.569 Y140.176 E.57375
G1 X143.569 Y140.851 E.01759
M73 P37 R14
G1 F2400
G1 X143.569 Y157.051 E.4221
G1 X143.569 Y157.726 E.01759
G1 X121.549 Y157.726 E.57375
G1 X121.549 Y156.556 E.03049
G1 X133.852 Y156.556 E.32056
G1 X134.019 Y156.472 E.00487
G1 X134.061 Y156.347 E.00344
G1 X134.061 Y154.015 E.06076
G1 X134.001 Y153.868 E.00414
G1 X133.852 Y153.806 E.0042
G1 F2399.995
G1 X121.549 Y153.806 E.32056
G1 X121.549 Y144.556 E.24102
G1 X133.852 Y144.556 E.32056
G1 F2400
G1 X134.003 Y144.491 E.00428
G1 X134.061 Y144.347 E.00404
G1 X134.061 Y142.015 E.06076
G1 X134.02 Y141.932 E.00241
M204 S1000
;WIPE_START
G1 F8640
G1 X133.993 Y141.879 E-.01373
G1 X133.978 Y141.848 E-.00795
G1 X133.852 Y141.806 E-.03067
G1 X130.614 Y141.806 E-.74765
;WIPE_END
G1 Z1.8 F720
G1 X134.277 Y145.225 F10800
G1 Z1.4 F720
G1 E.8 F2100
M204 S2000
;TYPE:Internal infill
;WIDTH:0.45
G1 F3600
G1 X133.857 Y145.329 E.01127
G1 X131.795 Y145.329 E.05373
G1 X129.729 Y153.037 E.20793
G1 X130.245 Y153.038 E.01344
G1 X122.537 Y145.329 E.28405
G1 X122.322 Y145.329 E.0056
G1 X122.322 Y147.338 E.05235
G1 X129.82 Y145.329 E.20226
G1 X129.627 Y145.329 E.00503
G1 X141.251 Y156.953 E.42833
G1 X139.061 Y156.953 E.05706
G1 X142.42 Y144.416 E.33818
G1 X142.42 Y143.941 E.01238
G1 X139.428 Y140.949 E.11025
G1 X138.159 Y140.949 E.03306
G1 X134.758 Y153.639 E.34232
G1 X134.834 Y154.366 E.01905
G1 X142.42 Y152.334 E.20463
G1 X142.42 Y151.032 E.03392
G1 X134.827 Y143.438 E.27981
G1 X134.824 Y143.988 E.01433
G1 X142.42 Y141.952 E.20491
G1 X142.42 Y140.949 E.02613
G1 X140.924 Y140.949 E.03898
M204 S1000
;WIPE_START
G1 F8640
G1 X142.42 Y140.949 E-.34543
G1 X142.42 Y141.952 E-.2316
G1 X141.487 Y142.202 E-.22297
;WIPE_END
G1 Z1.8 F720
G1 X142.42 Y149.643 F10800
G1 Z1.4 F720
G1 E.8 F2100
M204 S2000
G1 F3600
G1 X142.42 Y147.143 E.06514
G1 X122.322 Y152.528 E.54214
G1 X122.322 Y152.205 E.00842
G1 X123.151 Y153.033 E.03053
G1 X124.539 Y153.034 E.03617
G1 X126.604 Y145.329 E.20784
G1 X124.104 Y145.329 E.06514
M204 S1000
;WIPE_START
G1 F8640
G1 X126.604 Y145.329 E-.57726
G1 X126.354 Y146.261 E-.22274
;WIPE_END
G1 Z1.8 F720
G1 X142.817 Y156.974 F10800
G1 Z1.4 F720
G1 E.8 F2100
M204 S2000
;TYPE:Solid infill
;WIDTH:0.408166
G1 F3000
G1 X142.817 Y140.928 E.37623
M204 S1000
;WIPE_START
G1 F8640
G1 X142.817 Y144.393 E-.8
;WIPE_END
G1 Z1.8 F720
; stop printing object pieds_clavier_cherry.stl id:1 copy 0
; printing object pieds_clavier_cherry.stl id:2 copy 0
G1 X131.852 Y108.749 F10800
G1 Z1.4 F720
G1 E.8 F2100
M204 S800
;TYPE:Perimeter
;WIDTH:0.449999
G1 F3000
G1 X131.797 Y108.678 E.00234
;WIDTH:0.497082
G1 X131.703 Y108.623 E.00316
;WIDTH:0.544164
G1 X131.609 Y108.568 E.00348
;WIDTH:0.591246
G1 X131.515 Y108.513 E.0038
;WIDTH:0.638328
G1 X131.421 Y108.458 E.00412
G1 X119.629 Y108.458 E.44574
G1 X119.629 Y107.852 E.02291
G1 X131.421 Y107.852 E.44574
G1 X131.591 Y107.829 E.00648
;WIDTH:0.591246
G1 X131.762 Y107.805 E.00602
;WIDTH:0.544164
G1 X131.933 Y107.781 E.00551
;WIDTH:0.497082
G1 X132.103 Y107.758 E.00497
;WIDTH:0.449999
G1 X140.72 Y107.758 E.22452
G1 X140.72 Y124.472 E.4355
G1 X132.215 Y124.472 E.2216
G1 X131.421 Y124.493 E.0207
;WIDTH:0.408245
G1 X119.514 Y124.493 E.27924
G1 X119.514 Y124.117 E.00882
G1 X131.421 Y124.117 E.27924
;WIDTH:0.41426
G1 X131.526 Y124.111 E.00251
;WIDTH:0.449999
G1 X131.922 Y123.887 E.01185
G1 X132.047 Y123.511 E.01032
G1 X132.047 Y121.179 E.06076
G1 X132.032 Y121.041 E.00362
G1 X131.92 Y120.8 E.00692
G1 X131.711 Y120.624 E.00712
G1 X131.421 Y120.552 E.00779
G1 X119.535 Y120.552 E.3097
G1 X119.535 Y112.138 E.21923
G1 X131.421 Y112.138 E.3097
G1 X131.579 Y112.118 E.00415
G1 X131.807 Y112.005 E.00663
G1 X131.984 Y111.786 E.00734
G1 X132.047 Y111.511 E.00735
G1 X132.047 Y109.179 E.06076
G1 X131.999 Y108.938 E.0064
G1 X131.889 Y108.796 E.00468
M204 S1000
G1 X131.562 Y109.043 F10800
M204 S800
;TYPE:External perimeter
G1 F2400
G1 X131.546 Y109.012 E.00091
G1 X131.421 Y108.97 E.00344
G1 F2399.995
G1 X119.117 Y108.97 E.32059
G1 X119.117 Y107.34 E.04247
G1 X141.138 Y107.34 E.57377
G1 X141.138 Y108.015 E.01759
G1 F2400
G1 X141.138 Y124.215 E.4221
G1 X141.138 Y124.89 E.01759
G1 X119.117 Y124.89 E.57377
G1 X119.117 Y123.72 E.03049
G1 X131.421 Y123.72 E.32059
G1 X131.588 Y123.637 E.00486
G1 X131.63 Y123.511 E.00346
G1 X131.63 Y121.179 E.06076
G1 X131.569 Y121.032 E.00415
G1 X131.421 Y120.97 E.00418
G1 F2399.995
G1 X119.117 Y120.97 E.32059
G1 X119.117 Y111.72 E.24102
M73 P38 R14
G1 X131.421 Y111.72 E.32059
G1 F2400
G1 X131.572 Y111.656 E.00427
G1 X131.63 Y111.511 E.00407
G1 X131.63 Y109.179 E.06076
G1 X131.588 Y109.097 E.0024
M204 S1000
;WIPE_START
G1 F8640
G1 X131.562 Y109.043 E-.01384
G1 X131.546 Y109.012 E-.00806
G1 X131.421 Y108.97 E-.03045
G1 X128.183 Y108.97 E-.74765
;WIPE_END
G1 Z1.8 F720
G1 X131.846 Y112.389 F10800
G1 Z1.4 F720
G1 E.8 F2100
M204 S2000
;TYPE:Internal infill
;WIDTH:0.45
G1 F3600
G1 X131.425 Y112.493 E.0113
G1 X129.363 Y112.493 E.05373
G1 X127.298 Y120.202 E.20795
G1 X127.814 Y120.202 E.01344
G1 X120.105 Y112.493 E.28406
G1 X119.89 Y112.493 E.0056
G1 X119.89 Y114.502 E.05235
G1 X127.388 Y112.493 E.20226
G1 X127.195 Y112.493 E.00503
G1 X138.82 Y124.117 E.42834
G1 X136.63 Y124.117 E.05706
G1 X139.989 Y111.581 E.33816
G1 X139.989 Y111.105 E.0124
G1 X136.996 Y108.113 E.11027
G1 X135.727 Y108.113 E.03306
G1 X132.327 Y120.804 E.34233
G1 X132.403 Y121.531 E.01905
G1 X139.989 Y119.498 E.20463
G1 X139.989 Y118.196 E.03392
G1 X132.395 Y110.603 E.27981
G1 X132.393 Y111.152 E.0143
G1 X139.989 Y109.117 E.2049
G1 X139.989 Y108.113 E.02616
G1 X138.492 Y108.113 E.03901
M204 S1000
;WIPE_START
G1 F8640
G1 X139.989 Y108.113 E-.34566
G1 X139.989 Y109.117 E-.23183
G1 X139.058 Y109.366 E-.22251
;WIPE_END
G1 Z1.8 F720
G1 X139.989 Y116.807 F10800
G1 Z1.4 F720
G1 E.8 F2100
M204 S2000
G1 F3600
G1 X139.989 Y114.307 E.06514
G1 X119.89 Y119.693 E.54217
G1 X119.89 Y119.369 E.00844
G1 X120.719 Y120.198 E.03055
G1 X122.108 Y120.199 E.03619
G1 X124.173 Y112.493 E.20787
G1 X121.673 Y112.493 E.06514
M204 S1000
;WIPE_START
G1 F8640
G1 X124.173 Y112.493 E-.57726
G1 X123.923 Y113.425 E-.22274
;WIPE_END
G1 Z1.8 F720
G1 X140.386 Y124.138 F10800
G1 Z1.4 F720
G1 E.8 F2100
M204 S2000
;TYPE:Solid infill
;WIDTH:0.408166
G1 F3000
G1 X140.386 Y108.092 E.37623
M204 S1000
;WIPE_START
G1 F8640
G1 X140.386 Y111.557 E-.8
;WIPE_END
G1 Z1.8 F720
; stop printing object pieds_clavier_cherry.stl id:2 copy 0
; printing object pieds_clavier_cherry.stl id:0 copy 0
G1 X130.666 Y78.237 F10800
G1 Z1.4 F720
G1 E.8 F2100
M204 S800
;TYPE:Perimeter
;WIDTH:0.449999
G1 F3000
G1 X130.61 Y78.166 E.00236
;WIDTH:0.497082
G1 X130.516 Y78.111 E.00316
;WIDTH:0.544164
G1 X130.422 Y78.056 E.00348
;WIDTH:0.591246
G1 X130.328 Y78.001 E.0038
;WIDTH:0.638328
G1 X130.234 Y77.946 E.00412
G1 X118.443 Y77.946 E.4457
G1 X118.443 Y77.34 E.02291
G1 X130.234 Y77.34 E.4457
G1 X130.405 Y77.317 E.00652
;WIDTH:0.591246
G1 X130.576 Y77.293 E.00602
;WIDTH:0.544164
G1 X130.746 Y77.27 E.00548
;WIDTH:0.497082
G1 X130.917 Y77.246 E.00501
;WIDTH:0.449999
G1 X139.533 Y77.246 E.2245
G1 X139.533 Y93.96 E.4355
G1 X131.028 Y93.96 E.2216
G1 X130.234 Y93.981 E.0207
;WIDTH:0.408245
G1 X118.328 Y93.981 E.27922
G1 X118.328 Y93.605 E.00882
G1 X130.234 Y93.605 E.27922
;WIDTH:0.41426
G1 X130.34 Y93.599 E.00253
;WIDTH:0.449999
G1 X130.736 Y93.375 E.01185
G1 X130.861 Y92.999 E.01032
G1 X130.861 Y90.667 E.06076
G1 X130.846 Y90.529 E.00362
G1 X130.733 Y90.288 E.00694
G1 X130.524 Y90.112 E.00712
G1 X130.234 Y90.04 E.00779
G1 X118.349 Y90.04 E.30967
G1 X118.349 Y81.626 E.21923
G1 X130.234 Y81.626 E.30967
G1 X130.393 Y81.606 E.00418
G1 X130.621 Y81.493 E.00663
G1 X130.797 Y81.274 E.00732
G1 X130.861 Y80.999 E.00736
G1 X130.861 Y78.667 E.06076
G1 X130.813 Y78.426 E.0064
G1 X130.702 Y78.284 E.0047
M204 S1000
G1 X130.375 Y78.531 F10800
M204 S800
;TYPE:External perimeter
G1 F2400
G1 X130.36 Y78.5 E.0009
G1 X130.234 Y78.458 E.00346
G1 F2399.995
G1 X117.931 Y78.458 E.32056
G1 X117.931 Y76.828 E.04247
G1 X139.951 Y76.828 E.57375
G1 X139.951 Y77.503 E.01759
G1 F2400
G1 X139.951 Y93.703 E.4221
G1 X139.951 Y94.378 E.01759
G1 X117.931 Y94.378 E.57375
G1 X117.931 Y93.208 E.03049
G1 X130.234 Y93.208 E.32056
G1 X130.401 Y93.125 E.00486
G1 X130.443 Y92.999 E.00346
G1 X130.443 Y90.667 E.06076
G1 X130.383 Y90.52 E.00414
G1 X130.234 Y90.458 E.0042
G1 F2399.995
G1 X117.931 Y90.458 E.32056
G1 X117.931 Y81.208 E.24102
G1 X130.234 Y81.208 E.32056
G1 F2400
G1 X130.385 Y81.144 E.00427
G1 X130.443 Y80.999 E.00407
G1 X130.443 Y78.667 E.06076
G1 X130.402 Y78.585 E.00239
M204 S1000
;WIPE_START
G1 F8640
G1 X130.375 Y78.531 E-.01394
G1 X130.36 Y78.5 E-.00795
G1 X130.234 Y78.458 E-.03067
G1 X126.997 Y78.458 E-.74744
;WIPE_END
G1 Z1.8 F720
G1 X130.659 Y81.877 F10800
G1 Z1.4 F720
G1 E.8 F2100
M204 S2000
;TYPE:Internal infill
;WIDTH:0.45
G1 F3600
G1 X130.239 Y81.981 E.01127
G1 X128.177 Y81.981 E.05373
G1 X126.111 Y89.69 E.20795
G1 X126.628 Y89.69 E.01347
G1 X118.919 Y81.981 E.28406
G1 X118.704 Y81.981 E.0056
G1 X118.704 Y83.99 E.05235
G1 X126.202 Y81.981 E.20226
G1 X126.009 Y81.981 E.00503
G1 X137.633 Y93.605 E.42833
G1 X135.443 Y93.605 E.05706
G1 X138.802 Y81.069 E.33816
G1 X138.802 Y80.593 E.0124
M73 P39 R14
G1 X135.81 Y77.601 E.11025
G1 X134.541 Y77.601 E.03306
G1 X131.14 Y90.292 E.34234
G1 X131.216 Y91.019 E.01905
G1 X138.802 Y88.986 E.20463
G1 X138.802 Y87.684 E.03392
G1 X131.209 Y80.091 E.27979
G1 X131.206 Y80.64 E.0143
G1 X138.802 Y78.605 E.2049
G1 X138.802 Y77.601 E.02616
G1 X137.306 Y77.601 E.03898
M204 S1000
;WIPE_START
G1 F8640
G1 X138.802 Y77.601 E-.34543
G1 X138.802 Y78.605 E-.23183
G1 X137.87 Y78.855 E-.22274
;WIPE_END
G1 Z1.8 F720
G1 X138.802 Y86.295 F10800
G1 Z1.4 F720
G1 E.8 F2100
M204 S2000
G1 F3600
G1 X138.802 Y83.795 E.06514
G1 X118.704 Y89.181 E.54215
G1 X118.704 Y88.857 E.00844
G1 X119.533 Y89.686 E.03055
G1 X120.921 Y89.687 E.03617
G1 X122.986 Y81.981 E.20787
G1 X120.486 Y81.981 E.06514
M204 S1000
;WIPE_START
G1 F8640
G1 X122.986 Y81.981 E-.57726
G1 X122.736 Y82.913 E-.22274
;WIPE_END
G1 Z1.8 F720
G1 X139.199 Y93.626 F10800
G1 Z1.4 F720
G1 E.8 F2100
M204 S2000
;TYPE:Solid infill
;WIDTH:0.408166
G1 F3000
G1 X139.199 Y77.58 E.37623
M204 S1000
;LAYER_CHANGE
;Z:1.55
;HEIGHT:0.15
;BEFORE_LAYER_CHANGE
G92 E0.0
;1.55


;WIPE_START
G1 F8640
G1 X139.199 Y81.045 E-.8
;WIPE_END
G1 Z1.55 F720
;AFTER_LAYER_CHANGE
;1.55
G1 Z1.95
; stop printing object pieds_clavier_cherry.stl id:0 copy 0
; printing object pieds_clavier_cherry.stl id:1 copy 0
G1 X134.283 Y141.584 F10800
G1 Z1.55 F720
G1 E.8 F2100
M204 S800
;TYPE:Perimeter
;WIDTH:0.449999
G1 F3000
G1 X134.228 Y141.513 E.00234
;WIDTH:0.497082
G1 X134.134 Y141.458 E.00316
;WIDTH:0.544164
G1 X134.04 Y141.404 E.00346
;WIDTH:0.591246
G1 X133.946 Y141.349 E.0038
;WIDTH:0.638328
G1 X133.852 Y141.294 E.00412
G1 X122.061 Y141.294 E.4457
G1 X122.061 Y140.688 E.02291
G1 X133.852 Y140.688 E.4457
G1 X134.023 Y140.664 E.00653
;WIDTH:0.591246
G1 X134.194 Y140.641 E.00602
;WIDTH:0.544164
G1 X134.364 Y140.617 E.00548
;WIDTH:0.497082
G1 X134.535 Y140.594 E.005
;WIDTH:0.449999
G1 X143.121 Y140.594 E.22371
G1 X143.121 Y157.308 E.4355
G1 X134.646 Y157.308 E.22082
G1 X133.852 Y157.329 E.0207
;WIDTH:0.408245
G1 X121.946 Y157.329 E.27922
G1 X121.946 Y156.953 E.00882
G1 X133.852 Y156.953 E.27922
;WIDTH:0.41426
G1 X133.957 Y156.947 E.00251
;WIDTH:0.449999
G1 X134.354 Y156.723 E.01188
G1 X134.479 Y156.347 E.01032
G1 X134.479 Y154.015 E.06076
G1 X134.464 Y153.879 E.00357
G1 X134.351 Y153.635 E.00701
G1 X134.141 Y153.459 E.00714
G1 X133.852 Y153.388 E.00775
G1 X121.967 Y153.388 E.30967
G1 X121.967 Y144.974 E.21923
G1 X133.852 Y144.974 E.30967
G1 X134.01 Y144.953 E.00415
G1 X134.237 Y144.841 E.0066
G1 X134.416 Y144.622 E.00737
G1 X134.479 Y144.347 E.00735
G1 X134.479 Y142.015 E.06076
G1 X134.431 Y141.774 E.0064
G1 X134.32 Y141.632 E.0047
M204 S1000
G1 X133.993 Y141.879 F10800
M204 S800
;TYPE:External perimeter
G1 F2400
G1 X133.978 Y141.848 E.0009
G1 X133.852 Y141.806 E.00346
G1 F2399.995
G1 X121.549 Y141.806 E.32056
G1 X121.549 Y140.176 E.04247
G1 X143.539 Y140.176 E.57297
G1 F2400
G1 X143.539 Y140.851 E.01759
G1 X143.539 Y157.051 E.4221
G1 F2399.995
G1 X143.539 Y157.726 E.01759
G1 X121.549 Y157.726 E.57297
G1 X121.549 Y156.556 E.03049
G1 X133.852 Y156.556 E.32056
G1 F2400
G1 X134.019 Y156.472 E.00487
G1 X134.061 Y156.347 E.00344
G1 X134.061 Y154.015 E.06076
G1 X134 Y153.867 E.00417
G1 X133.852 Y153.806 E.00417
G1 F2399.995
G1 X121.549 Y153.806 E.32056
G1 X121.549 Y144.556 E.24102
G1 X133.852 Y144.556 E.32056
G1 F2400
G1 X134.003 Y144.492 E.00427
G1 X134.061 Y144.347 E.00407
G1 X134.061 Y142.015 E.06076
G1 X134.02 Y141.932 E.00241
M204 S1000
;WIPE_START
G1 F8640
G1 X133.993 Y141.879 E-.01373
G1 X133.978 Y141.848 E-.00795
G1 X133.852 Y141.806 E-.03067
G1 X130.614 Y141.806 E-.74765
;WIPE_END
G1 Z1.95 F720
G1 X129.777 Y145.329 F10800
G1 Z1.55 F720
G1 E.8 F2100
M204 S2000
;TYPE:Internal infill
;WIDTH:0.45
G1 F3600
G1 X141.401 Y156.953 E.42833
G1 X138.951 Y156.953 E.06384
G1 X142.318 Y144.387 E.33897
G1 X142.318 Y143.689 E.01819
G1 X139.578 Y140.949 E.10096
G1 X138.049 Y140.949 E.03984
G1 X134.685 Y153.502 E.33862
G1 X134.812 Y153.804 E.00854
G1 X134.834 Y154.476 E.01752
G1 X142.318 Y152.471 E.20188
G1 X142.318 Y150.78 E.04406
G1 X134.828 Y143.289 E.27601
G1 X134.824 Y144.098 E.02108
G1 X142.318 Y142.09 E.20215
G1 X142.318 Y140.949 E.02973
G1 X140.959 Y140.949 E.03541
M204 S1000
;WIPE_START
G1 F8640
G1 X142.318 Y140.949 E-.3138
G1 X142.318 Y142.09 E-.26346
G1 X141.386 Y142.34 E-.22274
;WIPE_END
G1 Z1.95 F720
G1 X142.751 Y140.964 F10800
G1 Z1.55 F720
G1 E.8 F2100
M204 S2000
;TYPE:Solid infill
;WIDTH:0.480116
G1 F3000
G1 X142.751 Y156.938 E.44622
M204 S1000
;WIPE_START
G1 F8640
G1 X142.751 Y153.473 E-.8
;WIPE_END
G1 Z1.95 F720
G1 X142.318 Y149.78 F10800
G1 Z1.55 F720
G1 E.8 F2100
M204 S2000
;TYPE:Internal infill
;WIDTH:0.45
G1 F3600
G1 X142.318 Y147.28 E.06514
G1 X122.322 Y152.638 E.53939
G1 X122.322 Y152.055 E.01519
G1 X123.301 Y153.034 E.03607
G1 X124.43 Y153.034 E.02942
G1 X126.494 Y145.329 E.20784
G1 X122.687 Y145.329 E.09919
M73 P40 R14
G1 X130.395 Y153.038 E.28405
G1 X129.619 Y153.037 E.02022
G1 X131.685 Y145.329 E.20793
G1 X130.229 Y145.329 E.03794
G1 X122.322 Y147.448 E.21329
G1 X122.322 Y149.948 E.06514
M204 S1000
;WIPE_START
G1 F8640
G1 X122.322 Y147.448 E-.57726
G1 X123.254 Y147.198 E-.22274
;WIPE_END
G1 Z1.95 F720
; stop printing object pieds_clavier_cherry.stl id:1 copy 0
; printing object pieds_clavier_cherry.stl id:2 copy 0
G1 X131.852 Y108.749 F10800
G1 Z1.55 F720
G1 E.8 F2100
M204 S800
;TYPE:Perimeter
;WIDTH:0.449999
G1 F3000
G1 X131.797 Y108.678 E.00234
;WIDTH:0.497082
G1 X131.703 Y108.623 E.00316
;WIDTH:0.544164
G1 X131.609 Y108.568 E.00348
;WIDTH:0.591246
G1 X131.515 Y108.513 E.0038
;WIDTH:0.638328
G1 X131.421 Y108.458 E.00412
G1 X119.629 Y108.458 E.44574
G1 X119.629 Y107.852 E.02291
G1 X131.421 Y107.852 E.44574
G1 X131.591 Y107.829 E.00648
;WIDTH:0.591246
G1 X131.762 Y107.805 E.00602
;WIDTH:0.544164
G1 X131.933 Y107.781 E.00551
;WIDTH:0.497082
G1 X132.103 Y107.758 E.00497
;WIDTH:0.449999
G1 X140.69 Y107.758 E.22374
G1 X140.69 Y124.472 E.4355
G1 X132.215 Y124.472 E.22082
G1 X131.421 Y124.493 E.0207
;WIDTH:0.408245
G1 X119.514 Y124.493 E.27924
G1 X119.514 Y124.117 E.00882
G1 X131.421 Y124.117 E.27924
;WIDTH:0.41426
G1 X131.526 Y124.111 E.00251
;WIDTH:0.449999
G1 X131.922 Y123.887 E.01185
G1 X132.047 Y123.511 E.01032
G1 X132.047 Y121.179 E.06076
G1 X132.033 Y121.043 E.00356
G1 X131.92 Y120.8 E.00698
G1 X131.71 Y120.623 E.00716
G1 X131.421 Y120.552 E.00775
G1 X119.535 Y120.552 E.3097
G1 X119.535 Y112.138 E.21923
G1 X131.421 Y112.138 E.3097
G1 X131.578 Y112.118 E.00412
G1 X131.806 Y112.006 E.00662
G1 X131.984 Y111.786 E.00737
G1 X132.047 Y111.511 E.00735
G1 X132.047 Y109.179 E.06076
G1 X131.999 Y108.938 E.0064
G1 X131.889 Y108.796 E.00468
M204 S1000
G1 X131.562 Y109.043 F10800
M204 S800
;TYPE:External perimeter
G1 F2400
G1 X131.546 Y109.012 E.00091
G1 X131.421 Y108.97 E.00344
G1 F2399.995
G1 X119.117 Y108.97 E.32059
G1 X119.117 Y107.34 E.04247
G1 X141.108 Y107.34 E.57299
G1 F2400
G1 X141.108 Y108.015 E.01759
G1 X141.108 Y124.215 E.4221
G1 F2399.995
G1 X141.108 Y124.89 E.01759
G1 X119.117 Y124.89 E.57299
G1 X119.117 Y123.72 E.03049
G1 X131.421 Y123.72 E.32059
G1 F2400
G1 X131.588 Y123.637 E.00486
G1 X131.63 Y123.511 E.00346
G1 X131.63 Y121.179 E.06076
G1 X131.569 Y121.032 E.00415
G1 X131.421 Y120.97 E.00418
G1 F2399.995
G1 X119.117 Y120.97 E.32059
G1 X119.117 Y111.72 E.24102
G1 X131.421 Y111.72 E.32059
G1 F2400
G1 X131.571 Y111.656 E.00425
G1 X131.63 Y111.511 E.00408
G1 X131.63 Y109.179 E.06076
G1 X131.588 Y109.097 E.0024
M204 S1000
;WIPE_START
G1 F8640
G1 X131.562 Y109.043 E-.01384
G1 X131.546 Y109.012 E-.00806
G1 X131.421 Y108.97 E-.03045
G1 X128.183 Y108.97 E-.74765
;WIPE_END
G1 Z1.95 F720
G1 X127.345 Y112.493 F10800
G1 Z1.55 F720
G1 E.8 F2100
M204 S2000
;TYPE:Internal infill
;WIDTH:0.45
G1 F3600
G1 X138.97 Y124.117 E.42834
G1 X136.52 Y124.117 E.06384
G1 X139.887 Y111.551 E.33897
G1 X139.887 Y110.854 E.01816
G1 X137.146 Y108.113 E.101
G1 X135.618 Y108.113 E.03981
G1 X132.254 Y120.666 E.33862
G1 X132.38 Y120.968 E.00853
G1 X132.403 Y121.64 E.01752
G1 X139.887 Y119.635 E.20188
G1 X139.887 Y117.944 E.04406
G1 X132.396 Y110.453 E.27603
G1 X132.392 Y111.262 E.02108
G1 X139.887 Y109.254 E.20218
G1 X139.887 Y108.113 E.02973
G1 X138.528 Y108.113 E.03541
M204 S1000
;WIPE_START
G1 F8640
G1 X139.887 Y108.113 E-.3138
G1 X139.887 Y109.254 E-.26346
G1 X138.955 Y109.504 E-.22274
;WIPE_END
G1 Z1.95 F720
G1 X140.32 Y108.128 F10800
G1 Z1.55 F720
G1 E.8 F2100
M204 S2000
;TYPE:Solid infill
;WIDTH:0.480116
G1 F3000
G1 X140.32 Y124.102 E.44622
M204 S1000
;WIPE_START
G1 F8640
G1 X140.32 Y120.637 E-.8
;WIPE_END
G1 Z1.95 F720
G1 X139.887 Y116.944 F10800
G1 Z1.55 F720
G1 E.8 F2100
M204 S2000
;TYPE:Internal infill
;WIDTH:0.45
G1 F3600
G1 X139.887 Y114.444 E.06514
G1 X119.89 Y119.803 E.53942
G1 X119.89 Y119.219 E.01522
G1 X120.869 Y120.198 E.03607
G1 X121.998 Y120.199 E.02942
G1 X124.063 Y112.493 E.20787
G1 X120.255 Y112.493 E.09922
G1 X127.964 Y120.202 E.28406
G1 X127.188 Y120.202 E.02022
G1 X129.253 Y112.493 E.20795
G1 X127.798 Y112.493 E.03791
G1 X119.89 Y114.612 E.21332
G1 X119.89 Y117.112 E.06514
M204 S1000
;WIPE_START
G1 F8640
G1 X119.89 Y114.612 E-.57726
G1 X120.822 Y114.362 E-.22274
;WIPE_END
G1 Z1.95 F720
; stop printing object pieds_clavier_cherry.stl id:2 copy 0
; printing object pieds_clavier_cherry.stl id:0 copy 0
G1 X130.666 Y78.237 F10800
G1 Z1.55 F720
M73 P40 R13
G1 E.8 F2100
M204 S800
;TYPE:Perimeter
;WIDTH:0.449999
G1 F3000
G1 X130.61 Y78.166 E.00236
;WIDTH:0.497082
G1 X130.516 Y78.111 E.00316
;WIDTH:0.544164
G1 X130.422 Y78.056 E.00348
;WIDTH:0.591246
G1 X130.328 Y78.001 E.0038
;WIDTH:0.638328
G1 X130.234 Y77.946 E.00412
G1 X118.443 Y77.946 E.4457
G1 X118.443 Y77.34 E.02291
G1 X130.234 Y77.34 E.4457
G1 X130.405 Y77.317 E.00652
;WIDTH:0.591246
G1 X130.576 Y77.293 E.00602
;WIDTH:0.544164
G1 X130.746 Y77.27 E.00548
;WIDTH:0.497082
G1 X130.917 Y77.246 E.00501
;WIDTH:0.449999
G1 X139.504 Y77.246 E.22374
G1 X139.504 Y93.96 E.4355
G1 X131.028 Y93.96 E.22085
M73 P41 R13
G1 X130.234 Y93.981 E.0207
;WIDTH:0.408245
G1 X118.328 Y93.981 E.27922
G1 X118.328 Y93.605 E.00882
G1 X130.234 Y93.605 E.27922
;WIDTH:0.41426
G1 X130.34 Y93.599 E.00253
;WIDTH:0.449999
G1 X130.736 Y93.375 E.01185
G1 X130.861 Y92.999 E.01032
G1 X130.861 Y90.667 E.06076
G1 X130.846 Y90.531 E.00357
G1 X130.733 Y90.288 E.00698
G1 X130.523 Y90.111 E.00716
G1 X130.234 Y90.04 E.00775
G1 X118.349 Y90.04 E.30967
G1 X118.349 Y81.626 E.21923
G1 X130.234 Y81.626 E.30967
G1 X130.392 Y81.606 E.00415
G1 X130.62 Y81.494 E.00662
G1 X130.798 Y81.274 E.00737
G1 X130.861 Y80.999 E.00735
G1 X130.861 Y78.667 E.06076
G1 X130.813 Y78.426 E.0064
G1 X130.702 Y78.284 E.0047
M204 S1000
G1 X130.375 Y78.531 F10800
M204 S800
;TYPE:External perimeter
G1 F2400
G1 X130.36 Y78.5 E.0009
G1 X130.234 Y78.458 E.00346
G1 F2399.995
G1 X117.931 Y78.458 E.32056
G1 X117.931 Y76.828 E.04247
G1 X139.921 Y76.828 E.57297
G1 F2400
G1 X139.921 Y77.503 E.01759
G1 X139.921 Y93.703 E.4221
G1 F2399.995
G1 X139.921 Y94.378 E.01759
G1 X117.931 Y94.378 E.57297
G1 X117.931 Y93.208 E.03049
G1 X130.234 Y93.208 E.32056
G1 F2400
G1 X130.401 Y93.125 E.00486
G1 X130.443 Y92.999 E.00346
G1 X130.443 Y90.667 E.06076
G1 X130.382 Y90.52 E.00415
G1 X130.234 Y90.458 E.00418
G1 F2399.995
G1 X117.931 Y90.458 E.32056
G1 X117.931 Y81.208 E.24102
G1 X130.234 Y81.208 E.32056
G1 F2400
G1 X130.385 Y81.144 E.00427
G1 X130.443 Y80.999 E.00407
G1 X130.443 Y78.667 E.06076
G1 X130.402 Y78.585 E.00239
M204 S1000
;WIPE_START
G1 F8640
G1 X130.375 Y78.531 E-.01394
G1 X130.36 Y78.5 E-.00795
G1 X130.234 Y78.458 E-.03067
G1 X126.997 Y78.458 E-.74744
;WIPE_END
G1 Z1.95 F720
G1 X126.159 Y81.981 F10800
G1 Z1.55 F720
G1 E.8 F2100
M204 S2000
;TYPE:Internal infill
;WIDTH:0.45
G1 F3600
G1 X137.783 Y93.605 E.42833
G1 X135.333 Y93.605 E.06384
G1 X138.7 Y81.039 E.33897
G1 X138.7 Y80.342 E.01816
G1 X135.96 Y77.601 E.10098
G1 X134.431 Y77.601 E.03984
G1 X131.068 Y90.154 E.33861
G1 X131.194 Y90.456 E.00853
G1 X131.216 Y91.129 E.01754
G1 X138.7 Y89.123 E.20188
G1 X138.7 Y87.432 E.04406
G1 X131.21 Y79.941 E.27601
G1 X131.206 Y80.75 E.02108
G1 X138.7 Y78.742 E.20215
G1 X138.7 Y77.601 E.02973
G1 X137.341 Y77.601 E.03541
M204 S1000
;WIPE_START
G1 F8640
G1 X138.7 Y77.601 E-.3138
G1 X138.7 Y78.742 E-.26346
G1 X137.768 Y78.992 E-.22274
;WIPE_END
G1 Z1.95 F720
G1 X139.133 Y77.616 F10800
G1 Z1.55 F720
G1 E.8 F2100
M204 S2000
;TYPE:Solid infill
;WIDTH:0.480116
G1 F3000
G1 X139.133 Y93.59 E.44622
M204 S1000
;WIPE_START
G1 F8640
G1 X139.133 Y90.125 E-.8
;WIPE_END
G1 Z1.95 F720
G1 X138.7 Y86.433 F10800
G1 Z1.55 F720
G1 E.8 F2100
M204 S2000
;TYPE:Internal infill
;WIDTH:0.45
G1 F3600
G1 X138.7 Y83.933 E.06514
G1 X118.704 Y89.291 E.53939
G1 X118.704 Y88.707 E.01522
G1 X119.683 Y89.686 E.03607
G1 X120.812 Y89.687 E.02942
G1 X122.876 Y81.981 E.20786
G1 X119.069 Y81.981 E.09919
G1 X126.778 Y89.69 E.28406
G1 X126.001 Y89.69 E.02025
G1 X128.067 Y81.981 E.20795
G1 X126.612 Y81.981 E.03791
G1 X118.704 Y84.1 E.21332
G1 X118.704 Y86.6 E.06514
M204 S1000
;LAYER_CHANGE
;Z:1.7
;HEIGHT:0.15
;BEFORE_LAYER_CHANGE
G92 E0.0
;1.7


;WIPE_START
G1 F8640
G1 X118.704 Y84.1 E-.57726
G1 X119.636 Y83.85 E-.22274
;WIPE_END
G1 Z1.7 F720
;AFTER_LAYER_CHANGE
;1.7
G1 Z2.1
; stop printing object pieds_clavier_cherry.stl id:0 copy 0
; printing object pieds_clavier_cherry.stl id:1 copy 0
G1 X134.283 Y141.584 F10800
G1 Z1.7 F720
G1 E.8 F2100
M204 S800
;TYPE:Perimeter
;WIDTH:0.449999
G1 F3000
G1 X134.228 Y141.513 E.00234
;WIDTH:0.497082
G1 X134.134 Y141.458 E.00316
;WIDTH:0.544164
G1 X134.04 Y141.404 E.00346
;WIDTH:0.591246
G1 X133.946 Y141.349 E.0038
;WIDTH:0.638328
G1 X133.852 Y141.294 E.00412
G1 X122.601 Y141.294 E.42529
G1 F1505.086
G1 X121.605 Y141.294 E.03765
G1 F1443.037
G1 X121.608 Y140.555 E.02793
G1 F1457.54
G1 X121.766 Y140.688 E.00781
G1 F1554.541
G1 X122.601 Y140.688 E.03156
G1 F3000
G1 X133.852 Y140.688 E.42529
G1 X134.023 Y140.664 E.00653
;WIDTH:0.591246
G1 X134.194 Y140.641 E.00602
;WIDTH:0.544164
G1 X134.364 Y140.617 E.00548
;WIDTH:0.497082
G1 X134.535 Y140.594 E.005
;WIDTH:0.449999
G1 X143.077 Y140.594 E.22257
G1 X143.077 Y157.308 E.4355
G1 X134.646 Y157.308 E.21968
G1 X133.852 Y157.329 E.0207
;WIDTH:0.408245
G1 X121.766 Y157.329 E.28344
;WIDTH:0.410518
G1 F1514.096
G1 X121.701 Y157.331 E.00153
G1 F1481.235
G1 X121.494 Y157.56 E.00728
G1 F1457.672
G1 X121.491 Y156.954 E.0143
G1 F1479.905
G1 X121.766 Y156.953 E.00649
;WIDTH:0.408245
G1 F3000
G1 X133.852 Y156.953 E.28344
;WIDTH:0.41426
G1 X133.957 Y156.947 E.00251
;WIDTH:0.449999
G1 X134.354 Y156.723 E.01188
G1 X134.479 Y156.347 E.01032
G1 X134.479 Y154.015 E.06076
G1 X134.465 Y153.881 E.00351
G1 X134.351 Y153.635 E.00706
G1 X134.14 Y153.458 E.00718
G1 X133.852 Y153.388 E.00772
G1 X122.224 Y153.388 E.30298
G1 F1543.164
G1 X121.507 Y153.388 E.01868
G1 F1453.464
G1 X121.507 Y144.974 E.21923
G1 F1551.128
G1 X122.224 Y144.974 E.01868
G1 F3000
G1 X133.852 Y144.974 E.30298
G1 X134.009 Y144.954 E.00412
G1 X134.236 Y144.843 E.00658
G1 X134.416 Y144.621 E.00745
G1 X134.479 Y144.347 E.00733
G1 X134.479 Y142.015 E.06076
G1 X134.431 Y141.774 E.0064
G1 X134.32 Y141.632 E.0047
M204 S1000
G1 X133.993 Y141.879 F10800
M204 S800
;TYPE:External perimeter
G1 F2400
G1 X133.978 Y141.848 E.0009
G1 X133.852 Y141.806 E.00346
G1 F2399.995
G1 X122.224 Y141.806 E.30298
G1 F1200
G1 X121.324 Y141.806 E.02345
G1 F900
M73 P42 R13
G1 X121.124 Y141.806 E.00521
M204 S1000
;TYPE:Overhang perimeter
G1 X121.091 Y141.806 E.00086
G1 X121.095 Y140.844 E.02507
;WIDTH:0.47023
G1 X121.108 Y139.97 E.02388
G1 X121.11 Y138.933 E.02833
;WIDTH:0.464435
G1 X121.539 Y138.933 E.01156
G1 X121.541 Y139.147 E.00577
;WIDTH:0.466781
G1 X121.545 Y139.751 E.01637
M204 S800
;TYPE:External perimeter
;WIDTH:0.47023
G1 X121.546 Y139.951 E.00546
G1 F1200
G1 X121.547 Y139.969 E.00049
G1 F1246.578
G1 X121.766 Y140.176 E.00823
;WIDTH:0.449999
G1 F1652.542
G1 X122.441 Y140.176 E.01759
G1 F2399.995
G1 X143.494 Y140.176 E.54855
G1 X143.494 Y140.851 E.01759
G1 F2400
G1 X143.494 Y157.051 E.4221
G1 F2399.995
G1 X143.494 Y157.726 E.01759
G1 X122.441 Y157.726 E.54855
G1 F1567.602
G1 X121.766 Y157.726 E.01759
;WIDTH:0.470815
G1 F1246.676
G1 X121.547 Y157.932 E.00822
G1 F1200
G1 X121.546 Y157.951 E.00052
G1 F900
G1 X121.545 Y158.151 E.00547
M204 S1000
;TYPE:Overhang perimeter
;WIDTH:0.470152
G1 X121.539 Y158.968 E.02231
;WIDTH:0.464633
G1 X121.11 Y158.968 E.01157
G1 X121.109 Y158.753 E.0058
;WIDTH:0.470815
G1 X121.108 Y157.931 E.02248
G1 X121.094 Y157.146 E.02148
;WIDTH:0.449999
G1 X121.091 Y156.556 E.01537
G1 X121.124 Y156.556 E.00086
M204 S800
;TYPE:External perimeter
G1 X121.324 Y156.556 E.00521
G1 F1200
G1 X122.224 Y156.556 E.02345
G1 F2399.995
G1 X133.852 Y156.556 E.30298
G1 F2400
G1 X134.019 Y156.472 E.00487
G1 X134.061 Y156.347 E.00344
G1 X134.061 Y154.015 E.06076
G1 X134 Y153.867 E.00417
G1 X133.852 Y153.806 E.00417
G1 F2399.995
G1 X122.224 Y153.806 E.30298
G1 F1200
G1 X121.324 Y153.806 E.02345
G1 F900
G1 X121.124 Y153.806 E.00521
M204 S1000
;TYPE:Overhang perimeter
G1 X121.09 Y153.806 E.00089
G1 X121.09 Y144.556 E.24102
G1 X121.124 Y144.556 E.00089
M204 S800
;TYPE:External perimeter
G1 X121.324 Y144.556 E.00521
G1 F1200
G1 X122.224 Y144.556 E.02345
G1 F2400
G1 X133.852 Y144.556 E.30298
G1 X134.003 Y144.492 E.00427
G1 X134.061 Y144.347 E.00407
G1 X134.061 Y142.015 E.06076
G1 X134.02 Y141.932 E.00241
M204 S1000
;WIPE_START
G1 F8640
G1 X133.993 Y141.879 E-.01373
G1 X133.978 Y141.848 E-.00795
G1 X133.852 Y141.806 E-.03067
G1 X130.614 Y141.806 E-.74765
;WIPE_END
G1 Z2.1 F720
G1 X129.927 Y145.329 F10800
G1 Z1.7 F720
G1 E.8 F2100
M204 S2000
;TYPE:Internal infill
;WIDTH:0.45
G1 F3600
G1 X141.551 Y156.953 E.42833
G1 X138.841 Y156.953 E.07061
G1 X142.187 Y144.468 E.33679
G1 X142.187 Y143.408 E.02762
G1 X139.728 Y140.949 E.09061
G1 X137.939 Y140.949 E.04661
G1 X134.604 Y153.395 E.33573
G1 X134.813 Y153.807 E.01204
G1 X134.834 Y154.586 E.0203
G1 X142.187 Y152.616 E.19834
G1 X142.187 Y150.498 E.05519
G1 X134.828 Y143.14 E.27115
G1 X134.823 Y144.208 E.02783
G1 X142.187 Y142.235 E.19864
G1 X142.187 Y140.949 E.03351
G1 X140.973 Y140.949 E.03163
M204 S1000
;WIPE_START
G1 F8640
G1 X142.187 Y140.949 E-.28032
G1 X142.187 Y142.235 E-.29694
G1 X141.255 Y142.485 E-.22274
;WIPE_END
G1 Z2.1 F720
G1 X142.187 Y149.925 F10800
G1 Z1.7 F720
G1 E.8 F2100
M204 S2000
G1 F3600
G1 X142.187 Y147.425 E.06514
G1 X122.41 Y152.724 E.53348
G1 X122.41 Y151.992 E.01907
G1 X123.451 Y153.034 E.03838
G1 X124.32 Y153.034 E.02264
G1 X126.384 Y145.329 E.20784
G1 X122.837 Y145.329 E.09242
G1 X130.546 Y153.038 E.28406
G1 X129.509 Y153.037 E.02702
G1 X131.575 Y145.329 E.20793
G1 X130.639 Y145.329 E.02439
G1 X122.41 Y147.534 E.22198
G1 X122.41 Y150.034 E.06514
M204 S1000
;WIPE_START
G1 F8640
G1 X122.41 Y147.534 E-.57726
G1 X123.342 Y147.284 E-.22274
;WIPE_END
G1 Z2.1 F720
G1 X121.927 Y152.968 F10800
G1 Z1.7 F720
G1 E.8 F2100
M204 S2000
;TYPE:Solid infill
;WIDTH:0.579302
G1 F3000
G1 X121.927 Y145.393 E.25845
M204 S1000
;WIPE_START
G1 F8640
G1 X121.927 Y148.858 E-.8
;WIPE_END
G1 Z2.1 F720
G1 X142.663 Y156.894 F10800
G1 Z1.7 F720
G1 E.8 F2100
M204 S2000
;WIDTH:0.566754
G1 F3000
G1 X142.663 Y141.007 E.52962
M204 S1000
;WIPE_START
G1 F8640
G1 X142.663 Y144.472 E-.8
;WIPE_END
G1 Z2.1 F720
; stop printing object pieds_clavier_cherry.stl id:1 copy 0
; printing object pieds_clavier_cherry.stl id:2 copy 0
G1 X131.852 Y108.749 F10800
G1 Z1.7 F720
G1 E.8 F2100
M204 S800
;TYPE:Perimeter
;WIDTH:0.449999
G1 F3000
G1 X131.797 Y108.678 E.00234
;WIDTH:0.497082
G1 X131.703 Y108.623 E.00316
;WIDTH:0.544164
G1 X131.609 Y108.568 E.00348
;WIDTH:0.591246
G1 X131.515 Y108.513 E.0038
;WIDTH:0.638328
G1 X131.421 Y108.458 E.00412
G1 X120.169 Y108.458 E.42533
G1 F1505.086
G1 X119.173 Y108.458 E.03765
G1 F1443.037
G1 X119.176 Y107.719 E.02793
G1 F1457.54
G1 X119.334 Y107.852 E.00781
G1 F1554.541
G1 X120.169 Y107.852 E.03156
G1 F3000
G1 X131.421 Y107.852 E.42533
G1 X131.591 Y107.829 E.00648
;WIDTH:0.591246
G1 X131.762 Y107.805 E.00602
;WIDTH:0.544164
G1 X131.933 Y107.781 E.00551
;WIDTH:0.497082
G1 X132.103 Y107.758 E.00497
;WIDTH:0.449999
G1 X140.645 Y107.758 E.22257
G1 X140.645 Y124.472 E.4355
G1 X132.215 Y124.472 E.21965
G1 X131.421 Y124.493 E.0207
;WIDTH:0.408245
G1 X119.334 Y124.493 E.28346
;WIDTH:0.410518
G1 F1514.096
G1 X119.27 Y124.496 E.00151
G1 F1481.235
G1 X119.062 Y124.724 E.00728
G1 F1457.672
G1 X119.059 Y124.118 E.0143
G1 F1479.905
G1 X119.334 Y124.117 E.00649
;WIDTH:0.408245
G1 F3000
G1 X131.421 Y124.117 E.28346
;WIDTH:0.41426
G1 X131.526 Y124.111 E.00251
;WIDTH:0.449999
G1 X131.922 Y123.887 E.01185
G1 X132.047 Y123.511 E.01032
G1 X132.047 Y121.179 E.06076
G1 X132.033 Y121.045 E.00351
G1 X131.919 Y120.799 E.00706
G1 X131.708 Y120.622 E.00718
G1 X131.421 Y120.552 E.0077
G1 X119.792 Y120.552 E.303
G1 F1543.164
G1 X119.076 Y120.552 E.01866
G1 F1453.464
G1 X119.076 Y112.138 E.21923
G1 F1551.128
G1 X119.792 Y112.138 E.01866
G1 F3000
G1 X131.421 Y112.138 E.303
G1 X131.577 Y112.118 E.0041
G1 X131.804 Y112.007 E.00658
G1 X131.984 Y111.786 E.00743
G1 X132.047 Y111.511 E.00735
G1 X132.047 Y109.179 E.06076
G1 X131.999 Y108.938 E.0064
G1 X131.889 Y108.796 E.00468
M204 S1000
G1 X131.562 Y109.043 F10800
M204 S800
;TYPE:External perimeter
G1 F2400
G1 X131.546 Y109.012 E.00091
G1 X131.421 Y108.97 E.00344
G1 F2399.995
G1 X119.792 Y108.97 E.303
G1 F1200
G1 X118.892 Y108.97 E.02345
G1 F900
G1 X118.692 Y108.97 E.00521
M204 S1000
;TYPE:Overhang perimeter
G1 X118.659 Y108.97 E.00086
G1 X118.663 Y108.008 E.02507
;WIDTH:0.47023
G1 X118.677 Y107.135 E.02385
G1 X118.679 Y106.097 E.02836
;WIDTH:0.464435
G1 X119.108 Y106.097 E.01156
G1 X119.11 Y106.311 E.00577
;WIDTH:0.466781
G1 X119.114 Y106.915 E.01637
M204 S800
;TYPE:External perimeter
;WIDTH:0.47023
G1 X119.115 Y107.115 E.00546
G1 F1200
G1 X119.115 Y107.133 E.00049
G1 F1246.578
G1 X119.334 Y107.34 E.00823
;WIDTH:0.449999
G1 F1652.542
G1 X120.009 Y107.34 E.01759
G1 F2399.995
G1 X141.063 Y107.34 E.54858
G1 X141.063 Y108.015 E.01759
M73 P43 R13
G1 F2400
G1 X141.063 Y124.215 E.4221
G1 F2399.995
G1 X141.063 Y124.89 E.01759
G1 X120.009 Y124.89 E.54858
G1 F1567.602
G1 X119.334 Y124.89 E.01759
;WIDTH:0.470815
G1 F1246.676
G1 X119.115 Y125.097 E.00824
G1 F1200
G1 X119.115 Y125.115 E.00049
G1 F900
G1 X119.113 Y125.315 E.00547
M204 S1000
;TYPE:Overhang perimeter
;WIDTH:0.470152
G1 X119.108 Y126.133 E.02234
;WIDTH:0.464633
G1 X118.678 Y126.133 E.0116
G1 X118.677 Y125.918 E.0058
;WIDTH:0.470815
G1 X118.676 Y125.096 E.02248
G1 X118.662 Y124.31 E.0215
;WIDTH:0.449999
G1 X118.659 Y123.72 E.01537
G1 X118.692 Y123.72 E.00086
M204 S800
;TYPE:External perimeter
G1 X118.892 Y123.72 E.00521
G1 F1200
G1 X119.792 Y123.72 E.02345
G1 F2399.995
G1 X131.421 Y123.72 E.303
G1 F2400
G1 X131.588 Y123.637 E.00486
G1 X131.63 Y123.511 E.00346
G1 X131.63 Y121.179 E.06076
G1 X131.568 Y121.031 E.00418
G1 X131.421 Y120.97 E.00415
G1 F2399.995
G1 X119.792 Y120.97 E.303
G1 F1200
G1 X118.892 Y120.97 E.02345
G1 F900
G1 X118.692 Y120.97 E.00521
M204 S1000
;TYPE:Overhang perimeter
G1 X118.658 Y120.97 E.00089
G1 X118.658 Y111.72 E.24102
G1 X118.692 Y111.72 E.00089
M204 S800
;TYPE:External perimeter
G1 X118.892 Y111.72 E.00521
G1 F1200
G1 X119.792 Y111.72 E.02345
G1 F2400
G1 X131.421 Y111.72 E.303
G1 X131.571 Y111.656 E.00425
G1 X131.63 Y111.511 E.00408
G1 X131.63 Y109.179 E.06076
G1 X131.588 Y109.097 E.0024
M204 S1000
;WIPE_START
G1 F8640
G1 X131.562 Y109.043 E-.01384
G1 X131.546 Y109.012 E-.00806
G1 X131.421 Y108.97 E-.03045
G1 X128.183 Y108.97 E-.74765
;WIPE_END
G1 Z2.1 F720
G1 X127.495 Y112.493 F10800
G1 Z1.7 F720
G1 E.8 F2100
M204 S2000
;TYPE:Internal infill
;WIDTH:0.45
G1 F3600
G1 X139.12 Y124.117 E.42834
G1 X136.41 Y124.117 E.07061
G1 X139.755 Y111.632 E.33678
G1 X139.755 Y110.572 E.02762
G1 X137.296 Y108.113 E.09061
G1 X135.508 Y108.113 E.04659
G1 X132.173 Y120.559 E.33573
G1 X132.381 Y120.972 E.01205
G1 X132.403 Y121.75 E.02028
G1 X139.755 Y119.78 E.19832
G1 X139.755 Y117.663 E.05516
G1 X132.397 Y110.304 E.27115
G1 X132.391 Y111.372 E.02783
G1 X139.755 Y109.399 E.19864
G1 X139.755 Y108.113 E.03351
G1 X138.541 Y108.113 E.03163
M204 S1000
;WIPE_START
G1 F8640
G1 X139.755 Y108.113 E-.28032
G1 X139.755 Y109.399 E-.29694
G1 X138.823 Y109.649 E-.22274
;WIPE_END
G1 Z2.1 F720
G1 X139.755 Y117.09 F10800
G1 Z1.7 F720
G1 E.8 F2100
M204 S2000
G1 F3600
G1 X139.755 Y114.59 E.06514
G1 X119.978 Y119.889 E.53348
G1 X119.978 Y119.157 E.01907
G1 X121.02 Y120.198 E.03838
G1 X121.888 Y120.199 E.02262
G1 X123.953 Y112.493 E.20787
G1 X120.405 Y112.493 E.09245
G1 X128.114 Y120.202 E.28406
G1 X127.078 Y120.202 E.02699
G1 X129.143 Y112.493 E.20795
G1 X128.208 Y112.493 E.02436
G1 X119.978 Y114.698 E.222
G1 X119.978 Y117.198 E.06514
M204 S1000
;WIPE_START
G1 F8640
G1 X119.978 Y114.698 E-.57726
G1 X120.91 Y114.448 E-.22274
;WIPE_END
G1 Z2.1 F720
G1 X119.496 Y120.133 F10800
G1 Z1.7 F720
G1 E.8 F2100
M204 S2000
;TYPE:Solid infill
;WIDTH:0.579302
G1 F3000
G1 X119.496 Y112.558 E.25845
M204 S1000
;WIPE_START
G1 F8640
G1 X119.496 Y116.023 E-.8
;WIPE_END
G1 Z2.1 F720
G1 X140.232 Y124.059 F10800
G1 Z1.7 F720
G1 E.8 F2100
M204 S2000
;WIDTH:0.566754
G1 F3000
G1 X140.232 Y108.171 E.52966
M204 S1000
;WIPE_START
G1 F8640
G1 X140.232 Y111.636 E-.8
;WIPE_END
G1 Z2.1 F720
; stop printing object pieds_clavier_cherry.stl id:2 copy 0
; printing object pieds_clavier_cherry.stl id:0 copy 0
G1 X130.666 Y78.237 F10800
G1 Z1.7 F720
G1 E.8 F2100
M204 S800
;TYPE:Perimeter
;WIDTH:0.449999
G1 F3000
G1 X130.61 Y78.166 E.00236
;WIDTH:0.497082
G1 X130.516 Y78.111 E.00316
;WIDTH:0.544164
G1 X130.422 Y78.056 E.00348
;WIDTH:0.591246
G1 X130.328 Y78.001 E.0038
;WIDTH:0.638328
G1 X130.234 Y77.946 E.00412
G1 X118.983 Y77.946 E.42529
G1 F1505.086
G1 X117.987 Y77.946 E.03765
G1 F1443.037
G1 X117.99 Y77.207 E.02793
G1 F1457.54
G1 X118.148 Y77.34 E.00781
G1 F1554.541
G1 X118.983 Y77.34 E.03156
G1 F3000
G1 X130.234 Y77.34 E.42529
G1 X130.405 Y77.317 E.00652
;WIDTH:0.591246
G1 X130.576 Y77.293 E.00602
;WIDTH:0.544164
G1 X130.746 Y77.27 E.00548
;WIDTH:0.497082
G1 X130.917 Y77.246 E.00501
;WIDTH:0.449999
G1 X139.459 Y77.246 E.22257
G1 X139.459 Y93.96 E.4355
G1 X131.028 Y93.96 E.21968
G1 X130.234 Y93.981 E.0207
;WIDTH:0.408245
G1 X118.148 Y93.981 E.28344
;WIDTH:0.410518
G1 F1514.096
G1 X118.083 Y93.984 E.00154
G1 F1481.235
G1 X117.876 Y94.212 E.00727
G1 F1457.672
G1 X117.873 Y93.606 E.0143
G1 F1479.905
G1 X118.148 Y93.605 E.00649
;WIDTH:0.408245
G1 F3000
G1 X130.234 Y93.605 E.28344
;WIDTH:0.41426
G1 X130.34 Y93.599 E.00253
;WIDTH:0.449999
G1 X130.736 Y93.375 E.01185
G1 X130.861 Y92.999 E.01032
G1 X130.861 Y90.667 E.06076
G1 X130.847 Y90.533 E.00351
G1 X130.733 Y90.287 E.00706
G1 X130.522 Y90.11 E.00718
G1 X130.234 Y90.04 E.00772
G1 X118.606 Y90.04 E.30298
G1 F1543.164
G1 X117.889 Y90.04 E.01868
G1 F1453.464
G1 X117.889 Y81.626 E.21923
G1 F1551.128
G1 X118.606 Y81.626 E.01868
G1 F3000
G1 X130.234 Y81.626 E.30298
G1 X130.391 Y81.606 E.00412
G1 X130.618 Y81.495 E.00658
G1 X130.798 Y81.274 E.00743
G1 X130.861 Y80.999 E.00735
G1 X130.861 Y78.667 E.06076
G1 X130.813 Y78.426 E.0064
G1 X130.702 Y78.284 E.0047
M204 S1000
G1 X130.375 Y78.531 F10800
M204 S800
;TYPE:External perimeter
G1 F2400
G1 X130.36 Y78.5 E.0009
G1 X130.234 Y78.458 E.00346
G1 F2399.995
G1 X118.606 Y78.458 E.30298
G1 F1200
G1 X117.706 Y78.458 E.02345
G1 F900
G1 X117.506 Y78.458 E.00521
M204 S1000
;TYPE:Overhang perimeter
G1 X117.473 Y78.458 E.00086
G1 X117.477 Y77.496 E.02507
;WIDTH:0.47023
G1 X117.491 Y76.623 E.02385
G1 X117.492 Y75.585 E.02836
;WIDTH:0.464435
G1 X117.921 Y75.585 E.01156
G1 X117.923 Y75.799 E.00577
;WIDTH:0.466781
G1 X117.927 Y76.403 E.01637
M204 S800
;TYPE:External perimeter
;WIDTH:0.47023
G1 X117.928 Y76.603 E.00546
G1 F1200
G1 X117.929 Y76.621 E.00049
G1 F1246.578
G1 X118.148 Y76.828 E.00823
;WIDTH:0.449999
G1 F1652.542
G1 X118.823 Y76.828 E.01759
G1 F2399.995
G1 X139.876 Y76.828 E.54855
G1 X139.876 Y77.503 E.01759
M73 P44 R13
G1 F2400
G1 X139.876 Y93.703 E.4221
G1 F2399.995
G1 X139.876 Y94.378 E.01759
G1 X118.823 Y94.378 E.54855
G1 F1567.602
G1 X118.148 Y94.378 E.01759
;WIDTH:0.470815
G1 F1246.676
G1 X117.929 Y94.585 E.00824
G1 F1200
G1 X117.928 Y94.603 E.00049
G1 F900
G1 X117.927 Y94.803 E.00547
M204 S1000
;TYPE:Overhang perimeter
;WIDTH:0.470152
G1 X117.921 Y95.621 E.02234
;WIDTH:0.464633
G1 X117.492 Y95.621 E.01157
G1 X117.491 Y95.406 E.0058
;WIDTH:0.470815
G1 X117.49 Y94.584 E.02248
G1 X117.476 Y93.798 E.0215
;WIDTH:0.449999
G1 X117.473 Y93.208 E.01537
G1 X117.506 Y93.208 E.00086
M204 S800
;TYPE:External perimeter
G1 X117.706 Y93.208 E.00521
G1 F1200
G1 X118.606 Y93.208 E.02345
G1 F2399.995
G1 X130.234 Y93.208 E.30298
G1 F2400
G1 X130.401 Y93.125 E.00486
G1 X130.443 Y92.999 E.00346
G1 X130.443 Y90.667 E.06076
G1 X130.382 Y90.519 E.00417
G1 X130.234 Y90.458 E.00417
G1 F2399.995
G1 X118.606 Y90.458 E.30298
G1 F1200
G1 X117.706 Y90.458 E.02345
G1 F900
G1 X117.506 Y90.458 E.00521
M204 S1000
;TYPE:Overhang perimeter
G1 X117.472 Y90.458 E.00089
G1 X117.472 Y81.208 E.24102
G1 X117.506 Y81.208 E.00089
M204 S800
;TYPE:External perimeter
G1 X117.706 Y81.208 E.00521
G1 F1200
G1 X118.606 Y81.208 E.02345
G1 F2400
G1 X130.234 Y81.208 E.30298
G1 X130.385 Y81.144 E.00427
G1 X130.443 Y80.999 E.00407
G1 X130.443 Y78.667 E.06076
G1 X130.402 Y78.585 E.00239
M204 S1000
;WIPE_START
G1 F8640
G1 X130.375 Y78.531 E-.01394
G1 X130.36 Y78.5 E-.00795
G1 X130.234 Y78.458 E-.03067
G1 X126.997 Y78.458 E-.74744
;WIPE_END
G1 Z2.1 F720
G1 X126.309 Y81.981 F10800
G1 Z1.7 F720
G1 E.8 F2100
M204 S2000
;TYPE:Internal infill
;WIDTH:0.45
G1 F3600
G1 X137.933 Y93.605 E.42833
G1 X135.224 Y93.605 E.07059
G1 X138.569 Y81.12 E.33678
G1 X138.569 Y80.06 E.02762
G1 X136.11 Y77.601 E.09061
G1 X134.321 Y77.601 E.04661
G1 X130.986 Y90.047 E.33573
G1 X131.195 Y90.46 E.01206
G1 X131.216 Y91.238 E.02028
G1 X138.569 Y89.268 E.19834
G1 X138.569 Y87.151 E.05516
G1 X131.21 Y79.792 E.27117
G1 X131.205 Y80.86 E.02783
G1 X138.569 Y78.887 E.19864
G1 X138.569 Y77.601 E.03351
G1 X137.355 Y77.601 E.03163
M204 S1000
;WIPE_START
G1 F8640
G1 X138.569 Y77.601 E-.28032
G1 X138.569 Y78.887 E-.29694
G1 X137.637 Y79.137 E-.22274
;WIPE_END
G1 Z2.1 F720
G1 X138.569 Y86.578 F10800
G1 Z1.7 F720
G1 E.8 F2100
M204 S2000
G1 F3600
G1 X138.569 Y84.078 E.06514
G1 X118.792 Y89.377 E.53348
G1 X118.792 Y88.645 E.01907
G1 X119.833 Y89.686 E.03836
G1 X120.702 Y89.687 E.02264
G1 X122.766 Y81.981 E.20786
G1 X119.219 Y81.981 E.09242
G1 X126.928 Y89.69 E.28406
G1 X125.892 Y89.69 E.02699
G1 X127.957 Y81.981 E.20795
G1 X127.021 Y81.981 E.02439
G1 X118.792 Y84.186 E.22198
G1 X118.792 Y86.686 E.06514
M204 S1000
;WIPE_START
G1 F8640
G1 X118.792 Y84.186 E-.57726
G1 X119.724 Y83.936 E-.22274
;WIPE_END
G1 Z2.1 F720
G1 X118.309 Y89.621 F10800
G1 Z1.7 F720
G1 E.8 F2100
M204 S2000
;TYPE:Solid infill
;WIDTH:0.579302
G1 F3000
G1 X118.309 Y82.046 E.25845
M204 S1000
;WIPE_START
G1 F8640
G1 X118.309 Y85.511 E-.8
;WIPE_END
G1 Z2.1 F720
G1 X139.045 Y93.547 F10800
G1 Z1.7 F720
G1 E.8 F2100
M204 S2000
;WIDTH:0.566754
G1 F3000
G1 X139.045 Y77.659 E.52966
M204 S1000
;LAYER_CHANGE
;Z:1.85
;HEIGHT:0.15
;BEFORE_LAYER_CHANGE
G92 E0.0
;1.85


;WIPE_START
G1 F8640
G1 X139.045 Y81.124 E-.8
;WIPE_END
G1 Z1.85 F720
;AFTER_LAYER_CHANGE
;1.85
G1 Z2.25
; stop printing object pieds_clavier_cherry.stl id:0 copy 0
; printing object pieds_clavier_cherry.stl id:1 copy 0
G1 X134.283 Y141.584 F10800
G1 Z1.85 F720
G1 E.8 F2100
M204 S800
;TYPE:Perimeter
;WIDTH:0.449999
G1 F3000
G1 X134.228 Y141.513 E.00234
;WIDTH:0.497082
G1 X134.134 Y141.458 E.00316
;WIDTH:0.544164
G1 X134.04 Y141.404 E.00346
;WIDTH:0.591246
G1 X133.946 Y141.349 E.0038
;WIDTH:0.638328
G1 X133.852 Y141.294 E.00412
G1 X122.075 Y141.294 E.44518
G1 F1403.735
G1 X121.967 Y141.317 E.00417
;WIDTH:0.591245
G1 F1400.889
G1 X121.858 Y141.341 E.00389
;WIDTH:0.544163
G1 F1397.536
G1 X121.75 Y141.364 E.00353
;WIDTH:0.497081
G1 F1393.53
G1 X121.641 Y141.388 E.00324
;WIDTH:0.449999
G1 F1350.635
G1 X121.199 Y141.388 E.01152
G1 F1297.658
G1 X121.198 Y140.946 E.01152
G1 F1295.109
G1 X121.176 Y140.455 E.01281
;WIDTH:0.408614
G1 F1299.659
G1 X121.155 Y139.964 E.01154
;WIDTH:0.368668
G1 F1307.966
G1 X121.155 Y139.303 E.01387
G1 F1356.954
G1 X121.492 Y139.303 E.00707
G1 F1403.146
G1 X121.491 Y139.472 E.00355
;WIDTH:0.372926
G1 F1401.342
G1 X121.496 Y140.069 E.01269
;WIDTH:0.411463
G1 F1403.497
G1 X121.659 Y140.305 E.00678
;WIDTH:0.449999
G1 F1422.35
G1 X121.821 Y140.54 E.00744
;WIDTH:0.497081
G1 F1424.719
G1 X121.885 Y140.577 E.00214
;WIDTH:0.544163
G1 F1417.977
G1 X121.948 Y140.614 E.00233
;WIDTH:0.591245
G1 F1412.261
G1 X122.012 Y140.651 E.00258
;WIDTH:0.638327
G1 F1407.356
G1 X122.075 Y140.688 E.00276
G1 F3000
G1 X133.852 Y140.688 E.44517
G1 X134.023 Y140.664 E.00653
;WIDTH:0.591246
G1 X134.194 Y140.641 E.00602
;WIDTH:0.544164
G1 X134.364 Y140.617 E.00548
;WIDTH:0.497082
G1 X134.535 Y140.594 E.005
;WIDTH:0.449999
G1 X143.024 Y140.594 E.22119
G1 X143.024 Y157.308 E.4355
G1 X134.646 Y157.308 E.21829
G1 X133.852 Y157.329 E.0207
;WIDTH:0.408245
G1 X122.075 Y157.329 E.27619
;WIDTH:0.445744
G1 F1476.107
G1 X121.93 Y157.365 E.00385
;WIDTH:0.483242
G1 F1428.618
G1 X121.784 Y157.401 E.00423
;WIDTH:0.52074
G1 F1385.388
G1 X121.639 Y157.437 E.00455
G1 F1367.515
G1 X121.602 Y157.562 E.00397
;WIDTH:0.482323
G1 F1372.862
G1 X121.564 Y157.687 E.00367
;WIDTH:0.443907
G1 F1379.093
G1 X121.527 Y157.812 E.00335
;WIDTH:0.40549
G1 F1386.445
G1 X121.49 Y157.937 E.00303
;WIDTH:0.368538
G1 F1399.918
G1 X121.492 Y158.599 E.01389
G1 F1353.68
G1 X121.155 Y158.599 E.00707
G1 F1304.326
G1 X121.155 Y157.933 E.01397
;WIDTH:0.405485
G1 F1296.527
G1 X121.175 Y157.702 E.0054
;WIDTH:0.443903
G1 F1292.165
G1 X121.195 Y157.471 E.00595
;WIDTH:0.482322
G1 F1288.485
G1 X121.214 Y157.24 E.00651
;WIDTH:0.52074
G1 F1285.336
G1 X121.234 Y157.009 E.00706
G1 F1313.358
G1 X121.478 Y157.009 E.00743
G1 F1358.783
G1 X121.677 Y156.99 E.00609
;WIDTH:0.483242
G1 F1412.359
G1 X121.876 Y156.971 E.00562
;WIDTH:0.445744
G1 F1470.557
G1 X122.075 Y156.953 E.00515
;WIDTH:0.408245
G1 F3000
G1 X133.852 Y156.953 E.27619
;WIDTH:0.41426
G1 X133.957 Y156.947 E.00251
;WIDTH:0.449999
G1 X134.354 Y156.723 E.01188
G1 X134.479 Y156.347 E.01032
G1 X134.479 Y154.015 E.06076
G1 X134.465 Y153.884 E.00343
G1 X134.35 Y153.634 E.00717
G1 X134.138 Y153.457 E.0072
G1 X133.852 Y153.388 E.00767
G1 X121.765 Y153.388 E.31494
G1 F1368.787
G1 X121.2 Y153.388 E.01472
G1 F1308.228
G1 X121.2 Y144.974 E.21923
G1 F1373.106
G1 X121.765 Y144.974 E.01472
G1 F3000
G1 X133.852 Y144.974 E.31494
G1 X134.007 Y144.954 E.00407
G1 X134.234 Y144.844 E.00657
G1 X134.416 Y144.621 E.0075
G1 X134.479 Y144.347 E.00733
G1 X134.479 Y142.015 E.06076
G1 X134.431 Y141.774 E.0064
G1 X134.32 Y141.632 E.0047
M204 S1000
G1 X133.993 Y141.879 F10800
M204 S800
;TYPE:External perimeter
G1 F2400
G1 X133.978 Y141.848 E.0009
G1 X133.852 Y141.806 E.00346
G1 F2399.995
G1 X121.765 Y141.806 E.31494
G1 F1200
G1 X120.865 Y141.806 E.02345
G1 F978.681
G1 X120.782 Y141.806 E.00216
G1 F930.764
G1 X120.777 Y138.926 E.07504
G1 X121.871 Y138.926 E.0285
G1 F936.067
G1 X121.866 Y139.951 E.02671
G1 F1200
G1 X121.866 Y139.966 E.00039
G1 F1240.6
G1 X121.991 Y140.158 E.00597
G1 F1482.392
G1 X122.075 Y140.176 E.00224
G1 F1657.138
G1 X122.75 Y140.176 E.01759
G1 F2399.995
G1 X143.442 Y140.176 E.53914
G1 X143.442 Y140.851 E.01759
M73 P45 R13
G1 F2400
G1 X143.442 Y157.051 E.4221
G1 F2399.989
G1 X143.442 Y157.726 E.01759
G1 X122.75 Y157.726 E.53914
G1 F1651.424
G1 X122.075 Y157.726 E.01759
G1 F1474.718
G1 X121.938 Y157.778 E.00382
G1 F1244.006
G1 X121.866 Y157.934 E.00448
G1 F1200
G1 X121.867 Y157.951 E.00044
G1 F936.465
G1 X121.871 Y158.976 E.02671
G1 F931.365
G1 X120.777 Y158.976 E.0285
G1 X120.782 Y156.556 E.06305
G1 F978.079
G1 X120.865 Y156.556 E.00216
G1 F1200
G1 X121.765 Y156.556 E.02345
G1 F2399.995
G1 X133.852 Y156.556 E.31494
G1 F2400
M73 P45 R12
G1 X134.019 Y156.472 E.00487
G1 X134.061 Y156.347 E.00344
G1 X134.061 Y154.015 E.06076
G1 X134 Y153.867 E.00417
G1 X133.852 Y153.806 E.00417
G1 F2399.995
G1 X121.765 Y153.806 E.31494
G1 F1200
G1 X120.865 Y153.806 E.02345
G1 F979.741
G1 X120.782 Y153.806 E.00216
G1 X120.782 Y144.556 E.24102
G1 X120.865 Y144.556 E.00216
G1 F1200
G1 X121.765 Y144.556 E.02345
G1 F2400
G1 X133.852 Y144.556 E.31494
G1 X134.002 Y144.492 E.00425
G1 X134.061 Y144.347 E.00408
G1 X134.061 Y142.015 E.06076
G1 X134.02 Y141.932 E.00241
M204 S1000
;WIPE_START
G1 F8640
G1 X133.993 Y141.879 E-.01373
G1 X133.978 Y141.848 E-.00795
G1 X133.852 Y141.806 E-.03067
G1 X130.614 Y141.806 E-.74765
;WIPE_END
G1 Z2.25 F720
G1 X130.077 Y145.329 F10800
G1 Z1.85 F720
G1 E.8 F2100
M204 S2000
;TYPE:Internal infill
;WIDTH:0.45
G1 F3600
G1 X141.701 Y156.953 E.42833
G1 X138.732 Y156.953 E.07736
G1 X142.026 Y144.658 E.33165
G1 X142.026 Y143.306 E.03523
M204 S1000
;WIPE_START
G1 F8640
G1 X142.026 Y144.658 E-.31218
G1 X141.479 Y146.699 E-.48782
;WIPE_END
G1 Z2.25 F720
G1 X142.717 Y140.9 F10800
G1 Z1.85 F720
G1 E.8 F2100
M204 S2000
;TYPE:Solid infill
;WIDTH:0.353631
G1 F3000
G1 X142.717 Y157.001 E.32276
G1 X142.396 Y157.001 E.00643
G1 X142.396 Y140.9 E.32276
G1 X142.508 Y140.9 E.00225
M204 S1000
;WIPE_START
G1 F8640
G1 X142.396 Y140.9 E-.02586
G1 X142.396 Y144.253 E-.77414
;WIPE_END
G1 Z2.25 F720
G1 X142.026 Y155.269 F10800
G1 Z1.85 F720
G1 E.8 F2100
M204 S2000
;TYPE:Internal infill
;WIDTH:0.45
G1 F3600
G1 X142.026 Y152.769 E.06514
G1 X134.834 Y154.696 E.194
G1 X134.813 Y153.812 E.02304
G1 X134.707 Y153.531 E.00783
G1 X134.52 Y153.299 E.00776
G1 X137.829 Y140.949 E.33314
G1 X139.878 Y140.949 E.05339
G1 X142.026 Y143.097 E.07915
G1 X142.026 Y142.387 E.0185
G1 X134.822 Y144.318 E.19433
G1 X134.829 Y142.99 E.0346
G1 X142.026 Y150.187 E.2652
G1 X142.026 Y147.578 E.06798
G1 X122.41 Y152.834 E.52914
G1 X122.41 Y151.842 E.02585
G1 X123.601 Y153.034 E.0439
G1 X124.21 Y153.034 E.01587
G1 X126.275 Y145.329 E.20784
G1 X122.987 Y145.329 E.08567
G1 X130.696 Y153.038 E.28406
G1 X129.4 Y153.037 E.03377
G1 X131.465 Y145.329 E.20792
G1 X131.049 Y145.329 E.01084
G1 X122.41 Y147.644 E.23304
G1 X122.41 Y150.144 E.06514
M204 S1000
;WIPE_START
G1 F8640
G1 X122.41 Y147.644 E-.57726
G1 X123.342 Y147.394 E-.22274
;WIPE_END
G1 Z2.25 F720
G1 X121.56 Y145.334 F10800
G1 Z1.85 F720
G1 E.8 F2100
M204 S2000
;TYPE:Solid infill
;WIDTH:0.459544
G1 F3000
G1 X121.987 Y145.334 E.01138
G1 X121.987 Y153.028 E.20505
G1 X121.56 Y153.028 E.01138
G1 X121.56 Y145.542 E.19951
M204 S1000
;WIPE_START
G1 F8640
G1 X121.56 Y149.007 E-.8
;WIPE_END
G1 Z2.25 F720
G1 X121.693 Y140.916 F10800
G1 Z1.85 F720
G1 E.8 F2100
M204 S2000
;WIDTH:0.621112
G1 F3000
G1 X121.641 Y140.864 E.0027
G1 X121.57 Y140.883 E.0027
G1 X121.551 Y140.954 E.0027
G1 X121.603 Y141.006 E.0027
G1 X121.674 Y140.987 E.0027
M204 S1000
;WIPE_START
G1 F8640
G1 X121.603 Y141.006 E-.01697
G1 X121.551 Y140.954 E-.01698
G1 X121.57 Y140.883 E-.01697
G1 X121.641 Y140.864 E-.01697
G1 X121.693 Y140.916 E-.01698
;WIPE_END
G1 E-.71513 F2100
G1 Z2.25 F720
; stop printing object pieds_clavier_cherry.stl id:1 copy 0
; printing object pieds_clavier_cherry.stl id:2 copy 0
G1 X131.852 Y108.749 F10800
G1 Z1.85 F720
G1 E.8 F2100
M204 S800
;TYPE:Perimeter
;WIDTH:0.449999
G1 F3000
G1 X131.797 Y108.678 E.00234
;WIDTH:0.497082
G1 X131.703 Y108.623 E.00316
;WIDTH:0.544164
G1 X131.609 Y108.568 E.00348
;WIDTH:0.591246
G1 X131.515 Y108.513 E.0038
;WIDTH:0.638328
G1 X131.421 Y108.458 E.00412
G1 X119.644 Y108.458 E.44518
G1 F1403.735
G1 X119.535 Y108.482 E.00422
;WIDTH:0.591245
G1 F1400.889
G1 X119.427 Y108.505 E.00385
;WIDTH:0.544163
G1 F1397.536
G1 X119.318 Y108.529 E.00356
;WIDTH:0.497081
G1 F1393.53
G1 X119.21 Y108.552 E.0032
;WIDTH:0.449999
G1 F1350.635
G1 X118.767 Y108.552 E.01154
G1 F1297.658
G1 X118.767 Y108.11 E.01152
G1 F1295.109
G1 X118.745 Y107.619 E.01281
;WIDTH:0.408614
G1 F1299.659
G1 X118.723 Y107.128 E.01154
;WIDTH:0.368668
G1 F1307.966
G1 X118.723 Y106.467 E.01387
G1 F1356.954
G1 X119.061 Y106.467 E.00709
G1 F1403.146
G1 X119.06 Y106.636 E.00355
;WIDTH:0.372926
G1 F1401.342
G1 X119.065 Y107.234 E.01271
;WIDTH:0.411463
G1 F1403.497
G1 X119.227 Y107.469 E.00675
;WIDTH:0.449999
G1 F1422.35
G1 X119.39 Y107.704 E.00745
;WIDTH:0.497081
G1 F1424.719
G1 X119.453 Y107.741 E.00212
;WIDTH:0.544163
G1 F1417.977
G1 X119.517 Y107.778 E.00236
;WIDTH:0.591245
G1 F1412.261
G1 X119.58 Y107.815 E.00255
;WIDTH:0.638327
G1 F1407.356
G1 X119.644 Y107.852 E.00279
G1 F3000
G1 X131.421 Y107.852 E.44517
G1 X131.591 Y107.829 E.00648
;WIDTH:0.591246
G1 X131.762 Y107.805 E.00602
;WIDTH:0.544164
G1 X131.933 Y107.781 E.00551
;WIDTH:0.497082
G1 X132.103 Y107.758 E.00497
;WIDTH:0.449999
G1 X140.593 Y107.758 E.22121
G1 X140.593 Y124.472 E.4355
G1 X132.215 Y124.472 E.21829
G1 X131.421 Y124.493 E.0207
;WIDTH:0.408245
G1 X119.644 Y124.493 E.27619
;WIDTH:0.445744
G1 F1476.107
G1 X119.498 Y124.529 E.00388
;WIDTH:0.483242
G1 F1428.618
G1 X119.353 Y124.565 E.0042
;WIDTH:0.52074
G1 F1385.388
G1 X119.207 Y124.601 E.00458
G1 F1367.515
G1 X119.17 Y124.726 E.00397
;WIDTH:0.482323
G1 F1372.862
G1 X119.133 Y124.851 E.00366
;WIDTH:0.443907
G1 F1379.093
G1 X119.096 Y124.976 E.00335
;WIDTH:0.40549
G1 F1386.445
G1 X119.059 Y125.101 E.00303
;WIDTH:0.368538
G1 F1399.918
G1 X119.061 Y125.763 E.01389
G1 F1353.68
G1 X118.723 Y125.763 E.00709
G1 F1304.326
G1 X118.724 Y125.097 E.01397
;WIDTH:0.405485
G1 F1296.527
G1 X118.743 Y124.866 E.0054
;WIDTH:0.443903
G1 F1292.165
G1 X118.763 Y124.635 E.00595
;WIDTH:0.482322
G1 F1288.485
G1 X118.783 Y124.404 E.00651
;WIDTH:0.52074
G1 F1285.336
G1 X118.802 Y124.173 E.00706
G1 F1313.358
G1 X119.046 Y124.173 E.00743
G1 F1358.783
G1 X119.245 Y124.155 E.00609
;WIDTH:0.483242
G1 F1412.359
G1 X119.445 Y124.136 E.00565
;WIDTH:0.445744
G1 F1470.557
G1 X119.644 Y124.117 E.00516
;WIDTH:0.408245
G1 F3000
G1 X131.421 Y124.117 E.27619
;WIDTH:0.41426
G1 X131.526 Y124.111 E.00251
;WIDTH:0.449999
G1 X131.922 Y123.887 E.01185
G1 X132.047 Y123.511 E.01032
G1 X132.047 Y121.179 E.06076
G1 X132.034 Y121.048 E.00343
G1 X131.919 Y120.799 E.00715
G1 X131.706 Y120.621 E.00723
G1 X131.421 Y120.552 E.00764
G1 X119.333 Y120.552 E.31496
G1 F1368.787
G1 X118.768 Y120.552 E.01472
G1 F1308.228
G1 X118.768 Y112.138 E.21923
G1 F1373.106
G1 X119.333 Y112.138 E.01472
G1 F3000
G1 X131.421 Y112.138 E.31496
G1 X131.576 Y112.118 E.00407
G1 X131.802 Y112.009 E.00654
G1 X131.984 Y111.785 E.00752
G1 X132.047 Y111.511 E.00733
G1 X132.047 Y109.179 E.06076
G1 X131.999 Y108.938 E.0064
G1 X131.889 Y108.796 E.00468
M204 S1000
G1 X131.562 Y109.043 F10800
M204 S800
;TYPE:External perimeter
G1 F2400
G1 X131.546 Y109.012 E.00091
G1 X131.421 Y108.97 E.00344
G1 F2399.995
G1 X119.333 Y108.97 E.31496
G1 F1200
G1 X118.433 Y108.97 E.02345
G1 F978.681
G1 X118.35 Y108.97 E.00216
G1 F930.764
G1 X118.345 Y106.09 E.07504
G1 X119.439 Y106.09 E.0285
M73 P46 R12
G1 F936.067
G1 X119.435 Y107.115 E.02671
G1 F1200
G1 X119.435 Y107.13 E.00039
G1 F1240.6
G1 X119.559 Y107.322 E.00596
G1 F1482.392
G1 X119.644 Y107.34 E.00226
G1 F1657.138
G1 X120.319 Y107.34 E.01759
G1 F2399.995
G1 X141.01 Y107.34 E.53912
G1 X141.01 Y108.015 E.01759
G1 F2400
G1 X141.01 Y124.215 E.4221
G1 F2399.989
G1 X141.01 Y124.89 E.01759
G1 X120.319 Y124.89 E.53912
G1 F1651.424
G1 X119.644 Y124.89 E.01759
G1 F1474.718
G1 X119.506 Y124.942 E.00384
G1 F1244.006
G1 X119.435 Y125.099 E.00449
G1 F1200
G1 X119.435 Y125.115 E.00042
G1 F936.465
G1 X119.439 Y126.14 E.02671
G1 F931.365
G1 X118.345 Y126.14 E.0285
G1 X118.35 Y123.72 E.06305
G1 F978.079
G1 X118.433 Y123.72 E.00216
G1 F1200
G1 X119.333 Y123.72 E.02345
G1 F2399.995
G1 X131.421 Y123.72 E.31496
G1 F2400
G1 X131.588 Y123.637 E.00486
G1 X131.63 Y123.511 E.00346
G1 X131.63 Y121.179 E.06076
G1 X131.568 Y121.031 E.00418
G1 X131.421 Y120.97 E.00415
G1 F2399.995
G1 X119.333 Y120.97 E.31496
G1 F1200
G1 X118.433 Y120.97 E.02345
G1 F979.741
G1 X118.351 Y120.97 E.00214
G1 X118.351 Y111.72 E.24102
G1 X118.433 Y111.72 E.00214
G1 F1200
G1 X119.333 Y111.72 E.02345
G1 F2400
G1 X131.421 Y111.72 E.31496
G1 X131.571 Y111.657 E.00424
G1 X131.63 Y111.511 E.0041
G1 X131.63 Y109.179 E.06076
G1 X131.588 Y109.097 E.0024
M204 S1000
;WIPE_START
G1 F8640
G1 X131.562 Y109.043 E-.01384
G1 X131.546 Y109.012 E-.00806
G1 X131.421 Y108.97 E-.03045
G1 X128.183 Y108.97 E-.74765
;WIPE_END
G1 Z2.25 F720
G1 X127.645 Y112.493 F10800
G1 Z1.85 F720
G1 E.8 F2100
M204 S2000
;TYPE:Internal infill
;WIDTH:0.45
G1 F3600
G1 X139.27 Y124.117 E.42834
G1 X136.3 Y124.117 E.07739
G1 X139.595 Y111.822 E.33166
G1 X139.595 Y110.47 E.03523
M204 S1000
;WIPE_START
G1 F8640
G1 X139.595 Y111.822 E-.31218
G1 X139.048 Y113.863 E-.48782
;WIPE_END
G1 Z2.25 F720
G1 X140.286 Y108.065 F10800
G1 Z1.85 F720
G1 E.8 F2100
M204 S2000
;TYPE:Solid infill
;WIDTH:0.353631
G1 F3000
G1 X140.286 Y124.165 E.32274
G1 X139.964 Y124.165 E.00645
G1 X139.964 Y108.065 E.32274
G1 X140.077 Y108.065 E.00227
M204 S1000
;WIPE_START
G1 F8640
G1 X139.964 Y108.065 E-.02609
G1 X139.964 Y111.417 E-.77391
;WIPE_END
G1 Z2.25 F720
G1 X139.595 Y122.433 F10800
G1 Z1.85 F720
G1 E.8 F2100
M204 S2000
;TYPE:Internal infill
;WIDTH:0.45
G1 F3600
G1 X139.595 Y119.933 E.06514
G1 X132.403 Y121.86 E.194
G1 X132.382 Y120.976 E.02304
G1 X132.276 Y120.695 E.00783
G1 X132.089 Y120.463 E.00776
G1 X135.398 Y108.113 E.33314
G1 X137.446 Y108.113 E.05336
G1 X139.595 Y110.261 E.07917
G1 X139.595 Y109.552 E.01847
G1 X132.391 Y111.482 E.19433
G1 X132.398 Y110.155 E.03458
G1 X139.595 Y117.352 E.2652
G1 X139.595 Y114.742 E.06801
G1 X119.978 Y119.999 E.52917
G1 X119.978 Y119.007 E.02585
G1 X121.17 Y120.198 E.0439
G1 X121.778 Y120.199 E.01584
G1 X123.843 Y112.493 E.20787
G1 X120.555 Y112.493 E.08567
G1 X128.264 Y120.202 E.28406
G1 X126.968 Y120.202 E.03377
G1 X129.034 Y112.493 E.20795
G1 X128.618 Y112.493 E.01084
G1 X119.978 Y114.808 E.23306
G1 X119.978 Y117.308 E.06514
M204 S1000
;WIPE_START
G1 F8640
G1 X119.978 Y114.808 E-.57726
G1 X120.91 Y114.558 E-.22274
;WIPE_END
G1 Z2.25 F720
G1 X119.128 Y112.498 F10800
G1 Z1.85 F720
G1 E.8 F2100
M204 S2000
;TYPE:Solid infill
;WIDTH:0.459544
G1 F3000
G1 X119.556 Y112.498 E.01141
G1 X119.556 Y120.193 E.20508
G1 X119.128 Y120.193 E.01141
G1 X119.128 Y112.707 E.19951
M204 S1000
;WIPE_START
G1 F8640
G1 X119.128 Y116.171 E-.8
;WIPE_END
G1 Z2.25 F720
G1 X119.261 Y108.08 F10800
G1 Z1.85 F720
G1 E.8 F2100
M204 S2000
;WIDTH:0.621112
G1 F3000
G1 X119.209 Y108.028 E.0027
G1 X119.138 Y108.047 E.0027
G1 X119.119 Y108.118 E.0027
G1 X119.171 Y108.17 E.0027
G1 X119.242 Y108.151 E.0027
M204 S1000
;WIPE_START
G1 F8640
G1 X119.171 Y108.17 E-.01697
G1 X119.119 Y108.118 E-.01698
G1 X119.138 Y108.047 E-.01697
G1 X119.209 Y108.028 E-.01697
G1 X119.261 Y108.08 E-.01698
;WIPE_END
G1 E-.71513 F2100
G1 Z2.25 F720
; stop printing object pieds_clavier_cherry.stl id:2 copy 0
; printing object pieds_clavier_cherry.stl id:0 copy 0
G1 X130.666 Y78.237 F10800
G1 Z1.85 F720
G1 E.8 F2100
M204 S800
;TYPE:Perimeter
;WIDTH:0.449999
G1 F3000
G1 X130.61 Y78.166 E.00236
;WIDTH:0.497082
G1 X130.516 Y78.111 E.00316
;WIDTH:0.544164
G1 X130.422 Y78.056 E.00348
;WIDTH:0.591246
G1 X130.328 Y78.001 E.0038
;WIDTH:0.638328
G1 X130.234 Y77.946 E.00412
G1 X118.457 Y77.946 E.44518
G1 F1403.735
G1 X118.349 Y77.97 E.00418
;WIDTH:0.591245
G1 F1400.889
G1 X118.24 Y77.993 E.00388
;WIDTH:0.544163
G1 F1397.536
G1 X118.132 Y78.017 E.00353
;WIDTH:0.497081
G1 F1393.53
G1 X118.023 Y78.04 E.00323
;WIDTH:0.449999
G1 F1350.635
G1 X117.581 Y78.04 E.01152
G1 F1297.658
G1 X117.58 Y77.598 E.01152
G1 F1295.109
G1 X117.559 Y77.107 E.01281
;WIDTH:0.408614
G1 F1299.659
G1 X117.537 Y76.616 E.01154
;WIDTH:0.368668
G1 F1307.966
G1 X117.537 Y75.955 E.01387
G1 F1356.954
G1 X117.874 Y75.955 E.00707
G1 F1403.146
G1 X117.873 Y76.124 E.00355
;WIDTH:0.372926
G1 F1401.342
G1 X117.878 Y76.722 E.01271
;WIDTH:0.411463
G1 F1403.497
G1 X118.041 Y76.957 E.00676
;WIDTH:0.449999
G1 F1422.35
G1 X118.203 Y77.192 E.00744
;WIDTH:0.497081
G1 F1424.719
G1 X118.267 Y77.229 E.00214
;WIDTH:0.544163
G1 F1417.977
G1 X118.33 Y77.266 E.00233
;WIDTH:0.591245
G1 F1412.261
G1 X118.394 Y77.303 E.00258
;WIDTH:0.638327
G1 F1407.356
G1 X118.457 Y77.34 E.00276
G1 F3000
G1 X130.234 Y77.34 E.44517
G1 X130.405 Y77.317 E.00652
;WIDTH:0.591246
G1 X130.576 Y77.293 E.00602
;WIDTH:0.544164
G1 X130.746 Y77.27 E.00548
;WIDTH:0.497082
G1 X130.917 Y77.246 E.00501
;WIDTH:0.449999
G1 X139.406 Y77.246 E.22119
G1 X139.406 Y93.96 E.4355
G1 X131.028 Y93.96 E.21829
G1 X130.234 Y93.981 E.0207
;WIDTH:0.408245
G1 X118.457 Y93.981 E.27619
;WIDTH:0.445744
G1 F1476.107
G1 X118.312 Y94.017 E.00385
;WIDTH:0.483242
G1 F1428.618
G1 X118.166 Y94.053 E.00423
;WIDTH:0.52074
G1 F1385.388
G1 X118.021 Y94.089 E.00455
G1 F1367.515
G1 X117.984 Y94.214 E.00397
;WIDTH:0.482323
G1 F1372.862
G1 X117.947 Y94.339 E.00366
;WIDTH:0.443907
G1 F1379.093
G1 X117.909 Y94.464 E.00335
;WIDTH:0.40549
G1 F1386.445
G1 X117.872 Y94.589 E.00303
;WIDTH:0.368538
G1 F1399.918
G1 X117.874 Y95.251 E.01389
G1 F1353.68
G1 X117.537 Y95.251 E.00707
G1 F1304.326
G1 X117.537 Y94.585 E.01397
;WIDTH:0.405485
G1 F1296.527
G1 X117.557 Y94.354 E.0054
;WIDTH:0.443903
G1 F1292.165
G1 X117.577 Y94.123 E.00595
;WIDTH:0.482322
G1 F1288.485
G1 X117.596 Y93.892 E.00651
;WIDTH:0.52074
G1 F1285.336
G1 X117.616 Y93.661 E.00706
G1 F1313.358
G1 X117.86 Y93.661 E.00743
G1 F1358.783
G1 X118.059 Y93.643 E.00609
;WIDTH:0.483242
G1 F1412.359
G1 X118.258 Y93.624 E.00562
;WIDTH:0.445744
G1 F1470.557
G1 X118.457 Y93.605 E.00516
;WIDTH:0.408245
G1 F3000
G1 X130.234 Y93.605 E.27619
;WIDTH:0.41426
G1 X130.34 Y93.599 E.00253
;WIDTH:0.449999
G1 X130.736 Y93.375 E.01185
G1 X130.861 Y92.999 E.01032
G1 X130.861 Y90.667 E.06076
G1 X130.847 Y90.536 E.00343
G1 X130.732 Y90.287 E.00715
G1 X130.52 Y90.109 E.00721
G1 X130.234 Y90.04 E.00767
G1 X118.147 Y90.04 E.31494
G1 F1368.787
G1 X117.582 Y90.04 E.01472
G1 F1308.228
G1 X117.582 Y81.626 E.21923
G1 F1373.106
G1 X118.147 Y81.626 E.01472
G1 F3000
G1 X130.234 Y81.626 E.31494
G1 X130.39 Y81.607 E.00409
G1 X130.616 Y81.497 E.00655
G1 X130.798 Y81.273 E.00752
G1 X130.861 Y80.999 E.00733
G1 X130.861 Y78.667 E.06076
G1 X130.813 Y78.426 E.0064
M73 P47 R12
G1 X130.702 Y78.284 E.0047
M204 S1000
G1 X130.375 Y78.531 F10800
M204 S800
;TYPE:External perimeter
G1 F2400
G1 X130.36 Y78.5 E.0009
G1 X130.234 Y78.458 E.00346
G1 F2399.995
G1 X118.147 Y78.458 E.31494
G1 F1200
G1 X117.247 Y78.458 E.02345
G1 F978.681
G1 X117.164 Y78.458 E.00216
G1 F930.764
G1 X117.159 Y75.578 E.07504
G1 X118.253 Y75.578 E.0285
G1 F936.067
G1 X118.249 Y76.603 E.02671
G1 F1200
G1 X118.248 Y76.618 E.00039
G1 F1240.6
G1 X118.373 Y76.81 E.00597
G1 F1482.392
G1 X118.457 Y76.828 E.00224
G1 F1657.138
G1 X119.132 Y76.828 E.01759
G1 F2399.995
G1 X139.824 Y76.828 E.53914
G1 X139.824 Y77.503 E.01759
G1 F2400
G1 X139.824 Y93.703 E.4221
G1 F2399.989
G1 X139.824 Y94.378 E.01759
G1 X119.132 Y94.378 E.53914
G1 F1651.424
G1 X118.457 Y94.378 E.01759
G1 F1474.718
G1 X118.32 Y94.43 E.00382
G1 F1244.006
G1 X118.249 Y94.587 E.00449
G1 F1200
G1 X118.249 Y94.603 E.00042
G1 F936.465
G1 X118.253 Y95.628 E.02671
G1 F931.365
G1 X117.159 Y95.628 E.0285
G1 X117.164 Y93.208 E.06305
G1 F978.079
G1 X117.247 Y93.208 E.00216
G1 F1200
G1 X118.147 Y93.208 E.02345
G1 F2399.995
G1 X130.234 Y93.208 E.31494
G1 F2400
G1 X130.401 Y93.125 E.00486
G1 X130.443 Y92.999 E.00346
G1 X130.443 Y90.667 E.06076
G1 X130.382 Y90.519 E.00417
G1 X130.234 Y90.458 E.00417
G1 F2399.995
G1 X118.147 Y90.458 E.31494
G1 F1200
G1 X117.247 Y90.458 E.02345
G1 F979.741
G1 X117.164 Y90.458 E.00216
G1 X117.164 Y81.208 E.24102
G1 X117.247 Y81.208 E.00216
G1 F1200
G1 X118.147 Y81.208 E.02345
G1 F2400
G1 X130.234 Y81.208 E.31494
G1 X130.384 Y81.145 E.00424
G1 X130.443 Y80.999 E.0041
G1 X130.443 Y78.667 E.06076
G1 X130.402 Y78.585 E.00239
M204 S1000
;WIPE_START
G1 F8640
G1 X130.375 Y78.531 E-.01394
G1 X130.36 Y78.5 E-.00795
G1 X130.234 Y78.458 E-.03067
G1 X126.997 Y78.458 E-.74744
;WIPE_END
G1 Z2.25 F720
G1 X126.459 Y81.981 F10800
G1 Z1.85 F720
G1 E.8 F2100
M204 S2000
;TYPE:Internal infill
;WIDTH:0.45
G1 F3600
G1 X138.083 Y93.605 E.42833
G1 X135.114 Y93.605 E.07736
G1 X138.408 Y81.31 E.33165
G1 X138.408 Y79.958 E.03523
M204 S1000
;WIPE_START
G1 F8640
G1 X138.408 Y81.31 E-.31218
G1 X137.861 Y83.351 E-.48782
;WIPE_END
G1 Z2.25 F720
G1 X139.099 Y77.553 F10800
G1 Z1.85 F720
G1 E.8 F2100
M204 S2000
;TYPE:Solid infill
;WIDTH:0.353631
G1 F3000
G1 X139.099 Y93.653 E.32274
G1 X138.778 Y93.653 E.00643
G1 X138.778 Y77.553 E.32274
G1 X138.89 Y77.553 E.00225
M204 S1000
;WIPE_START
G1 F8640
G1 X138.778 Y77.553 E-.02586
G1 X138.778 Y80.906 E-.77414
;WIPE_END
G1 Z2.25 F720
G1 X138.408 Y91.921 F10800
G1 Z1.85 F720
G1 E.8 F2100
M204 S2000
;TYPE:Internal infill
;WIDTH:0.45
G1 F3600
G1 X138.408 Y89.421 E.06514
G1 X131.216 Y91.348 E.194
G1 X131.196 Y90.464 E.02304
G1 X131.09 Y90.183 E.00783
G1 X130.902 Y89.951 E.00778
G1 X134.211 Y77.601 E.33314
G1 X136.26 Y77.601 E.05339
G1 X138.408 Y79.749 E.07915
G1 X138.408 Y79.04 E.01847
G1 X131.204 Y80.97 E.19433
G1 X131.211 Y79.643 E.03458
G1 X138.408 Y86.84 E.2652
G1 X138.408 Y84.23 E.06801
G1 X118.792 Y89.487 E.52915
G1 X118.792 Y88.495 E.02585
G1 X119.983 Y89.686 E.04389
G1 X120.592 Y89.687 E.01587
G1 X122.657 Y81.981 E.20787
G1 X119.369 Y81.981 E.08567
G1 X127.078 Y89.69 E.28406
G1 X125.782 Y89.69 E.03377
G1 X127.847 Y81.981 E.20795
G1 X127.431 Y81.981 E.01084
G1 X118.792 Y84.296 E.23304
G1 X118.792 Y86.796 E.06514
M204 S1000
;WIPE_START
G1 F8640
G1 X118.792 Y84.296 E-.57726
G1 X119.724 Y84.046 E-.22274
;WIPE_END
G1 Z2.25 F720
G1 X117.942 Y81.986 F10800
G1 Z1.85 F720
G1 E.8 F2100
M204 S2000
;TYPE:Solid infill
;WIDTH:0.459544
G1 F3000
G1 X118.369 Y81.986 E.01138
G1 X118.369 Y89.681 E.20508
G1 X117.942 Y89.681 E.01138
G1 X117.942 Y82.195 E.19951
M204 S1000
;WIPE_START
G1 F8640
G1 X117.942 Y85.659 E-.8
;WIPE_END
G1 Z2.25 F720
G1 X118.075 Y77.568 F10800
G1 Z1.85 F720
G1 E.8 F2100
M204 S2000
;WIDTH:0.621112
G1 F3000
G1 X118.023 Y77.516 E.0027
G1 X117.952 Y77.535 E.0027
G1 X117.933 Y77.606 E.0027
G1 X117.985 Y77.658 E.0027
G1 X118.056 Y77.639 E.0027
M204 S1000
;LAYER_CHANGE
;Z:2
;HEIGHT:0.15
;BEFORE_LAYER_CHANGE
G92 E0.0
;2


;WIPE_START
G1 F8640
G1 X117.985 Y77.658 E-.01697
G1 X117.933 Y77.606 E-.01698
G1 X117.952 Y77.535 E-.01697
G1 X118.023 Y77.516 E-.01697
G1 X118.075 Y77.568 E-.01698
;WIPE_END
G1 E-.71513 F2100
G1 Z2 F720
;AFTER_LAYER_CHANGE
;2
G1 Z2.4
; stop printing object pieds_clavier_cherry.stl id:0 copy 0
; printing object pieds_clavier_cherry.stl id:1 copy 0
G1 X134.283 Y141.584 F10800
G1 Z2 F720
G1 E.8 F2100
M204 S800
;TYPE:Perimeter
;WIDTH:0.449999
G1 F3000
G1 X134.228 Y141.513 E.00234
;WIDTH:0.497082
G1 X134.134 Y141.458 E.00316
;WIDTH:0.544164
G1 X134.04 Y141.404 E.00346
;WIDTH:0.591246
G1 X133.946 Y141.349 E.0038
;WIDTH:0.638328
G1 X133.852 Y141.294 E.00412
G1 X122.275 Y141.294 E.43762
G1 F1416.409
G1 X122.089 Y141.317 E.00708
;WIDTH:0.591245
G1 F1404.552
G1 X121.903 Y141.341 E.00654
;WIDTH:0.544163
G1 F1390.412
G1 X121.717 Y141.364 E.00598
;WIDTH:0.497081
G1 F1373.271
G1 X121.531 Y141.388 E.00544
;WIDTH:0.449999
G1 F1308.604
G1 X121 Y141.388 E.01384
G1 F1237.801
G1 X120.999 Y140.857 E.01384
;WIDTH:0.488838
G1 F1231.1
G1 X121.018 Y140.559 E.0085
;WIDTH:0.527677
G1 F1227.657
G1 X121.037 Y140.261 E.00923
;WIDTH:0.566516
G1 F1224.678
G1 X121.056 Y139.964 E.00992
;WIDTH:0.567297
G1 F1226.723
G1 X121.055 Y139.402 E.01875
G1 F1284.424
G1 X121.592 Y139.402 E.01792
;WIDTH:0.573723
G1 F1337.185
G1 X121.597 Y140.087 E.02313
G1 F1346.535
G1 X121.689 Y140.207 E.00511
;WIDTH:0.532482
G1 F1381.008
G1 X121.781 Y140.327 E.00472
;WIDTH:0.491241
G1 F1419.545
G1 X121.873 Y140.447 E.00433
;WIDTH:0.497081
G1 F1436.033
G1 X121.973 Y140.508 E.0034
;WIDTH:0.544163
G1 F1431.119
G1 X122.074 Y140.568 E.00375
;WIDTH:0.591245
G1 F1426.962
G1 X122.174 Y140.628 E.00407
;WIDTH:0.638327
G1 F1423.4
G1 X122.275 Y140.688 E.00444
G1 F3000
G1 X133.852 Y140.688 E.43761
G1 X134.023 Y140.664 E.00653
;WIDTH:0.591246
G1 X134.194 Y140.641 E.00602
;WIDTH:0.544164
G1 X134.364 Y140.617 E.00548
;WIDTH:0.497082
G1 X134.535 Y140.594 E.005
;WIDTH:0.449999
G1 X142.95 Y140.594 E.21926
G1 X142.95 Y157.308 E.4355
G1 X134.646 Y157.308 E.21637
G1 X133.852 Y157.329 E.0207
;WIDTH:0.408245
G1 X122.275 Y157.329 E.2715
;WIDTH:0.41426
G1 F1702.237
G1 X122.17 Y157.335 E.00251
;WIDTH:0.460773
G1 F1494.89
G1 X122.068 Y157.377 E.00295
;WIDTH:0.507286
G1 F1446.836
G1 X121.967 Y157.419 E.00324
;WIDTH:0.553799
G1 F1404.178
G1 X121.866 Y157.461 E.00356
;WIDTH:0.600311
G1 F1366.233
G1 X121.765 Y157.503 E.00388
;WIDTH:0.646824
G1 F1332.367
G1 X121.664 Y157.545 E.00419
G1 F1320.232
G1 X121.627 Y157.741 E.00765
;WIDTH:0.606587
G1 F1325.865
G1 X121.59 Y157.937 E.00714
;WIDTH:0.567154
G1 F1335.875
G1 X121.592 Y158.499 E.01875
G1 F1281.193
G1 X121.055 Y158.499 E.01792
G1 F1223.125
G1 X121.056 Y157.932 E.01892
;WIDTH:0.606584
G1 F1218.288
G1 X121.077 Y157.502 E.01542
;WIDTH:0.646824
G1 F1215.914
G1 X121.098 Y157.072 E.0165
G1 F1247.495
G1 X121.405 Y157.072 E.01177
G1 F1292.352
G1 X121.579 Y157.048 E.00673
;WIDTH:0.599108
G1 F1338.798
G1 X121.753 Y157.024 E.00621
;WIDTH:0.551393
G1 F1390.443
G1 X121.927 Y157 E.00569
;WIDTH:0.503677
G1 F1447.88
G1 X122.101 Y156.977 E.00516
;WIDTH:0.455961
G1 F1557.726
G1 X122.275 Y156.953 E.00464
;WIDTH:0.408245
G1 F3000
G1 X133.852 Y156.953 E.2715
;WIDTH:0.41426
G1 X133.957 Y156.947 E.00251
;WIDTH:0.449999
G1 X134.354 Y156.723 E.01188
G1 X134.479 Y156.347 E.01032
G1 X134.466 Y153.888 E.06407
G1 X134.35 Y153.634 E.00728
G1 X134.135 Y153.455 E.00729
G1 X133.852 Y153.388 E.00758
G1 X121.457 Y153.388 E.32296
G1 F1311.834
M73 P48 R12
G1 X121.001 Y153.388 E.01188
G1 F1256.811
G1 X121.001 Y144.974 E.21923
G1 F1315.815
G1 X121.457 Y144.974 E.01188
G1 F3000
G1 X133.852 Y144.974 E.32296
G1 X134.006 Y144.955 E.00404
G1 X134.231 Y144.847 E.0065
G1 X134.416 Y144.62 E.00763
G1 X134.479 Y144.347 E.0073
G1 X134.479 Y142.015 E.06076
G1 X134.431 Y141.774 E.0064
G1 X134.32 Y141.632 E.0047
M204 S1000
G1 X133.993 Y141.879 F10800
M204 S800
;TYPE:External perimeter
G1 F2400
G1 X133.978 Y141.848 E.0009
G1 X133.852 Y141.806 E.00346
G1 F2399.995
G1 X121.456 Y141.806 E.32299
G1 F1243.043
G1 X120.583 Y141.806 E.02275
G1 F1116.83
G1 X120.578 Y138.926 E.07504
G1 F1272.255
G1 X122.07 Y138.926 E.03888
G1 F1274.046
G1 X122.066 Y139.966 E.0271
G1 F1279.342
G1 X122.141 Y140.127 E.00463
G1 F1565.186
G1 X122.275 Y140.176 E.00372
G1 F1783.776
G1 X122.95 Y140.176 E.01759
G1 F2399.995
G1 X143.368 Y140.176 E.53201
G1 X143.368 Y140.851 E.01759
G1 F2400
G1 X143.368 Y157.051 E.4221
G1 F2399.995
G1 X143.368 Y157.726 E.01759
G1 X122.95 Y157.726 E.53201
G1 F1583.776
G1 X122.275 Y157.726 E.01759
G1 F1471.915
G1 X122.099 Y157.822 E.00522
G1 F1280.974
G1 X122.066 Y157.934 E.00304
G1 F1274.361
G1 X122.07 Y158.976 E.02715
G1 F1272.711
G1 X120.578 Y158.976 E.03888
G1 F1112.531
G1 X120.583 Y156.556 E.06305
G1 F1239.533
G1 X121.456 Y156.556 E.02275
G1 F2399.995
G1 X133.852 Y156.556 E.32299
G1 F2400
G1 X134.019 Y156.472 E.00487
G1 X134.061 Y156.347 E.00344
G1 X134.061 Y154.015 E.06076
G1 X133.999 Y153.866 E.0042
G1 X133.852 Y153.806 E.00414
G1 F2399.995
G1 X121.457 Y153.806 E.32296
G1 F1247.184
G1 X120.583 Y153.806 E.02277
G1 F1139.93
G1 X120.583 Y144.556 E.24102
G1 F1257.266
G1 X121.457 Y144.556 E.02277
G1 F2400
G1 X133.852 Y144.556 E.32296
G1 X134.002 Y144.493 E.00424
G1 X134.061 Y144.347 E.0041
G1 X134.061 Y142.015 E.06076
G1 X134.02 Y141.932 E.00241
M204 S1000
;WIPE_START
G1 F8640
G1 X133.993 Y141.879 E-.01373
G1 X133.978 Y141.848 E-.00795
G1 X133.852 Y141.806 E-.03067
G1 X130.614 Y141.806 E-.74765
;WIPE_END
G1 Z2.4 F720
G1 X130.227 Y145.329 F10800
G1 Z2 F720
G1 E.8 F2100
M204 S2000
;TYPE:Internal infill
;WIDTH:0.45
G1 F3600
G1 X141.824 Y156.953 E.42783
G1 X138.622 Y156.953 E.08343
G1 X141.824 Y145.004 E.32233
G1 X141.824 Y142.953 E.05344
M204 S1000
;WIPE_START
G1 F8640
G1 X141.824 Y145.004 E-.47358
G1 X141.458 Y146.369 E-.32642
;WIPE_END
G1 Z2.4 F720
G1 X141.824 Y155.433 F10800
G1 Z2 F720
G1 E.8 F2100
M204 S2000
G1 F3600
G1 X141.824 Y152.933 E.06514
G1 X134.834 Y154.806 E.18855
G1 X134.815 Y153.818 E.02575
G1 X134.632 Y153.415 E.01153
G1 X134.429 Y153.229 E.00717
G1 X137.72 Y140.949 E.33126
G1 X140.028 Y140.949 E.06014
G1 X141.824 Y142.744 E.06616
G1 X141.824 Y142.552 E.005
G1 X134.822 Y144.428 E.18888
G1 X134.83 Y142.841 E.04135
G1 X141.824 Y149.835 E.25772
G1 X141.824 Y147.742 E.05453
G1 X122.41 Y152.944 E.52369
G1 X122.41 Y151.692 E.03262
G1 X123.751 Y153.034 E.04943
G1 X124.1 Y153.034 E.00909
G1 X126.165 Y145.329 E.20784
G1 X123.137 Y145.329 E.0789
G1 X130.846 Y153.038 E.28406
G1 X129.29 Y153.037 E.04054
G1 X131.355 Y145.329 E.20792
G1 X131.459 Y145.329 E.00271
G1 X122.41 Y147.754 E.2441
G1 X122.41 Y150.254 E.06514
M204 S1000
;WIPE_START
G1 F8640
G1 X122.41 Y147.754 E-.57726
G1 X123.342 Y147.504 E-.22274
;WIPE_END
G1 Z2.4 F720
G1 X121.41 Y145.383 F10800
G1 Z2 F720
G1 E.8 F2100
M204 S2000
;TYPE:Solid infill
;WIDTH:0.559036
G1 F3000
G1 X121.937 Y145.383 E.01731
G1 X121.937 Y152.979 E.24957
G1 X121.41 Y152.978 E.01731
G1 X121.41 Y145.592 E.24267
M204 S1000
;WIPE_START
G1 F8640
G1 X121.41 Y149.057 E-.8
;WIPE_END
G1 Z2.4 F720
G1 X121.336 Y141.051 F10800
G1 Z2 F720
G1 E.8 F2100
M204 S2000
;WIDTH:0.413657
G1 F3000
G1 X121.411 Y140.424 E.01502
G1 X121.637 Y140.686 E.00823
G1 X121.976 Y140.934 E.00999
G1 X121.544 Y141.033 E.01054
M204 S1000
;WIPE_START
G1 F8640
G1 X121.976 Y140.934 E-.10234
G1 X121.637 Y140.686 E-.09699
G1 X121.411 Y140.424 E-.07989
G1 X121.336 Y141.051 E-.14581
;WIPE_END
G1 E-.37497 F2100
G1 Z2.4 F720
G1 X134.834 Y155.014 F10800
G1 Z2 F720
G1 E.8 F2100
M204 S2000
;TYPE:Internal infill
;WIDTH:0.45
G1 F3600
G1 X134.834 Y156.371 E.03536
G1 X134.67 Y156.862 E.01349
G1 X134.761 Y156.953 E.00335
G1 X137.261 Y156.953 E.06514
M204 S1000
;WIPE_START
G1 F8640
G1 X134.761 Y156.953 E-.57726
G1 X134.67 Y156.862 E-.02972
G1 X134.834 Y156.371 E-.11953
G1 X134.834 Y156.053 E-.07349
;WIPE_END
G1 Z2.4 F720
G1 X142.225 Y156.969 F10800
G1 Z2 F720
G1 E.8 F2100
M204 S2000
;TYPE:Solid infill
;WIDTH:0.417896
G1 F3000
G1 X142.225 Y140.933 E.38572
G1 X142.611 Y140.933 E.00928
G1 X142.611 Y156.969 E.38572
G1 X142.434 Y156.969 E.00426
M204 S1000
;WIPE_START
G1 F8640
G1 X142.611 Y156.969 E-.04087
G1 X142.611 Y153.681 E-.75913
;WIPE_END
G1 Z2.4 F720
; stop printing object pieds_clavier_cherry.stl id:1 copy 0
; printing object pieds_clavier_cherry.stl id:2 copy 0
G1 X131.852 Y108.749 F10800
G1 Z2 F720
G1 E.8 F2100
M204 S800
;TYPE:Perimeter
;WIDTH:0.449999
G1 F3000
G1 X131.797 Y108.678 E.00234
;WIDTH:0.497082
G1 X131.703 Y108.623 E.00316
;WIDTH:0.544164
G1 X131.609 Y108.568 E.00348
;WIDTH:0.591246
G1 X131.515 Y108.513 E.0038
;WIDTH:0.638328
G1 X131.421 Y108.458 E.00412
G1 X119.843 Y108.458 E.43765
G1 F1416.409
G1 X119.657 Y108.482 E.00709
;WIDTH:0.591245
G1 F1404.552
G1 X119.472 Y108.505 E.0065
;WIDTH:0.544163
G1 F1390.412
G1 X119.286 Y108.529 E.00599
;WIDTH:0.497081
G1 F1373.271
G1 X119.1 Y108.552 E.00543
;WIDTH:0.449999
G1 F1308.604
G1 X118.568 Y108.552 E.01386
G1 F1237.801
G1 X118.567 Y108.021 E.01384
;WIDTH:0.488838
G1 F1231.1
G1 X118.586 Y107.723 E.0085
;WIDTH:0.527677
G1 F1227.657
G1 X118.605 Y107.426 E.0092
;WIDTH:0.566516
G1 F1224.678
G1 X118.624 Y107.128 E.00995
;WIDTH:0.567297
G1 F1226.723
G1 X118.624 Y106.567 E.01872
G1 F1284.424
G1 X119.16 Y106.567 E.01789
;WIDTH:0.573723
G1 F1337.185
G1 X119.165 Y107.251 E.0231
G1 F1346.535
G1 X119.257 Y107.371 E.00511
;WIDTH:0.532482
G1 F1381.008
G1 X119.349 Y107.492 E.00474
;WIDTH:0.491241
G1 F1419.545
G1 X119.441 Y107.612 E.00433
;WIDTH:0.497081
G1 F1436.033
G1 X119.542 Y107.672 E.00341
;WIDTH:0.544163
G1 F1431.119
G1 X119.642 Y107.732 E.00372
;WIDTH:0.591245
G1 F1426.962
G1 X119.743 Y107.792 E.0041
;WIDTH:0.638327
G1 F1423.4
G1 X119.843 Y107.852 E.00441
G1 F3000
G1 X131.421 Y107.852 E.43765
G1 X131.591 Y107.829 E.00648
;WIDTH:0.591246
G1 X131.762 Y107.805 E.00602
;WIDTH:0.544164
G1 X131.933 Y107.781 E.00551
;WIDTH:0.497082
G1 X132.103 Y107.758 E.00497
;WIDTH:0.449999
G1 X140.519 Y107.758 E.21928
G1 X140.519 Y124.472 E.4355
G1 X132.215 Y124.472 E.21637
M73 P49 R12
G1 X131.421 Y124.493 E.0207
;WIDTH:0.408245
G1 X119.843 Y124.493 E.27153
;WIDTH:0.41426
G1 F1702.237
G1 X119.738 Y124.499 E.00251
;WIDTH:0.460773
G1 F1494.89
G1 X119.637 Y124.541 E.00292
;WIDTH:0.507286
G1 F1446.836
G1 X119.536 Y124.583 E.00324
;WIDTH:0.553799
G1 F1404.178
G1 X119.435 Y124.625 E.00356
;WIDTH:0.600311
G1 F1366.233
G1 X119.333 Y124.667 E.00391
;WIDTH:0.646824
G1 F1332.367
G1 X119.232 Y124.709 E.00419
G1 F1320.232
G1 X119.195 Y124.905 E.00765
;WIDTH:0.606587
G1 F1325.865
G1 X119.159 Y125.101 E.00714
;WIDTH:0.567154
G1 F1335.875
G1 X119.16 Y125.664 E.01878
G1 F1281.193
G1 X118.624 Y125.664 E.01788
G1 F1223.125
G1 X118.624 Y125.097 E.01892
;WIDTH:0.606584
G1 F1218.288
G1 X118.645 Y124.667 E.01542
;WIDTH:0.646824
G1 F1215.914
G1 X118.666 Y124.236 E.01654
G1 F1247.495
G1 X118.973 Y124.236 E.01177
G1 F1292.352
G1 X119.147 Y124.213 E.00673
;WIDTH:0.599108
G1 F1338.798
G1 X119.321 Y124.189 E.00621
;WIDTH:0.551393
G1 F1390.443
G1 X119.495 Y124.165 E.00569
;WIDTH:0.503677
G1 F1447.88
G1 X119.669 Y124.141 E.00516
;WIDTH:0.455961
G1 F1557.726
G1 X119.843 Y124.117 E.00464
;WIDTH:0.408245
G1 F3000
G1 X131.421 Y124.117 E.27153
;WIDTH:0.41426
G1 X131.526 Y124.111 E.00251
;WIDTH:0.449999
G1 X131.922 Y123.887 E.01185
G1 X132.047 Y123.511 E.01032
G1 X132.035 Y121.052 E.06407
G1 X131.918 Y120.798 E.00729
G1 X131.703 Y120.62 E.00727
G1 X131.421 Y120.552 E.00756
G1 X119.026 Y120.552 E.32296
G1 F1311.834
G1 X118.569 Y120.552 E.01191
G1 F1256.811
G1 X118.569 Y112.138 E.21923
G1 F1315.815
G1 X119.026 Y112.138 E.01191
G1 F3000
G1 X131.421 Y112.138 E.32296
G1 X131.574 Y112.119 E.00402
G1 X131.799 Y112.011 E.0065
G1 X131.985 Y111.784 E.00765
G1 X132.047 Y111.511 E.00729
G1 X132.047 Y109.179 E.06076
G1 X131.999 Y108.938 E.0064
G1 X131.889 Y108.796 E.00468
M204 S1000
G1 X131.562 Y109.043 F10800
M204 S800
;TYPE:External perimeter
G1 F2400
G1 X131.546 Y109.012 E.00091
G1 X131.421 Y108.97 E.00344
G1 F2399.995
G1 X119.025 Y108.97 E.32299
G1 F1243.043
G1 X118.151 Y108.97 E.02277
G1 F1116.83
G1 X118.146 Y106.09 E.07504
G1 F1272.255
G1 X119.638 Y106.09 E.03888
G1 F1274.046
G1 X119.635 Y107.13 E.0271
G1 F1279.342
G1 X119.709 Y107.291 E.00462
G1 F1565.186
G1 X119.843 Y107.34 E.00372
G1 F1783.776
G1 X120.518 Y107.34 E.01759
G1 F2399.995
G1 X140.937 Y107.34 E.53203
G1 X140.937 Y108.015 E.01759
G1 F2400
G1 X140.937 Y124.215 E.4221
G1 F2399.995
G1 X140.937 Y124.89 E.01759
G1 X120.518 Y124.89 E.53203
G1 F1583.776
G1 X119.843 Y124.89 E.01759
G1 F1471.915
G1 X119.667 Y124.987 E.00524
G1 F1280.974
G1 X119.635 Y125.099 E.00304
G1 F1274.361
G1 X119.638 Y126.14 E.02712
G1 F1272.711
G1 X118.146 Y126.14 E.03888
G1 F1112.531
G1 X118.151 Y123.72 E.06305
G1 F1239.533
G1 X119.025 Y123.72 E.02277
G1 F2399.995
M73 P49 R11
G1 X131.421 Y123.72 E.32299
G1 F2400
G1 X131.588 Y123.637 E.00486
G1 X131.63 Y123.511 E.00346
G1 X131.63 Y121.179 E.06076
G1 X131.567 Y121.03 E.00422
G1 X131.421 Y120.97 E.00411
G1 F2399.995
G1 X119.026 Y120.97 E.32296
G1 F1247.184
G1 X118.152 Y120.97 E.02277
G1 F1139.93
G1 X118.152 Y111.72 E.24102
G1 F1257.266
G1 X119.026 Y111.72 E.02277
G1 F2400
G1 X131.421 Y111.72 E.32296
G1 X131.57 Y111.657 E.00422
G1 X131.63 Y111.511 E.00411
G1 X131.63 Y109.179 E.06076
G1 X131.588 Y109.097 E.0024
M204 S1000
;WIPE_START
G1 F8640
G1 X131.562 Y109.043 E-.01384
G1 X131.546 Y109.012 E-.00806
G1 X131.421 Y108.97 E-.03045
G1 X128.183 Y108.97 E-.74765
;WIPE_END
G1 Z2.4 F720
G1 X127.795 Y112.493 F10800
G1 Z2 F720
G1 E.8 F2100
M204 S2000
;TYPE:Internal infill
;WIDTH:0.45
G1 F3600
G1 X139.392 Y124.117 E.42783
G1 X136.19 Y124.117 E.08343
G1 X139.392 Y112.168 E.32233
G1 X139.392 Y110.118 E.05341
M204 S1000
;WIPE_START
G1 F8640
G1 X139.392 Y112.168 E-.47335
G1 X139.026 Y113.534 E-.32665
;WIPE_END
G1 Z2.4 F720
G1 X139.392 Y122.597 F10800
G1 Z2 F720
G1 E.8 F2100
M204 S2000
G1 F3600
G1 X139.392 Y120.097 E.06514
G1 X132.403 Y121.97 E.18853
G1 X132.383 Y120.982 E.02575
G1 X132.2 Y120.579 E.01153
G1 X131.997 Y120.394 E.00716
G1 X135.288 Y108.113 E.33128
G1 X137.596 Y108.113 E.06014
G1 X139.392 Y109.909 E.06618
G1 X139.392 Y109.716 E.00503
G1 X132.39 Y111.592 E.18888
G1 X132.398 Y110.006 E.04132
G1 X139.392 Y116.999 E.2577
G1 X139.392 Y114.906 E.05453
G1 X119.978 Y120.108 E.52369
G1 X119.978 Y118.857 E.0326
G1 X121.32 Y120.199 E.04945
G1 X121.669 Y120.199 E.00909
G1 X123.733 Y112.493 E.20786
G1 X120.705 Y112.493 E.0789
G1 X128.414 Y120.202 E.28406
G1 X126.858 Y120.201 E.04054
G1 X128.924 Y112.493 E.20793
G1 X129.027 Y112.493 E.00268
G1 X119.978 Y114.918 E.2441
G1 X119.978 Y117.418 E.06514
M204 S1000
;WIPE_START
G1 F8640
G1 X119.978 Y114.918 E-.57726
G1 X120.91 Y114.668 E-.22274
;WIPE_END
G1 Z2.4 F720
G1 X118.979 Y112.548 F10800
G1 Z2 F720
G1 E.8 F2100
M204 S2000
;TYPE:Solid infill
;WIDTH:0.559036
G1 F3000
G1 X119.506 Y112.548 E.01731
G1 X119.506 Y120.143 E.24954
G1 X118.979 Y120.143 E.01731
G1 X118.979 Y112.757 E.24267
M204 S1000
;WIPE_START
G1 F8640
G1 X118.979 Y116.222 E-.8
;WIPE_END
G1 Z2.4 F720
G1 X118.905 Y108.215 F10800
G1 Z2 F720
G1 E.8 F2100
M204 S2000
;WIDTH:0.413657
G1 F3000
G1 X118.98 Y107.588 E.01502
G1 X119.205 Y107.85 E.00822
G1 X119.544 Y108.099 E.01001
G1 X119.113 Y108.197 E.01051
M204 S1000
;WIPE_START
G1 F8640
G1 X119.544 Y108.099 E-.10206
G1 X119.205 Y107.85 E-.09712
G1 X118.98 Y107.588 E-.07974
G1 X118.905 Y108.215 E-.14581
;WIPE_END
G1 E-.37527 F2100
G1 Z2.4 F720
G1 X132.403 Y122.179 F10800
G1 Z2 F720
G1 E.8 F2100
M204 S2000
;TYPE:Internal infill
;WIDTH:0.45
G1 F3600
G1 X132.403 Y123.535 E.03533
G1 X132.239 Y124.027 E.01351
G1 X132.329 Y124.117 E.00332
G1 X134.829 Y124.117 E.06514
M204 S1000
;WIPE_START
G1 F8640
G1 X132.329 Y124.117 E-.57726
G1 X132.239 Y124.027 E-.02939
G1 X132.403 Y123.535 E-.11975
G1 X132.403 Y123.216 E-.0736
;WIPE_END
G1 Z2.4 F720
G1 X139.794 Y124.133 F10800
G1 Z2 F720
G1 E.8 F2100
M204 S2000
;TYPE:Solid infill
;WIDTH:0.417896
G1 F3000
G1 X139.794 Y108.097 E.38572
G1 X140.18 Y108.097 E.00928
G1 X140.18 Y124.133 E.38572
G1 X140.003 Y124.133 E.00426
M204 S1000
;WIPE_START
G1 F8640
G1 X140.18 Y124.133 E-.04087
G1 X140.18 Y120.845 E-.75913
;WIPE_END
G1 Z2.4 F720
; stop printing object pieds_clavier_cherry.stl id:2 copy 0
; printing object pieds_clavier_cherry.stl id:0 copy 0
G1 X130.666 Y78.237 F10800
G1 Z2 F720
M73 P50 R11
G1 E.8 F2100
M204 S800
;TYPE:Perimeter
;WIDTH:0.449999
G1 F3000
G1 X130.61 Y78.166 E.00236
;WIDTH:0.497082
G1 X130.516 Y78.111 E.00316
;WIDTH:0.544164
G1 X130.422 Y78.056 E.00348
;WIDTH:0.591246
G1 X130.328 Y78.001 E.0038
;WIDTH:0.638328
G1 X130.234 Y77.946 E.00412
G1 X118.657 Y77.946 E.43762
G1 F1416.409
G1 X118.471 Y77.97 E.00709
;WIDTH:0.591245
G1 F1404.552
G1 X118.285 Y77.993 E.00653
;WIDTH:0.544163
G1 F1390.412
G1 X118.099 Y78.017 E.00599
;WIDTH:0.497081
G1 F1373.271
G1 X117.913 Y78.04 E.00543
;WIDTH:0.449999
G1 F1308.604
G1 X117.382 Y78.04 E.01384
G1 F1237.801
G1 X117.381 Y77.509 E.01384
;WIDTH:0.488838
G1 F1231.1
G1 X117.4 Y77.211 E.0085
;WIDTH:0.527677
G1 F1227.657
G1 X117.419 Y76.914 E.0092
;WIDTH:0.566516
G1 F1224.678
G1 X117.438 Y76.616 E.00995
;WIDTH:0.567297
G1 F1226.723
G1 X117.437 Y76.055 E.01872
G1 F1284.424
G1 X117.974 Y76.055 E.01792
;WIDTH:0.573723
G1 F1337.185
G1 X117.979 Y76.739 E.0231
G1 F1346.535
G1 X118.071 Y76.86 E.00513
;WIDTH:0.532482
G1 F1381.008
G1 X118.163 Y76.98 E.00472
;WIDTH:0.491241
G1 F1419.545
G1 X118.255 Y77.1 E.00433
;WIDTH:0.497081
G1 F1436.033
G1 X118.355 Y77.16 E.00338
;WIDTH:0.544163
G1 F1431.119
G1 X118.456 Y77.22 E.00375
;WIDTH:0.591245
G1 F1426.962
G1 X118.556 Y77.28 E.00407
;WIDTH:0.638327
G1 F1423.4
G1 X118.657 Y77.34 E.00444
G1 F3000
G1 X130.234 Y77.34 E.43761
G1 X130.405 Y77.317 E.00652
;WIDTH:0.591246
G1 X130.576 Y77.293 E.00602
;WIDTH:0.544164
G1 X130.746 Y77.27 E.00548
;WIDTH:0.497082
G1 X130.917 Y77.246 E.00501
;WIDTH:0.449999
G1 X139.332 Y77.246 E.21926
G1 X139.332 Y93.96 E.4355
G1 X131.028 Y93.96 E.21637
G1 X130.234 Y93.981 E.0207
;WIDTH:0.408245
G1 X118.657 Y93.981 E.2715
;WIDTH:0.41426
G1 F1702.237
G1 X118.552 Y93.987 E.00251
;WIDTH:0.460773
G1 F1494.89
G1 X118.451 Y94.029 E.00292
;WIDTH:0.507286
G1 F1446.836
G1 X118.349 Y94.071 E.00327
;WIDTH:0.553799
G1 F1404.178
G1 X118.248 Y94.113 E.00356
;WIDTH:0.600311
G1 F1366.233
G1 X118.147 Y94.155 E.00388
;WIDTH:0.646824
G1 F1332.367
G1 X118.046 Y94.197 E.00419
G1 F1320.232
G1 X118.009 Y94.393 E.00765
;WIDTH:0.606587
G1 F1325.865
G1 X117.972 Y94.589 E.00714
;WIDTH:0.567154
G1 F1335.875
G1 X117.974 Y95.152 E.01878
G1 F1281.193
G1 X117.437 Y95.152 E.01792
G1 F1223.125
G1 X117.438 Y94.585 E.01892
;WIDTH:0.606584
G1 F1218.288
G1 X117.459 Y94.155 E.01542
;WIDTH:0.646824
G1 F1215.914
G1 X117.48 Y93.724 E.01654
G1 F1247.495
G1 X117.787 Y93.724 E.01177
G1 F1292.352
G1 X117.961 Y93.701 E.00673
;WIDTH:0.599108
G1 F1338.798
G1 X118.135 Y93.677 E.00621
;WIDTH:0.551393
G1 F1390.443
G1 X118.309 Y93.653 E.00569
;WIDTH:0.503677
G1 F1447.88
G1 X118.483 Y93.629 E.00516
;WIDTH:0.455961
G1 F1557.726
G1 X118.657 Y93.605 E.00464
;WIDTH:0.408245
G1 F3000
G1 X130.234 Y93.605 E.2715
;WIDTH:0.41426
G1 X130.34 Y93.599 E.00253
;WIDTH:0.449999
G1 X130.736 Y93.375 E.01185
G1 X130.861 Y92.999 E.01032
G1 X130.848 Y90.54 E.06407
G1 X130.732 Y90.286 E.00728
G1 X130.517 Y90.108 E.00727
G1 X130.234 Y90.04 E.00758
G1 X117.839 Y90.04 E.32296
G1 F1311.834
G1 X117.383 Y90.04 E.01188
G1 F1256.811
G1 X117.383 Y81.626 E.21923
G1 F1315.815
G1 X117.839 Y81.626 E.01188
G1 F3000
G1 X130.234 Y81.626 E.32296
G1 X130.388 Y81.607 E.00404
G1 X130.613 Y81.499 E.0065
G1 X130.798 Y81.272 E.00763
G1 X130.861 Y80.999 E.0073
G1 X130.861 Y78.667 E.06076
G1 X130.813 Y78.426 E.0064
G1 X130.702 Y78.284 E.0047
M204 S1000
G1 X130.375 Y78.531 F10800
M204 S800
;TYPE:External perimeter
G1 F2400
G1 X130.36 Y78.5 E.0009
G1 X130.234 Y78.458 E.00346
G1 F2399.995
G1 X117.838 Y78.458 E.32299
G1 F1243.043
G1 X116.965 Y78.458 E.02275
G1 F1116.83
G1 X116.96 Y75.578 E.07504
G1 F1272.255
G1 X118.452 Y75.578 E.03888
G1 F1274.046
G1 X118.448 Y76.618 E.0271
G1 F1279.342
G1 X118.523 Y76.779 E.00463
G1 F1565.186
G1 X118.657 Y76.828 E.00372
G1 F1783.776
G1 X119.332 Y76.828 E.01759
G1 F2399.995
G1 X139.75 Y76.828 E.53201
G1 X139.75 Y77.503 E.01759
G1 F2400
G1 X139.75 Y93.703 E.4221
G1 F2399.995
G1 X139.75 Y94.378 E.01759
G1 X119.332 Y94.378 E.53201
G1 F1583.776
G1 X118.657 Y94.378 E.01759
G1 F1471.915
G1 X118.481 Y94.475 E.00524
G1 F1280.974
G1 X118.448 Y94.587 E.00304
G1 F1274.361
G1 X118.452 Y95.628 E.02712
G1 F1272.711
G1 X116.96 Y95.628 E.03888
G1 F1112.531
G1 X116.965 Y93.208 E.06305
G1 F1239.533
G1 X117.838 Y93.208 E.02275
G1 F2399.995
G1 X130.234 Y93.208 E.32299
G1 F2400
G1 X130.401 Y93.125 E.00486
G1 X130.443 Y92.999 E.00346
G1 X130.443 Y90.667 E.06076
G1 X130.381 Y90.518 E.0042
G1 X130.234 Y90.458 E.00414
G1 F2399.995
G1 X117.839 Y90.458 E.32296
G1 F1247.184
G1 X116.965 Y90.458 E.02277
G1 F1139.93
G1 X116.965 Y81.208 E.24102
G1 F1257.266
G1 X117.839 Y81.208 E.02277
G1 F2400
G1 X130.234 Y81.208 E.32296
G1 X130.384 Y81.145 E.00424
G1 X130.443 Y80.999 E.0041
G1 X130.443 Y78.667 E.06076
G1 X130.402 Y78.585 E.00239
M204 S1000
;WIPE_START
G1 F8640
G1 X130.375 Y78.531 E-.01394
G1 X130.36 Y78.5 E-.00795
G1 X130.234 Y78.458 E-.03067
G1 X126.997 Y78.458 E-.74744
;WIPE_END
G1 Z2.4 F720
G1 X126.609 Y81.981 F10800
G1 Z2 F720
G1 E.8 F2100
M204 S2000
;TYPE:Internal infill
;WIDTH:0.45
G1 F3600
G1 X138.206 Y93.605 E.42783
G1 X135.004 Y93.605 E.08343
G1 X138.206 Y81.656 E.32233
G1 X138.206 Y79.606 E.05341
M204 S1000
;WIPE_START
G1 F8640
G1 X138.206 Y81.656 E-.47335
G1 X137.84 Y83.022 E-.32665
;WIPE_END
G1 Z2.4 F720
G1 X138.206 Y92.085 F10800
G1 Z2 F720
G1 E.8 F2100
M204 S2000
G1 F3600
G1 X138.206 Y89.585 E.06514
G1 X131.216 Y91.458 E.18855
G1 X131.197 Y90.47 E.02575
G1 X131.014 Y90.067 E.01153
G1 X130.811 Y89.882 E.00716
G1 X134.102 Y77.601 E.33128
G1 X136.41 Y77.601 E.06014
G1 X138.206 Y79.397 E.06618
G1 X138.206 Y79.204 E.00503
G1 X131.204 Y81.08 E.18888
G1 X131.212 Y79.494 E.04132
G1 X138.206 Y86.487 E.2577
G1 X138.206 Y84.395 E.05451
G1 X118.792 Y89.597 E.52369
G1 X118.792 Y88.345 E.03262
G1 X120.134 Y89.687 E.04945
G1 X120.482 Y89.687 E.00907
G1 X122.547 Y81.981 E.20787
G1 X119.519 Y81.981 E.0789
G1 X127.228 Y89.69 E.28406
G1 X125.672 Y89.689 E.04054
G1 X127.737 Y81.981 E.20792
G1 X127.841 Y81.981 E.00271
G1 X118.792 Y84.406 E.2441
G1 X118.792 Y86.906 E.06514
M204 S1000
;WIPE_START
G1 F8640
G1 X118.792 Y84.406 E-.57726
G1 X119.724 Y84.156 E-.22274
;WIPE_END
G1 Z2.4 F720
G1 X117.793 Y82.036 F10800
G1 Z2 F720
G1 E.8 F2100
M204 S2000
;TYPE:Solid infill
;WIDTH:0.559036
G1 F3000
G1 X118.319 Y82.036 E.01728
G1 X118.319 Y89.631 E.24954
G1 X117.793 Y89.631 E.01728
G1 X117.793 Y82.245 E.24267
M204 S1000
;WIPE_START
G1 F8640
G1 X117.793 Y85.71 E-.8
;WIPE_END
G1 Z2.4 F720
G1 X117.718 Y77.703 F10800
G1 Z2 F720
G1 E.8 F2100
M204 S2000
;WIDTH:0.413657
G1 F3000
G1 X117.793 Y77.076 E.01502
G1 X118.019 Y77.338 E.00823
G1 X118.358 Y77.587 E.01001
G1 X117.926 Y77.685 E.01054
M204 S1000
;WIPE_START
G1 F8640
G1 X118.358 Y77.587 E-.10228
G1 X118.019 Y77.338 E-.09712
G1 X117.793 Y77.076 E-.07989
G1 X117.718 Y77.703 E-.14581
;WIPE_END
G1 E-.3749 F2100
G1 Z2.4 F720
G1 X131.216 Y91.667 F10800
G1 Z2 F720
G1 E.8 F2100
M204 S2000
;TYPE:Internal infill
;WIDTH:0.45
G1 F3600
G1 X131.216 Y93.023 E.03533
G1 X131.052 Y93.515 E.01351
G1 X131.143 Y93.605 E.00333
G1 X133.643 Y93.605 E.06514
M204 S1000
;WIPE_START
G1 F8640
G1 X131.143 Y93.605 E-.57726
G1 X131.052 Y93.515 E-.02955
G1 X131.216 Y93.023 E-.11975
G1 X131.216 Y92.705 E-.07344
;WIPE_END
G1 Z2.4 F720
G1 X138.607 Y93.621 F10800
G1 Z2 F720
G1 E.8 F2100
M73 P51 R11
M204 S2000
;TYPE:Solid infill
;WIDTH:0.417896
G1 F3000
G1 X138.607 Y77.585 E.38572
G1 X138.993 Y77.585 E.00928
G1 X138.993 Y93.621 E.38572
G1 X138.816 Y93.621 E.00426
M204 S1000
;LAYER_CHANGE
;Z:2.15
;HEIGHT:0.15
;BEFORE_LAYER_CHANGE
G92 E0.0
;2.15


;WIPE_START
G1 F8640
G1 X138.993 Y93.621 E-.04087
G1 X138.993 Y90.333 E-.75913
;WIPE_END
G1 Z2.15 F720
;AFTER_LAYER_CHANGE
;2.15
G1 Z2.55
; stop printing object pieds_clavier_cherry.stl id:0 copy 0
; printing object pieds_clavier_cherry.stl id:1 copy 0
G1 X134.283 Y141.584 F10800
G1 Z2.15 F720
G1 E.8 F2100
M204 S800
;TYPE:Perimeter
;WIDTH:0.449999
G1 F3000
G1 X134.228 Y141.513 E.00234
;WIDTH:0.497082
G1 X134.134 Y141.458 E.00316
;WIDTH:0.544164
G1 X134.04 Y141.404 E.00346
;WIDTH:0.591246
G1 X133.946 Y141.349 E.0038
;WIDTH:0.638328
G1 X133.852 Y141.294 E.00412
G1 X122.419 Y141.294 E.43217
G1 F1449.549
G1 X122.182 Y141.317 E.009
;WIDTH:0.591245
G1 F1432.709
G1 X121.945 Y141.341 E.00831
;WIDTH:0.544163
G1 F1412.45
G1 X121.708 Y141.364 E.0076
;WIDTH:0.497081
G1 F1387.646
G1 X121.472 Y141.388 E.00688
;WIDTH:0.449999
G1 F1308.494
G1 X120.856 Y141.388 E.01605
G1 F1225.012
G1 X120.855 Y139.344 E.05326
G1 F1349.592
G1 X121.793 Y139.344 E.02444
G1 F1459.87
G1 X121.802 Y140.075 E.01905
G1 F1475.682
G1 X121.941 Y140.373 E.00857
;WIDTH:0.497081
G1 F1471.719
G1 X122.061 Y140.451 E.00415
;WIDTH:0.544163
G1 F1466.639
G1 X122.18 Y140.53 E.00456
;WIDTH:0.591245
G1 F1462.337
G1 X122.299 Y140.609 E.00498
;WIDTH:0.638327
G1 F1458.648
G1 X122.419 Y140.688 E.00543
G1 F3000
G1 X133.852 Y140.688 E.43217
G1 X134.023 Y140.664 E.00653
;WIDTH:0.591246
G1 X134.194 Y140.641 E.00602
;WIDTH:0.544164
G1 X134.364 Y140.617 E.00548
;WIDTH:0.497082
G1 X134.535 Y140.594 E.005
;WIDTH:0.449999
G1 X142.863 Y140.594 E.21699
G1 X142.863 Y157.308 E.4355
G1 X134.646 Y157.308 E.2141
G1 X133.852 Y157.329 E.0207
;WIDTH:0.408245
G1 X122.419 Y157.329 E.26812
;WIDTH:0.41426
G1 F1677.477
G1 X122.314 Y157.335 E.00251
;WIDTH:0.449999
G1 F1510.92
G1 X121.842 Y157.689 E.01537
G1 F1462.389
G1 X121.792 Y157.934 E.00652
G1 F1457.094
G1 X121.793 Y158.558 E.01626
G1 F1347.291
G1 X120.855 Y158.558 E.02444
G1 F1222.088
G1 X120.856 Y156.974 E.04127
G1 F1292.521
G1 X121.369 Y156.974 E.01337
G1 F1478.708
G1 X122.419 Y156.953 E.02736
;WIDTH:0.408245
G1 F3000
G1 X133.852 Y156.953 E.26812
;WIDTH:0.41426
G1 X133.957 Y156.947 E.00251
;WIDTH:0.449999
G1 X134.354 Y156.723 E.01188
G1 X134.479 Y156.347 E.01032
G1 X134.467 Y153.893 E.06394
G1 X134.349 Y153.633 E.00744
G1 X134.131 Y153.454 E.00735
G1 X133.852 Y153.388 E.00747
G1 X120.856 Y153.388 E.33862
G1 F1254.65
G1 X120.856 Y144.974 E.21923
G1 F3000
G1 X133.852 Y144.974 E.33862
G1 X134.003 Y144.955 E.00397
G1 X134.227 Y144.849 E.00646
G1 X134.417 Y144.619 E.00777
G1 X134.479 Y144.347 E.00727
G1 X134.479 Y142.015 E.06076
G1 X134.431 Y141.774 E.0064
G1 X134.32 Y141.632 E.0047
M204 S1000
G1 X133.993 Y141.879 F10800
M204 S800
;TYPE:External perimeter
G1 F2400
G1 X133.978 Y141.848 E.0009
G1 X133.852 Y141.806 E.00346
G1 F2399.995
G1 X121.258 Y141.806 E.32815
G1 F1222.729
G1 X120.438 Y141.806 E.02137
G1 F1101.289
G1 X120.436 Y138.926 E.07504
G1 F1349.694
G1 X122.211 Y138.926 E.04625
G1 F1420.585
G1 X122.21 Y139.967 E.02712
G1 X122.26 Y140.102 E.00375
G1 F1701.337
G1 X122.419 Y140.176 E.00457
G1 F1907.654
G1 X123.094 Y140.176 E.01759
G1 F2399.995
G1 X143.281 Y140.176 E.52599
G1 X143.281 Y140.851 E.01759
G1 F2400
G1 X143.281 Y157.051 E.4221
G1 F2399.995
G1 X143.281 Y157.726 E.01759
G1 X123.094 Y157.726 E.52599
G1 F1568.12
G1 X122.419 Y157.726 E.01759
G1 F1462.99
G1 X122.227 Y157.853 E.006
G1 F1420.729
G1 X122.21 Y157.934 E.00216
G1 X122.211 Y158.976 E.02715
G1 F1347.394
G1 X120.437 Y158.976 E.04622
G1 F1097.737
G1 X120.438 Y156.556 E.06305
G1 F1219.786
G1 X121.257 Y156.556 E.02134
G1 F2399.995
G1 X133.852 Y156.556 E.32817
G1 F2400
G1 X134.019 Y156.472 E.00487
G1 X134.061 Y156.347 E.00344
G1 X134.061 Y154.015 E.06076
G1 X133.998 Y153.865 E.00424
G1 X133.852 Y153.806 E.0041
G1 F2399.995
G1 X121.258 Y153.806 E.32815
G1 F1228.077
G1 X120.438 Y153.806 E.02137
G1 F1137.306
G1 X120.438 Y144.556 E.24102
G1 F1246.102
G1 X121.258 Y144.556 E.02137
G1 F2400
G1 X133.852 Y144.556 E.32815
G1 X134.001 Y144.494 E.0042
G1 X134.061 Y144.347 E.00414
G1 X134.061 Y142.015 E.06076
G1 X134.02 Y141.932 E.00241
M204 S1000
;WIPE_START
G1 F8640
G1 X133.993 Y141.879 E-.01373
G1 X133.978 Y141.848 E-.00795
G1 X133.852 Y141.806 E-.03067
G1 X130.614 Y141.806 E-.74765
;WIPE_END
G1 Z2.55 F720
G1 X130.586 Y145.747 F10800
G1 Z2.15 F720
G1 E.8 F2100
M204 S2000
;TYPE:Internal infill
;WIDTH:0.45
G1 F3600
G1 X130.309 Y145.747 E.00722
G1 X122.41 Y147.863 E.21307
G1 X122.41 Y151.542 E.09586
G1 X123.484 Y152.616 E.03958
G1 X122.41 Y152.616 E.02798
G1 X122.41 Y151.751 E.02254
M204 S1000
;WIPE_START
G1 F8640
G1 X122.41 Y152.616 E-.19973
G1 X123.484 Y152.616 E-.24799
G1 X122.41 Y151.542 E-.35071
G1 X122.41 Y151.535 E-.00157
;WIPE_END
G1 Z2.55 F720
G1 X121.367 Y157.297 F10800
G1 Z2.15 F720
G1 E.8 F2100
M204 S2000
;TYPE:Solid infill
;WIDTH:0.403233
G1 F3000
G1 X121.88 Y157.284 E.01187
G1 X121.54 Y157.563 E.01018
G1 X121.485 Y158.089 E.01224
;WIDTH:0.354674
G1 X121.485 Y158.25 E.00324
G1 X121.162 Y158.25 E.0065
;WIDTH:0.357806
G1 X121.164 Y157.875 E.00761
;WIDTH:0.400947
G1 X121.186 Y157.331 E.01252
M204 S1000
;WIPE_START
G1 F8640
G1 X121.164 Y157.875 E-.12571
G1 X121.162 Y158.25 E-.08659
G1 X121.485 Y158.25 E-.07458
G1 X121.485 Y158.089 E-.03718
G1 X121.54 Y157.563 E-.12212
G1 X121.88 Y157.284 E-.10156
G1 X121.367 Y157.297 E-.11849
;WIPE_END
G1 E-.13377 F2100
G1 Z2.55 F720
G1 X121.602 Y145.719 F10800
G1 Z2.15 F720
G1 E.8 F2100
M204 S2000
;WIDTH:0.395054
G1 F3000
G1 X121.602 Y152.643 E.15668
;WIDTH:0.449999
G1 X122.201 Y153.033 E.01862
;WIDTH:0.449436
G1 X133.849 Y153.036 E.30309
;WIDTH:0.452922
G1 X134.275 Y153.139 E.0115
G1 X134.555 Y153.338 E.00901
;WIDTH:0.45056
G1 X134.779 Y153.714 E.01142
;WIDTH:0.450028
G1 X134.834 Y154.018 E.00805
G1 X134.834 Y156.337 E.06043
;WIDTH:0.499641
G1 X134.774 Y156.612 E.00821
;WIDTH:0.549254
G1 X134.714 Y156.887 E.00908
G1 X134.822 Y156.92 E.00364
;WIDTH:0.49964
G1 X134.93 Y156.953 E.00329
;WIDTH:0.450028
G1 X141.759 Y156.953 E.17795
;WIDTH:0.453196
G1 X141.795 Y156.951 E.00095
M204 S1000
;WIPE_START
G1 F8640
G1 X141.759 Y156.953 E-.00833
G1 X138.33 Y156.953 E-.79167
;WIPE_END
G1 Z2.55 F720
G1 X141.916 Y141.086 F10800
G1 Z2.15 F720
G1 E.8 F2100
M204 S2000
;WIDTH:0.511288
G1 F3000
G1 X141.998 Y141.158 E.00326
G1 X141.998 Y156.744 E.46568
G1 X141.897 Y156.848 E.00433
;WIDTH:0.482243
G1 X141.795 Y156.951 E.00407
G1 X142.136 Y156.937 E.00958
;WIDTH:0.511289
G1 X142.477 Y156.922 E.0102
G1 X142.477 Y140.979 E.47634
G1 X142.118 Y140.964 E.01074
;WIDTH:0.480659
G1 X141.759 Y140.949 E.01005
;WIDTH:0.45003
G1 X134.657 Y140.949 E.18506
;WIDTH:0.474208
G1 X134.556 Y140.961 E.0028
;WIDTH:0.520614
G1 X134.496 Y141.001 E.0022
;WIDTH:0.56702
G1 X134.436 Y141.042 E.00242
;WIDTH:0.613426
G1 X134.376 Y141.083 E.00263
G1 X134.464 Y141.21 E.0056
;WIDTH:0.572577
G1 X134.553 Y141.337 E.00523
;WIDTH:0.531728
G1 X134.641 Y141.465 E.00484
;WIDTH:0.490879
G1 X134.73 Y141.592 E.00444
;WIDTH:0.45003
G1 X134.834 Y142.022 E.01153
G1 X134.822 Y144.483 E.06413
;WIDTH:0.453682
G1 X134.68 Y144.851 E.01037
G1 X134.48 Y145.09 E.00819
;WIDTH:0.453308
G1 X134.152 Y145.274 E.00988
;WIDTH:0.450026
G1 X133.849 Y145.329 E.00802
G1 X122.201 Y145.329 E.30352
;WIDTH:0.453196
G1 X122.164 Y145.33 E.00097
G1 X121.992 Y145.538 E.00709
;WIDTH:0.449999
G1 X121.992 Y152.825 E.18987
G1 X122.201 Y153.033 E.00768
G1 X121.211 Y153.033 E.0258
G1 X121.211 Y145.329 E.20073
G1 X121.602 Y145.329 E.01019
;WIDTH:0.45201
G1 X121.955 Y145.33 E.00924
M204 S1000
;WIPE_START
G1 F8640
M73 P52 R11
G1 X121.602 Y145.329 E-.08151
G1 X121.211 Y145.329 E-.09028
G1 X121.211 Y148.05 E-.62821
;WIPE_END
G1 Z2.55 F720
G1 X121.164 Y139.653 F10800
G1 Z2.15 F720
G1 E.8 F2100
M204 S2000
;WIDTH:0.357977
G1 F3000
G1 X121.487 Y139.653 E.00656
;WIDTH:0.363054
G1 X121.495 Y140.125 E.00974
;WIDTH:0.409027
G1 X121.547 Y140.289 E.00404
;WIDTH:0.454999
G1 X121.599 Y140.453 E.00454
;WIDTH:0.500971
G1 X121.651 Y140.616 E.005
G1 X122.011 Y140.897 E.01335
G1 X121.617 Y140.975 E.01174
G1 X121.236 Y141.007 E.01118
G1 X121.22 Y140.653 E.01036
;WIDTH:0.468247
G1 X121.202 Y140.487 E.00454
;WIDTH:0.433183
G1 X121.184 Y140.32 E.0042
;WIDTH:0.398119
G1 X121.167 Y140.154 E.00381
;WIDTH:0.363054
G1 X121.165 Y139.862 E.00603
M204 S1000
;WIPE_START
G1 F8640
G1 X121.167 Y140.154 E-.06743
G1 X121.184 Y140.32 E-.03853
G1 X121.202 Y140.487 E-.03878
G1 X121.22 Y140.653 E-.03855
G1 X121.236 Y141.007 E-.08182
G1 X121.617 Y140.975 E-.08828
G1 X122.011 Y140.897 E-.09274
G1 X121.651 Y140.616 E-.10545
G1 X121.599 Y140.453 E-.03951
G1 X121.547 Y140.289 E-.03973
G1 X121.495 Y140.125 E-.03973
G1 X121.487 Y139.653 E-.109
G1 X121.398 Y139.653 E-.02045
;WIPE_END
G1 Z2.55 F720
G1 X141.55 Y143.116 F10800
G1 Z2.15 F720
G1 E.8 F2100
M204 S2000
;TYPE:Internal infill
;WIDTH:0.45
G1 F3600
G1 X141.55 Y145.616 E.06514
G1 X138.624 Y156.535 E.29454
G1 X141.55 Y156.535 E.07624
G1 X130.795 Y145.747 E.39691
G1 X131.134 Y145.747 E.00883
G1 X129.292 Y152.619 E.18538
G1 X130.578 Y152.62 E.03351
G1 X123.704 Y145.747 E.25328
G1 X125.943 Y145.747 E.05834
G1 X124.102 Y152.617 E.18532
G1 X124.042 Y152.617 E.00156
G1 X141.55 Y147.925 E.47228
G1 X141.55 Y149.411 E.03872
G1 X135.246 Y143.108 E.23227
G1 X135.24 Y144.426 E.03434
G1 X141.55 Y142.735 E.17021
G1 X141.55 Y142.321 E.01079
G1 X140.596 Y141.366 E.03517
G1 X137.498 Y141.366 E.08072
G1 X134.447 Y152.752 E.30714
G1 X134.824 Y153.005 E.01183
G1 X135.119 Y153.433 E.01354
G1 X135.25 Y153.963 E.01423
G1 X135.252 Y154.803 E.02189
G1 X141.55 Y153.116 E.16988
G1 X141.55 Y150.616 E.06514
M204 S1000
;WIPE_START
G1 F8640
G1 X141.55 Y153.116 E-.57726
G1 X140.618 Y153.366 E-.22274
;WIPE_END
G1 Z2.55 F720
; stop printing object pieds_clavier_cherry.stl id:1 copy 0
; printing object pieds_clavier_cherry.stl id:2 copy 0
G1 X131.852 Y108.749 F10800
G1 Z2.15 F720
G1 E.8 F2100
M204 S800
;TYPE:Perimeter
;WIDTH:0.449999
G1 F3000
G1 X131.797 Y108.678 E.00234
;WIDTH:0.497082
G1 X131.703 Y108.623 E.00316
;WIDTH:0.544164
G1 X131.609 Y108.568 E.00348
;WIDTH:0.591246
G1 X131.515 Y108.513 E.0038
;WIDTH:0.638328
G1 X131.421 Y108.458 E.00412
G1 X119.987 Y108.458 E.43221
G1 F1449.549
G1 X119.751 Y108.482 E.00897
;WIDTH:0.591245
G1 F1432.709
G1 X119.514 Y108.505 E.0083
;WIDTH:0.544163
G1 F1412.45
G1 X119.277 Y108.529 E.00761
;WIDTH:0.497081
G1 F1387.646
G1 X119.04 Y108.552 E.0069
;WIDTH:0.449999
G1 F1308.494
G1 X118.424 Y108.552 E.01605
G1 F1225.012
G1 X118.423 Y106.508 E.05326
G1 F1349.592
G1 X119.361 Y106.508 E.02444
G1 F1459.87
G1 X119.37 Y107.24 E.01907
G1 F1475.682
G1 X119.51 Y107.537 E.00856
;WIDTH:0.497081
G1 F1471.719
G1 X119.629 Y107.616 E.00414
;WIDTH:0.544163
G1 F1466.639
G1 X119.749 Y107.695 E.00459
;WIDTH:0.591245
G1 F1462.337
G1 X119.868 Y107.773 E.00496
;WIDTH:0.638327
G1 F1458.648
G1 X119.987 Y107.852 E.0054
G1 F3000
G1 X131.421 Y107.852 E.43221
G1 X131.591 Y107.829 E.00648
;WIDTH:0.591246
G1 X131.762 Y107.805 E.00602
;WIDTH:0.544164
G1 X131.933 Y107.781 E.00551
;WIDTH:0.497082
G1 X132.103 Y107.758 E.00497
;WIDTH:0.449999
G1 X140.432 Y107.758 E.21702
G1 X140.432 Y124.472 E.4355
G1 X132.215 Y124.472 E.2141
G1 X131.421 Y124.493 E.0207
;WIDTH:0.408245
G1 X119.987 Y124.493 E.26815
;WIDTH:0.41426
G1 F1677.477
G1 X119.882 Y124.499 E.00251
;WIDTH:0.449999
G1 F1510.92
G1 X119.411 Y124.853 E.01535
G1 F1462.389
G1 X119.361 Y125.099 E.00654
G1 F1457.094
G1 X119.361 Y125.722 E.01623
G1 F1347.291
G1 X118.423 Y125.722 E.02444
G1 F1222.088
G1 X118.424 Y124.138 E.04127
G1 F1292.521
G1 X118.938 Y124.138 E.01339
G1 F1478.708
G1 X119.987 Y124.117 E.02734
;WIDTH:0.408245
G1 F3000
G1 X131.421 Y124.117 E.26815
;WIDTH:0.41426
G1 X131.526 Y124.111 E.00251
;WIDTH:0.449999
G1 X131.922 Y123.887 E.01185
G1 X132.047 Y123.511 E.01032
G1 X132.036 Y121.057 E.06394
G1 X131.917 Y120.797 E.00745
G1 X131.7 Y120.618 E.00733
G1 X131.421 Y120.552 E.00747
G1 X118.425 Y120.552 E.33862
G1 F1254.65
G1 X118.425 Y112.138 E.21923
G1 F3000
G1 X131.421 Y112.138 E.33862
G1 X131.572 Y112.119 E.00397
G1 X131.796 Y112.014 E.00645
G1 X131.985 Y111.784 E.00776
G1 X132.047 Y111.511 E.00729
G1 X132.047 Y109.179 E.06076
G1 X131.999 Y108.938 E.0064
G1 X131.889 Y108.796 E.00468
M204 S1000
G1 X131.562 Y109.043 F10800
M204 S800
;TYPE:External perimeter
G1 F2400
G1 X131.546 Y109.012 E.00091
G1 X131.421 Y108.97 E.00344
G1 F2399.995
G1 X118.826 Y108.97 E.32817
G1 F1222.729
G1 X118.007 Y108.97 E.02134
G1 F1101.289
G1 X118.005 Y106.09 E.07504
G1 F1349.694
G1 X119.78 Y106.09 E.04625
G1 F1420.585
G1 X119.778 Y107.131 E.02712
G1 X119.828 Y107.266 E.00375
G1 F1701.337
G1 X119.987 Y107.34 E.00457
G1 F1907.654
G1 X120.662 Y107.34 E.01759
G1 F2399.995
G1 X140.849 Y107.34 E.52599
G1 X140.849 Y108.015 E.01759
G1 F2400
G1 X140.849 Y124.215 E.4221
G1 F2399.995
G1 X140.849 Y124.89 E.01759
G1 X120.662 Y124.89 E.52599
G1 F1568.12
G1 X119.987 Y124.89 E.01759
G1 F1462.99
G1 X119.795 Y125.017 E.006
G1 F1420.729
G1 X119.778 Y125.099 E.00218
G1 X119.78 Y126.14 E.02712
G1 F1347.394
G1 X118.005 Y126.14 E.04625
G1 F1097.737
G1 X118.007 Y123.72 E.06305
G1 F1219.786
G1 X118.826 Y123.72 E.02134
G1 F2399.995
G1 X131.421 Y123.72 E.32817
G1 F2400
G1 X131.588 Y123.637 E.00486
G1 X131.63 Y123.511 E.00346
G1 X131.63 Y121.179 E.06076
G1 X131.567 Y121.03 E.00422
G1 X131.421 Y120.97 E.00411
G1 F2399.995
G1 X118.827 Y120.97 E.32815
G1 F1228.077
G1 X118.007 Y120.97 E.02137
G1 F1137.306
G1 X118.007 Y111.72 E.24102
G1 F1246.102
G1 X118.827 Y111.72 E.02137
G1 F2400
G1 X131.421 Y111.72 E.32815
G1 X131.569 Y111.658 E.00418
G1 X131.63 Y111.511 E.00415
G1 X131.63 Y109.179 E.06076
G1 X131.588 Y109.097 E.0024
M204 S1000
;WIPE_START
G1 F8640
G1 X131.562 Y109.043 E-.01384
G1 X131.546 Y109.012 E-.00806
G1 X131.421 Y108.97 E-.03045
G1 X128.183 Y108.97 E-.74765
;WIPE_END
G1 Z2.55 F720
G1 X128.154 Y112.911 F10800
G1 Z2.15 F720
G1 E.8 F2100
M204 S2000
;TYPE:Internal infill
;WIDTH:0.45
G1 F3600
G1 X127.878 Y112.911 E.00719
G1 X119.978 Y115.028 E.2131
G1 X119.978 Y118.707 E.09586
G1 X121.052 Y119.781 E.03958
G1 X119.978 Y119.78 E.02798
G1 X119.978 Y118.916 E.02251
M204 S1000
;WIPE_START
G1 F8640
G1 X119.978 Y119.78 E-.1995
G1 X121.052 Y119.781 E-.24799
G1 X119.978 Y118.707 E-.35071
G1 X119.978 Y118.699 E-.0018
;WIPE_END
G1 Z2.55 F720
G1 X118.936 Y124.461 F10800
G1 Z2.15 F720
G1 E.8 F2100
M204 S2000
;TYPE:Solid infill
;WIDTH:0.403233
G1 F3000
G1 X119.449 Y124.448 E.01187
G1 X119.108 Y124.727 E.01019
G1 X119.053 Y125.253 E.01224
;WIDTH:0.354674
G1 X119.054 Y125.415 E.00326
G1 X118.731 Y125.415 E.0065
;WIDTH:0.357806
G1 X118.733 Y125.039 E.00764
;WIDTH:0.400947
G1 X118.755 Y124.495 E.01252
M204 S1000
;WIPE_START
G1 F8640
G1 X118.733 Y125.039 E-.12571
G1 X118.731 Y125.415 E-.08682
G1 X119.054 Y125.415 E-.07458
G1 X119.053 Y125.253 E-.03741
G1 X119.108 Y124.727 E-.12212
G1 X119.449 Y124.448 E-.10173
G1 X118.936 Y124.461 E-.11849
;WIPE_END
G1 E-.13314 F2100
G1 Z2.55 F720
G1 X119.17 Y112.883 F10800
G1 Z2.15 F720
G1 E.8 F2100
M204 S2000
;WIDTH:0.395054
G1 F3000
M73 P53 R11
G1 X119.17 Y119.807 E.15668
;WIDTH:0.449999
G1 X119.769 Y120.198 E.01864
;WIDTH:0.449436
G1 X131.418 Y120.2 E.30311
;WIDTH:0.452922
G1 X131.844 Y120.303 E.0115
G1 X132.124 Y120.502 E.00901
;WIDTH:0.45056
G1 X132.348 Y120.878 E.01142
;WIDTH:0.450028
G1 X132.403 Y121.182 E.00805
G1 X132.403 Y123.501 E.06043
;WIDTH:0.499641
G1 X132.343 Y123.776 E.00821
;WIDTH:0.549254
G1 X132.283 Y124.051 E.00908
G1 X132.391 Y124.084 E.00364
;WIDTH:0.49964
G1 X132.498 Y124.117 E.00326
;WIDTH:0.450028
G1 X139.327 Y124.117 E.17795
;WIDTH:0.453196
G1 X139.364 Y124.116 E.00097
M204 S1000
;WIPE_START
G1 F8640
G1 X139.327 Y124.117 E-.00855
G1 X135.9 Y124.117 E-.79145
;WIPE_END
G1 Z2.55 F720
G1 X139.485 Y108.25 F10800
G1 Z2.15 F720
G1 E.8 F2100
M204 S2000
;WIDTH:0.511288
G1 F3000
G1 X139.567 Y108.322 E.00326
G1 X139.567 Y123.908 E.46568
G1 X139.465 Y124.012 E.00435
;WIDTH:0.482243
G1 X139.364 Y124.116 E.00407
G1 X139.705 Y124.101 E.00958
;WIDTH:0.511289
G1 X140.046 Y124.087 E.0102
G1 X140.046 Y108.144 E.47634
G1 X139.687 Y108.128 E.01074
;WIDTH:0.480659
G1 X139.327 Y108.113 E.01008
;WIDTH:0.45003
G1 X132.225 Y108.113 E.18506
;WIDTH:0.474208
G1 X132.125 Y108.125 E.00278
;WIDTH:0.520614
G1 X132.065 Y108.166 E.00221
;WIDTH:0.56702
G1 X132.005 Y108.206 E.00241
;WIDTH:0.613426
G1 X131.945 Y108.247 E.00263
G1 X132.033 Y108.374 E.0056
;WIDTH:0.572577
G1 X132.121 Y108.502 E.00523
;WIDTH:0.531728
G1 X132.21 Y108.629 E.00483
;WIDTH:0.490879
G1 X132.298 Y108.756 E.00442
;WIDTH:0.45003
G1 X132.403 Y109.186 E.01153
G1 X132.39 Y111.648 E.06415
;WIDTH:0.453682
G1 X132.248 Y112.015 E.01034
G1 X132.049 Y112.254 E.00817
;WIDTH:0.453308
G1 X131.72 Y112.438 E.0099
;WIDTH:0.450026
G1 X131.418 Y112.493 E.008
G1 X119.769 Y112.493 E.30354
;WIDTH:0.453196
G1 X119.733 Y112.495 E.00095
G1 X119.56 Y112.702 E.00708
;WIDTH:0.449999
G1 X119.56 Y119.989 E.18987
G1 X119.769 Y120.198 E.0077
G1 X118.78 Y120.197 E.02577
G1 X118.78 Y112.493 E.20073
G1 X119.17 Y112.493 E.01016
;WIDTH:0.45201
G1 X119.524 Y112.494 E.00927
M204 S1000
;WIPE_START
G1 F8640
G1 X119.17 Y112.493 E-.08174
G1 X118.78 Y112.493 E-.09005
G1 X118.78 Y115.214 E-.62821
;WIPE_END
G1 Z2.55 F720
G1 X118.732 Y106.817 F10800
G1 Z2.15 F720
G1 E.8 F2100
M204 S2000
;WIDTH:0.357977
G1 F3000
G1 X119.055 Y106.817 E.00656
;WIDTH:0.363054
G1 X119.064 Y107.289 E.00974
;WIDTH:0.409027
G1 X119.116 Y107.453 E.00404
;WIDTH:0.454999
G1 X119.168 Y107.617 E.00454
;WIDTH:0.500971
G1 X119.22 Y107.781 E.00503
G1 X119.579 Y108.061 E.01331
G1 X119.185 Y108.14 E.01175
G1 X118.805 Y108.172 E.01115
G1 X118.788 Y107.817 E.01039
;WIDTH:0.468247
G1 X118.77 Y107.651 E.00454
;WIDTH:0.433183
G1 X118.753 Y107.485 E.00417
;WIDTH:0.398119
G1 X118.735 Y107.318 E.00383
;WIDTH:0.363054
G1 X118.734 Y107.026 E.00603
M204 S1000
;WIPE_START
G1 F8640
G1 X118.735 Y107.318 E-.06742
G1 X118.753 Y107.485 E-.03878
G1 X118.77 Y107.651 E-.03853
G1 X118.788 Y107.817 E-.03855
G1 X118.805 Y108.172 E-.08206
G1 X119.185 Y108.14 E-.08805
G1 X119.579 Y108.061 E-.09279
G1 X119.22 Y107.781 E-.10513
G1 X119.168 Y107.617 E-.03973
G1 X119.116 Y107.453 E-.03973
G1 X119.064 Y107.289 E-.03973
G1 X119.055 Y106.817 E-.10901
G1 X118.966 Y106.817 E-.02049
;WIPE_END
G1 Z2.55 F720
G1 X139.118 Y110.28 F10800
G1 Z2.15 F720
G1 E.8 F2100
M204 S2000
;TYPE:Internal infill
;WIDTH:0.45
G1 F3600
G1 X139.118 Y112.78 E.06514
G1 X136.193 Y123.699 E.29453
G1 X139.118 Y123.699 E.07621
G1 X128.363 Y112.911 E.39691
G1 X128.702 Y112.911 E.00883
G1 X126.861 Y119.783 E.18537
G1 X128.146 Y119.784 E.03348
G1 X121.273 Y112.911 E.25326
G1 X123.512 Y112.911 E.05834
G1 X121.671 Y119.781 E.18532
G1 X121.61 Y119.781 E.00159
G1 X139.118 Y115.09 E.47228
G1 X139.118 Y116.575 E.03869
G1 X132.815 Y110.272 E.23226
G1 X132.808 Y111.59 E.03434
G1 X139.118 Y109.899 E.17021
G1 X139.118 Y109.485 E.01079
G1 X138.164 Y108.531 E.03515
G1 X135.066 Y108.531 E.08072
G1 X132.016 Y119.917 E.30713
G1 X132.393 Y120.169 E.01182
G1 X132.687 Y120.597 E.01353
G1 X132.818 Y121.127 E.01423
G1 X132.82 Y121.968 E.02191
G1 X139.118 Y120.28 E.16989
G1 X139.118 Y117.78 E.06514
M204 S1000
;WIPE_START
G1 F8640
G1 X139.118 Y120.28 E-.57726
G1 X138.186 Y120.53 E-.22274
;WIPE_END
G1 Z2.55 F720
; stop printing object pieds_clavier_cherry.stl id:2 copy 0
; printing object pieds_clavier_cherry.stl id:0 copy 0
G1 X130.666 Y78.237 F10800
G1 Z2.15 F720
G1 E.8 F2100
M204 S800
;TYPE:Perimeter
;WIDTH:0.449999
G1 F3000
G1 X130.61 Y78.166 E.00236
;WIDTH:0.497082
G1 X130.516 Y78.111 E.00316
;WIDTH:0.544164
G1 X130.422 Y78.056 E.00348
;WIDTH:0.591246
G1 X130.328 Y78.001 E.0038
;WIDTH:0.638328
G1 X130.234 Y77.946 E.00412
G1 X118.801 Y77.946 E.43217
G1 F1449.549
G1 X118.564 Y77.97 E.009
;WIDTH:0.591245
G1 F1432.709
G1 X118.327 Y77.993 E.0083
;WIDTH:0.544163
G1 F1412.45
G1 X118.09 Y78.017 E.00761
;WIDTH:0.497081
G1 F1387.646
G1 X117.854 Y78.04 E.00687
;WIDTH:0.449999
G1 F1308.494
G1 X117.238 Y78.04 E.01605
G1 F1225.012
G1 X117.237 Y75.996 E.05326
G1 F1349.592
G1 X118.175 Y75.996 E.02444
G1 F1459.87
G1 X118.184 Y76.728 E.01907
G1 F1475.682
G1 X118.323 Y77.025 E.00854
;WIDTH:0.497081
G1 F1471.719
G1 X118.443 Y77.104 E.00417
;WIDTH:0.544163
G1 F1466.639
G1 X118.562 Y77.183 E.00456
;WIDTH:0.591245
G1 F1462.337
G1 X118.681 Y77.261 E.00496
;WIDTH:0.638327
G1 F1458.648
G1 X118.801 Y77.34 E.00543
G1 F3000
G1 X130.234 Y77.34 E.43217
G1 X130.405 Y77.317 E.00652
M73 P53 R10
;WIDTH:0.591246
G1 X130.576 Y77.293 E.00602
;WIDTH:0.544164
G1 X130.746 Y77.27 E.00548
;WIDTH:0.497082
G1 X130.917 Y77.246 E.00501
;WIDTH:0.449999
G1 X139.245 Y77.246 E.21699
G1 X139.245 Y93.96 E.4355
G1 X131.028 Y93.96 E.2141
G1 X130.234 Y93.981 E.0207
;WIDTH:0.408245
G1 X118.801 Y93.981 E.26812
;WIDTH:0.41426
G1 F1677.477
G1 X118.696 Y93.987 E.00251
;WIDTH:0.449999
G1 F1510.92
G1 X118.224 Y94.341 E.01537
G1 F1462.389
G1 X118.174 Y94.587 E.00654
G1 F1457.094
G1 X118.175 Y95.21 E.01623
G1 F1347.291
G1 X117.237 Y95.21 E.02444
G1 F1222.088
G1 X117.238 Y93.626 E.04127
G1 F1292.521
G1 X117.751 Y93.626 E.01337
G1 F1478.708
G1 X118.801 Y93.605 E.02736
;WIDTH:0.408245
G1 F3000
G1 X130.234 Y93.605 E.26812
;WIDTH:0.41426
G1 X130.34 Y93.599 E.00253
;WIDTH:0.449999
G1 X130.736 Y93.375 E.01185
G1 X130.861 Y92.999 E.01032
G1 X130.849 Y90.545 E.06394
G1 X130.731 Y90.285 E.00744
G1 X130.513 Y90.106 E.00735
G1 X130.234 Y90.04 E.00747
G1 X117.238 Y90.04 E.33862
G1 F1254.65
G1 X117.238 Y81.626 E.21923
G1 F3000
G1 X130.234 Y81.626 E.33862
G1 X130.386 Y81.608 E.00399
G1 X130.609 Y81.502 E.00643
G1 X130.799 Y81.272 E.00777
G1 X130.861 Y80.999 E.00729
G1 X130.861 Y78.667 E.06076
G1 X130.813 Y78.426 E.0064
G1 X130.702 Y78.284 E.0047
M204 S1000
G1 X130.375 Y78.531 F10800
M204 S800
;TYPE:External perimeter
G1 F2400
G1 X130.36 Y78.5 E.0009
G1 X130.234 Y78.458 E.00346
G1 F2399.995
G1 X117.64 Y78.458 E.32815
G1 F1222.729
G1 X116.82 Y78.458 E.02137
G1 F1101.289
G1 X116.819 Y75.578 E.07504
G1 F1349.694
G1 X118.593 Y75.578 E.04622
G1 F1420.585
G1 X118.592 Y76.619 E.02712
G1 X118.642 Y76.755 E.00378
G1 F1701.337
G1 X118.801 Y76.828 E.00456
G1 F1907.654
G1 X119.476 Y76.828 E.01759
G1 F2399.995
G1 X139.663 Y76.828 E.52599
G1 X139.663 Y77.503 E.01759
G1 F2400
G1 X139.663 Y93.703 E.4221
G1 F2399.995
G1 X139.663 Y94.378 E.01759
G1 X119.476 Y94.378 E.52599
G1 F1568.12
G1 X118.801 Y94.378 E.01759
G1 F1462.99
G1 X118.609 Y94.505 E.006
G1 F1420.729
G1 X118.592 Y94.587 E.00218
G1 X118.593 Y95.628 E.02712
G1 F1347.394
G1 X116.819 Y95.628 E.04622
G1 F1097.737
G1 X116.82 Y93.208 E.06305
G1 F1219.786
G1 X117.64 Y93.208 E.02137
G1 F2399.995
G1 X130.234 Y93.208 E.32815
G1 F2400
G1 X130.401 Y93.125 E.00486
G1 X130.443 Y92.999 E.00346
G1 X130.443 Y90.667 E.06076
G1 X130.38 Y90.518 E.00422
G1 X130.234 Y90.458 E.00411
G1 F2399.995
G1 X117.64 Y90.458 E.32815
G1 F1228.077
M73 P54 R10
G1 X116.82 Y90.458 E.02137
G1 F1137.306
G1 X116.82 Y81.208 E.24102
G1 F1246.102
G1 X117.64 Y81.208 E.02137
G1 F2400
G1 X130.234 Y81.208 E.32815
G1 X130.383 Y81.146 E.0042
G1 X130.443 Y80.999 E.00414
G1 X130.443 Y78.667 E.06076
G1 X130.402 Y78.585 E.00239
M204 S1000
;WIPE_START
G1 F8640
G1 X130.375 Y78.531 E-.01394
G1 X130.36 Y78.5 E-.00795
G1 X130.234 Y78.458 E-.03067
G1 X126.997 Y78.458 E-.74744
;WIPE_END
G1 Z2.55 F720
G1 X126.968 Y82.399 F10800
G1 Z2.15 F720
G1 E.8 F2100
M204 S2000
;TYPE:Internal infill
;WIDTH:0.45
G1 F3600
G1 X126.691 Y82.399 E.00722
G1 X118.792 Y84.516 E.21308
G1 X118.792 Y88.195 E.09586
G1 X119.866 Y89.269 E.03958
G1 X118.792 Y89.268 E.02798
G1 X118.792 Y88.404 E.02251
M204 S1000
;WIPE_START
G1 F8640
G1 X118.792 Y89.268 E-.1995
G1 X119.866 Y89.269 E-.24799
G1 X118.792 Y88.195 E-.35071
G1 X118.792 Y88.187 E-.0018
;WIPE_END
G1 Z2.55 F720
G1 X117.749 Y93.949 F10800
G1 Z2.15 F720
G1 E.8 F2100
M204 S2000
;TYPE:Solid infill
;WIDTH:0.403233
G1 F3000
G1 X118.262 Y93.936 E.01187
G1 X117.922 Y94.215 E.01018
G1 X117.867 Y94.741 E.01224
;WIDTH:0.354674
G1 X117.867 Y94.903 E.00326
G1 X117.544 Y94.903 E.0065
;WIDTH:0.357806
G1 X117.546 Y94.528 E.00761
;WIDTH:0.400947
G1 X117.568 Y93.983 E.01254
M204 S1000
;WIPE_START
G1 F8640
G1 X117.546 Y94.528 E-.12594
G1 X117.544 Y94.903 E-.08659
G1 X117.867 Y94.903 E-.07458
G1 X117.867 Y94.741 E-.03741
G1 X117.922 Y94.215 E-.12212
G1 X118.262 Y93.936 E-.10156
G1 X117.749 Y93.949 E-.11849
;WIPE_END
G1 E-.13331 F2100
G1 Z2.55 F720
G1 X117.984 Y82.372 F10800
G1 Z2.15 F720
G1 E.8 F2100
M204 S2000
;WIDTH:0.395054
G1 F3000
G1 X117.984 Y89.295 E.15666
;WIDTH:0.449999
G1 X118.583 Y89.686 E.01864
;WIDTH:0.449436
G1 X130.231 Y89.688 E.30309
;WIDTH:0.452922
G1 X130.657 Y89.791 E.0115
G1 X130.937 Y89.99 E.00901
;WIDTH:0.45056
G1 X131.161 Y90.366 E.01142
;WIDTH:0.450028
G1 X131.216 Y90.67 E.00805
G1 X131.216 Y92.989 E.06043
;WIDTH:0.499641
G1 X131.156 Y93.264 E.00821
;WIDTH:0.549254
G1 X131.096 Y93.539 E.00908
G1 X131.204 Y93.572 E.00364
;WIDTH:0.49964
G1 X131.312 Y93.605 E.00329
;WIDTH:0.450028
G1 X138.141 Y93.605 E.17795
;WIDTH:0.453196
G1 X138.177 Y93.604 E.00095
M204 S1000
;WIPE_START
G1 F8640
G1 X138.141 Y93.605 E-.00832
G1 X134.712 Y93.605 E-.79168
;WIPE_END
G1 Z2.55 F720
G1 X138.298 Y77.738 F10800
G1 Z2.15 F720
G1 E.8 F2100
M204 S2000
;WIDTH:0.511288
G1 F3000
G1 X138.38 Y77.81 E.00326
G1 X138.38 Y93.396 E.46568
G1 X138.279 Y93.5 E.00433
;WIDTH:0.482243
G1 X138.177 Y93.604 E.00409
G1 X138.518 Y93.589 E.00958
;WIDTH:0.511289
G1 X138.859 Y93.575 E.0102
G1 X138.859 Y77.632 E.47634
G1 X138.5 Y77.616 E.01074
;WIDTH:0.480659
G1 X138.141 Y77.601 E.01005
;WIDTH:0.45003
G1 X131.039 Y77.601 E.18506
;WIDTH:0.474208
G1 X130.938 Y77.613 E.0028
;WIDTH:0.520614
G1 X130.878 Y77.654 E.00221
;WIDTH:0.56702
G1 X130.818 Y77.694 E.00241
;WIDTH:0.613426
G1 X130.758 Y77.735 E.00263
G1 X130.847 Y77.862 E.00562
;WIDTH:0.572577
G1 X130.935 Y77.99 E.00523
;WIDTH:0.531728
G1 X131.024 Y78.117 E.00483
;WIDTH:0.490879
G1 X131.112 Y78.244 E.00442
;WIDTH:0.45003
G1 X131.216 Y78.674 E.01153
G1 X131.204 Y81.136 E.06415
;WIDTH:0.453682
G1 X131.062 Y81.503 E.01034
G1 X130.862 Y81.742 E.00819
;WIDTH:0.453308
G1 X130.534 Y81.926 E.00988
;WIDTH:0.450026
G1 X130.231 Y81.981 E.00802
G1 X118.583 Y81.981 E.30352
;WIDTH:0.453196
G1 X118.546 Y81.983 E.00097
G1 X118.374 Y82.19 E.00707
;WIDTH:0.449999
G1 X118.374 Y89.477 E.18987
G1 X118.583 Y89.686 E.0077
G1 X117.593 Y89.685 E.0258
G1 X117.593 Y81.981 E.20073
G1 X117.984 Y81.981 E.01019
;WIDTH:0.45201
G1 X118.338 Y81.982 E.00927
M204 S1000
;WIPE_START
G1 F8640
G1 X117.984 Y81.981 E-.08174
G1 X117.593 Y81.981 E-.09028
G1 X117.593 Y84.701 E-.62798
;WIPE_END
G1 Z2.55 F720
G1 X117.546 Y76.305 F10800
G1 Z2.15 F720
G1 E.8 F2100
M204 S2000
;WIDTH:0.357977
G1 F3000
G1 X117.869 Y76.305 E.00656
;WIDTH:0.363054
G1 X117.877 Y76.778 E.00976
;WIDTH:0.409027
G1 X117.929 Y76.941 E.00402
;WIDTH:0.454999
G1 X117.981 Y77.105 E.00454
;WIDTH:0.500971
G1 X118.033 Y77.269 E.00503
G1 X118.393 Y77.549 E.01333
G1 X117.999 Y77.628 E.01175
G1 X117.618 Y77.66 E.01118
G1 X117.602 Y77.305 E.01039
;WIDTH:0.468247
G1 X117.584 Y77.139 E.00454
;WIDTH:0.433183
G1 X117.566 Y76.973 E.00418
;WIDTH:0.398119
G1 X117.549 Y76.806 E.00383
;WIDTH:0.363054
G1 X117.547 Y76.514 E.00603
M204 S1000
;WIPE_START
G1 F8640
G1 X117.549 Y76.806 E-.06743
G1 X117.566 Y76.973 E-.03876
G1 X117.584 Y77.139 E-.03855
G1 X117.602 Y77.305 E-.03855
G1 X117.618 Y77.66 E-.08205
G1 X117.999 Y77.628 E-.08828
G1 X118.393 Y77.549 E-.09279
G1 X118.033 Y77.269 E-.10531
G1 X117.981 Y77.105 E-.03973
G1 X117.929 Y76.941 E-.03973
G1 X117.877 Y76.778 E-.03951
G1 X117.869 Y76.305 E-.10923
G1 X117.782 Y76.305 E-.02008
;WIPE_END
G1 Z2.55 F720
G1 X137.932 Y79.768 F10800
G1 Z2.15 F720
G1 E.8 F2100
M204 S2000
;TYPE:Internal infill
;WIDTH:0.45
G1 F3600
G1 X137.932 Y82.268 E.06514
G1 X135.006 Y93.187 E.29454
G1 X137.932 Y93.187 E.07624
G1 X127.177 Y82.399 E.39691
G1 X127.516 Y82.399 E.00883
G1 X125.674 Y89.272 E.1854
G1 X126.96 Y89.272 E.03351
G1 X120.086 Y82.399 E.25328
G1 X122.325 Y82.399 E.05834
G1 X120.484 Y89.269 E.18532
G1 X120.424 Y89.269 E.00156
G1 X137.932 Y84.578 E.47228
G1 X137.932 Y86.064 E.03872
G1 X131.628 Y79.76 E.23229
G1 X131.622 Y81.078 E.03434
G1 X137.932 Y79.387 E.17021
G1 X137.932 Y78.973 E.01079
G1 X136.978 Y78.019 E.03515
G1 X133.88 Y78.019 E.08072
G1 X130.829 Y89.405 E.30714
G1 X131.206 Y89.657 E.01182
G1 X131.501 Y90.085 E.01354
G1 X131.632 Y90.615 E.01423
G1 X131.634 Y91.456 E.02191
G1 X137.932 Y89.768 E.16989
G1 X137.932 Y87.268 E.06514
M204 S1000
;LAYER_CHANGE
;Z:2.3
;HEIGHT:0.15
;BEFORE_LAYER_CHANGE
G92 E0.0
;2.3


;WIPE_START
G1 F8640
G1 X137.932 Y89.768 E-.57726
G1 X137 Y90.018 E-.22274
;WIPE_END
G1 Z2.3 F720
;AFTER_LAYER_CHANGE
;2.3
G1 Z2.7
; stop printing object pieds_clavier_cherry.stl id:0 copy 0
; printing object pieds_clavier_cherry.stl id:1 copy 0
G1 X134.283 Y141.584 F10800
G1 Z2.3 F720
G1 E.8 F2100
M204 S800
;TYPE:Perimeter
;WIDTH:0.449999
G1 F3000
G1 X134.228 Y141.513 E.00234
;WIDTH:0.497082
G1 X134.134 Y141.458 E.00316
;WIDTH:0.544164
G1 X134.04 Y141.404 E.00346
;WIDTH:0.591246
G1 X133.946 Y141.349 E.0038
;WIDTH:0.638328
G1 X133.852 Y141.294 E.00412
G1 X122.528 Y141.294 E.42805
G1 F1486.702
G1 X122.255 Y141.317 E.01036
;WIDTH:0.591245
G1 F1467.447
G1 X121.982 Y141.341 E.00955
;WIDTH:0.544163
G1 F1444.128
G1 X121.708 Y141.364 E.00878
;WIDTH:0.497081
G1 F1415.363
G1 X121.435 Y141.388 E.00795
;WIDTH:0.449999
G1 F1327.974
G1 X120.745 Y141.388 E.01798
G1 F1236.857
G1 X120.747 Y139.344 E.05326
G1 F1384.887
G1 X121.901 Y139.344 E.03007
G1 F1552.287
G1 X121.902 Y139.967 E.01623
G1 F1604.66
G1 X122.007 Y140.315 E.00947
;WIDTH:0.497081
G1 F1558.619
G1 X122.138 Y140.409 E.00467
;WIDTH:0.544163
G1 F1529.93
G1 X122.268 Y140.502 E.0051
;WIDTH:0.591245
G1 F1505.592
G1 X122.398 Y140.595 E.00557
;WIDTH:0.638327
G1 F1496.937
G1 X122.528 Y140.688 E.00604
G1 F3000
G1 X133.852 Y140.688 E.42805
G1 X134.023 Y140.664 E.00653
;WIDTH:0.591246
G1 X134.194 Y140.641 E.00602
;WIDTH:0.544164
G1 X134.364 Y140.617 E.00548
;WIDTH:0.497082
G1 X134.535 Y140.594 E.005
;WIDTH:0.449999
G1 X142.761 Y140.594 E.21433
G1 X142.761 Y157.308 E.4355
G1 X134.646 Y157.308 E.21144
G1 X133.852 Y157.329 E.0207
;WIDTH:0.408245
G1 X122.528 Y157.329 E.26557
;WIDTH:0.41426
G1 F1770.493
G1 X122.423 Y157.335 E.00251
;WIDTH:0.449999
G1 F1597.457
G1 X121.928 Y157.753 E.01688
G1 F1561.245
G1 X121.902 Y157.934 E.00476
G1 F1547.463
G1 X121.901 Y158.558 E.01626
G1 F1383.476
G1 X120.746 Y158.558 E.03009
G1 F1234.93
G1 X120.745 Y156.974 E.04127
G1 F1315.55
G1 X121.35 Y156.974 E.01576
G1 F1517.185
G1 X122.39 Y156.956 E.0271
;WIDTH:0.41426
G1 F2013.885
G1 X122.528 Y156.953 E.00329
;WIDTH:0.408245
G1 F3000
G1 X133.852 Y156.953 E.26557
;WIDTH:0.41426
G1 X133.957 Y156.947 E.00251
;WIDTH:0.449999
G1 X134.354 Y156.723 E.01188
G1 X134.479 Y156.347 E.01032
G1 X134.468 Y153.899 E.06379
G1 X134.348 Y153.631 E.00765
G1 X134.154 Y153.466 E.00664
G1 X133.852 Y153.388 E.00813
G1 X120.745 Y153.388 E.34151
G1 F1282.288
G1 X120.745 Y144.974 E.21923
G1 F3000
G1 X133.852 Y144.974 E.34151
G1 X134.068 Y144.935 E.00572
G1 X134.284 Y144.801 E.00662
G1 X134.432 Y144.584 E.00684
G1 X134.479 Y144.347 E.0063
G1 X134.479 Y142.015 E.06076
G1 X134.431 Y141.774 E.0064
G1 X134.32 Y141.632 E.0047
M204 S1000
G1 X133.993 Y141.879 F10800
M204 S800
;TYPE:External perimeter
G1 F2400
G1 X133.978 Y141.848 E.0009
G1 X133.852 Y141.806 E.00346
G1 F2399.995
G1 X121.113 Y141.806 E.33192
G1 F1229.962
G1 X120.327 Y141.806 E.02048
G1 F1115.683
M73 P55 R10
G1 X120.329 Y138.926 E.07504
G1 F1384.831
G1 X122.319 Y138.926 E.05185
G1 F1525.482
G1 X122.319 Y139.921 E.02593
G1 X122.355 Y140.083 E.00432
G1 F1822.485
G1 X122.528 Y140.176 E.00512
G1 F2009.58
G1 X123.203 Y140.176 E.01759
G1 F2399.995
G1 X143.179 Y140.176 E.52049
G1 X143.179 Y140.851 E.01759
G1 F2400
G1 X143.179 Y157.051 E.4221
G1 F2399.995
G1 X143.179 Y157.726 E.01759
G1 X123.203 Y157.726 E.52049
G1 F1626.62
G1 X122.528 Y157.726 E.01759
G1 F1485.127
G1 X122.328 Y157.874 E.00648
G1 F1464.027
G1 X122.319 Y157.935 E.00161
G1 F1459.42
G1 X122.319 Y158.976 E.02712
G1 F1383.411
G1 X120.329 Y158.976 E.05185
G1 F1113.342
G1 X120.327 Y156.556 E.06305
G1 F1227.999
G1 X121.113 Y156.556 E.02048
G1 F2399.995
G1 X133.852 Y156.556 E.33192
G1 F2400
G1 X134.019 Y156.472 E.00487
G1 X134.061 Y156.347 E.00344
G1 X134.061 Y154.015 E.06076
G1 X133.997 Y153.865 E.00425
G1 X133.852 Y153.806 E.00408
G1 F2399.995
G1 X121.113 Y153.806 E.33192
G1 F1237.184
G1 X120.327 Y153.806 E.02048
G1 F1170.889
G1 X120.327 Y144.556 E.24102
G1 F1267.249
G1 X121.113 Y144.556 E.02048
G1 F2400
G1 X133.852 Y144.556 E.33192
G1 X133.996 Y144.498 E.00404
G1 X134.061 Y144.347 E.00428
G1 X134.061 Y142.015 E.06076
G1 X134.02 Y141.932 E.00241
M204 S1000
;WIPE_START
G1 F8640
G1 X133.993 Y141.879 E-.01373
G1 X133.978 Y141.848 E-.00795
G1 X133.852 Y141.806 E-.03067
G1 X130.614 Y141.806 E-.74765
;WIPE_END
G1 Z2.7 F720
G1 X121.119 Y140.265 F10800
G1 Z2.3 F720
G1 E.8 F2100
M204 S2000
;TYPE:Solid infill
;WIDTH:0.485926
G1 F3000
G1 X121.11 Y139.708 E.01576
;WIDTH:0.467786
G1 X121.542 Y139.708 E.01174
G1 X121.546 Y139.921 E.00579
;WIDTH:0.469608
G1 X121.548 Y140.101 E.00491
;WIDTH:0.504528
G1 X121.586 Y140.248 E.00447
;WIDTH:0.539447
G1 X121.623 Y140.396 E.00483
;WIDTH:0.574366
G1 X121.66 Y140.543 E.00513
G1 X122.038 Y140.864 E.01677
G1 X121.63 Y140.934 E.014
G1 X121.163 Y140.971 E.01584
G1 X121.147 Y140.722 E.00844
;WIDTH:0.543217
G1 X121.132 Y140.474 E.00792
M204 S1000
;WIPE_START
G1 F8640
G1 X121.147 Y140.722 E-.05737
G1 X121.163 Y140.971 E-.05761
G1 X121.63 Y140.934 E-.10817
G1 X122.038 Y140.864 E-.09558
G1 X121.66 Y140.543 E-.11451
G1 X121.623 Y140.396 E-.035
G1 X121.586 Y140.248 E-.03523
G1 X121.548 Y140.101 E-.03506
G1 X121.546 Y139.921 E-.04157
G1 X121.542 Y139.708 E-.04919
G1 X121.11 Y139.708 E-.09975
G1 X121.115 Y140.015 E-.07096
;WIPE_END
G1 Z2.7 F720
G1 X121.528 Y152.945 F10800
G1 Z2.3 F720
G1 E.8 F2100
;TYPE:Bridge infill
;WIDTH:0.407018
;HEIGHT:0.4
G1 F1500
G1 X122.074 Y153.017 E.02979
G1 X125.576 Y153.017 E.18944
G1 X121.751 Y152.513 E.2087
G1 X121.751 Y152.052 E.02494
G1 X130.615 Y153.219 E.48363
;WIPE_START
G1 F8640
G1 X127.18 Y152.767 E-.8
;WIPE_END
G1 Z2.7 F720
G1 X134.592 Y156.509 F10800
G1 Z2.3 F720
G1 E.8 F2100
G1 F1500
G1 X137.844 Y156.937 E.17743
G1 X141.345 Y156.937 E.18938
G1 X134.85 Y156.082 E.35437
G1 X134.85 Y155.621 E.02494
G1 X142.209 Y156.589 E.40151
G1 X142.209 Y156.128 E.02494
G1 X134.85 Y155.16 E.40151
G1 X134.85 Y154.699 E.02494
G1 X142.209 Y155.668 E.40152
G1 X142.209 Y155.207 E.02494
G1 X134.85 Y154.238 E.40152
G1 X134.85 Y154.007 E.0125
G1 X134.814 Y153.772 E.01286
G1 X142.209 Y154.746 E.40348
G1 X142.209 Y154.285 E.02494
G1 X121.751 Y151.591 E1.11621
G1 X121.751 Y151.13 E.02494
G1 X142.209 Y153.824 E1.11621
G1 X142.209 Y153.363 E.02494
G1 X121.751 Y150.669 E1.11621
G1 X121.751 Y150.208 E.02494
G1 X142.209 Y152.902 E1.11621
G1 X142.209 Y152.441 E.02494
G1 X121.751 Y149.747 E1.11621
G1 X121.751 Y149.286 E.02494
G1 X142.209 Y151.98 E1.11621
G1 X142.209 Y151.519 E.02494
G1 X121.751 Y148.826 E1.11621
G1 X121.751 Y148.365 E.02494
M73 P56 R10
G1 X142.209 Y151.058 E1.11621
G1 X142.209 Y150.597 E.02494
G1 X121.751 Y147.904 E1.11621
G1 X121.751 Y147.443 E.02494
G1 X142.209 Y150.136 E1.11621
G1 X142.209 Y149.675 E.02494
G1 X121.751 Y146.982 E1.11621
G1 X121.751 Y146.521 E.02494
G1 X142.209 Y149.214 E1.11621
G1 X142.209 Y148.753 E.02494
G1 X121.751 Y146.06 E1.11621
G1 X121.751 Y145.599 E.02494
G1 X142.209 Y148.292 E1.11621
G1 X142.209 Y147.831 E.02494
G1 X123.323 Y145.345 E1.03044
G1 X126.825 Y145.345 E.18944
G1 X142.209 Y147.37 E.83936
G1 X142.209 Y146.909 E.02494
G1 X130.326 Y145.345 E.64835
G1 X133.827 Y145.345 E.18938
G1 X142.209 Y146.448 E.45733
G1 X142.209 Y145.987 E.02494
G1 X134.616 Y144.988 E.41428
G1 X134.776 Y144.728 E.01651
G1 X134.826 Y144.554 E.00979
G1 X142.209 Y145.526 E.40282
G1 X142.209 Y145.065 E.02494
G1 X134.84 Y144.095 E.40206
G1 X134.842 Y143.635 E.02488
G1 X142.209 Y144.604 E.40194
G1 X142.209 Y144.143 E.02494
G1 X134.844 Y143.174 E.40184
G1 X134.847 Y142.713 E.02494
G1 X142.209 Y143.683 E.40168
G1 X142.209 Y143.222 E.02494
G1 X134.849 Y142.253 E.40157
G1 X134.85 Y141.999 E.01374
G1 X134.808 Y141.786 E.01174
G1 X142.209 Y142.761 E.40381
G1 X142.209 Y142.3 E.02494
G1 X134.513 Y141.286 E.41991
G1 X134.467 Y141.228 E.004
G1 X134.225 Y141.056 E.01606
G1 X134.557 Y140.965 E.01862
G1 X135.571 Y140.965 E.05485
G1 X142.209 Y141.839 E.36218
G1 X142.209 Y141.378 E.02494
G1 X137.534 Y140.762 E.25508
;WIPE_START
G1 F8640
G1 X140.969 Y141.214 E-.8
;WIPE_END
G1 Z2.7 F720
G1 X142.524 Y156.797 F10800
G1 Z2.3 F720
G1 E.8 F2100
M204 S2000
;TYPE:Solid infill
;WIDTH:0.37219
;HEIGHT:0.15
G1 F3000
G1 X142.524 Y141.104 E.33274
M204 S1000
;WIPE_START
G1 F8640
G1 X142.524 Y144.569 E-.8
;WIPE_END
G1 Z2.7 F720
G1 X121.05 Y153.083 F10800
G1 Z2.3 F720
G1 E.8 F2100
M204 S2000
;WIDTH:0.349581
G1 F3000
G1 X121.05 Y145.279 E.15447
G1 X121.151 Y145.296 E.00203
G1 X121.367 Y145.512 E.00605
G1 X121.367 Y152.85 E.14524
G1 X121.226 Y152.991 E.00395
M73 P57 R10
M204 S1000
;WIPE_START
G1 F8640
G1 X121.367 Y152.85 E-.04604
G1 X121.367 Y149.585 E-.75396
;WIPE_END
G1 Z2.7 F720
G1 X121.113 Y157.97 F10800
G1 Z2.3 F720
G1 E.8 F2100
M204 S2000
;WIDTH:0.493082
G1 F3000
G1 X121.122 Y157.346 E.01794
G1 X121.908 Y157.327 E.0226
G1 X121.57 Y157.648 E.0134
G1 X121.544 Y158.191 E.01563
;WIDTH:0.473648
G1 X121.113 Y158.179 E.01187
M204 S1000
;WIPE_START
G1 F8640
G1 X121.544 Y158.191 E-.09956
G1 X121.57 Y157.648 E-.12552
G1 X121.908 Y157.327 E-.10763
G1 X121.122 Y157.346 E-.18154
G1 X121.113 Y157.97 E-.1441
;WIPE_END
G1 E-.14165 F2100
G1 Z2.7 F720
; stop printing object pieds_clavier_cherry.stl id:1 copy 0
; printing object pieds_clavier_cherry.stl id:2 copy 0
G1 X131.852 Y108.749 F10800
G1 Z2.3 F720
G1 E.8 F2100
M204 S800
;TYPE:Perimeter
;WIDTH:0.449999
G1 F3000
G1 X131.797 Y108.678 E.00234
;WIDTH:0.497082
G1 X131.703 Y108.623 E.00316
;WIDTH:0.544164
G1 X131.609 Y108.568 E.00348
;WIDTH:0.591246
G1 X131.515 Y108.513 E.0038
;WIDTH:0.638328
G1 X131.421 Y108.458 E.00412
G1 X120.097 Y108.458 E.42805
G1 F1486.702
G1 X119.823 Y108.482 E.0104
;WIDTH:0.591245
G1 F1467.447
G1 X119.55 Y108.505 E.00955
;WIDTH:0.544163
G1 F1444.128
G1 X119.277 Y108.529 E.00875
;WIDTH:0.497081
G1 F1415.363
G1 X119.003 Y108.552 E.00797
;WIDTH:0.449999
G1 F1327.974
G1 X118.314 Y108.552 E.01795
G1 F1236.857
G1 X118.315 Y106.508 E.05326
G1 F1384.887
G1 X119.47 Y106.508 E.03009
G1 F1552.287
G1 X119.47 Y107.131 E.01623
G1 F1604.66
G1 X119.576 Y107.48 E.0095
;WIDTH:0.497081
G1 F1558.619
G1 X119.706 Y107.573 E.00463
;WIDTH:0.544163
G1 F1529.93
G1 X119.836 Y107.666 E.0051
;WIDTH:0.591245
G1 F1505.592
G1 X119.967 Y107.759 E.0056
;WIDTH:0.638327
G1 F1496.937
G1 X120.097 Y107.852 E.00604
G1 F3000
G1 X131.421 Y107.852 E.42805
G1 X131.591 Y107.829 E.00648
;WIDTH:0.591246
G1 X131.762 Y107.805 E.00602
;WIDTH:0.544164
G1 X131.933 Y107.781 E.00551
;WIDTH:0.497082
G1 X132.103 Y107.758 E.00497
;WIDTH:0.449999
G1 X140.33 Y107.758 E.21436
G1 X140.33 Y124.472 E.4355
G1 X132.215 Y124.472 E.21144
G1 X131.421 Y124.493 E.0207
;WIDTH:0.408245
G1 X120.097 Y124.493 E.26557
;WIDTH:0.41426
G1 F1770.493
G1 X119.992 Y124.499 E.00251
;WIDTH:0.449999
G1 F1597.457
G1 X119.497 Y124.917 E.01688
G1 F1561.245
G1 X119.47 Y125.099 E.00479
G1 F1547.463
G1 X119.47 Y125.722 E.01623
G1 F1383.476
G1 X118.315 Y125.722 E.03009
G1 F1234.93
G1 X118.314 Y124.138 E.04127
G1 F1315.55
G1 X118.919 Y124.138 E.01576
G1 F1517.185
G1 X119.959 Y124.12 E.0271
;WIDTH:0.41426
G1 F2013.885
G1 X120.097 Y124.117 E.00329
;WIDTH:0.408245
G1 F3000
G1 X131.421 Y124.117 E.26557
;WIDTH:0.41426
G1 X131.526 Y124.111 E.00251
;WIDTH:0.449999
G1 X131.922 Y123.887 E.01185
G1 X132.047 Y123.511 E.01032
G1 X132.037 Y121.063 E.06378
G1 X131.917 Y120.796 E.00763
G1 X131.723 Y120.63 E.00665
G1 X131.421 Y120.552 E.00813
G1 X118.313 Y120.552 E.34154
G1 F1282.288
G1 X118.313 Y112.138 E.21923
G1 F3000
G1 X131.421 Y112.138 E.34154
G1 X131.636 Y112.1 E.00569
G1 X131.852 Y111.966 E.00662
G1 X132.001 Y111.749 E.00686
G1 X132.047 Y111.511 E.00632
G1 X132.047 Y109.179 E.06076
G1 X131.999 Y108.938 E.0064
G1 X131.889 Y108.796 E.00468
M204 S1000
G1 X131.562 Y109.043 F10800
M204 S800
;TYPE:External perimeter
G1 F2400
G1 X131.546 Y109.012 E.00091
G1 X131.421 Y108.97 E.00344
G1 F2399.995
G1 X118.681 Y108.97 E.33195
G1 F1229.962
G1 X117.896 Y108.97 E.02045
G1 F1115.683
G1 X117.898 Y106.09 E.07504
G1 F1384.831
G1 X119.887 Y106.09 E.05182
G1 F1525.482
G1 X119.888 Y107.085 E.02593
G1 X119.923 Y107.247 E.00432
G1 F1822.485
G1 X120.097 Y107.34 E.00514
G1 F2009.58
G1 X120.772 Y107.34 E.01759
G1 F2399.995
G1 X140.748 Y107.34 E.52049
G1 X140.748 Y108.015 E.01759
G1 F2400
G1 X140.748 Y124.215 E.4221
G1 F2399.995
G1 X140.748 Y124.89 E.01759
G1 X120.772 Y124.89 E.52049
G1 F1626.62
G1 X120.097 Y124.89 E.01759
G1 F1485.127
G1 X119.897 Y125.038 E.00648
G1 F1464.027
G1 X119.888 Y125.099 E.00161
G1 F1459.42
G1 X119.887 Y126.14 E.02712
G1 F1383.411
G1 X117.898 Y126.14 E.05182
G1 F1113.342
G1 X117.896 Y123.72 E.06305
G1 F1227.999
G1 X118.681 Y123.72 E.02045
G1 F2399.995
G1 X131.421 Y123.72 E.33195
G1 F2400
G1 X131.588 Y123.637 E.00486
G1 X131.63 Y123.511 E.00346
G1 X131.63 Y121.179 E.06076
G1 X131.566 Y121.029 E.00425
G1 X131.421 Y120.97 E.00408
G1 F2399.995
G1 X118.682 Y120.97 E.33192
G1 F1237.184
G1 X117.895 Y120.97 E.02051
G1 F1170.889
G1 X117.895 Y111.72 E.24102
G1 F1267.249
G1 X118.682 Y111.72 E.02051
G1 F2400
G1 X131.421 Y111.72 E.33192
G1 X131.565 Y111.663 E.00404
G1 X131.63 Y111.511 E.00431
G1 X131.63 Y109.179 E.06076
G1 X131.588 Y109.097 E.0024
M204 S1000
;WIPE_START
G1 F8640
G1 X131.562 Y109.043 E-.01384
G1 X131.546 Y109.012 E-.00806
G1 X131.421 Y108.97 E-.03045
G1 X128.183 Y108.97 E-.74765
;WIPE_END
G1 Z2.7 F720
G1 X118.688 Y107.43 F10800
G1 Z2.3 F720
G1 E.8 F2100
M204 S2000
;TYPE:Solid infill
;WIDTH:0.485926
G1 F3000
G1 X118.679 Y106.872 E.01579
;WIDTH:0.467786
G1 X119.11 Y106.872 E.01171
G1 X119.114 Y107.085 E.00579
;WIDTH:0.469608
G1 X119.117 Y107.265 E.00491
;WIDTH:0.504528
G1 X119.154 Y107.413 E.00449
;WIDTH:0.539447
G1 X119.191 Y107.56 E.0048
;WIDTH:0.574366
G1 X119.229 Y107.707 E.00513
G1 X119.607 Y108.028 E.01677
G1 X119.199 Y108.098 E.014
G1 X118.731 Y108.135 E.01587
G1 X118.716 Y107.887 E.0084
;WIDTH:0.543217
G1 X118.7 Y107.638 E.00795
M204 S1000
;WIPE_START
G1 F8640
G1 X118.716 Y107.887 E-.05761
G1 X118.731 Y108.135 E-.05737
G1 X119.199 Y108.098 E-.1084
G1 X119.607 Y108.028 E-.09558
G1 X119.229 Y107.707 E-.11451
G1 X119.191 Y107.56 E-.03506
G1 X119.154 Y107.413 E-.035
G1 X119.117 Y107.265 E-.03523
G1 X119.114 Y107.085 E-.04157
G1 X119.11 Y106.872 E-.04919
G1 X118.679 Y106.872 E-.09952
G1 X118.684 Y107.179 E-.07096
;WIPE_END
G1 Z2.7 F720
G1 X119.097 Y120.109 F10800
G1 Z2.3 F720
G1 E.8 F2100
;TYPE:Bridge infill
;WIDTH:0.407018
;HEIGHT:0.4
G1 F1500
G1 X119.643 Y120.181 E.02979
G1 X123.144 Y120.181 E.18938
G1 X119.319 Y119.678 E.20869
G1 X119.319 Y119.217 E.02494
G1 X128.184 Y120.384 E.48368
;WIPE_START
G1 F8640
M73 P57 R9
G1 X124.749 Y119.932 E-.8
;WIPE_END
G1 Z2.7 F720
G1 X132.16 Y123.673 F10800
G1 Z2.3 F720
G1 E.8 F2100
G1 F1500
G1 X135.412 Y124.101 E.17743
G1 X138.914 Y124.101 E.18944
G1 X132.419 Y123.246 E.35437
G1 X132.419 Y122.785 E.02494
G1 X139.777 Y123.754 E.40146
G1 X139.777 Y123.293 E.02494
G1 X132.419 Y122.324 E.40146
G1 X132.419 Y121.863 E.02494
G1 X139.777 Y122.832 E.40146
G1 X139.777 Y122.371 E.02494
G1 X132.419 Y121.402 E.40146
G1 X132.419 Y121.172 E.01244
G1 X132.383 Y120.936 E.01291
G1 X139.777 Y121.91 E.40343
G1 X139.777 Y121.449 E.02494
G1 X119.319 Y118.756 E1.11621
G1 X119.319 Y118.295 E.02494
M73 P58 R9
G1 X139.777 Y120.988 E1.11621
G1 X139.777 Y120.527 E.02494
G1 X119.319 Y117.834 E1.11621
G1 X119.319 Y117.373 E.02494
G1 X139.777 Y120.066 E1.11621
G1 X139.777 Y119.605 E.02494
G1 X119.319 Y116.912 E1.11621
G1 X119.319 Y116.451 E.02494
G1 X139.777 Y119.144 E1.11621
G1 X139.777 Y118.683 E.02494
G1 X119.319 Y115.99 E1.11621
G1 X119.319 Y115.529 E.02494
G1 X139.777 Y118.222 E1.11621
G1 X139.777 Y117.761 E.02494
G1 X119.319 Y115.068 E1.11621
G1 X119.319 Y114.607 E.02494
G1 X139.777 Y117.3 E1.11621
G1 X139.777 Y116.839 E.02494
G1 X119.319 Y114.146 E1.11621
G1 X119.319 Y113.685 E.02494
G1 X139.777 Y116.378 E1.11621
G1 X139.777 Y115.917 E.02494
G1 X119.319 Y113.224 E1.11621
G1 X119.319 Y112.763 E.02494
G1 X139.777 Y115.456 E1.11621
G1 X139.777 Y114.996 E.02488
G1 X120.892 Y112.509 E1.03039
G1 X124.393 Y112.509 E.18938
G1 X139.777 Y114.535 E.83937
G1 X139.777 Y114.074 E.02494
G1 X127.895 Y112.509 E.6483
G1 X131.396 Y112.509 E.18938
G1 X139.777 Y113.613 E.45728
G1 X139.777 Y113.152 E.02494
M73 P59 R9
G1 X132.184 Y112.152 E.41428
G1 X132.344 Y111.892 E.01651
G1 X132.395 Y111.719 E.00976
G1 X139.777 Y112.691 E.40277
G1 X139.777 Y112.23 E.02494
G1 X132.408 Y111.26 E.40206
G1 X132.41 Y110.799 E.02494
G1 X139.777 Y111.769 E.40195
G1 X139.777 Y111.308 E.02494
G1 X132.413 Y110.338 E.40179
G1 X132.415 Y109.878 E.02488
G1 X139.777 Y110.847 E.40168
G1 X139.777 Y110.386 E.02494
G1 X132.417 Y109.417 E.40157
G1 X132.419 Y109.163 E.01374
G1 X132.376 Y108.951 E.0117
G1 X139.777 Y109.925 E.4038
G1 X139.777 Y109.464 E.02494
G1 X132.081 Y108.451 E.4199
G1 X132.036 Y108.392 E.00401
G1 X131.794 Y108.221 E.01603
G1 X132.125 Y108.129 E.01858
G1 X133.139 Y108.129 E.05485
G1 X139.777 Y109.003 E.36218
G1 X139.777 Y108.542 E.02494
G1 X135.103 Y107.927 E.25502
;WIPE_START
G1 F8640
G1 X138.538 Y108.379 E-.8
;WIPE_END
G1 Z2.7 F720
G1 X140.093 Y123.962 F10800
G1 Z2.3 F720
G1 E.8 F2100
M204 S2000
;TYPE:Solid infill
;WIDTH:0.37219
;HEIGHT:0.15
G1 F3000
G1 X140.093 Y108.268 E.33277
M204 S1000
;WIPE_START
G1 F8640
G1 X140.093 Y111.733 E-.8
;WIPE_END
G1 Z2.7 F720
G1 X118.618 Y120.247 F10800
G1 Z2.3 F720
G1 E.8 F2100
M204 S2000
;WIDTH:0.349581
G1 F3000
G1 X118.618 Y112.443 E.15447
G1 X118.719 Y112.46 E.00203
G1 X118.936 Y112.677 E.00607
G1 X118.936 Y120.014 E.14522
G1 X118.794 Y120.155 E.00396
M204 S1000
;WIPE_START
G1 F8640
G1 X118.936 Y120.014 E-.04621
G1 X118.936 Y116.749 E-.75379
;WIPE_END
G1 Z2.7 F720
G1 X118.681 Y125.135 F10800
G1 Z2.3 F720
G1 E.8 F2100
M204 S2000
;WIDTH:0.493082
G1 F3000
G1 X118.691 Y124.511 E.01794
G1 X119.477 Y124.491 E.0226
G1 X119.138 Y124.813 E.01344
G1 X119.113 Y125.355 E.01559
;WIDTH:0.473648
G1 X118.682 Y125.344 E.01187
M204 S1000
;WIPE_START
G1 F8640
G1 X119.113 Y125.355 E-.09955
G1 X119.138 Y124.813 E-.12528
G1 X119.477 Y124.491 E-.10796
G1 X118.691 Y124.511 E-.18155
G1 X118.681 Y125.135 E-.1441
;WIPE_END
G1 E-.14156 F2100
G1 Z2.7 F720
; stop printing object pieds_clavier_cherry.stl id:2 copy 0
; printing object pieds_clavier_cherry.stl id:0 copy 0
G1 X130.666 Y78.237 F10800
G1 Z2.3 F720
G1 E.8 F2100
M204 S800
;TYPE:Perimeter
;WIDTH:0.449999
G1 F3000
G1 X130.61 Y78.166 E.00236
;WIDTH:0.497082
G1 X130.516 Y78.111 E.00316
;WIDTH:0.544164
G1 X130.422 Y78.056 E.00348
;WIDTH:0.591246
G1 X130.328 Y78.001 E.0038
;WIDTH:0.638328
G1 X130.234 Y77.946 E.00412
G1 X118.91 Y77.946 E.42805
G1 F1486.702
G1 X118.637 Y77.97 E.01036
;WIDTH:0.591245
G1 F1467.447
G1 X118.364 Y77.993 E.00955
;WIDTH:0.544163
G1 F1444.128
G1 X118.09 Y78.017 E.00878
;WIDTH:0.497081
G1 F1415.363
G1 X117.817 Y78.04 E.00794
;WIDTH:0.449999
G1 F1327.974
G1 X117.127 Y78.04 E.01798
G1 F1236.857
G1 X117.129 Y75.996 E.05326
G1 F1384.887
G1 X118.283 Y75.996 E.03007
G1 F1552.287
G1 X118.284 Y76.62 E.01626
G1 F1604.66
G1 X118.39 Y76.968 E.00948
;WIDTH:0.497081
G1 F1558.619
G1 X118.52 Y77.061 E.00463
;WIDTH:0.544163
G1 F1529.93
G1 X118.65 Y77.154 E.0051
;WIDTH:0.591245
G1 F1505.592
G1 X118.78 Y77.247 E.00557
;WIDTH:0.638327
G1 F1496.937
G1 X118.91 Y77.34 E.00604
G1 F3000
G1 X130.234 Y77.34 E.42805
G1 X130.405 Y77.317 E.00652
;WIDTH:0.591246
G1 X130.576 Y77.293 E.00602
;WIDTH:0.544164
G1 X130.746 Y77.27 E.00548
;WIDTH:0.497082
G1 X130.917 Y77.246 E.00501
;WIDTH:0.449999
G1 X139.143 Y77.246 E.21433
G1 X139.143 Y93.96 E.4355
G1 X131.028 Y93.96 E.21144
G1 X130.234 Y93.981 E.0207
;WIDTH:0.408245
G1 X118.91 Y93.981 E.26557
;WIDTH:0.41426
G1 F1770.493
G1 X118.805 Y93.987 E.00251
;WIDTH:0.449999
G1 F1597.457
G1 X118.311 Y94.405 E.01686
G1 F1561.245
G1 X118.284 Y94.587 E.00479
G1 F1547.463
G1 X118.283 Y95.21 E.01623
G1 F1383.476
G1 X117.129 Y95.21 E.03007
G1 F1234.93
G1 X117.127 Y93.626 E.04127
G1 F1315.55
G1 X117.732 Y93.626 E.01576
G1 F1517.185
G1 X118.772 Y93.608 E.0271
;WIDTH:0.41426
G1 F2013.885
G1 X118.91 Y93.605 E.00329
;WIDTH:0.408245
G1 F3000
G1 X130.234 Y93.605 E.26557
;WIDTH:0.41426
G1 X130.34 Y93.599 E.00253
;WIDTH:0.449999
G1 X130.736 Y93.375 E.01185
G1 X130.861 Y92.999 E.01032
G1 X130.85 Y90.551 E.06379
G1 X130.73 Y90.284 E.00763
G1 X130.536 Y90.118 E.00665
G1 X130.234 Y90.04 E.00813
G1 X117.127 Y90.04 E.34151
G1 F1282.288
G1 X117.127 Y81.626 E.21923
G1 F3000
G1 X130.234 Y81.626 E.34151
G1 X130.45 Y81.588 E.00571
G1 X130.666 Y81.454 E.00662
G1 X130.814 Y81.237 E.00684
G1 X130.861 Y80.999 E.00632
G1 X130.861 Y78.667 E.06076
G1 X130.813 Y78.426 E.0064
G1 X130.702 Y78.284 E.0047
M204 S1000
G1 X130.375 Y78.531 F10800
M204 S800
;TYPE:External perimeter
G1 F2400
G1 X130.36 Y78.5 E.0009
G1 X130.234 Y78.458 E.00346
G1 F2399.995
G1 X117.495 Y78.458 E.33192
G1 F1229.962
G1 X116.709 Y78.458 E.02048
G1 F1115.683
G1 X116.711 Y75.578 E.07504
G1 F1384.831
G1 X118.701 Y75.578 E.05185
G1 F1525.482
G1 X118.701 Y76.573 E.02593
G1 X118.737 Y76.735 E.00432
G1 F1822.485
G1 X118.91 Y76.828 E.00512
G1 F2009.58
G1 X119.585 Y76.828 E.01759
G1 F2399.995
G1 X139.561 Y76.828 E.52049
G1 X139.561 Y77.503 E.01759
G1 F2400
G1 X139.561 Y93.703 E.4221
G1 F2399.995
G1 X139.561 Y94.378 E.01759
G1 X119.585 Y94.378 E.52049
G1 F1626.62
G1 X118.91 Y94.378 E.01759
G1 F1485.127
G1 X118.71 Y94.527 E.0065
G1 F1464.027
G1 X118.701 Y94.587 E.00158
G1 F1459.42
G1 X118.701 Y95.628 E.02712
G1 F1383.411
G1 X116.711 Y95.628 E.05185
G1 F1113.342
G1 X116.709 Y93.208 E.06305
G1 F1227.999
G1 X117.495 Y93.208 E.02048
G1 F2399.995
G1 X130.234 Y93.208 E.33192
G1 F2400
G1 X130.401 Y93.125 E.00486
G1 X130.443 Y92.999 E.00346
G1 X130.443 Y90.667 E.06076
G1 X130.38 Y90.517 E.00424
G1 X130.234 Y90.458 E.0041
G1 F2399.995
G1 X117.495 Y90.458 E.33192
G1 F1237.184
G1 X116.709 Y90.458 E.02048
G1 F1170.889
G1 X116.709 Y81.208 E.24102
G1 F1267.249
M73 P60 R9
G1 X117.495 Y81.208 E.02048
G1 F2400
G1 X130.234 Y81.208 E.33192
G1 X130.378 Y81.151 E.00404
G1 X130.443 Y80.999 E.00431
G1 X130.443 Y78.667 E.06076
G1 X130.402 Y78.585 E.00239
M204 S1000
;WIPE_START
G1 F8640
G1 X130.375 Y78.531 E-.01394
G1 X130.36 Y78.5 E-.00795
G1 X130.234 Y78.458 E-.03067
G1 X126.997 Y78.458 E-.74744
;WIPE_END
G1 Z2.7 F720
G1 X117.501 Y76.918 F10800
G1 Z2.3 F720
G1 E.8 F2100
M204 S2000
;TYPE:Solid infill
;WIDTH:0.485926
G1 F3000
G1 X117.492 Y76.36 E.01579
;WIDTH:0.467786
G1 X117.924 Y76.36 E.01174
G1 X117.928 Y76.574 E.00581
;WIDTH:0.469608
G1 X117.93 Y76.753 E.00488
;WIDTH:0.504528
G1 X117.968 Y76.901 E.0045
;WIDTH:0.539447
G1 X118.005 Y77.048 E.0048
;WIDTH:0.574366
G1 X118.042 Y77.195 E.00513
G1 X118.42 Y77.516 E.01677
G1 X118.013 Y77.586 E.01396
G1 X117.545 Y77.623 E.01587
G1 X117.529 Y77.375 E.0084
;WIDTH:0.543217
G1 X117.514 Y77.126 E.00795
M204 S1000
;WIPE_START
G1 F8640
G1 X117.529 Y77.375 E-.0576
G1 X117.545 Y77.623 E-.05738
G1 X118.013 Y77.586 E-.1084
G1 X118.42 Y77.516 E-.09536
G1 X118.042 Y77.195 E-.11451
G1 X118.005 Y77.048 E-.035
G1 X117.968 Y76.901 E-.035
G1 X117.93 Y76.753 E-.03528
G1 X117.928 Y76.574 E-.04133
G1 X117.924 Y76.36 E-.04942
G1 X117.492 Y76.36 E-.09975
G1 X117.497 Y76.667 E-.07097
;WIPE_END
G1 Z2.7 F720
G1 X117.91 Y89.597 F10800
G1 Z2.3 F720
G1 E.8 F2100
;TYPE:Bridge infill
;WIDTH:0.407018
;HEIGHT:0.4
G1 F1500
G1 X118.457 Y89.669 E.02984
G1 X121.958 Y89.669 E.18938
G1 X118.133 Y89.166 E.20869
G1 X118.133 Y88.705 E.02494
G1 X126.997 Y89.872 E.48363
;WIPE_START
G1 F8640
G1 X123.562 Y89.42 E-.8
;WIPE_END
G1 Z2.7 F720
G1 X130.974 Y93.161 F10800
G1 Z2.3 F720
G1 E.8 F2100
G1 F1500
G1 X134.226 Y93.589 E.17743
G1 X137.727 Y93.589 E.18938
G1 X131.232 Y92.734 E.35437
G1 X131.232 Y92.273 E.02494
G1 X138.591 Y93.242 E.40152
G1 X138.591 Y92.781 E.02494
G1 X131.232 Y91.812 E.40152
G1 X131.232 Y91.351 E.02494
G1 X138.591 Y92.32 E.40152
G1 X138.591 Y91.859 E.02494
G1 X131.232 Y90.89 E.40152
G1 X131.232 Y90.66 E.01244
G1 X131.196 Y90.425 E.01286
G1 X138.591 Y91.398 E.40347
G1 X138.591 Y90.937 E.02494
G1 X118.133 Y88.244 E1.11621
G1 X118.133 Y87.783 E.02494
G1 X138.591 Y90.476 E1.11621
G1 X138.591 Y90.015 E.02494
G1 X118.133 Y87.322 E1.11621
G1 X118.133 Y86.861 E.02494
G1 X138.591 Y89.554 E1.11621
G1 X138.591 Y89.093 E.02494
G1 X118.133 Y86.4 E1.11621
G1 X118.133 Y85.939 E.02494
G1 X138.591 Y88.632 E1.11621
G1 X138.591 Y88.171 E.02494
G1 X118.133 Y85.478 E1.11621
G1 X118.133 Y85.017 E.02494
G1 X138.591 Y87.71 E1.11621
G1 X138.591 Y87.249 E.02494
G1 X118.133 Y84.556 E1.11621
G1 X118.133 Y84.095 E.02494
G1 X138.591 Y86.788 E1.11621
G1 X138.591 Y86.327 E.02494
G1 X118.133 Y83.634 E1.11621
G1 X118.133 Y83.173 E.02494
M73 P61 R9
G1 X138.591 Y85.866 E1.11621
G1 X138.591 Y85.406 E.02488
G1 X118.133 Y82.712 E1.11621
G1 X118.133 Y82.251 E.02494
G1 X138.591 Y84.945 E1.11621
G1 X138.591 Y84.484 E.02494
G1 X119.705 Y81.997 E1.03044
G1 X123.207 Y81.997 E.18944
G1 X138.591 Y84.023 E.83937
G1 X138.591 Y83.562 E.02494
G1 X126.708 Y81.997 E.64835
G1 X130.21 Y81.997 E.18944
G1 X138.591 Y83.101 E.45728
G1 X138.591 Y82.64 E.02494
G1 X130.998 Y81.64 E.41428
G1 X131.158 Y81.381 E.01647
G1 X131.208 Y81.207 E.00979
G1 X138.591 Y82.179 E.40282
G1 X138.591 Y81.718 E.02494
G1 X131.222 Y80.748 E.40206
G1 X131.224 Y80.287 E.02494
G1 X138.591 Y81.257 E.40195
G1 X138.591 Y80.796 E.02494
G1 X131.226 Y79.826 E.40184
G1 X131.229 Y79.366 E.02488
G1 X138.591 Y80.335 E.40168
G1 X138.591 Y79.874 E.02494
G1 X131.231 Y78.905 E.40157
G1 X131.232 Y78.651 E.01374
G1 X131.19 Y78.439 E.01169
G1 X138.591 Y79.413 E.4038
G1 X138.591 Y78.952 E.02494
G1 X130.895 Y77.939 E.4199
G1 X130.849 Y77.88 E.00405
G1 X130.607 Y77.709 E.01603
G1 X130.939 Y77.617 E.01864
G1 X131.953 Y77.617 E.05485
G1 X138.591 Y78.491 E.36218
G1 X138.591 Y78.03 E.02494
G1 X133.916 Y77.415 E.25507
;WIPE_START
G1 F8640
G1 X137.351 Y77.867 E-.8
;WIPE_END
G1 Z2.7 F720
G1 X138.906 Y93.45 F10800
G1 Z2.3 F720
G1 E.8 F2100
M204 S2000
;TYPE:Solid infill
;WIDTH:0.37219
;HEIGHT:0.15
G1 F3000
G1 X138.906 Y77.757 E.33274
M204 S1000
;WIPE_START
G1 F8640
G1 X138.906 Y81.222 E-.8
;WIPE_END
G1 Z2.7 F720
G1 X117.432 Y89.736 F10800
G1 Z2.3 F720
G1 E.8 F2100
M204 S2000
;WIDTH:0.349581
G1 F3000
G1 X117.432 Y81.931 E.15449
G1 X117.533 Y81.948 E.00203
G1 X117.749 Y82.165 E.00606
G1 X117.749 Y89.502 E.14522
G1 X117.608 Y89.643 E.00395
M204 S1000
;WIPE_START
G1 F8640
G1 X117.749 Y89.502 E-.04604
G1 X117.749 Y86.237 E-.75396
;WIPE_END
G1 Z2.7 F720
G1 X117.495 Y94.623 F10800
G1 Z2.3 F720
G1 E.8 F2100
M204 S2000
;WIDTH:0.493082
G1 F3000
G1 X117.504 Y93.999 E.01794
G1 X118.291 Y93.979 E.02263
G1 X117.952 Y94.301 E.01344
G1 X117.926 Y94.843 E.0156
;WIDTH:0.473648
G1 X117.495 Y94.832 E.01187
M204 S1000
;LAYER_CHANGE
;Z:2.45
;HEIGHT:0.15
;BEFORE_LAYER_CHANGE
G92 E0.0
;2.45


;WIPE_START
G1 F8640
G1 X117.926 Y94.843 E-.09955
G1 X117.952 Y94.301 E-.12529
G1 X118.291 Y93.979 E-.10796
G1 X117.504 Y93.999 E-.18178
G1 X117.495 Y94.623 E-.1441
;WIPE_END
G1 E-.14132 F2100
G1 Z2.45 F720
;AFTER_LAYER_CHANGE
;2.45
G1 Z2.85
; stop printing object pieds_clavier_cherry.stl id:0 copy 0
; printing object pieds_clavier_cherry.stl id:1 copy 0
G1 X134.283 Y141.584 F10800
G1 Z2.45 F720
G1 E.8 F2100
M204 S800
;TYPE:Perimeter
;WIDTH:0.449999
G1 F3000
G1 X134.228 Y141.513 E.00234
;WIDTH:0.497082
G1 X134.134 Y141.458 E.00316
;WIDTH:0.544164
G1 X134.04 Y141.404 E.00346
;WIDTH:0.591246
G1 X133.946 Y141.349 E.0038
;WIDTH:0.638328
G1 X133.852 Y141.294 E.00412
G1 X122.614 Y141.294 E.4248
G1 F1781.461
G1 X122.463 Y141.317 E.00577
;WIDTH:0.591245
G1 F1793.704
G1 X122.313 Y141.341 E.0053
;WIDTH:0.544163
G1 F1807.984
G1 X122.163 Y141.364 E.00485
;WIDTH:0.497081
G1 F1824.859
G1 X122.012 Y141.388 E.00443
;WIDTH:0.449999
G1 F1459.484
G1 X120.66 Y141.388 E.03523
G1 F1310.92
G1 X120.662 Y139.344 E.05326
G1 F1456.64
G1 X121.986 Y139.344 E.0345
G1 F1883.874
G1 X121.987 Y139.968 E.01626
G1 F1916.519
G1 X122.066 Y140.272 E.00818
G1 F2028.486
G1 X122.275 Y140.494 E.00794
;WIDTH:0.497081
G1 F1990.595
G1 X122.36 Y140.543 E.00284
;WIDTH:0.544163
G1 F1918.251
G1 X122.444 Y140.591 E.00309
;WIDTH:0.591245
G1 F1855.492
G1 X122.529 Y140.639 E.0034
;WIDTH:0.638327
G1 F1800.593
G1 X122.614 Y140.688 E.00371
G1 F3000
G1 X133.852 Y140.688 E.4248
G1 X134.023 Y140.664 E.00653
;WIDTH:0.591246
G1 X134.194 Y140.641 E.00602
;WIDTH:0.544164
G1 X134.364 Y140.617 E.00548
;WIDTH:0.497082
G1 X134.535 Y140.594 E.005
;WIDTH:0.449999
G1 X142.63 Y140.594 E.21092
G1 X142.63 Y157.308 E.4355
G1 X134.646 Y157.308 E.20803
G1 X133.852 Y157.329 E.0207
;WIDTH:0.408245
G1 X122.614 Y157.329 E.26355
;WIDTH:0.41426
G1 F2095.288
G1 X122.508 Y157.335 E.00253
;WIDTH:0.449999
G1 F2024.564
G1 X122.18 Y157.482 E.00937
G1 F1963.582
M73 P62 R9
G1 X122.002 Y157.799 E.00947
G1 F1886.377
G1 X121.987 Y157.934 E.00354
G1 F1879.619
G1 X121.986 Y158.558 E.01626
G1 F1455.299
G1 X120.662 Y158.558 E.0345
G1 F1308.994
G1 X120.661 Y156.974 E.04127
G1 F1454.528
G1 X121.977 Y156.974 E.03429
G1 F2117.391
M73 P62 R8
G1 X122.614 Y156.953 E.01661
;WIDTH:0.408245
G1 F3000
G1 X133.852 Y156.953 E.26355
;WIDTH:0.41426
G1 X133.957 Y156.947 E.00251
;WIDTH:0.449999
G1 X134.354 Y156.723 E.01188
G1 X134.479 Y156.347 E.01032
G1 X134.47 Y153.907 E.06358
G1 X134.347 Y153.63 E.0079
G1 X134.149 Y153.463 E.00675
G1 X133.852 Y153.388 E.00798
G1 X120.66 Y153.388 E.34373
G1 F1356.351
G1 X120.66 Y144.974 E.21923
G1 F3000
G1 X133.852 Y144.974 E.34373
G1 X134.063 Y144.937 E.00558
G1 X134.28 Y144.805 E.00662
G1 X134.433 Y144.582 E.00705
G1 X134.479 Y144.347 E.00624
G1 X134.479 Y142.015 E.06076
G1 X134.431 Y141.774 E.0064
G1 X134.32 Y141.632 E.0047
M204 S1000
G1 X133.993 Y141.879 F10800
M204 S800
;TYPE:External perimeter
G1 F2400
G1 X133.978 Y141.848 E.0009
G1 X133.852 Y141.806 E.00346
G1 F2399.995
G1 X121.002 Y141.806 E.33482
G1 F1301.727
G1 X120.242 Y141.806 E.0198
G1 F1205.683
G1 X120.245 Y138.926 E.07504
G1 F1456.538
G1 X122.403 Y138.926 E.05623
G1 F1725.375
G1 X122.408 Y140.003 E.02806
G1 F1769.34
G1 X122.501 Y140.143 E.00438
G1 F1978.994
G1 X122.614 Y140.176 E.00307
G1 F2117.032
G1 X123.289 Y140.176 E.01759
G1 F2399.995
G1 X143.048 Y140.176 E.51483
G1 X143.048 Y140.851 E.01759
G1 F2400
G1 X143.048 Y157.051 E.4221
G1 F2399.995
G1 X143.048 Y157.726 E.01759
G1 X123.289 Y157.726 E.51483
G1 F1830.967
G1 X122.614 Y157.726 E.01759
G1 F1721.783
G1 X122.469 Y157.784 E.00407
G1 F1675.387
G1 X122.405 Y157.934 E.00425
G1 F1648.259
G1 X122.403 Y158.976 E.02715
G1 F1455.188
G1 X120.245 Y158.976 E.05623
G1 F1203.342
G1 X120.242 Y156.556 E.06305
G1 F1299.754
G1 X121.001 Y156.556 E.01978
G1 F2399.995
G1 X133.852 Y156.556 E.33484
G1 F2400
G1 X134.019 Y156.472 E.00487
G1 X134.061 Y156.347 E.00344
G1 X134.061 Y154.015 E.06076
G1 X133.996 Y153.863 E.00431
G1 X133.852 Y153.806 E.00404
G1 F2399.995
G1 X121.002 Y153.806 E.33482
G1 F1308.987
G1 X120.242 Y153.806 E.0198
G1 F1260.889
G1 X120.242 Y144.556 E.24102
G1 F1320.083
G1 X121.002 Y144.556 E.0198
G1 F2399.995
G1 X133.852 Y144.556 E.33482
G1 F2400
G1 X133.995 Y144.5 E.004
G1 X134.061 Y144.347 E.00434
G1 X134.061 Y142.015 E.06076
G1 X134.02 Y141.932 E.00241
M204 S1000
;WIPE_START
G1 F8640
G1 X133.993 Y141.879 E-.01373
G1 X133.978 Y141.848 E-.00795
G1 X133.852 Y141.806 E-.03067
G1 X130.614 Y141.806 E-.74765
;WIPE_END
G1 Z2.85 F720
G1 X134.968 Y140.949 F10800
G1 Z2.45 F720
G1 E.8 F2100
M204 S2000
;TYPE:Solid infill
G1 F3000
G1 X134.553 Y141.364 E.01529
;WIDTH:0.492852
G1 X134.252 Y141.003 E.0135
G1 X134.197 Y141.018 E.00164
G1 X134.182 Y141.073 E.00164
G1 X134.223 Y141.114 E.00167
G1 X134.278 Y141.099 E.00164
;WIDTH:0.449999
G1 X134.78 Y141.728 E.02097
G1 X135.559 Y140.949 E.0287
G1 X136.15 Y140.949 E.0154
G1 X134.833 Y142.266 E.04853
G1 X134.83 Y142.86 E.01548
G1 X136.741 Y140.949 E.07042
G1 X137.332 Y140.949 E.0154
G1 X134.827 Y143.454 E.09231
G1 X134.824 Y144.048 E.01548
G1 X137.923 Y140.949 E.11419
M204 S1000
G1 X138.85 Y140.815 F10800
M204 S2000
;WIDTH:0.37219
G1 F3000
G1 X138.779 Y140.796 E.00156
G1 X138.798 Y140.867 E.00156
G1 X138.839 Y140.856 E.0009
;WIDTH:0.411095
G1 X138.676 Y140.903 E.00401
;WIDTH:0.449999
G1 X138.514 Y140.949 E.00439
G1 X134.77 Y144.693 E.13796
M204 S1000
;WIPE_START
G1 F8640
G1 X137.22 Y142.243 E-.8
;WIPE_END
G1 Z2.85 F720
G1 X122.226 Y145.376 F10800
G1 Z2.45 F720
G1 E.8 F2100
M204 S2000
;WIDTH:0.579006
G1 F3000
G1 X122.178 Y145.327 E.00234
G1 X122.112 Y145.345 E.00233
G1 X122.094 Y145.411 E.00233
G1 X122.143 Y145.459 E.00234
G1 X122.209 Y145.442 E.00232
;WIDTH:0.449999
G1 X122.096 Y146.14 E.01842
G1 X122.907 Y145.329 E.02988
G1 X123.498 Y145.329 E.0154
G1 X122.096 Y146.731 E.05166
G1 X122.096 Y147.322 E.0154
G1 X124.089 Y145.329 E.07344
G1 X124.68 Y145.329 E.0154
G1 X122.096 Y147.912 E.0952
G1 X122.096 Y148.503 E.0154
G1 X125.27 Y145.329 E.11696
G1 X125.861 Y145.329 E.0154
G1 X122.096 Y149.094 E.13873
G1 X122.096 Y149.685 E.0154
G1 X126.452 Y145.329 E.16051
G1 X127.043 Y145.329 E.0154
G1 X122.096 Y150.276 E.18229
G1 X122.096 Y150.867 E.0154
G1 X127.634 Y145.329 E.20407
G1 X128.225 Y145.329 E.0154
G1 X122.096 Y151.458 E.22584
G1 X122.096 Y152.049 E.0154
G1 X128.816 Y145.329 E.24762
G1 X129.407 Y145.329 E.0154
G1 X122.096 Y152.639 E.26938
G1 X122.027 Y153.161 E.01372
;WIDTH:0.37219
G1 X121.986 Y153.172 E.0009
G1 X121.967 Y153.101 E.00156
G1 X122.038 Y153.12 E.00156
;WIDTH:0.411095
G1 X122.166 Y153.077 E.00319
;WIDTH:0.449999
G1 X122.293 Y153.033 E.0035
G1 X129.997 Y145.329 E.28388
G1 X130.588 Y145.329 E.0154
G1 X122.884 Y153.033 E.28388
G1 X123.475 Y153.033 E.0154
G1 X131.179 Y145.329 E.28388
G1 X131.77 Y145.329 E.0154
G1 X124.066 Y153.033 E.28388
G1 X124.657 Y153.033 E.0154
G1 X132.361 Y145.329 E.28388
G1 X132.952 Y145.329 E.0154
G1 X125.248 Y153.033 E.28388
G1 X125.839 Y153.033 E.0154
G1 X133.543 Y145.329 E.28388
G1 X134.196 Y145.266 E.01709
G1 X126.429 Y153.033 E.2862
G1 X127.02 Y153.033 E.0154
G1 X139.105 Y140.949 E.44529
G1 X139.2 Y140.875 E.00314
;WIDTH:0.411095
G1 X139.295 Y140.8 E.00286
;WIDTH:0.37219
G1 X139.254 Y140.811 E.0009
G1 X139.235 Y140.74 E.00156
G1 X139.306 Y140.759 E.00156
;WIDTH:0.449999
G1 X139.695 Y140.949 E.01128
G1 X127.611 Y153.033 E.44528
G1 X128.202 Y153.033 E.0154
G1 X140.286 Y140.949 E.44528
G1 X140.877 Y140.949 E.0154
G1 X128.793 Y153.033 E.44528
G1 X129.384 Y153.033 E.0154
G1 X141.468 Y140.949 E.44528
G1 X142.059 Y140.949 E.0154
G1 X129.975 Y153.033 E.44528
G1 X130.566 Y153.033 E.0154
G1 X142.275 Y141.324 E.43146
G1 X142.275 Y141.915 E.0154
M73 P63 R8
G1 X131.156 Y153.033 E.4097
G1 X131.747 Y153.033 E.0154
G1 X142.275 Y142.506 E.38792
G1 X142.275 Y143.096 E.01537
G1 X132.338 Y153.033 E.36616
G1 X132.929 Y153.033 E.0154
G1 X142.275 Y143.687 E.34438
G1 X142.275 Y144.278 E.0154
G1 X133.52 Y153.033 E.32261
G1 X134.079 Y153.065 E.01459
G1 X142.275 Y144.869 E.30201
G1 X142.275 Y145.46 E.0154
G1 X134.473 Y153.261 E.28747
G1 X134.732 Y153.593 E.01097
G1 X142.275 Y146.051 E.27793
G1 X142.275 Y146.642 E.0154
G1 X134.823 Y154.094 E.27459
G1 X134.826 Y154.681 E.01529
G1 X142.275 Y147.232 E.27448
G1 X142.275 Y147.823 E.0154
G1 X134.829 Y155.269 E.27437
G1 X134.832 Y155.857 E.01532
G1 X142.275 Y148.414 E.27426
G1 X142.275 Y149.005 E.0154
G1 X134.797 Y156.483 E.27555
G1 X134.577 Y157.012 E.01493
;WIDTH:0.409062
G1 X134.532 Y157.024 E.00109
G1 X134.511 Y156.945 E.00192
G1 X134.59 Y156.966 E.00192
;WIDTH:0.449999
G1 X134.918 Y156.953 E.00855
G1 X142.275 Y149.596 E.27109
G1 X142.275 Y150.187 E.0154
G1 X135.509 Y156.953 E.24932
G1 X136.1 Y156.953 E.0154
G1 X142.275 Y150.778 E.22754
G1 X142.275 Y151.369 E.0154
G1 X136.69 Y156.953 E.20578
G1 X137.281 Y156.953 E.0154
G1 X142.275 Y151.959 E.18402
G1 X142.275 Y152.55 E.0154
G1 X137.872 Y156.953 E.16224
G1 X138.463 Y156.953 E.0154
G1 X142.275 Y153.141 E.14047
G1 X142.275 Y153.732 E.0154
G1 X139.054 Y156.953 E.11869
G1 X139.645 Y156.953 E.0154
G1 X142.275 Y154.323 E.09691
G1 X142.275 Y154.914 E.0154
G1 X140.236 Y156.953 E.07513
G1 X140.121 Y157.119 E.00526
;WIDTH:0.409062
G1 X140.042 Y157.098 E.00192
G1 X140.063 Y157.177 E.00192
G1 X140.109 Y157.164 E.00112
M204 S1000
;WIPE_START
G1 F8640
G1 X140.063 Y157.177 E-.01104
G1 X140.042 Y157.098 E-.01887
G1 X140.121 Y157.119 E-.01887
G1 X140.236 Y156.953 E-.04663
G1 X142.275 Y154.914 E-.66583
G1 X142.275 Y154.746 E-.03876
;WIPE_END
G1 Z2.85 F720
G1 X142.127 Y155.652 F10800
G1 Z2.45 F720
G1 E.8 F2100
M204 S2000
;WIDTH:0.449999
G1 F3000
G1 X140.827 Y156.953 E.04792
G1 X142.275 Y156.953 E.03773
G1 X142.275 Y155.505 E.03773
M204 S1000
;WIPE_START
G1 F8640
G1 X142.275 Y156.953 E-.33435
G1 X140.827 Y156.953 E-.33435
G1 X141.229 Y156.551 E-.1313
;WIPE_END
G1 Z2.85 F720
G1 X141.902 Y156.515 F10800
G1 Z2.45 F720
G1 E.8 F2100
M204 S2000
;WIDTH:0.462658
G1 F3000
G1 X141.864 Y156.477 E.00144
G1 X141.812 Y156.491 E.00145
G1 X141.799 Y156.543 E.00144
G1 X141.837 Y156.581 E.00144
G1 X141.889 Y156.567 E.00145
M204 S1000
;WIPE_START
G1 F8640
G1 X141.837 Y156.581 E-.01243
G1 X141.799 Y156.543 E-.01241
G1 X141.812 Y156.491 E-.01238
G1 X141.864 Y156.477 E-.01243
G1 X141.902 Y156.515 E-.01241
;WIPE_END
G1 E-.73794 F2100
G1 Z2.85 F720
G1 X121.771 Y157.386 F10800
G1 Z2.45 F720
G1 E.8 F2100
M204 S2000
;WIDTH:0.564678
G1 F3000
G1 X121.627 Y157.643 E.00978
G1 X121.593 Y157.896 E.00848
;WIDTH:0.555772
G1 X121.586 Y158.15 E.0083
G1 X121.07 Y158.15 E.01685
G1 X121.07 Y157.888 E.00855
;WIDTH:0.564678
G1 X121.073 Y157.386 E.01667
G1 X121.562 Y157.386 E.01624
M204 S1000
;WIPE_START
G1 F8640
G1 X121.073 Y157.386 E-.11291
G1 X121.07 Y157.888 E-.11592
G1 X121.07 Y158.15 E-.0605
G1 X121.586 Y158.15 E-.11915
G1 X121.593 Y157.896 E-.05867
G1 X121.627 Y157.643 E-.05894
G1 X121.771 Y157.386 E-.06802
;WIPE_END
G1 E-.20589 F2100
G1 Z2.85 F720
G1 X121.678 Y153.011 F10800
G1 Z2.45 F720
G1 E.8 F2100
M204 S2000
;TYPE:Internal infill
;WIDTH:0.45
G1 F3600
G1 X121.678 Y145.779 E.18844
M204 S1000
G1 X121.12 Y145.434 F10800
M204 S2000
;TYPE:Solid infill
;WIDTH:0.65985
G1 F3000
G1 X121.12 Y152.928 E.29333
M204 S1000
;WIPE_START
G1 F8640
G1 X121.12 Y149.463 E-.8
;WIPE_END
G1 Z2.85 F720
G1 X121.069 Y139.75 F10800
G1 Z2.45 F720
G1 E.8 F2100
M204 S2000
;WIDTH:0.553512
G1 F3000
G1 X121.584 Y139.75 E.01674
;WIDTH:0.561943
G1 X121.595 Y140.16 E.01355
G1 X121.687 Y140.325 E.00624
;WIDTH:0.516309
G1 X121.778 Y140.49 E.00569
;WIDTH:0.493188
G1 X121.701 Y140.441 E.00262
;WIDTH:0.523767
G1 X121.62 Y140.433 E.0025
;WIDTH:0.554345
G1 X121.539 Y140.426 E.00265
;WIDTH:0.561943
G1 X121.308 Y140.525 E.0083
;WIDTH:0.601198
G1 X121.21 Y140.646 E.00553
;WIDTH:0.640452
G1 X121.111 Y140.767 E.00593
G1 X121.092 Y140.569 E.00755
;WIDTH:0.601198
G1 X121.073 Y140.372 E.00702
;WIDTH:0.561943
G1 X121.07 Y139.959 E.01364
;WIDTH:0.449999
G1 X121.111 Y140.767 E.02108
;WIDTH:0.646962
G1 X121.115 Y140.934 E.0064
;WIDTH:0.449999
G1 X121.778 Y140.49 E.02079
;WIDTH:0.520218
G1 X121.967 Y140.704 E.00869
;WIDTH:0.569762
G1 X122.156 Y140.918 E.00957
M204 S1000
;WIPE_START
G1 F8640
G1 X121.967 Y140.704 E-.06593
G1 X121.778 Y140.49 E-.06593
G1 X121.115 Y140.934 E-.18425
G1 X121.111 Y140.767 E-.03857
G1 X121.07 Y139.959 E-.18681
G1 X121.073 Y140.372 E-.09537
G1 X121.092 Y140.569 E-.0457
G1 X121.111 Y140.767 E-.04593
G1 X121.21 Y140.646 E-.0361
G1 X121.306 Y140.527 E-.03541
;WIPE_END
G1 Z2.85 F720
; stop printing object pieds_clavier_cherry.stl id:1 copy 0
; printing object pieds_clavier_cherry.stl id:2 copy 0
G1 X131.852 Y108.749 F10800
G1 Z2.45 F720
G1 E.8 F2100
M204 S800
;TYPE:Perimeter
;WIDTH:0.449999
G1 F3000
G1 X131.797 Y108.678 E.00234
;WIDTH:0.497082
G1 X131.703 Y108.623 E.00316
;WIDTH:0.544164
G1 X131.609 Y108.568 E.00348
;WIDTH:0.591246
G1 X131.515 Y108.513 E.0038
;WIDTH:0.638328
G1 X131.421 Y108.458 E.00412
G1 X120.182 Y108.458 E.42484
G1 F1781.461
G1 X120.032 Y108.482 E.00574
;WIDTH:0.591245
G1 F1793.704
G1 X119.882 Y108.505 E.00529
;WIDTH:0.544163
G1 F1807.984
G1 X119.731 Y108.529 E.00488
;WIDTH:0.497081
G1 F1824.859
G1 X119.581 Y108.552 E.0044
;WIDTH:0.449999
G1 F1459.484
G1 X118.229 Y108.552 E.03523
G1 F1310.92
G1 X118.231 Y106.508 E.05326
G1 F1456.64
G1 X119.554 Y106.508 E.03447
G1 F1883.874
G1 X119.555 Y107.132 E.01626
G1 F1916.519
G1 X119.635 Y107.437 E.00822
G1 F2028.486
G1 X119.843 Y107.658 E.00791
;WIDTH:0.497081
G1 F1990.595
G1 X119.928 Y107.707 E.00284
;WIDTH:0.544163
G1 F1918.251
G1 X120.013 Y107.755 E.00312
;WIDTH:0.591245
G1 F1855.492
G1 X120.097 Y107.804 E.00339
;WIDTH:0.638327
G1 F1800.593
G1 X120.182 Y107.852 E.00369
G1 F3000
G1 X131.421 Y107.852 E.42484
G1 X131.591 Y107.829 E.00648
;WIDTH:0.591246
G1 X131.762 Y107.805 E.00602
;WIDTH:0.544164
G1 X131.933 Y107.781 E.00551
;WIDTH:0.497082
G1 X132.103 Y107.758 E.00497
;WIDTH:0.449999
G1 X140.198 Y107.758 E.21092
G1 X140.198 Y124.472 E.4355
G1 X132.215 Y124.472 E.208
G1 X131.421 Y124.493 E.0207
;WIDTH:0.408245
G1 X120.182 Y124.493 E.26358
;WIDTH:0.41426
G1 F2095.288
G1 X120.077 Y124.499 E.00251
;WIDTH:0.449999
G1 F2024.564
G1 X119.749 Y124.646 E.00937
G1 F1963.582
G1 X119.57 Y124.963 E.00949
G1 F1886.377
G1 X119.555 Y125.098 E.00354
G1 F1879.619
G1 X119.554 Y125.722 E.01626
G1 F1455.299
G1 X118.231 Y125.722 E.03447
G1 F1308.994
G1 X118.229 Y124.138 E.04127
G1 F1454.528
G1 X119.545 Y124.138 E.03429
G1 F2117.391
G1 X120.182 Y124.117 E.01661
;WIDTH:0.408245
G1 F3000
G1 X131.421 Y124.117 E.26358
;WIDTH:0.41426
G1 X131.526 Y124.111 E.00251
;WIDTH:0.449999
G1 X131.922 Y123.887 E.01185
G1 X132.047 Y123.511 E.01032
G1 X132.038 Y121.071 E.06358
G1 X131.915 Y120.794 E.0079
G1 X131.717 Y120.627 E.00675
G1 X131.421 Y120.552 E.00796
G1 X118.228 Y120.552 E.34375
G1 F1356.351
G1 X118.228 Y112.138 E.21923
G1 F3000
G1 X131.421 Y112.138 E.34375
G1 X131.632 Y112.101 E.00558
G1 X131.849 Y111.969 E.00662
G1 X132.002 Y111.746 E.00705
G1 X132.047 Y111.511 E.00623
G1 X132.047 Y109.179 E.06076
G1 X131.999 Y108.938 E.0064
G1 X131.889 Y108.796 E.00468
M204 S1000
G1 X131.562 Y109.043 F10800
M204 S800
;TYPE:External perimeter
G1 F2400
G1 X131.546 Y109.012 E.00091
G1 X131.421 Y108.97 E.00344
G1 F2399.995
G1 X118.57 Y108.97 E.33484
G1 F1301.727
G1 X117.811 Y108.97 E.01978
G1 F1205.683
G1 X117.813 Y106.09 E.07504
G1 F1456.538
G1 X119.972 Y106.09 E.05625
G1 F1725.375
G1 X119.976 Y107.167 E.02806
G1 F1769.34
G1 X120.069 Y107.307 E.00438
G1 F1978.994
G1 X120.182 Y107.34 E.00307
G1 F2117.032
G1 X120.857 Y107.34 E.01759
G1 F2399.995
G1 X140.616 Y107.34 E.51483
G1 X140.616 Y108.015 E.01759
G1 F2400
G1 X140.616 Y124.215 E.4221
G1 F2399.995
M73 P64 R8
G1 X140.616 Y124.89 E.01759
G1 X120.857 Y124.89 E.51483
G1 F1830.967
G1 X120.182 Y124.89 E.01759
G1 F1721.783
G1 X120.038 Y124.948 E.00404
G1 F1675.387
G1 X119.973 Y125.099 E.00428
G1 F1648.259
G1 X119.972 Y126.14 E.02712
G1 F1455.188
G1 X117.813 Y126.14 E.05625
G1 F1203.342
G1 X117.811 Y123.72 E.06305
G1 F1299.754
G1 X118.57 Y123.72 E.01978
G1 F2399.995
G1 X131.421 Y123.72 E.33484
G1 F2400
G1 X131.588 Y123.637 E.00486
G1 X131.63 Y123.511 E.00346
G1 X131.63 Y121.179 E.06076
G1 X131.565 Y121.028 E.00428
G1 X131.421 Y120.97 E.00404
G1 F2399.995
G1 X118.57 Y120.97 E.33484
G1 F1308.987
G1 X117.811 Y120.97 E.01978
G1 F1260.889
G1 X117.811 Y111.72 E.24102
G1 F1320.083
G1 X118.57 Y111.72 E.01978
G1 F2399.995
G1 X131.421 Y111.72 E.33484
G1 F2400
G1 X131.563 Y111.664 E.00398
G1 X131.63 Y111.511 E.00435
G1 X131.63 Y109.179 E.06076
G1 X131.588 Y109.097 E.0024
M204 S1000
;WIPE_START
G1 F8640
G1 X131.562 Y109.043 E-.01384
G1 X131.546 Y109.012 E-.00806
G1 X131.421 Y108.97 E-.03045
G1 X128.183 Y108.97 E-.74765
;WIPE_END
G1 Z2.85 F720
G1 X132.537 Y108.113 F10800
G1 Z2.45 F720
G1 E.8 F2100
M204 S2000
;TYPE:Solid infill
G1 F3000
G1 X132.121 Y108.529 E.01533
;WIDTH:0.492852
G1 X131.821 Y108.167 E.01351
G1 X131.765 Y108.182 E.00167
G1 X131.75 Y108.238 E.00167
G1 X131.791 Y108.278 E.00165
G1 X131.847 Y108.263 E.00167
;WIDTH:0.449999
G1 X132.348 Y108.893 E.02097
G1 X133.128 Y108.113 E.02874
G1 X133.719 Y108.113 E.0154
G1 X132.401 Y109.43 E.04855
G1 X132.398 Y110.024 E.01548
G1 X134.31 Y108.113 E.07044
G1 X134.9 Y108.113 E.01537
G1 X132.395 Y110.618 E.09231
G1 X132.392 Y111.212 E.01548
G1 X135.491 Y108.113 E.11419
M204 S1000
G1 X136.419 Y107.98 F10800
M204 S2000
;WIDTH:0.37219
G1 F3000
G1 X136.348 Y107.961 E.00156
G1 X136.367 Y108.032 E.00156
G1 X136.408 Y108.021 E.0009
;WIDTH:0.411095
G1 X136.245 Y108.067 E.004
;WIDTH:0.449999
G1 X136.082 Y108.113 E.00441
G1 X132.338 Y111.857 E.13796
M204 S1000
;WIPE_START
G1 F8640
G1 X134.788 Y109.407 E-.8
;WIPE_END
G1 Z2.85 F720
G1 X119.795 Y112.54 F10800
G1 Z2.45 F720
G1 E.8 F2100
M204 S2000
;WIDTH:0.579006
G1 F3000
G1 X119.747 Y112.492 E.00231
G1 X119.681 Y112.509 E.00232
G1 X119.663 Y112.575 E.00233
G1 X119.711 Y112.624 E.00234
G1 X119.777 Y112.606 E.00233
;WIDTH:0.449999
G1 X119.664 Y113.304 E.01842
G1 X120.476 Y112.493 E.0299
G1 X121.066 Y112.493 E.01537
G1 X119.664 Y113.895 E.05166
G1 X119.664 Y114.486 E.0154
G1 X121.657 Y112.493 E.07344
G1 X122.248 Y112.493 E.0154
G1 X119.664 Y115.077 E.09522
G1 X119.664 Y115.668 E.0154
G1 X122.839 Y112.493 E.11699
G1 X123.43 Y112.493 E.0154
G1 X119.664 Y116.259 E.13877
G1 X119.664 Y116.849 E.01537
G1 X124.021 Y112.493 E.16053
G1 X124.612 Y112.493 E.0154
G1 X119.664 Y117.44 E.18231
G1 X119.664 Y118.031 E.0154
G1 X125.202 Y112.493 E.20407
G1 X125.793 Y112.493 E.0154
G1 X119.664 Y118.622 E.22584
G1 X119.664 Y119.213 E.0154
G1 X126.384 Y112.493 E.24762
G1 X126.975 Y112.493 E.0154
G1 X119.664 Y119.804 E.2694
G1 X119.596 Y120.326 E.01372
;WIDTH:0.37219
G1 X119.555 Y120.337 E.0009
G1 X119.536 Y120.266 E.00156
G1 X119.607 Y120.285 E.00156
;WIDTH:0.411095
G1 X119.734 Y120.241 E.00318
;WIDTH:0.449999
G1 X119.862 Y120.197 E.00353
G1 X127.566 Y112.493 E.28388
G1 X128.157 Y112.493 E.0154
G1 X120.453 Y120.197 E.28388
G1 X121.044 Y120.197 E.0154
G1 X128.748 Y112.493 E.28388
G1 X129.339 Y112.493 E.0154
G1 X121.634 Y120.197 E.2839
G1 X122.225 Y120.197 E.0154
G1 X129.929 Y112.493 E.28388
G1 X130.52 Y112.493 E.0154
G1 X122.816 Y120.197 E.28388
G1 X123.407 Y120.197 E.0154
G1 X131.111 Y112.493 E.28388
G1 X131.765 Y112.43 E.01712
G1 X123.998 Y120.197 E.2862
G1 X124.589 Y120.197 E.0154
G1 X136.673 Y108.113 E.44528
G1 X136.768 Y108.039 E.00314
;WIDTH:0.411095
G1 X136.863 Y107.965 E.00285
;WIDTH:0.37219
G1 X136.822 Y107.976 E.0009
G1 X136.803 Y107.905 E.00156
G1 X136.874 Y107.924 E.00156
;WIDTH:0.449999
G1 X137.264 Y108.113 E.01129
G1 X125.18 Y120.197 E.44528
G1 X125.771 Y120.197 E.0154
G1 X137.855 Y108.113 E.44528
G1 X138.446 Y108.113 E.0154
G1 X126.361 Y120.197 E.44529
G1 X126.952 Y120.197 E.0154
G1 X139.037 Y108.113 E.44529
G1 X139.627 Y108.113 E.01537
G1 X127.543 Y120.197 E.44528
G1 X128.134 Y120.197 E.0154
G1 X139.843 Y108.488 E.43146
G1 X139.843 Y109.079 E.0154
G1 X128.725 Y120.197 E.40968
G1 X129.316 Y120.197 E.0154
G1 X139.843 Y109.67 E.3879
G1 X139.843 Y110.261 E.0154
G1 X129.907 Y120.197 E.36613
G1 X130.498 Y120.197 E.0154
G1 X139.843 Y110.852 E.34435
G1 X139.843 Y111.443 E.0154
G1 X131.088 Y120.197 E.32259
G1 X131.647 Y120.229 E.01459
G1 X139.843 Y112.033 E.30201
G1 X139.843 Y112.624 E.0154
G1 X132.042 Y120.426 E.28747
G1 X132.301 Y120.757 E.01095
G1 X139.843 Y113.215 E.27791
G1 X139.843 Y113.806 E.0154
G1 X132.391 Y121.258 E.27459
G1 X132.394 Y121.846 E.01532
G1 X139.843 Y114.397 E.27448
G1 X139.843 Y114.988 E.0154
G1 X132.397 Y122.434 E.27437
G1 X132.4 Y123.022 E.01532
G1 X139.843 Y115.579 E.27426
G1 X139.843 Y116.169 E.01537
M73 P65 R8
G1 X132.365 Y123.648 E.27557
G1 X132.146 Y124.176 E.01489
;WIDTH:0.409062
G1 X132.1 Y124.189 E.00112
G1 X132.079 Y124.11 E.00192
G1 X132.158 Y124.131 E.00192
;WIDTH:0.449999
G1 X132.486 Y124.117 E.00855
G1 X139.843 Y116.76 E.27109
G1 X139.843 Y117.351 E.0154
G1 X133.077 Y124.117 E.24932
G1 X133.668 Y124.117 E.0154
G1 X139.843 Y117.942 E.22754
G1 X139.843 Y118.533 E.0154
G1 X134.259 Y124.117 E.20576
G1 X134.85 Y124.117 E.0154
G1 X139.843 Y119.124 E.18398
G1 X139.843 Y119.715 E.0154
G1 X135.441 Y124.117 E.16221
G1 X136.032 Y124.117 E.0154
G1 X139.843 Y120.306 E.14043
G1 X139.843 Y120.896 E.01537
G1 X136.622 Y124.117 E.11869
G1 X137.213 Y124.117 E.0154
G1 X139.843 Y121.487 E.09691
G1 X139.843 Y122.078 E.0154
G1 X137.804 Y124.117 E.07513
G1 X137.689 Y124.283 E.00526
;WIDTH:0.409062
G1 X137.61 Y124.262 E.00192
G1 X137.632 Y124.341 E.00193
G1 X137.677 Y124.329 E.00109
M204 S1000
;WIPE_START
G1 F8640
G1 X137.632 Y124.341 E-.01075
G1 X137.61 Y124.262 E-.01894
G1 X137.689 Y124.283 E-.01887
G1 X137.804 Y124.117 E-.04663
G1 X139.843 Y122.078 E-.66583
G1 X139.843 Y121.909 E-.03898
;WIPE_END
G1 Z2.85 F720
G1 X139.695 Y122.817 F10800
G1 Z2.45 F720
G1 E.8 F2100
M204 S2000
;WIDTH:0.449999
G1 F3000
G1 X138.395 Y124.117 E.0479
G1 X139.843 Y124.117 E.03773
G1 X139.843 Y122.669 E.03773
M204 S1000
;WIPE_START
G1 F8640
G1 X139.843 Y124.117 E-.33435
G1 X138.395 Y124.117 E-.33435
G1 X138.797 Y123.715 E-.1313
;WIPE_END
G1 Z2.85 F720
G1 X139.471 Y123.679 F10800
G1 Z2.45 F720
G1 E.8 F2100
M204 S2000
;WIDTH:0.462658
G1 F3000
G1 X139.433 Y123.641 E.00144
G1 X139.381 Y123.655 E.00145
G1 X139.367 Y123.707 E.00145
G1 X139.405 Y123.745 E.00144
G1 X139.457 Y123.731 E.00145
M204 S1000
;WIPE_START
G1 F8640
G1 X139.405 Y123.745 E-.01243
G1 X139.367 Y123.707 E-.01241
G1 X139.381 Y123.655 E-.01243
G1 X139.433 Y123.641 E-.01243
G1 X139.471 Y123.679 E-.01241
;WIPE_END
G1 E-.73789 F2100
G1 Z2.85 F720
G1 X119.34 Y124.55 F10800
G1 Z2.45 F720
G1 E.8 F2100
M204 S2000
;WIDTH:0.564678
G1 F3000
G1 X119.195 Y124.807 E.0098
G1 X119.162 Y125.06 E.00847
;WIDTH:0.555772
G1 X119.154 Y125.314 E.0083
G1 X118.638 Y125.314 E.01685
G1 X118.638 Y125.053 E.00852
;WIDTH:0.564678
G1 X118.642 Y124.55 E.0167
G1 X119.131 Y124.55 E.01624
M204 S1000
;WIPE_START
G1 F8640
G1 X118.642 Y124.55 E-.11291
G1 X118.638 Y125.053 E-.11615
G1 X118.638 Y125.314 E-.06027
G1 X119.154 Y125.314 E-.11915
G1 X119.162 Y125.06 E-.05868
G1 X119.195 Y124.807 E-.05891
G1 X119.34 Y124.55 E-.06814
;WIPE_END
G1 E-.20579 F2100
G1 Z2.85 F720
G1 X119.247 Y120.175 F10800
G1 Z2.45 F720
G1 E.8 F2100
M204 S2000
;TYPE:Internal infill
;WIDTH:0.45
G1 F3600
G1 X119.247 Y112.943 E.18844
M204 S1000
G1 X118.688 Y112.598 F10800
M204 S2000
;TYPE:Solid infill
;WIDTH:0.65985
G1 F3000
G1 X118.688 Y120.092 E.29333
M204 S1000
;WIPE_START
G1 F8640
G1 X118.688 Y116.627 E-.8
;WIPE_END
G1 Z2.85 F720
G1 X118.637 Y106.915 F10800
G1 Z2.45 F720
G1 E.8 F2100
M204 S2000
;WIDTH:0.553512
G1 F3000
G1 X119.152 Y106.915 E.01674
;WIDTH:0.561943
G1 X119.164 Y107.325 E.01355
G1 X119.255 Y107.49 E.00623
;WIDTH:0.516309
G1 X119.346 Y107.654 E.00566
;WIDTH:0.493188
G1 X119.269 Y107.605 E.00262
;WIDTH:0.523767
G1 X119.188 Y107.598 E.00249
;WIDTH:0.554345
G1 X119.108 Y107.591 E.00261
;WIDTH:0.561943
G1 X118.876 Y107.689 E.00832
;WIDTH:0.601198
G1 X118.778 Y107.81 E.00553
;WIDTH:0.640452
G1 X118.68 Y107.931 E.00591
G1 X118.66 Y107.734 E.00751
;WIDTH:0.601198
G1 X118.641 Y107.536 E.00706
;WIDTH:0.561943
G1 X118.639 Y107.124 E.01361
;WIDTH:0.449999
G1 X118.68 Y107.931 E.02105
;WIDTH:0.646962
G1 X118.683 Y108.099 E.00644
;WIDTH:0.449999
G1 X119.346 Y107.654 E.02081
;WIDTH:0.520218
G1 X119.535 Y107.868 E.00869
;WIDTH:0.569762
G1 X119.724 Y108.083 E.0096
M204 S1000
;WIPE_START
G1 F8640
G1 X119.535 Y107.868 E-.0661
G1 X119.346 Y107.654 E-.06593
G1 X118.683 Y108.099 E-.18437
G1 X118.68 Y107.931 E-.0388
G1 X118.639 Y107.124 E-.18658
G1 X118.641 Y107.536 E-.09513
G1 X118.66 Y107.734 E-.04593
G1 X118.68 Y107.931 E-.04572
G1 X118.778 Y107.81 E-.03595
G1 X118.875 Y107.691 E-.03549
;WIPE_END
G1 Z2.85 F720
; stop printing object pieds_clavier_cherry.stl id:2 copy 0
; printing object pieds_clavier_cherry.stl id:0 copy 0
G1 X130.666 Y78.237 F10800
G1 Z2.45 F720
G1 E.8 F2100
M204 S800
;TYPE:Perimeter
;WIDTH:0.449999
G1 F3000
G1 X130.61 Y78.166 E.00236
;WIDTH:0.497082
G1 X130.516 Y78.111 E.00316
;WIDTH:0.544164
G1 X130.422 Y78.056 E.00348
;WIDTH:0.591246
G1 X130.328 Y78.001 E.0038
;WIDTH:0.638328
G1 X130.234 Y77.946 E.00412
G1 X118.996 Y77.946 E.4248
G1 F1781.461
G1 X118.845 Y77.97 E.00578
;WIDTH:0.591245
G1 F1793.704
G1 X118.695 Y77.993 E.00529
;WIDTH:0.544163
G1 F1807.984
G1 X118.545 Y78.017 E.00485
;WIDTH:0.497081
G1 F1824.859
G1 X118.395 Y78.04 E.0044
;WIDTH:0.449999
G1 F1459.484
G1 X117.043 Y78.04 E.03523
G1 F1310.92
G1 X117.044 Y75.996 E.05326
G1 F1456.64
G1 X118.368 Y75.996 E.0345
G1 F1883.874
G1 X118.369 Y76.62 E.01626
G1 F1916.519
G1 X118.448 Y76.925 E.00821
G1 F2028.486
G1 X118.657 Y77.147 E.00794
;WIDTH:0.497081
G1 F1990.595
G1 X118.742 Y77.195 E.00283
;WIDTH:0.544163
G1 F1918.251
G1 X118.826 Y77.243 E.00309
;WIDTH:0.591245
G1 F1855.492
G1 X118.911 Y77.292 E.00342
;WIDTH:0.638327
G1 F1800.593
G1 X118.996 Y77.34 E.00369
G1 F3000
G1 X130.234 Y77.34 E.4248
G1 X130.405 Y77.317 E.00652
;WIDTH:0.591246
G1 X130.576 Y77.293 E.00602
;WIDTH:0.544164
G1 X130.746 Y77.27 E.00548
;WIDTH:0.497082
G1 X130.917 Y77.246 E.00501
;WIDTH:0.449999
G1 X139.012 Y77.246 E.21092
G1 X139.012 Y93.96 E.4355
G1 X131.028 Y93.96 E.20803
G1 X130.234 Y93.981 E.0207
;WIDTH:0.408245
G1 X118.996 Y93.981 E.26355
;WIDTH:0.41426
G1 F2095.288
G1 X118.891 Y93.987 E.00251
;WIDTH:0.449999
G1 F2024.564
G1 X118.563 Y94.134 E.00937
G1 F1963.582
G1 X118.384 Y94.451 E.00949
G1 F1886.377
G1 X118.369 Y94.586 E.00354
G1 F1879.619
G1 X118.368 Y95.21 E.01626
G1 F1455.299
G1 X117.044 Y95.21 E.0345
G1 F1308.994
G1 X117.043 Y93.626 E.04127
G1 F1454.528
G1 X118.359 Y93.626 E.03429
G1 F2117.391
G1 X118.996 Y93.605 E.01661
;WIDTH:0.408245
G1 F3000
G1 X130.234 Y93.605 E.26355
;WIDTH:0.41426
G1 X130.34 Y93.599 E.00253
;WIDTH:0.449999
G1 X130.736 Y93.375 E.01185
G1 X130.861 Y92.999 E.01032
G1 X130.852 Y90.559 E.06358
G1 X130.729 Y90.282 E.0079
G1 X130.531 Y90.115 E.00675
G1 X130.234 Y90.04 E.00798
G1 X117.042 Y90.04 E.34373
G1 F1356.351
G1 X117.042 Y81.626 E.21923
G1 F3000
G1 X130.234 Y81.626 E.34373
G1 X130.445 Y81.589 E.00558
G1 X130.662 Y81.457 E.00662
G1 X130.815 Y81.234 E.00705
G1 X130.861 Y80.999 E.00624
G1 X130.861 Y78.667 E.06076
G1 X130.813 Y78.426 E.0064
G1 X130.702 Y78.284 E.0047
M204 S1000
G1 X130.375 Y78.531 F10800
M204 S800
;TYPE:External perimeter
G1 F2400
G1 X130.36 Y78.5 E.0009
G1 X130.234 Y78.458 E.00346
G1 F2399.995
G1 X117.384 Y78.458 E.33482
G1 F1301.727
G1 X116.624 Y78.458 E.0198
G1 F1205.683
G1 X116.627 Y75.578 E.07504
G1 F1456.538
G1 X118.785 Y75.578 E.05623
G1 F1725.375
G1 X118.79 Y76.655 E.02806
G1 F1769.34
G1 X118.883 Y76.795 E.00438
G1 F1978.994
G1 X118.996 Y76.828 E.00307
G1 F2117.032
G1 X119.671 Y76.828 E.01759
G1 F2399.995
G1 X139.43 Y76.828 E.51483
G1 X139.43 Y77.503 E.01759
G1 F2400
G1 X139.43 Y93.703 E.4221
G1 F2399.995
G1 X139.43 Y94.378 E.01759
G1 X119.671 Y94.378 E.51483
G1 F1830.967
G1 X118.996 Y94.378 E.01759
G1 F1721.783
G1 X118.851 Y94.436 E.00407
G1 F1675.387
G1 X118.787 Y94.587 E.00427
G1 F1648.259
G1 X118.785 Y95.628 E.02712
G1 F1455.188
G1 X116.627 Y95.628 E.05623
G1 F1203.342
G1 X116.624 Y93.208 E.06305
G1 F1299.754
G1 X117.384 Y93.208 E.0198
G1 F2399.995
G1 X130.234 Y93.208 E.33482
G1 F2400
G1 X130.401 Y93.125 E.00486
G1 X130.443 Y92.999 E.00346
G1 X130.443 Y90.667 E.06076
G1 X130.378 Y90.516 E.00428
G1 X130.234 Y90.458 E.00404
G1 F2399.995
G1 X117.384 Y90.458 E.33482
G1 F1308.987
G1 X116.624 Y90.458 E.0198
G1 F1260.889
G1 X116.624 Y81.208 E.24102
G1 F1320.083
G1 X117.384 Y81.208 E.0198
G1 F2399.995
G1 X130.234 Y81.208 E.33482
G1 F2400
G1 X130.377 Y81.152 E.004
G1 X130.443 Y80.999 E.00434
G1 X130.443 Y78.667 E.06076
G1 X130.402 Y78.585 E.00239
M204 S1000
;WIPE_START
G1 F8640
G1 X130.375 Y78.531 E-.01394
G1 X130.36 Y78.5 E-.00795
G1 X130.234 Y78.458 E-.03067
G1 X126.997 Y78.458 E-.74744
;WIPE_END
G1 Z2.85 F720
G1 X131.35 Y77.601 F10800
G1 Z2.45 F720
G1 E.8 F2100
M204 S2000
;TYPE:Solid infill
G1 F3000
G1 X130.935 Y78.017 E.01531
;WIDTH:0.492852
G1 X130.634 Y77.655 E.01352
G1 X130.579 Y77.67 E.00164
G1 X130.564 Y77.726 E.00167
G1 X130.605 Y77.766 E.00165
G1 X130.66 Y77.752 E.00163
;WIDTH:0.449999
G1 X131.162 Y78.381 E.02097
G1 X131.941 Y77.601 E.02872
G1 X132.532 Y77.601 E.0154
G1 X131.215 Y78.918 E.04853
G1 X131.212 Y79.512 E.01548
G1 X133.123 Y77.601 E.07042
G1 X133.714 Y77.601 E.0154
G1 X131.209 Y80.106 E.09231
G1 X131.206 Y80.7 E.01548
M73 P66 R8
G1 X134.305 Y77.601 E.11419
M204 S1000
G1 X135.232 Y77.468 F10800
M204 S2000
;WIDTH:0.37219
G1 F3000
G1 X135.161 Y77.449 E.00156
G1 X135.18 Y77.52 E.00156
G1 X135.221 Y77.509 E.0009
;WIDTH:0.411095
G1 X135.058 Y77.555 E.004
;WIDTH:0.449999
G1 X134.896 Y77.601 E.00439
G1 X131.152 Y81.345 E.13796
M204 S1000
;WIPE_START
G1 F8640
G1 X133.602 Y78.895 E-.8
;WIPE_END
G1 Z2.85 F720
G1 X118.608 Y82.028 F10800
G1 Z2.45 F720
G1 E.8 F2100
M204 S2000
;WIDTH:0.579006
G1 F3000
G1 X118.56 Y81.98 E.00231
G1 X118.494 Y81.997 E.00232
G1 X118.476 Y82.063 E.00233
G1 X118.525 Y82.112 E.00236
G1 X118.591 Y82.094 E.00233
;WIDTH:0.449999
G1 X118.478 Y82.792 E.01842
G1 X119.289 Y81.981 E.02988
G1 X119.88 Y81.981 E.0154
G1 X118.478 Y83.383 E.05166
G1 X118.478 Y83.974 E.0154
G1 X120.471 Y81.981 E.07344
G1 X121.062 Y81.981 E.0154
G1 X118.478 Y84.565 E.09522
G1 X118.478 Y85.156 E.0154
G1 X121.653 Y81.981 E.11699
G1 X122.243 Y81.981 E.01537
G1 X118.478 Y85.747 E.13875
G1 X118.478 Y86.338 E.0154
G1 X122.834 Y81.981 E.16053
G1 X123.425 Y81.981 E.0154
G1 X118.478 Y86.928 E.18229
G1 X118.478 Y87.519 E.0154
G1 X124.016 Y81.981 E.20407
G1 X124.607 Y81.981 E.0154
G1 X118.478 Y88.11 E.22584
G1 X118.478 Y88.701 E.0154
G1 X125.198 Y81.981 E.24762
G1 X125.789 Y81.981 E.0154
G1 X118.478 Y89.292 E.2694
G1 X118.41 Y89.814 E.01372
;WIDTH:0.37219
G1 X118.368 Y89.825 E.00092
G1 X118.349 Y89.754 E.00156
G1 X118.421 Y89.773 E.00158
;WIDTH:0.411095
G1 X118.548 Y89.729 E.00318
;WIDTH:0.449999
G1 X118.675 Y89.685 E.0035
G1 X126.38 Y81.981 E.2839
G1 X126.97 Y81.981 E.01537
G1 X119.266 Y89.685 E.28388
G1 X119.857 Y89.685 E.0154
G1 X127.561 Y81.981 E.28388
G1 X128.152 Y81.981 E.0154
M73 P66 R7
G1 X120.448 Y89.685 E.28388
G1 X121.039 Y89.685 E.0154
G1 X128.743 Y81.981 E.28388
G1 X129.334 Y81.981 E.0154
G1 X121.63 Y89.685 E.28388
G1 X122.221 Y89.685 E.0154
G1 X129.925 Y81.981 E.28388
G1 X130.578 Y81.918 E.01709
G1 X122.812 Y89.685 E.28618
G1 X123.402 Y89.685 E.01537
G1 X135.487 Y77.601 E.44529
G1 X135.582 Y77.527 E.00314
;WIDTH:0.411095
G1 X135.677 Y77.453 E.00285
;WIDTH:0.37219
G1 X135.636 Y77.464 E.0009
G1 X135.617 Y77.393 E.00156
G1 X135.688 Y77.412 E.00156
;WIDTH:0.449999
G1 X136.077 Y77.601 E.01127
G1 X123.993 Y89.685 E.44528
G1 X124.584 Y89.685 E.0154
G1 X136.668 Y77.601 E.44528
G1 X137.259 Y77.601 E.0154
G1 X125.175 Y89.685 E.44528
G1 X125.766 Y89.685 E.0154
G1 X137.85 Y77.601 E.44528
G1 X138.441 Y77.601 E.0154
G1 X126.357 Y89.685 E.44528
G1 X126.948 Y89.685 E.0154
G1 X138.657 Y77.976 E.43146
G1 X138.657 Y78.567 E.0154
G1 X127.538 Y89.685 E.4097
G1 X128.129 Y89.685 E.0154
G1 X138.657 Y79.158 E.38792
G1 X138.657 Y79.749 E.0154
G1 X128.72 Y89.685 E.36614
G1 X129.311 Y89.685 E.0154
G1 X138.657 Y80.34 E.34437
G1 X138.657 Y80.931 E.0154
G1 X129.902 Y89.685 E.32259
G1 X130.461 Y89.717 E.01459
G1 X138.657 Y81.521 E.30201
G1 X138.657 Y82.112 E.0154
G1 X130.855 Y89.914 E.28749
G1 X131.115 Y90.245 E.01097
G1 X138.657 Y82.703 E.27791
G1 X138.657 Y83.294 E.0154
G1 X131.205 Y90.746 E.27459
G1 X131.208 Y91.334 E.01532
G1 X138.657 Y83.885 E.27448
G1 X138.657 Y84.476 E.0154
G1 X131.211 Y91.922 E.27437
G1 X131.214 Y92.51 E.01532
G1 X138.657 Y85.067 E.27426
G1 X138.657 Y85.658 E.0154
G1 X131.179 Y93.136 E.27555
G1 X130.959 Y93.664 E.0149
;WIDTH:0.409062
G1 X130.914 Y93.677 E.0011
G1 X130.893 Y93.598 E.00192
G1 X130.972 Y93.619 E.00192
;WIDTH:0.449999
G1 X131.3 Y93.605 E.00855
G1 X138.657 Y86.248 E.27109
G1 X138.657 Y86.839 E.0154
G1 X131.891 Y93.605 E.24932
G1 X132.482 Y93.605 E.0154
G1 X138.657 Y87.43 E.22754
G1 X138.657 Y88.021 E.0154
G1 X133.072 Y93.605 E.20578
G1 X133.663 Y93.605 E.0154
G1 X138.657 Y88.612 E.184
G1 X138.657 Y89.203 E.0154
G1 X134.254 Y93.605 E.16222
G1 X134.845 Y93.605 E.0154
G1 X138.657 Y89.794 E.14045
G1 X138.657 Y90.385 E.0154
G1 X135.436 Y93.605 E.11867
G1 X136.027 Y93.605 E.0154
G1 X138.657 Y90.975 E.09691
G1 X138.657 Y91.566 E.0154
G1 X136.618 Y93.605 E.07513
G1 X136.503 Y93.771 E.00526
;WIDTH:0.409062
G1 X136.424 Y93.75 E.00192
G1 X136.445 Y93.829 E.00192
G1 X136.491 Y93.817 E.00112
M204 S1000
;WIPE_START
G1 F8640
G1 X136.445 Y93.829 E-.01098
G1 X136.424 Y93.75 E-.01887
G1 X136.503 Y93.771 E-.01887
G1 X136.618 Y93.605 E-.04663
G1 X138.657 Y91.566 E-.66583
G1 X138.657 Y91.398 E-.03882
;WIPE_END
G1 Z2.85 F720
G1 X138.509 Y92.305 F10800
G1 Z2.45 F720
G1 E.8 F2100
M204 S2000
;WIDTH:0.449999
G1 F3000
G1 X137.209 Y93.605 E.0479
G1 X138.657 Y93.605 E.03773
G1 X138.657 Y92.157 E.03773
M204 S1000
;WIPE_START
G1 F8640
G1 X138.657 Y93.605 E-.33435
G1 X137.209 Y93.605 E-.33435
G1 X137.611 Y93.203 E-.1313
;WIPE_END
G1 Z2.85 F720
G1 X138.285 Y93.167 F10800
G1 Z2.45 F720
G1 E.8 F2100
M204 S2000
;WIDTH:0.462658
G1 F3000
G1 X138.246 Y93.129 E.00146
G1 X138.195 Y93.143 E.00142
G1 X138.181 Y93.195 E.00145
G1 X138.219 Y93.233 E.00144
G1 X138.271 Y93.219 E.00145
M204 S1000
;WIPE_START
G1 F8640
G1 X138.219 Y93.233 E-.01243
G1 X138.181 Y93.195 E-.01241
G1 X138.195 Y93.143 E-.01243
G1 X138.246 Y93.129 E-.01221
G1 X138.285 Y93.167 E-.01257
;WIPE_END
G1 E-.73795 F2100
G1 Z2.85 F720
G1 X118.153 Y94.039 F10800
G1 Z2.45 F720
G1 E.8 F2100
M204 S2000
;WIDTH:0.564678
G1 F3000
G1 X118.009 Y94.295 E.00975
G1 X117.975 Y94.548 E.00848
;WIDTH:0.555772
G1 X117.968 Y94.802 E.0083
G1 X117.452 Y94.802 E.01685
G1 X117.452 Y94.541 E.00852
M73 P67 R7
;WIDTH:0.564678
G1 X117.456 Y94.039 E.01667
G1 X117.944 Y94.039 E.01621
M204 S1000
;WIPE_START
G1 F8640
G1 X117.456 Y94.039 E-.11268
G1 X117.452 Y94.541 E-.11592
G1 X117.452 Y94.802 E-.06027
G1 X117.968 Y94.802 E-.11915
G1 X117.975 Y94.548 E-.05867
G1 X118.009 Y94.295 E-.05894
G1 X118.153 Y94.039 E-.06782
;WIPE_END
G1 E-.20655 F2100
G1 Z2.85 F720
G1 X118.06 Y89.663 F10800
G1 Z2.45 F720
G1 E.8 F2100
M204 S2000
;TYPE:Internal infill
;WIDTH:0.45
G1 F3600
G1 X118.06 Y82.431 E.18844
M204 S1000
G1 X117.502 Y82.086 F10800
M204 S2000
;TYPE:Solid infill
;WIDTH:0.65985
G1 F3000
G1 X117.502 Y89.58 E.29333
M204 S1000
;WIPE_START
G1 F8640
G1 X117.502 Y86.115 E-.8
;WIPE_END
G1 Z2.85 F720
G1 X117.451 Y76.403 F10800
G1 Z2.45 F720
G1 E.8 F2100
M204 S2000
;WIDTH:0.553512
G1 F3000
G1 X117.966 Y76.403 E.01674
;WIDTH:0.561943
G1 X117.977 Y76.813 E.01355
G1 X118.069 Y76.978 E.00624
;WIDTH:0.516309
G1 X118.16 Y77.142 E.00566
;WIDTH:0.493188
G1 X118.083 Y77.093 E.00262
;WIDTH:0.523767
G1 X118.002 Y77.086 E.00249
;WIDTH:0.554345
G1 X117.922 Y77.079 E.00261
;WIDTH:0.561943
G1 X117.69 Y77.177 E.00832
;WIDTH:0.601198
G1 X117.592 Y77.298 E.00553
;WIDTH:0.640452
G1 X117.494 Y77.419 E.00591
G1 X117.474 Y77.222 E.00751
;WIDTH:0.601198
G1 X117.455 Y77.024 E.00706
;WIDTH:0.561943
G1 X117.452 Y76.612 E.01361
;WIDTH:0.449999
G1 X117.494 Y77.419 E.02106
;WIDTH:0.646962
G1 X117.497 Y77.587 E.00644
;WIDTH:0.449999
G1 X118.16 Y77.142 E.02081
;WIDTH:0.520218
G1 X118.349 Y77.357 E.00871
;WIDTH:0.569762
G1 X118.538 Y77.571 E.00957
M204 S1000
;LAYER_CHANGE
;Z:2.6
;HEIGHT:0.15
;BEFORE_LAYER_CHANGE
G92 E0.0
;2.6


;WIPE_START
G1 F8640
G1 X118.349 Y77.357 E-.06593
G1 X118.16 Y77.142 E-.0661
G1 X117.497 Y77.587 E-.18437
G1 X117.494 Y77.419 E-.0388
G1 X117.452 Y76.612 E-.18659
G1 X117.455 Y77.024 E-.09513
G1 X117.474 Y77.222 E-.04593
G1 X117.494 Y77.419 E-.04572
G1 X117.592 Y77.298 E-.03595
G1 X117.689 Y77.179 E-.03548
;WIPE_END
G1 Z2.6 F720
;AFTER_LAYER_CHANGE
;2.6
G1 Z3
; stop printing object pieds_clavier_cherry.stl id:0 copy 0
; printing object pieds_clavier_cherry.stl id:1 copy 0
G1 X134.283 Y141.584 F10800
G1 Z2.6 F720
G1 E.8 F2100
M204 S800
;TYPE:Perimeter
;WIDTH:0.449999
G1 F3000
G1 X134.228 Y141.513 E.00234
;WIDTH:0.497082
G1 X134.134 Y141.458 E.00316
;WIDTH:0.544164
G1 X134.04 Y141.404 E.00346
;WIDTH:0.591246
G1 X133.946 Y141.349 E.0038
;WIDTH:0.638328
G1 X133.852 Y141.294 E.00412
G1 X122.676 Y141.294 E.42246
G1 F2024.463
G1 X122.516 Y141.317 E.00611
;WIDTH:0.591245
G1 F2034.011
G1 X122.356 Y141.341 E.00564
;WIDTH:0.544163
G1 F2045.148
G1 X122.196 Y141.364 E.00516
;WIDTH:0.497081
G1 F2058.311
G1 X122.036 Y141.388 E.00469
;WIDTH:0.449999
G1 F1590.404
G1 X120.601 Y141.388 E.03739
G1 F1384.984
G1 X120.598 Y139.344 E.05326
G1 F1597.328
G1 X122.05 Y139.344 E.03783
G1 F2137.922
G1 X122.049 Y139.966 E.01621
G1 F2157.922
G1 X122.113 Y140.242 E.00738
G1 F2242.879
G1 X122.319 Y140.482 E.00824
;WIDTH:0.497081
G1 F2206.209
G1 X122.408 Y140.534 E.00299
;WIDTH:0.544163
G1 F2143.905
G1 X122.497 Y140.585 E.00328
;WIDTH:0.591245
G1 F2089.704
G1 X122.587 Y140.636 E.00361
;WIDTH:0.638327
G1 F2042.185
G1 X122.676 Y140.688 E.0039
G1 F3000
G1 X133.852 Y140.688 E.42246
G1 X134.023 Y140.664 E.00653
;WIDTH:0.591246
G1 X134.194 Y140.641 E.00602
;WIDTH:0.544164
G1 X134.364 Y140.617 E.00548
;WIDTH:0.497082
G1 X134.535 Y140.594 E.005
;WIDTH:0.449999
G1 X142.469 Y140.594 E.20673
G1 X142.469 Y157.308 E.4355
G1 X134.646 Y157.308 E.20383
G1 X133.852 Y157.329 E.0207
;WIDTH:0.408245
G1 X122.676 Y157.329 E.2621
;WIDTH:0.41426
G1 F2420.426
G1 X122.571 Y157.335 E.00251
;WIDTH:0.449999
G1 F2347.552
G1 X122.226 Y157.498 E.00994
G1 F2193.081
G1 X122.058 Y157.83 E.00969
G1 F2135.998
G1 X122.049 Y157.935 E.00275
G1 F2133.769
G1 X122.05 Y158.558 E.01623
G1 F1590.737
G1 X120.598 Y158.558 E.03783
G1 F1383.057
G1 X120.601 Y156.974 E.04127
G1 F1570.689
G1 X122.005 Y156.974 E.03658
G1 F2313.478
G1 X122.676 Y156.953 E.01749
;WIDTH:0.408245
G1 F3000
G1 X133.852 Y156.953 E.2621
;WIDTH:0.41426
G1 X133.957 Y156.947 E.00251
;WIDTH:0.449999
G1 X134.354 Y156.723 E.01188
G1 X134.479 Y156.347 E.01032
G1 X134.471 Y153.916 E.06334
G1 X134.345 Y153.628 E.00819
G1 X134.142 Y153.459 E.00688
G1 X133.852 Y153.388 E.00778
G1 X120.602 Y153.388 E.34524
G1 F1430.414
G1 X120.602 Y144.974 E.21923
G1 F3000
G1 X133.852 Y144.974 E.34524
G1 X134.058 Y144.939 E.00544
G1 X134.275 Y144.809 E.00659
G1 X134.434 Y144.579 E.00729
G1 X134.479 Y144.347 E.00616
G1 X134.479 Y142.015 E.06076
G1 X134.431 Y141.774 E.0064
G1 X134.32 Y141.632 E.0047
M204 S1000
G1 X133.993 Y141.879 F10800
M204 S800
;TYPE:External perimeter
G1 F2400
G1 X133.978 Y141.848 E.0009
G1 X133.852 Y141.806 E.00346
G1 F2399.995
G1 X120.917 Y141.806 E.33703
G1 F1374.512
G1 X120.183 Y141.806 E.01912
G1 F1295.683
G1 X120.18 Y138.926 E.07504
G1 F1558.689
G1 X122.468 Y138.926 E.05962
G1 F1879.394
G1 X122.467 Y139.967 E.02712
G1 F1909.223
G1 X122.467 Y139.983 E.00042
G1 F1923.365
G1 X122.557 Y140.139 E.00469
G1 F2081.395
G1 X122.676 Y140.176 E.00325
G1 F2192.103
G1 X123.351 Y140.176 E.01759
G1 F2399.995
G1 X142.887 Y140.176 E.50902
G1 X142.887 Y140.851 E.01759
G1 F2400
G1 X142.887 Y157.051 E.4221
G1 F2399.995
G1 X142.887 Y157.726 E.01759
G1 X123.351 Y157.726 E.50902
G1 F2035.385
G1 X122.676 Y157.726 E.01759
G1 F1964.706
G1 X122.526 Y157.789 E.00424
G1 F1909.227
G1 X122.467 Y157.935 E.0041
G1 F1880.066
G1 X122.468 Y158.976 E.02712
G1 F1554.75
G1 X120.18 Y158.976 E.05962
G1 F1293.342
G1 X120.183 Y156.556 E.06305
G1 F1372.535
G1 X120.917 Y156.556 E.01912
G1 F2399.995
G1 X133.852 Y156.556 E.33703
G1 F2400
G1 X134.019 Y156.472 E.00487
G1 X134.061 Y156.347 E.00344
G1 X134.061 Y154.015 E.06076
G1 X133.995 Y153.862 E.00434
G1 X133.852 Y153.806 E.004
G1 F2399.995
G1 X120.917 Y153.806 E.33703
G1 F1381.755
G1 X120.184 Y153.806 E.0191
G1 F1350.889
G1 X120.184 Y144.556 E.24102
G1 F1401.191
G1 X120.917 Y144.556 E.0191
G1 F2399.995
G1 X133.852 Y144.556 E.33703
G1 F2400
G1 X133.993 Y144.501 E.00394
G1 X134.061 Y144.347 E.00439
G1 X134.061 Y142.015 E.06076
G1 X134.02 Y141.932 E.00241
M204 S1000
;WIPE_START
G1 F8640
G1 X133.993 Y141.879 E-.01373
G1 X133.978 Y141.848 E-.00795
G1 X133.852 Y141.806 E-.03067
G1 X130.614 Y141.806 E-.74765
;WIPE_END
G1 Z3 F720
G1 X121.659 Y145.894 F10800
G1 Z2.6 F720
G1 E.8 F2100
M204 S2000
;TYPE:Internal infill
;WIDTH:0.45
G1 F3600
G1 X121.659 Y148.394 E.06514
G1 X121.444 Y148.452 E.0058
G1 X121.444 Y150.126 E.04362
G1 X121.659 Y150.342 E.00794
G1 X121.659 Y152.842 E.06514
M204 S1000
G1 X122.124 Y152.904 F10800
M204 S2000
;TYPE:Solid infill
;WIDTH:0.57904
G1 F3000
G1 X122.075 Y152.952 E.00234
G1 X122.093 Y153.018 E.00233
G1 X122.159 Y153.036 E.00233
G1 X122.207 Y152.987 E.00234
G1 X122.19 Y152.921 E.00232
;WIDTH:0.449999
G1 X122.077 Y152.223 E.01842
G1 X122.889 Y153.035 E.02992
G1 X123.48 Y153.035 E.0154
G1 X122.077 Y151.632 E.0517
G1 X122.077 Y151.041 E.0154
G1 X124.072 Y153.036 E.07351
G1 X124.663 Y153.036 E.0154
G1 X122.077 Y150.45 E.09529
G1 X122.077 Y149.859 E.0154
G1 X125.254 Y153.037 E.11709
G1 X125.846 Y153.038 E.01543
G1 X122.077 Y149.269 E.13888
G1 X122.077 Y148.678 E.0154
G1 X126.437 Y153.038 E.16066
G1 X127.029 Y153.039 E.01543
G1 X122.077 Y148.087 E.18247
G1 X122.077 Y147.496 E.0154
G1 X127.62 Y153.039 E.20425
G1 X128.212 Y153.04 E.01543
G1 X122.077 Y146.905 E.22606
G1 X122.077 Y146.314 E.0154
G1 X128.803 Y153.04 E.24784
G1 X129.394 Y153.041 E.0154
G1 X122.077 Y145.723 E.26964
G1 X121.967 Y145.189 E.01421
;WIDTH:0.37219
G1 X121.948 Y145.26 E.00156
G1 X122.019 Y145.241 E.00156
G1 X122.008 Y145.2 E.0009
;WIDTH:0.411095
G1 X122.141 Y145.264 E.00349
;WIDTH:0.449999
G1 X122.273 Y145.329 E.00383
G1 X129.986 Y153.041 E.28419
G1 X130.577 Y153.042 E.0154
G1 X122.864 Y145.329 E.28421
G1 X123.455 Y145.329 E.0154
G1 X131.169 Y153.043 E.28425
G1 X131.76 Y153.043 E.0154
G1 X124.046 Y145.329 E.28425
G1 X124.637 Y145.329 E.0154
G1 X132.352 Y153.044 E.28429
G1 X132.943 Y153.044 E.0154
G1 X125.228 Y145.329 E.28429
G1 X125.818 Y145.329 E.01537
M73 P68 R7
G1 X133.534 Y153.045 E.28432
M204 S1000
;WIPE_START
G1 F8640
G1 X131.084 Y150.595 E-.8
;WIPE_END
G1 Z3 F720
G1 X134.535 Y153.387 F10800
G1 Z2.6 F720
G1 E.8 F2100
M204 S2000
;WIDTH:0.37219
G1 F3000
G1 X134.476 Y153.324 E.00183
;WIDTH:0.411095
G1 X134.328 Y153.212 E.00439
;WIDTH:0.449999
G1 X134.18 Y153.1 E.00484
G1 X126.409 Y145.329 E.28635
M204 S1000
;WIPE_START
G1 F8640
G1 X128.859 Y147.779 E-.8
;WIPE_END
G1 Z3 F720
G1 X134.532 Y156.936 F10800
G1 Z2.6 F720
G1 E.8 F2100
M204 S2000
;WIDTH:0.411454
G1 F3000
G1 X134.511 Y157.016 E.00196
G1 X134.59 Y156.994 E.00194
G1 X134.578 Y156.949 E.0011
;WIDTH:0.449999
G1 X134.75 Y156.624 E.00958
G1 X135.174 Y157.027 E.01524
;WIDTH:0.411095
G1 X135.269 Y157.101 E.00285
;WIDTH:0.37219
G1 X135.28 Y157.142 E.0009
G1 X135.209 Y157.161 E.00156
G1 X135.228 Y157.09 E.00156
;WIDTH:0.449999
G1 X135.67 Y156.953 E.01206
G1 X134.833 Y156.116 E.03084
G1 X134.831 Y155.523 E.01545
G1 X136.261 Y156.953 E.05269
G1 X136.852 Y156.953 E.0154
G1 X134.828 Y154.929 E.07458
G1 X134.826 Y154.336 E.01545
G1 X137.442 Y156.953 E.09641
M204 S1000
G1 X138.359 Y157.045 F10800
M204 S2000
;WIDTH:0.37219
G1 F3000
G1 X138.37 Y157.086 E.0009
G1 X138.299 Y157.105 E.00156
G1 X138.318 Y157.034 E.00156
;WIDTH:0.411095
G1 X138.176 Y156.993 E.00349
;WIDTH:0.449999
G1 X138.033 Y156.953 E.00387
G1 X134.763 Y153.683 E.12049
M204 S1000
;WIPE_START
G1 F8640
G1 X137.213 Y156.133 E-.8
;WIPE_END
G1 Z3 F720
G1 X138.624 Y156.953 F10800
G1 Z2.6 F720
G1 E.8 F2100
M204 S2000
G1 F3000
G1 X127 Y145.329 E.42833
G1 X127.591 Y145.329 E.0154
G1 X139.215 Y156.953 E.42833
G1 X139.806 Y156.953 E.0154
G1 X128.182 Y145.329 E.42833
G1 X128.773 Y145.329 E.0154
G1 X140.397 Y156.953 E.42833
G1 X140.988 Y156.953 E.0154
G1 X129.364 Y145.329 E.42833
G1 X129.954 Y145.329 E.01537
G1 X141.579 Y156.953 E.42834
G1 X142.264 Y157.103 E.01827
;WIDTH:0.37219
G1 X142.111 Y157.111 E.00325
;WIDTH:0.411095
G1 X142.112 Y157.004 E.00253
;WIDTH:0.449999
G1 X142.114 Y156.897 E.00279
G1 X130.545 Y145.329 E.42628
G1 X131.136 Y145.329 E.0154
G1 X142.114 Y156.306 E.4045
G1 X142.114 Y155.716 E.01537
G1 X131.727 Y145.329 E.38274
G1 X132.318 Y145.329 E.0154
G1 X142.114 Y155.125 E.36097
G1 X142.114 Y154.534 E.0154
G1 X132.909 Y145.329 E.33919
G1 X133.5 Y145.329 E.0154
G1 X142.114 Y153.943 E.31741
G1 X142.114 Y153.352 E.0154
G1 X134.058 Y145.296 E.29685
G1 X134.462 Y145.109 E.0116
G1 X142.114 Y152.761 E.28196
G1 X142.114 Y152.17 E.0154
G1 X134.725 Y144.781 E.27227
G1 X134.823 Y144.288 E.0131
G1 X142.114 Y151.579 E.26866
G1 X142.114 Y150.989 E.01537
G1 X134.826 Y143.7 E.26857
G1 X134.829 Y143.112 E.01532
G1 X142.114 Y150.398 E.26846
G1 X142.114 Y149.807 E.0154
G1 X134.831 Y142.524 E.26837
M204 S1000
;WIPE_START
G1 F8640
G1 X137.281 Y144.974 E-.8
;WIPE_END
G1 Z3 F720
G1 X134.034 Y141.023 F10800
G1 Z2.6 F720
G1 E.8 F2100
M204 S2000
;WIDTH:0.37219
G1 F3000
G1 X134.367 Y141.312 E.00935
G1 X134.645 Y141.625 E.00888
;WIDTH:0.411095
G1 X134.732 Y141.772 E.00404
;WIDTH:0.449999
G1 X134.818 Y141.92 E.00446
G1 X142.114 Y149.216 E.26885
G1 X142.114 Y148.625 E.0154
G1 X134.463 Y140.974 E.28193
G1 X135.028 Y140.949 E.01474
G1 X142.114 Y148.034 E.26109
G1 X142.114 Y147.443 E.0154
G1 X135.619 Y140.949 E.23931
G1 X136.21 Y140.949 E.0154
G1 X142.114 Y146.852 E.21753
G1 X142.114 Y146.262 E.01537
G1 X136.801 Y140.949 E.19578
G1 X137.392 Y140.949 E.0154
G1 X142.114 Y145.671 E.174
G1 X142.114 Y145.08 E.0154
G1 X137.983 Y140.949 E.15222
G1 X138.574 Y140.949 E.0154
G1 X142.114 Y144.489 E.13044
G1 X142.114 Y143.898 E.0154
G1 X139.164 Y140.949 E.10868
G1 X139.755 Y140.949 E.0154
G1 X142.114 Y143.307 E.08691
G1 X142.322 Y142.847 E.01315
;WIDTH:0.37219
G1 X142.333 Y142.888 E.0009
G1 X142.262 Y142.907 E.00156
G1 X142.281 Y142.836 E.00156
;WIDTH:0.411095
G1 X142.198 Y142.776 E.00242
;WIDTH:0.449999
G1 X142.114 Y142.716 E.00269
G1 X140.346 Y140.949 E.06513
G1 X141.101 Y141.017 E.01975
;WIDTH:0.585782
G1 X142.046 Y141.017 E.03262
G1 X142.046 Y141.962 E.03262
G1 X141.249 Y141.164 E.03894
M204 S1000
;WIPE_START
G1 F8640
G1 X142.046 Y141.962 E-.26042
G1 X142.046 Y141.017 E-.2182
G1 X141.101 Y141.017 E-.2182
G1 X140.656 Y140.977 E-.10318
;WIPE_END
G1 Z3 F720
G1 X120.99 Y140.998 F10800
G1 Z2.6 F720
G1 E.8 F2100
M204 S2000
;WIDTH:0.555752
G1 F3000
G1 X121.008 Y140.701 E.00972
;WIDTH:0.592686
G1 X121.026 Y140.403 E.01044
G1 X121.006 Y140.066 E.0118
;WIDTH:0.55291
G1 X120.985 Y139.73 E.01093
;WIDTH:0.513134
G1 X121.664 Y139.73 E.02037
G1 X121.665 Y140.023 E.00879
G1 X121.72 Y140.191 E.0053
;WIDTH:0.482973
G1 X121.776 Y140.359 E.00498
;WIDTH:0.483292
G1 X121.684 Y140.238 E.00428
;WIDTH:0.513134
G1 X121.532 Y140.149 E.00528
G1 X121.291 Y140.202 E.0074
;WIDTH:0.54262
G1 X121.192 Y140.277 E.00395
;WIDTH:0.449999
G1 X121.829 Y140.434 E.01709
;WIDTH:0.434818
G1 X122.015 Y140.646 E.00708
;WIDTH:0.474709
G1 X122.051 Y140.711 E.00205
;WIDTH:0.521257
G1 X122.087 Y140.776 E.00227
;WIDTH:0.567806
G1 X122.123 Y140.84 E.00245
;WIDTH:0.614354
G1 X122.159 Y140.905 E.0027
M204 S1000
;WIPE_START
G1 F8640
G1 X122.123 Y140.84 E-.01716
G1 X122.087 Y140.776 E-.01696
G1 X122.051 Y140.711 E-.01716
G1 X122.015 Y140.646 E-.01716
G1 X121.829 Y140.434 E-.06512
G1 X121.192 Y140.277 E-.15149
G1 X121.291 Y140.202 E-.02868
G1 X121.532 Y140.149 E-.05698
G1 X121.684 Y140.238 E-.04067
G1 X121.776 Y140.359 E-.0351
G1 X121.72 Y140.191 E-.04089
G1 X121.665 Y140.023 E-.04082
G1 X121.664 Y139.73 E-.06765
G1 X120.985 Y139.73 E-.15678
G1 X120.998 Y139.935 E-.04738
;WIPE_END
G1 Z3 F720
G1 X120.991 Y152.998 F10800
G1 Z2.6 F720
G1 E.8 F2100
M204 S2000
;WIDTH:0.519172
G1 F3000
G1 X120.991 Y145.363 E.23187
M204 S1000
;WIPE_START
G1 F8640
G1 X120.991 Y148.828 E-.8
;WIPE_END
G1 Z3 F720
G1 X121.334 Y157.709 F10800
G1 Z2.6 F720
G1 E.8 F2100
M204 S2000
;WIDTH:0.374008
G1 F3000
G1 X121.33 Y157.828 E.00254
;WIDTH:0.407382
G1 X121.246 Y158.015 E.0048
;WIDTH:0.449999
G1 X121.163 Y158.203 E.00535
G1 X121.697 Y158.203 E.01391
G1 X121.728 Y157.717 E.01269
G1 X121.924 Y157.329 E.01133
G1 X120.955 Y157.329 E.02525
G1 X120.954 Y158.203 E.02277
M204 S1000
;WIPE_START
G1 F8640
G1 X120.955 Y157.329 E-.20181
G1 X121.924 Y157.329 E-.22374
G1 X121.728 Y157.717 E-.10037
G1 X121.697 Y158.203 E-.11245
G1 X121.163 Y158.203 E-.1233
G1 X121.23 Y158.051 E-.03833
;WIPE_END
G1 Z3 F720
; stop printing object pieds_clavier_cherry.stl id:1 copy 0
; printing object pieds_clavier_cherry.stl id:2 copy 0
G1 X131.852 Y108.749 F10800
G1 Z2.6 F720
G1 E.8 F2100
M204 S800
;TYPE:Perimeter
G1 F3000
G1 X131.797 Y108.678 E.00234
;WIDTH:0.497082
G1 X131.703 Y108.623 E.00316
;WIDTH:0.544164
G1 X131.609 Y108.568 E.00348
;WIDTH:0.591246
G1 X131.515 Y108.513 E.0038
;WIDTH:0.638328
G1 X131.421 Y108.458 E.00412
G1 X120.244 Y108.458 E.4225
G1 F2024.463
G1 X120.084 Y108.482 E.00612
;WIDTH:0.591245
G1 F2034.011
G1 X119.924 Y108.505 E.00564
;WIDTH:0.544163
G1 F2045.148
G1 X119.765 Y108.529 E.00513
;WIDTH:0.497081
G1 F2058.311
G1 X119.605 Y108.552 E.00469
;WIDTH:0.449999
G1 F1590.404
G1 X118.169 Y108.552 E.03742
G1 F1384.984
G1 X118.167 Y106.508 E.05326
G1 F1597.328
G1 X119.618 Y106.508 E.03781
G1 F2137.922
M73 P69 R7
G1 X119.618 Y107.13 E.01621
G1 F2157.922
G1 X119.681 Y107.406 E.00738
G1 F2242.879
G1 X119.888 Y107.647 E.00828
;WIDTH:0.497081
G1 F2206.209
G1 X119.977 Y107.698 E.00297
;WIDTH:0.544163
G1 F2143.905
G1 X120.066 Y107.749 E.00328
;WIDTH:0.591245
G1 F2089.704
G1 X120.155 Y107.801 E.00359
;WIDTH:0.638327
G1 F2042.185
G1 X120.244 Y107.852 E.00388
G1 F3000
G1 X131.421 Y107.852 E.42249
G1 X131.591 Y107.829 E.00648
;WIDTH:0.591246
G1 X131.762 Y107.805 E.00602
;WIDTH:0.544164
G1 X131.933 Y107.781 E.00551
;WIDTH:0.497082
G1 X132.103 Y107.758 E.00497
;WIDTH:0.449999
G1 X140.038 Y107.758 E.20675
G1 X140.038 Y124.472 E.4355
G1 X132.215 Y124.472 E.20383
G1 X131.421 Y124.493 E.0207
;WIDTH:0.408245
G1 X120.244 Y124.493 E.26212
;WIDTH:0.41426
G1 F2420.426
G1 X120.139 Y124.499 E.00251
;WIDTH:0.449999
G1 F2347.552
G1 X119.795 Y124.662 E.00992
G1 F2193.081
G1 X119.626 Y124.995 E.00973
G1 F2135.998
G1 X119.618 Y125.1 E.00274
G1 F2133.769
G1 X119.618 Y125.722 E.01621
G1 F1590.737
G1 X118.167 Y125.722 E.03781
G1 F1383.057
G1 X118.169 Y124.138 E.04127
G1 F1570.689
G1 X119.573 Y124.138 E.03658
G1 F2313.478
G1 X120.244 Y124.117 E.01749
;WIDTH:0.408245
G1 F3000
G1 X131.421 Y124.117 E.26212
;WIDTH:0.41426
G1 X131.526 Y124.111 E.00251
;WIDTH:0.449999
G1 X131.922 Y123.887 E.01185
G1 X132.047 Y123.511 E.01032
G1 X132.04 Y121.081 E.06332
G1 X131.914 Y120.792 E.00821
G1 X131.71 Y120.623 E.0069
G1 X131.421 Y120.552 E.00775
G1 X118.17 Y120.552 E.34526
G1 F1430.414
G1 X118.17 Y112.138 E.21923
G1 F3000
G1 X131.421 Y112.138 E.34526
G1 X131.626 Y112.103 E.00542
G1 X131.844 Y111.973 E.00661
G1 X132.003 Y111.743 E.00729
G1 X132.047 Y111.511 E.00615
G1 X132.047 Y109.179 E.06076
G1 X131.999 Y108.938 E.0064
G1 X131.889 Y108.796 E.00468
M204 S1000
G1 X131.562 Y109.043 F10800
M204 S800
;TYPE:External perimeter
G1 F2400
G1 X131.546 Y109.012 E.00091
G1 X131.421 Y108.97 E.00344
G1 F2399.995
G1 X118.485 Y108.97 E.33706
G1 F1374.512
G1 X117.752 Y108.97 E.0191
G1 F1295.683
G1 X117.748 Y106.09 E.07504
G1 F1558.689
G1 X120.037 Y106.09 E.05964
G1 F1879.394
G1 X120.035 Y107.131 E.02712
G1 F1909.223
G1 X120.036 Y107.147 E.00042
G1 F1923.365
G1 X120.125 Y107.303 E.00468
G1 F2081.395
G1 X120.244 Y107.34 E.00325
G1 F2192.103
G1 X120.919 Y107.34 E.01759
G1 F2399.995
G1 X140.455 Y107.34 E.50902
G1 X140.455 Y108.015 E.01759
G1 F2400
G1 X140.455 Y124.215 E.4221
G1 F2399.995
G1 X140.455 Y124.89 E.01759
G1 X120.919 Y124.89 E.50902
G1 F2035.385
G1 X120.244 Y124.89 E.01759
G1 F1964.706
G1 X120.094 Y124.953 E.00424
G1 F1909.227
G1 X120.035 Y125.099 E.0041
G1 F1880.066
G1 X120.037 Y126.14 E.02712
G1 F1554.75
G1 X117.748 Y126.14 E.05964
G1 F1293.342
G1 X117.752 Y123.72 E.06305
G1 F1372.535
G1 X118.485 Y123.72 E.0191
G1 F2399.995
G1 X131.421 Y123.72 E.33706
G1 F2400
G1 X131.588 Y123.637 E.00486
G1 X131.63 Y123.511 E.00346
G1 X131.63 Y121.179 E.06076
G1 X131.563 Y121.026 E.00435
G1 X131.421 Y120.97 E.00398
G1 F2399.995
G1 X118.486 Y120.97 E.33703
G1 F1381.755
G1 X117.752 Y120.97 E.01912
G1 F1350.889
G1 X117.752 Y111.72 E.24102
G1 F1401.191
G1 X118.486 Y111.72 E.01912
G1 F2399.995
G1 X131.421 Y111.72 E.33703
G1 F2400
G1 X131.562 Y111.665 E.00394
G1 X131.63 Y111.511 E.00439
G1 X131.63 Y109.179 E.06076
G1 X131.588 Y109.097 E.0024
M204 S1000
;WIPE_START
G1 F8640
G1 X131.562 Y109.043 E-.01384
G1 X131.546 Y109.012 E-.00806
G1 X131.421 Y108.97 E-.03045
G1 X128.183 Y108.97 E-.74765
;WIPE_END
G1 Z3 F720
G1 X119.228 Y113.058 F10800
G1 Z2.6 F720
G1 E.8 F2100
M204 S2000
;TYPE:Internal infill
;WIDTH:0.45
G1 F3600
G1 X119.228 Y115.558 E.06514
G1 X119.012 Y115.616 E.00583
G1 X119.012 Y117.291 E.04364
G1 X119.228 Y117.506 E.00794
G1 X119.228 Y120.006 E.06514
M204 S1000
G1 X119.692 Y120.068 F10800
M204 S2000
;TYPE:Solid infill
;WIDTH:0.57904
G1 F3000
G1 X119.644 Y120.116 E.00231
G1 X119.662 Y120.182 E.00233
G1 X119.728 Y120.2 E.00233
G1 X119.776 Y120.152 E.00231
G1 X119.758 Y120.086 E.00233
;WIDTH:0.449999
G1 X119.645 Y119.387 E.01845
G1 X120.457 Y120.199 E.02992
G1 X121.049 Y120.2 E.01543
G1 X119.645 Y118.796 E.05174
G1 X119.645 Y118.206 E.01537
G1 X121.64 Y120.2 E.07349
G1 X122.232 Y120.201 E.01543
G1 X119.645 Y117.615 E.09531
G1 X119.645 Y117.024 E.0154
G1 X122.823 Y120.201 E.11709
G1 X123.414 Y120.202 E.0154
G1 X119.645 Y116.433 E.13888
G1 X119.645 Y115.842 E.0154
G1 X124.006 Y120.203 E.1607
G1 X124.597 Y120.203 E.0154
G1 X119.645 Y115.251 E.18247
G1 X119.645 Y114.66 E.0154
G1 X125.189 Y120.204 E.20429
G1 X125.78 Y120.204 E.0154
G1 X119.645 Y114.069 E.22606
G1 X119.645 Y113.479 E.01537
G1 X126.372 Y120.205 E.24786
G1 X126.963 Y120.205 E.0154
G1 X119.645 Y112.888 E.26964
G1 X119.536 Y112.353 E.01423
;WIDTH:0.37219
G1 X119.517 Y112.424 E.00156
G1 X119.588 Y112.405 E.00156
G1 X119.577 Y112.364 E.0009
;WIDTH:0.411095
G1 X119.709 Y112.429 E.00348
;WIDTH:0.449999
G1 X119.842 Y112.493 E.00385
G1 X127.554 Y120.206 E.28419
G1 X128.146 Y120.206 E.01542
G1 X120.433 Y112.493 E.28421
G1 X121.023 Y112.493 E.01537
G1 X128.737 Y120.207 E.28425
G1 X129.329 Y120.207 E.01542
G1 X121.614 Y112.493 E.28427
G1 X122.205 Y112.493 E.0154
G1 X129.92 Y120.208 E.28429
G1 X130.512 Y120.209 E.01543
G1 X122.796 Y112.493 E.28432
G1 X123.387 Y112.493 E.0154
G1 X131.103 Y120.209 E.28432
M204 S1000
;WIPE_START
G1 F8640
G1 X128.653 Y117.759 E-.8
;WIPE_END
G1 Z3 F720
G1 X132.103 Y120.552 F10800
G1 Z2.6 F720
G1 E.8 F2100
M204 S2000
;WIDTH:0.37219
G1 F3000
G1 X132.044 Y120.488 E.00185
;WIDTH:0.411095
G1 X131.896 Y120.376 E.00439
;WIDTH:0.449999
G1 X131.749 Y120.264 E.00482
G1 X123.978 Y112.493 E.28635
M204 S1000
;WIPE_START
G1 F8640
G1 X126.428 Y114.943 E-.8
;WIPE_END
G1 Z3 F720
G1 X132.101 Y124.101 F10800
G1 Z2.6 F720
G1 E.8 F2100
M204 S2000
;WIDTH:0.411454
G1 F3000
G1 X132.08 Y124.18 E.00193
G1 X132.159 Y124.159 E.00193
G1 X132.147 Y124.113 E.00112
;WIDTH:0.449999
G1 X132.318 Y123.788 E.00957
G1 X132.743 Y124.191 E.01526
;WIDTH:0.411095
G1 X132.838 Y124.265 E.00285
;WIDTH:0.37219
G1 X132.849 Y124.306 E.0009
G1 X132.778 Y124.326 E.00156
G1 X132.797 Y124.254 E.00158
;WIDTH:0.449999
G1 X133.238 Y124.117 E.01203
G1 X132.402 Y123.28 E.03082
G1 X132.399 Y122.687 E.01545
G1 X133.829 Y124.117 E.05269
G1 X134.42 Y124.117 E.0154
G1 X132.397 Y122.094 E.07454
G1 X132.394 Y121.5 E.01548
G1 X135.011 Y124.117 E.09643
M204 S1000
G1 X135.927 Y124.209 F10800
M204 S2000
;WIDTH:0.37219
G1 F3000
G1 X135.938 Y124.251 E.00092
G1 X135.867 Y124.27 E.00156
G1 X135.886 Y124.198 E.00158
;WIDTH:0.411095
G1 X135.744 Y124.158 E.00349
;WIDTH:0.449999
G1 X135.602 Y124.117 E.00385
G1 X132.332 Y120.847 E.12049
M204 S1000
;WIPE_START
G1 F8640
G1 X134.782 Y123.297 E-.8
;WIPE_END
G1 Z3 F720
G1 X136.193 Y124.117 F10800
G1 Z2.6 F720
G1 E.8 F2100
M204 S2000
G1 F3000
G1 X124.569 Y112.493 E.42833
G1 X125.16 Y112.493 E.0154
G1 X136.784 Y124.117 E.42833
G1 X137.374 Y124.117 E.01537
M73 P70 R7
G1 X125.75 Y112.493 E.42833
G1 X126.341 Y112.493 E.0154
G1 X137.965 Y124.117 E.42833
G1 X138.556 Y124.117 E.0154
G1 X126.932 Y112.493 E.42833
G1 X127.523 Y112.493 E.0154
G1 X139.147 Y124.117 E.42833
G1 X139.833 Y124.268 E.0183
;WIDTH:0.37219
G1 X139.679 Y124.276 E.00327
;WIDTH:0.411095
G1 X139.681 Y124.169 E.00253
;WIDTH:0.449999
G1 X139.682 Y124.062 E.00279
G1 X128.114 Y112.493 E.42628
G1 X128.705 Y112.493 E.0154
G1 X139.682 Y123.471 E.4045
G1 X139.682 Y122.88 E.0154
G1 X129.296 Y112.493 E.38273
G1 X129.886 Y112.493 E.01537
G1 X139.682 Y122.289 E.36097
G1 X139.682 Y121.698 E.0154
G1 X130.477 Y112.493 E.33919
G1 X131.068 Y112.493 E.0154
G1 X139.682 Y121.107 E.31741
G1 X139.682 Y120.516 E.0154
G1 X131.626 Y112.46 E.29685
G1 X132.031 Y112.274 E.01161
G1 X139.682 Y119.926 E.28195
G1 X139.682 Y119.335 E.0154
G1 X132.293 Y111.945 E.27229
G1 X132.391 Y111.452 E.0131
G1 X139.682 Y118.744 E.26868
G1 X139.682 Y118.153 E.0154
G1 X132.394 Y110.865 E.26855
G1 X132.397 Y110.277 E.01532
G1 X139.682 Y117.562 E.26844
G1 X139.682 Y116.971 E.0154
G1 X132.4 Y109.689 E.26833
M204 S1000
;WIPE_START
G1 F8640
G1 X134.85 Y112.139 E-.8
;WIPE_END
G1 Z3 F720
G1 X131.603 Y108.187 F10800
G1 Z2.6 F720
G1 E.8 F2100
M204 S2000
;WIDTH:0.37219
G1 F3000
G1 X131.935 Y108.476 E.00933
G1 X132.214 Y108.789 E.00889
;WIDTH:0.411095
G1 X132.3 Y108.937 E.00404
;WIDTH:0.449999
G1 X132.387 Y109.084 E.00445
G1 X139.682 Y116.38 E.26883
G1 X139.682 Y115.789 E.0154
G1 X132.031 Y108.138 E.28193
G1 X132.597 Y108.113 E.01476
G1 X139.682 Y115.199 E.26109
G1 X139.682 Y114.608 E.0154
G1 X133.188 Y108.113 E.23931
G1 X133.779 Y108.113 E.0154
M73 P70 R6
G1 X139.682 Y114.017 E.21753
G1 X139.682 Y113.426 E.0154
G1 X134.369 Y108.113 E.19578
G1 X134.96 Y108.113 E.0154
G1 X139.682 Y112.835 E.174
G1 X139.682 Y112.244 E.0154
G1 X135.551 Y108.113 E.15222
G1 X136.142 Y108.113 E.0154
G1 X139.682 Y111.653 E.13044
G1 X139.682 Y111.063 E.01537
G1 X136.733 Y108.113 E.10868
G1 X137.324 Y108.113 E.0154
G1 X139.682 Y110.472 E.08691
G1 X139.891 Y110.011 E.01319
;WIDTH:0.37219
G1 X139.902 Y110.052 E.0009
G1 X139.831 Y110.071 E.00156
G1 X139.85 Y110 E.00156
;WIDTH:0.411095
G1 X139.766 Y109.94 E.00244
;WIDTH:0.449999
G1 X139.682 Y109.881 E.00267
G1 X137.915 Y108.113 E.06513
G1 X138.669 Y108.181 E.01973
;WIDTH:0.585782
G1 X139.615 Y108.181 E.03266
G1 X139.615 Y109.126 E.03262
G1 X138.817 Y108.329 E.03894
M204 S1000
;WIPE_START
G1 F8640
G1 X139.615 Y109.126 E-.26042
G1 X139.615 Y108.181 E-.2182
G1 X138.669 Y108.181 E-.21843
G1 X138.225 Y108.141 E-.10295
;WIPE_END
G1 Z3 F720
G1 X118.558 Y108.163 F10800
G1 Z2.6 F720
G1 E.8 F2100
M204 S2000
;WIDTH:0.555752
G1 F3000
G1 X118.576 Y107.865 E.00975
;WIDTH:0.592686
G1 X118.594 Y107.567 E.01044
G1 X118.574 Y107.231 E.01177
;WIDTH:0.55291
G1 X118.554 Y106.895 E.01093
;WIDTH:0.513134
G1 X119.232 Y106.895 E.02034
G1 X119.233 Y107.188 E.00879
G1 X119.289 Y107.356 E.00531
;WIDTH:0.482973
G1 X119.345 Y107.523 E.00495
;WIDTH:0.483292
G1 X119.253 Y107.402 E.00428
;WIDTH:0.513134
G1 X119.1 Y107.313 E.00531
G1 X118.859 Y107.367 E.00741
;WIDTH:0.54262
G1 X118.761 Y107.441 E.00391
;WIDTH:0.449999
G1 X119.397 Y107.599 E.01708
;WIDTH:0.434818
G1 X119.584 Y107.811 E.0071
;WIDTH:0.474709
G1 X119.62 Y107.875 E.00203
;WIDTH:0.521257
G1 X119.656 Y107.94 E.00227
;WIDTH:0.567806
G1 X119.692 Y108.005 E.00248
;WIDTH:0.614354
G1 X119.728 Y108.069 E.00267
M204 S1000
;WIPE_START
G1 F8640
G1 X119.692 Y108.005 E-.01696
G1 X119.656 Y107.94 E-.01716
G1 X119.62 Y107.875 E-.01716
G1 X119.584 Y107.811 E-.01696
G1 X119.397 Y107.599 E-.06527
G1 X118.761 Y107.441 E-.15132
G1 X118.859 Y107.367 E-.02836
G1 X119.1 Y107.313 E-.05703
G1 X119.253 Y107.402 E-.04087
G1 X119.345 Y107.523 E-.0351
G1 X119.289 Y107.356 E-.04067
G1 X119.233 Y107.188 E-.04089
G1 X119.232 Y106.895 E-.06765
G1 X118.554 Y106.895 E-.15655
G1 X118.566 Y107.103 E-.04805
;WIPE_END
G1 Z3 F720
G1 X118.56 Y120.163 F10800
G1 Z2.6 F720
G1 E.8 F2100
M204 S2000
;WIDTH:0.519172
G1 F3000
G1 X118.56 Y112.528 E.23187
M204 S1000
;WIPE_START
G1 F8640
G1 X118.56 Y115.993 E-.8
;WIPE_END
G1 Z3 F720
G1 X118.903 Y124.873 F10800
G1 Z2.6 F720
G1 E.8 F2100
M204 S2000
;WIDTH:0.374008
G1 F3000
G1 X118.898 Y124.992 E.00254
;WIDTH:0.407382
G1 X118.815 Y125.18 E.00481
;WIDTH:0.449999
G1 X118.731 Y125.367 E.00534
G1 X119.266 Y125.367 E.01394
G1 X119.296 Y124.881 E.01269
G1 X119.493 Y124.493 E.01134
G1 X118.524 Y124.493 E.02525
G1 X118.522 Y125.367 E.02277
M204 S1000
;WIPE_START
G1 F8640
G1 X118.524 Y124.493 E-.20181
G1 X119.493 Y124.493 E-.22374
G1 X119.296 Y124.881 E-.10048
G1 X119.266 Y125.367 E-.11243
G1 X118.731 Y125.367 E-.12353
G1 X118.798 Y125.217 E-.03801
;WIPE_END
G1 Z3 F720
; stop printing object pieds_clavier_cherry.stl id:2 copy 0
; printing object pieds_clavier_cherry.stl id:0 copy 0
G1 X130.666 Y78.237 F10800
G1 Z2.6 F720
G1 E.8 F2100
M204 S800
;TYPE:Perimeter
G1 F3000
G1 X130.61 Y78.166 E.00236
;WIDTH:0.497082
G1 X130.516 Y78.111 E.00316
;WIDTH:0.544164
G1 X130.422 Y78.056 E.00348
;WIDTH:0.591246
G1 X130.328 Y78.001 E.0038
;WIDTH:0.638328
G1 X130.234 Y77.946 E.00412
G1 X119.058 Y77.946 E.42246
G1 F2024.463
G1 X118.898 Y77.97 E.00612
;WIDTH:0.591245
G1 F2034.011
G1 X118.738 Y77.993 E.00564
;WIDTH:0.544163
G1 F2045.148
G1 X118.578 Y78.017 E.00517
;WIDTH:0.497081
G1 F2058.311
G1 X118.418 Y78.04 E.00469
;WIDTH:0.449999
G1 F1590.404
G1 X116.983 Y78.04 E.03739
G1 F1384.984
G1 X116.98 Y75.996 E.05326
G1 F1597.328
G1 X118.432 Y75.996 E.03783
G1 F2137.922
G1 X118.431 Y76.618 E.01621
G1 F2157.922
G1 X118.495 Y76.894 E.00738
G1 F2242.879
G1 X118.701 Y77.135 E.00826
;WIDTH:0.497081
G1 F2206.209
G1 X118.79 Y77.186 E.00297
;WIDTH:0.544163
G1 F2143.905
G1 X118.879 Y77.237 E.00328
;WIDTH:0.591245
G1 F2089.704
G1 X118.969 Y77.289 E.00362
;WIDTH:0.638327
G1 F2042.185
G1 X119.058 Y77.34 E.00388
G1 F3000
G1 X130.234 Y77.34 E.42246
G1 X130.405 Y77.317 E.00652
;WIDTH:0.591246
G1 X130.576 Y77.293 E.00602
;WIDTH:0.544164
G1 X130.746 Y77.27 E.00548
;WIDTH:0.497082
G1 X130.917 Y77.246 E.00501
;WIDTH:0.449999
G1 X138.851 Y77.246 E.20673
G1 X138.851 Y93.96 E.4355
G1 X131.028 Y93.96 E.20383
G1 X130.234 Y93.981 E.0207
;WIDTH:0.408245
G1 X119.058 Y93.981 E.2621
;WIDTH:0.41426
G1 F2420.426
G1 X118.953 Y93.987 E.00251
;WIDTH:0.449999
G1 F2347.552
G1 X118.608 Y94.15 E.00994
G1 F2193.081
G1 X118.44 Y94.483 E.00972
G1 F2135.998
G1 X118.431 Y94.588 E.00275
G1 F2133.769
G1 X118.432 Y95.21 E.01621
G1 F1590.737
G1 X116.98 Y95.21 E.03783
G1 F1383.057
G1 X116.983 Y93.626 E.04127
G1 F1570.689
G1 X118.387 Y93.626 E.03658
G1 F2313.478
G1 X119.058 Y93.605 E.01749
;WIDTH:0.408245
G1 F3000
G1 X130.234 Y93.605 E.2621
;WIDTH:0.41426
G1 X130.34 Y93.599 E.00253
;WIDTH:0.449999
G1 X130.736 Y93.375 E.01185
G1 X130.861 Y92.999 E.01032
G1 X130.853 Y90.569 E.06332
G1 X130.727 Y90.28 E.00821
G1 X130.524 Y90.111 E.00688
G1 X130.234 Y90.04 E.00778
G1 X116.984 Y90.04 E.34524
G1 F1430.414
G1 X116.984 Y81.626 E.21923
G1 F3000
G1 X130.234 Y81.626 E.34524
G1 X130.44 Y81.591 E.00544
M73 P71 R6
G1 X130.658 Y81.462 E.0066
G1 X130.816 Y81.231 E.00729
G1 X130.861 Y80.999 E.00616
G1 X130.861 Y78.667 E.06076
G1 X130.813 Y78.426 E.0064
G1 X130.702 Y78.284 E.0047
M204 S1000
G1 X130.375 Y78.531 F10800
M204 S800
;TYPE:External perimeter
G1 F2400
G1 X130.36 Y78.5 E.0009
G1 X130.234 Y78.458 E.00346
G1 F2399.995
G1 X117.299 Y78.458 E.33703
G1 F1374.512
G1 X116.566 Y78.458 E.0191
G1 F1295.683
G1 X116.562 Y75.578 E.07504
G1 F1558.689
G1 X118.85 Y75.578 E.05962
G1 F1879.394
G1 X118.849 Y76.619 E.02712
G1 F1909.223
G1 X118.85 Y76.635 E.00042
G1 F1923.365
G1 X118.939 Y76.791 E.00468
G1 F2081.395
G1 X119.058 Y76.828 E.00325
G1 F2192.103
G1 X119.733 Y76.828 E.01759
G1 F2399.995
G1 X139.269 Y76.828 E.50902
G1 X139.269 Y77.503 E.01759
G1 F2400
G1 X139.269 Y93.703 E.4221
G1 F2399.995
G1 X139.269 Y94.378 E.01759
G1 X119.733 Y94.378 E.50902
G1 F2035.385
G1 X119.058 Y94.378 E.01759
G1 F1964.706
G1 X118.908 Y94.441 E.00424
G1 F1909.227
G1 X118.849 Y94.587 E.0041
G1 F1880.066
G1 X118.85 Y95.628 E.02712
G1 F1554.75
G1 X116.562 Y95.628 E.05962
G1 F1293.342
G1 X116.566 Y93.208 E.06305
G1 F1372.535
G1 X117.299 Y93.208 E.0191
G1 F2399.995
G1 X130.234 Y93.208 E.33703
G1 F2400
G1 X130.401 Y93.125 E.00486
G1 X130.443 Y92.999 E.00346
G1 X130.443 Y90.667 E.06076
G1 X130.377 Y90.515 E.00432
G1 X130.234 Y90.458 E.00401
G1 F2399.995
G1 X117.299 Y90.458 E.33703
G1 F1381.755
G1 X116.566 Y90.458 E.0191
G1 F1350.889
G1 X116.566 Y81.208 E.24102
G1 F1401.191
G1 X117.299 Y81.208 E.0191
G1 F2399.995
G1 X130.234 Y81.208 E.33703
G1 F2400
G1 X130.375 Y81.153 E.00394
G1 X130.443 Y80.999 E.00439
G1 X130.443 Y78.667 E.06076
G1 X130.402 Y78.585 E.00239
M204 S1000
;WIPE_START
G1 F8640
G1 X130.375 Y78.531 E-.01394
G1 X130.36 Y78.5 E-.00795
G1 X130.234 Y78.458 E-.03067
G1 X126.997 Y78.458 E-.74744
;WIPE_END
G1 Z3 F720
G1 X118.041 Y82.546 F10800
G1 Z2.6 F720
G1 E.8 F2100
M204 S2000
;TYPE:Internal infill
;WIDTH:0.45
G1 F3600
G1 X118.041 Y85.046 E.06514
G1 X117.826 Y85.104 E.0058
G1 X117.826 Y86.779 E.04364
G1 X118.041 Y86.994 E.00792
G1 X118.041 Y89.494 E.06514
M204 S1000
G1 X118.506 Y89.556 F10800
M204 S2000
;TYPE:Solid infill
;WIDTH:0.57904
G1 F3000
G1 X118.457 Y89.604 E.00234
G1 X118.475 Y89.67 E.00233
G1 X118.541 Y89.688 E.00233
G1 X118.59 Y89.64 E.00234
G1 X118.572 Y89.574 E.00233
;WIDTH:0.449999
G1 X118.459 Y88.875 E.01845
G1 X119.271 Y89.687 E.02992
G1 X119.862 Y89.688 E.0154
G1 X118.459 Y88.285 E.0517
G1 X118.459 Y87.694 E.0154
G1 X120.454 Y89.688 E.07349
G1 X121.045 Y89.689 E.0154
G1 X118.459 Y87.103 E.09529
G1 X118.459 Y86.512 E.0154
G1 X121.637 Y89.689 E.11709
G1 X122.228 Y89.69 E.0154
G1 X118.459 Y85.921 E.13888
G1 X118.459 Y85.33 E.0154
G1 X122.819 Y89.691 E.16068
G1 X123.411 Y89.691 E.01542
G1 X118.459 Y84.739 E.18247
G1 X118.459 Y84.148 E.0154
G1 X124.002 Y89.692 E.20427
G1 X124.594 Y89.692 E.01542
G1 X118.459 Y83.558 E.22605
G1 X118.459 Y82.967 E.0154
G1 X125.185 Y89.693 E.24784
G1 X125.777 Y89.693 E.01542
G1 X118.459 Y82.376 E.26964
G1 X118.349 Y81.841 E.01423
;WIDTH:0.37219
G1 X118.33 Y81.912 E.00156
G1 X118.401 Y81.893 E.00156
G1 X118.39 Y81.852 E.0009
;WIDTH:0.411095
G1 X118.523 Y81.917 E.0035
;WIDTH:0.449999
G1 X118.655 Y81.981 E.00382
G1 X126.368 Y89.694 E.28421
G1 X126.959 Y89.694 E.0154
G1 X119.246 Y81.981 E.28421
G1 X119.837 Y81.981 E.0154
G1 X127.551 Y89.695 E.28425
G1 X128.142 Y89.696 E.0154
G1 X120.428 Y81.981 E.28427
G1 X121.019 Y81.981 E.0154
G1 X128.734 Y89.696 E.28429
G1 X129.325 Y89.697 E.0154
G1 X121.61 Y81.981 E.2843
G1 X122.2 Y81.981 E.01537
G1 X129.916 Y89.697 E.28432
M204 S1000
;WIPE_START
G1 F8640
G1 X127.466 Y87.247 E-.8
;WIPE_END
G1 Z3 F720
G1 X130.917 Y90.04 F10800
G1 Z2.6 F720
G1 E.8 F2100
M204 S2000
;WIDTH:0.37219
G1 F3000
G1 X130.858 Y89.976 E.00185
;WIDTH:0.411095
G1 X130.71 Y89.864 E.00439
;WIDTH:0.449999
G1 X130.562 Y89.752 E.00484
G1 X122.791 Y81.981 E.28635
M204 S1000
;WIPE_START
G1 F8640
G1 X125.241 Y84.431 E-.8
;WIPE_END
G1 Z3 F720
G1 X130.915 Y93.589 F10800
G1 Z2.6 F720
G1 E.8 F2100
M204 S2000
;WIDTH:0.411454
G1 F3000
G1 X130.893 Y93.668 E.00194
G1 X130.973 Y93.647 E.00196
G1 X130.96 Y93.601 E.00113
;WIDTH:0.449999
G1 X131.132 Y93.276 E.00958
G1 X131.556 Y93.679 E.01524
;WIDTH:0.411095
G1 X131.651 Y93.753 E.00285
;WIDTH:0.37219
G1 X131.662 Y93.795 E.00092
G1 X131.591 Y93.814 E.00156
G1 X131.61 Y93.742 E.00158
;WIDTH:0.449999
G1 X132.052 Y93.605 E.01206
G1 X131.215 Y92.769 E.03082
G1 X131.213 Y92.175 E.01548
G1 X132.643 Y93.605 E.05269
G1 X133.234 Y93.605 E.0154
G1 X131.21 Y91.582 E.07456
G1 X131.208 Y90.988 E.01548
G1 X133.825 Y93.605 E.09643
M204 S1000
G1 X134.741 Y93.698 F10800
M204 S2000
;WIDTH:0.37219
G1 F3000
G1 X134.752 Y93.739 E.0009
G1 X134.681 Y93.758 E.00156
G1 X134.7 Y93.687 E.00156
;WIDTH:0.411095
G1 X134.558 Y93.646 E.00349
;WIDTH:0.449999
G1 X134.415 Y93.605 E.00388
G1 X131.145 Y90.335 E.12049
M204 S1000
;WIPE_START
G1 F8640
G1 X133.595 Y92.785 E-.8
;WIPE_END
G1 Z3 F720
G1 X135.006 Y93.605 F10800
G1 Z2.6 F720
G1 E.8 F2100
M204 S2000
G1 F3000
G1 X123.382 Y81.981 E.42833
G1 X123.973 Y81.981 E.0154
G1 X135.597 Y93.605 E.42833
G1 X136.188 Y93.605 E.0154
G1 X124.564 Y81.981 E.42833
G1 X125.155 Y81.981 E.0154
G1 X136.779 Y93.605 E.42833
G1 X137.37 Y93.605 E.0154
G1 X125.746 Y81.981 E.42833
G1 X126.337 Y81.981 E.0154
G1 X137.961 Y93.605 E.42833
G1 X138.647 Y93.756 E.0183
;WIDTH:0.37219
G1 X138.493 Y93.764 E.00327
;WIDTH:0.411095
G1 X138.494 Y93.657 E.00253
;WIDTH:0.449999
G1 X138.496 Y93.55 E.00279
G1 X126.927 Y81.981 E.4263
G1 X127.518 Y81.981 E.0154
G1 X138.496 Y92.959 E.40452
G1 X138.496 Y92.368 E.0154
G1 X128.109 Y81.981 E.38274
G1 X128.7 Y81.981 E.0154
G1 X138.496 Y91.777 E.36097
G1 X138.496 Y91.186 E.0154
M73 P72 R6
G1 X129.291 Y81.981 E.33919
G1 X129.882 Y81.981 E.0154
G1 X138.496 Y90.595 E.31741
G1 X138.496 Y90.005 E.01537
G1 X130.44 Y81.949 E.29685
G1 X130.844 Y81.762 E.0116
G1 X138.496 Y89.414 E.28196
G1 X138.496 Y88.823 E.0154
G1 X131.107 Y81.434 E.27227
G1 X131.205 Y80.941 E.0131
G1 X138.496 Y88.232 E.26866
G1 X138.496 Y87.641 E.0154
G1 X131.208 Y80.353 E.26855
G1 X131.211 Y79.765 E.01532
G1 X138.496 Y87.05 E.26844
G1 X138.496 Y86.459 E.0154
G1 X131.214 Y79.177 E.26833
M204 S1000
;WIPE_START
G1 F8640
G1 X133.664 Y81.627 E-.8
;WIPE_END
G1 Z3 F720
G1 X130.416 Y77.675 F10800
G1 Z2.6 F720
G1 E.8 F2100
M204 S2000
;WIDTH:0.37219
G1 F3000
G1 X130.749 Y77.964 E.00935
G1 X131.027 Y78.277 E.00888
;WIDTH:0.411095
G1 X131.114 Y78.425 E.00406
;WIDTH:0.449999
G1 X131.2 Y78.573 E.00446
G1 X138.496 Y85.868 E.26883
G1 X138.496 Y85.278 E.01537
G1 X130.845 Y77.626 E.28195
G1 X131.41 Y77.601 E.01474
G1 X138.496 Y84.687 E.26111
G1 X138.496 Y84.096 E.0154
G1 X132.001 Y77.601 E.23933
G1 X132.592 Y77.601 E.0154
G1 X138.496 Y83.505 E.21755
G1 X138.496 Y82.914 E.0154
G1 X133.183 Y77.601 E.19578
G1 X133.774 Y77.601 E.0154
G1 X138.496 Y82.323 E.174
G1 X138.496 Y81.732 E.0154
G1 X134.365 Y77.601 E.15222
G1 X134.956 Y77.601 E.0154
G1 X138.496 Y81.141 E.13044
G1 X138.496 Y80.551 E.01537
G1 X135.547 Y77.601 E.10868
G1 X136.137 Y77.601 E.01537
G1 X138.496 Y79.96 E.08693
G1 X138.704 Y79.499 E.01318
;WIDTH:0.37219
G1 X138.715 Y79.54 E.0009
G1 X138.644 Y79.559 E.00156
G1 X138.663 Y79.488 E.00156
;WIDTH:0.411095
G1 X138.58 Y79.428 E.00242
;WIDTH:0.449999
G1 X138.496 Y79.369 E.00267
G1 X136.728 Y77.601 E.06515
G1 X137.483 Y77.669 E.01975
;WIDTH:0.585782
G1 X138.428 Y77.669 E.03262
G1 X138.428 Y78.614 E.03262
G1 X137.631 Y77.817 E.03891
M204 S1000
;WIPE_START
G1 F8640
G1 X138.428 Y78.614 E-.26026
G1 X138.428 Y77.669 E-.2182
G1 X137.483 Y77.669 E-.2182
G1 X137.037 Y77.629 E-.10334
;WIPE_END
G1 Z3 F720
G1 X117.372 Y77.651 F10800
G1 Z2.6 F720
G1 E.8 F2100
M204 S2000
;WIDTH:0.555752
G1 F3000
G1 X117.39 Y77.353 E.00975
;WIDTH:0.592686
G1 X117.408 Y77.055 E.01044
G1 X117.388 Y76.719 E.01177
;WIDTH:0.55291
G1 X117.367 Y76.383 E.01093
;WIDTH:0.513134
G1 X118.046 Y76.383 E.02037
G1 X118.047 Y76.676 E.00879
G1 X118.103 Y76.844 E.00531
;WIDTH:0.482973
G1 X118.158 Y77.011 E.00494
;WIDTH:0.483292
G1 X118.067 Y76.89 E.00426
;WIDTH:0.513134
G1 X117.914 Y76.801 E.00531
G1 X117.673 Y76.855 E.00741
;WIDTH:0.54262
G1 X117.575 Y76.929 E.00391
;WIDTH:0.449999
G1 X118.211 Y77.087 E.01708
;WIDTH:0.434818
G1 X118.397 Y77.299 E.00708
;WIDTH:0.474709
G1 X118.433 Y77.363 E.00203
;WIDTH:0.521257
G1 X118.469 Y77.428 E.00227
;WIDTH:0.567806
G1 X118.505 Y77.493 E.00248
;WIDTH:0.614354
G1 X118.541 Y77.557 E.00267
M204 S1000
;WIPE_START
G1 F8640
G1 X118.505 Y77.493 E-.01696
G1 X118.469 Y77.428 E-.01716
G1 X118.433 Y77.363 E-.01716
G1 X118.397 Y77.299 E-.01696
G1 X118.211 Y77.087 E-.06512
G1 X117.575 Y76.929 E-.15132
G1 X117.673 Y76.855 E-.02836
G1 X117.914 Y76.801 E-.05703
G1 X118.067 Y76.89 E-.04087
G1 X118.158 Y77.011 E-.03496
G1 X118.103 Y76.844 E-.0406
G1 X118.047 Y76.676 E-.04089
G1 X118.046 Y76.383 E-.06765
G1 X117.367 Y76.383 E-.15678
G1 X117.38 Y76.591 E-.04818
;WIPE_END
G1 Z3 F720
G1 X117.373 Y89.651 F10800
G1 Z2.6 F720
G1 E.8 F2100
M204 S2000
;WIDTH:0.519172
G1 F3000
G1 X117.373 Y82.016 E.23187
M204 S1000
;WIPE_START
G1 F8640
G1 X117.373 Y85.481 E-.8
;WIPE_END
G1 Z3 F720
G1 X117.716 Y94.361 F10800
G1 Z2.6 F720
G1 E.8 F2100
M204 S2000
;WIDTH:0.374008
G1 F3000
G1 X117.712 Y94.48 E.00254
;WIDTH:0.407382
G1 X117.628 Y94.668 E.00482
;WIDTH:0.449999
G1 X117.545 Y94.855 E.00533
G1 X118.079 Y94.855 E.01391
G1 X118.11 Y94.369 E.01269
G1 X118.307 Y93.981 E.01134
G1 X117.337 Y93.981 E.02527
G1 X117.336 Y94.855 E.02277
M204 S1000
;LAYER_CHANGE
;Z:2.75
;HEIGHT:0.15
;BEFORE_LAYER_CHANGE
G92 E0.0
;2.75


;WIPE_START
G1 F8640
G1 X117.337 Y93.981 E-.20181
G1 X118.307 Y93.981 E-.22398
G1 X118.11 Y94.369 E-.10048
G1 X118.079 Y94.855 E-.11245
G1 X117.545 Y94.855 E-.1233
G1 X117.612 Y94.704 E-.03798
;WIPE_END
G1 Z2.75 F720
;AFTER_LAYER_CHANGE
;2.75
G1 Z3.15
; stop printing object pieds_clavier_cherry.stl id:0 copy 0
; printing object pieds_clavier_cherry.stl id:1 copy 0
G1 X134.283 Y141.584 F10800
G1 Z2.75 F720
G1 E.8 F2100
M204 S800
;TYPE:Perimeter
G1 F3000
G1 X134.228 Y141.513 E.00234
;WIDTH:0.497082
G1 X134.134 Y141.458 E.00316
;WIDTH:0.544164
G1 X134.04 Y141.404 E.00346
;WIDTH:0.591246
G1 X133.946 Y141.349 E.0038
;WIDTH:0.638328
G1 X133.852 Y141.294 E.00412
G1 X122.716 Y141.294 E.42095
G1 F2230.716
G1 X122.55 Y141.317 E.00633
;WIDTH:0.591245
G1 F2238.262
G1 X122.384 Y141.341 E.00585
;WIDTH:0.544163
G1 F2247.065
G1 X122.218 Y141.364 E.00535
;WIDTH:0.497081
G1 F2257.469
G1 X122.052 Y141.388 E.00486
;WIDTH:0.449999
G1 F1862.028
G1 X120.558 Y141.388 E.03893
G1 F1459.047
G1 X120.558 Y139.344 E.05326
G1 F1874.781
G1 X122.09 Y139.344 E.03992
G1 F2334.437
G1 X122.09 Y139.967 E.01623
G1 F2348.595
G1 X122.144 Y140.222 E.00679
G1 F2413.675
G1 X122.348 Y140.474 E.00845
;WIDTH:0.497081
G1 F2381.267
G1 X122.44 Y140.527 E.00308
;WIDTH:0.544163
G1 F2329.69
G1 X122.532 Y140.581 E.00341
;WIDTH:0.591245
G1 F2284.731
G1 X122.624 Y140.634 E.0037
;WIDTH:0.638327
G1 F2245.251
G1 X122.716 Y140.688 E.00403
G1 F3000
G1 X133.852 Y140.688 E.42094
G1 X134.023 Y140.664 E.00653
;WIDTH:0.591246
G1 X134.194 Y140.641 E.00602
;WIDTH:0.544164
G1 X134.364 Y140.617 E.00548
;WIDTH:0.497082
G1 X134.535 Y140.594 E.005
;WIDTH:0.449999
G1 X142.267 Y140.594 E.20146
G1 X142.267 Y157.308 E.4355
G1 X134.646 Y157.308 E.19857
G1 X133.852 Y157.329 E.0207
;WIDTH:0.408245
G1 X122.716 Y157.329 E.26116
;WIDTH:0.41426
G1 F2681.883
G1 X122.611 Y157.335 E.00251
;WIDTH:0.449999
G1 F2499.345
G1 X122.257 Y157.509 E.01028
G1 F2375.405
G1 X122.095 Y157.85 E.00984
G1 F2332.288
G1 X122.09 Y158.558 E.01845
G1 F1868.431
G1 X120.558 Y158.558 E.03992
G1 F1457.121
G1 X120.558 Y156.974 E.04127
G1 F1845.869
G1 X122.023 Y156.974 E.03817
G1 F2467.103
G1 X122.716 Y156.953 E.01806
;WIDTH:0.408245
G1 F3000
G1 X133.852 Y156.953 E.26116
;WIDTH:0.41426
G1 X133.957 Y156.947 E.00251
;WIDTH:0.449999
G1 X134.354 Y156.723 E.01188
G1 X134.479 Y156.347 E.01032
G1 X134.479 Y154.015 E.06076
G1 X134.447 Y153.817 E.00523
G1 X134.343 Y153.625 E.00569
G1 X134.133 Y153.454 E.00706
G1 X133.852 Y153.388 E.00752
G1 X120.558 Y153.388 E.34638
G1 F1522.389
G1 X120.558 Y144.974 E.21923
G1 F3000
G1 X133.852 Y144.974 E.34638
G1 X134.051 Y144.941 E.00526
G1 X134.269 Y144.815 E.00656
G1 X134.436 Y144.575 E.00762
G1 X134.479 Y144.347 E.00605
G1 X134.479 Y142.015 E.06076
G1 X134.431 Y141.774 E.0064
G1 X134.32 Y141.632 E.0047
M204 S1000
G1 X133.993 Y141.879 F10800
M204 S800
;TYPE:External perimeter
G1 F2400
G1 X133.978 Y141.848 E.0009
G1 X133.852 Y141.806 E.00346
G1 F2399.995
G1 X120.858 Y141.806 E.33857
G1 F1441.766
G1 X120.14 Y141.806 E.01871
G1 F1385.683
G1 X120.141 Y138.926 E.07504
G1 F1724.834
G1 X122.507 Y138.926 E.06165
G1 F2080.131
G1 X122.508 Y139.967 E.02712
G1 X122.594 Y140.136 E.00494
G1 F2158.113
G1 X122.716 Y140.176 E.00335
G1 F2245.549
G1 X123.391 Y140.176 E.01759
G1 F2399.995
G1 X142.684 Y140.176 E.50269
G1 X142.684 Y140.851 E.01759
G1 F2400
G1 X142.684 Y157.051 E.4221
G1 F2399.995
G1 X142.684 Y157.726 E.01759
G1 X123.391 Y157.726 E.50269
G1 F2244.692
G1 X122.716 Y157.726 E.01759
G1 F2153.014
G1 X122.563 Y157.793 E.00435
G1 F2080.016
G1 X122.508 Y157.935 E.00397
G1 X122.507 Y158.976 E.02712
G1 F1721.018
G1 X120.141 Y158.976 E.06165
G1 F1383.342
G1 X120.14 Y156.556 E.06305
G1 F1439.747
G1 X120.858 Y156.556 E.01871
G1 F2399.995
G1 X133.852 Y156.556 E.33857
G1 F2400
M73 P73 R6
G1 X134.019 Y156.472 E.00487
G1 X134.061 Y156.347 E.00344
G1 X134.061 Y154.015 E.06076
G1 X133.993 Y153.86 E.00441
G1 X133.852 Y153.806 E.00393
G1 F2399.995
G1 X120.859 Y153.806 E.33854
G1 F1449.156
G1 X120.14 Y153.806 E.01873
G1 F1440.889
G1 X120.14 Y144.556 E.24102
G1 F1480.369
G1 X120.859 Y144.556 E.01873
G1 F2400
G1 X133.852 Y144.556 E.33854
G1 X133.991 Y144.503 E.00388
G1 X134.061 Y144.347 E.00446
G1 X134.061 Y142.015 E.06076
G1 X134.02 Y141.932 E.00241
M204 S1000
;WIPE_START
G1 F8640
G1 X133.993 Y141.879 E-.01373
G1 X133.978 Y141.848 E-.00795
G1 X133.852 Y141.806 E-.03067
G1 X130.614 Y141.806 E-.74765
;WIPE_END
G1 Z3.15 F720
G1 X134.912 Y140.949 F10800
G1 Z2.75 F720
G1 E.8 F2100
M204 S2000
;TYPE:Solid infill
G1 F3000
G1 X134.528 Y141.333 E.01415
;WIDTH:0.465506
G1 X134.22 Y141.001 E.01224
G1 X134.168 Y141.015 E.00146
G1 X134.154 Y141.067 E.00146
G1 X134.192 Y141.105 E.00145
G1 X134.244 Y141.091 E.00146
;WIDTH:0.449999
G1 X134.77 Y141.681 E.0206
G1 X135.503 Y140.949 E.02699
G1 X136.094 Y140.949 E.0154
G1 X134.833 Y142.209 E.04645
G1 X134.83 Y142.803 E.01548
G1 X136.685 Y140.949 E.06834
G1 X137.276 Y140.949 E.0154
G1 X134.827 Y143.397 E.09022
G1 X134.824 Y143.991 E.01548
G1 X137.866 Y140.949 E.11209
M204 S1000
;WIPE_START
G1 F8640
G1 X135.416 Y143.399 E-.8
;WIPE_END
G1 Z3.15 F720
G1 X122.17 Y145.376 F10800
G1 Z2.75 F720
G1 E.8 F2100
M204 S2000
;WIDTH:0.579008
G1 F3000
G1 X122.122 Y145.327 E.00234
G1 X122.056 Y145.345 E.00233
G1 X122.038 Y145.411 E.00233
G1 X122.086 Y145.459 E.00231
G1 X122.152 Y145.442 E.00232
;WIDTH:0.449999
G1 X122.04 Y146.14 E.01842
G1 X122.851 Y145.329 E.02988
G1 X123.442 Y145.329 E.0154
G1 X122.04 Y146.731 E.05166
G1 X122.04 Y147.322 E.0154
G1 X124.032 Y145.329 E.07342
G1 X124.623 Y145.329 E.0154
G1 X122.04 Y147.912 E.09518
G1 X122.04 Y148.503 E.0154
G1 X125.214 Y145.329 E.11696
G1 X125.805 Y145.329 E.0154
G1 X122.04 Y149.094 E.13873
G1 X122.04 Y149.685 E.0154
G1 X126.396 Y145.329 E.16051
G1 X126.987 Y145.329 E.0154
G1 X122.04 Y150.276 E.18229
G1 X122.04 Y150.867 E.0154
G1 X127.578 Y145.329 E.20407
G1 X128.169 Y145.329 E.0154
G1 X122.04 Y151.458 E.22584
G1 X122.04 Y152.049 E.0154
G1 X128.759 Y145.329 E.2476
G1 X129.35 Y145.329 E.0154
G1 X122.04 Y152.639 E.26936
G1 X121.971 Y153.163 E.01377
;WIDTH:0.37219
G1 X121.93 Y153.174 E.0009
G1 X121.911 Y153.103 E.00156
G1 X121.982 Y153.122 E.00156
;WIDTH:0.411095
G1 X122.109 Y153.078 E.00318
;WIDTH:0.449999
G1 X122.236 Y153.034 E.0035
G1 X129.941 Y145.329 E.28392
G1 X130.532 Y145.329 E.0154
G1 X122.826 Y153.035 E.28395
G1 X123.417 Y153.035 E.0154
G1 X131.123 Y145.329 E.28395
G1 X131.714 Y145.329 E.0154
G1 X124.007 Y153.036 E.28399
G1 X124.597 Y153.036 E.01537
G1 X132.305 Y145.329 E.28401
G1 X132.896 Y145.329 E.0154
G1 X125.188 Y153.037 E.28403
G1 X125.778 Y153.037 E.01537
G1 X133.486 Y145.329 E.28403
G1 X134.119 Y145.287 E.01653
G1 X126.368 Y153.038 E.28561
M204 S1000
;WIPE_START
G1 F8640
G1 X128.818 Y150.588 E-.8
;WIPE_END
G1 Z3.15 F720
G1 X134.414 Y145.073 F10800
G1 Z2.75 F720
G1 E.8 F2100
M204 S2000
;WIDTH:0.37219
G1 F3000
G1 X134.58 Y144.908 E.00496
;WIDTH:0.411095
G1 X134.687 Y144.761 E.0043
;WIDTH:0.449999
G1 X134.793 Y144.613 E.00474
G1 X138.457 Y140.949 E.13501
G1 X139.25 Y140.759 E.02125
;WIDTH:0.37219
G1 X139.179 Y140.74 E.00156
G1 X139.198 Y140.811 E.00156
G1 X139.239 Y140.8 E.0009
;WIDTH:0.411095
G1 X139.143 Y140.875 E.00288
;WIDTH:0.449999
G1 X139.048 Y140.949 E.00314
G1 X126.959 Y153.038 E.44546
G1 X127.549 Y153.039 E.01537
G1 X139.639 Y140.949 E.4455
G1 X140.23 Y140.949 E.0154
G1 X128.139 Y153.039 E.44551
G1 X128.73 Y153.04 E.0154
G1 X140.821 Y140.949 E.44553
G1 X141.412 Y140.949 E.0154
G1 X129.32 Y153.04 E.44555
G1 X129.91 Y153.041 E.01537
G1 X141.994 Y140.942 E.44555
;WIDTH:0.411095
G1 X142.076 Y140.844 E.00302
;WIDTH:0.37219
G1 X142.035 Y140.855 E.0009
G1 X142.016 Y140.784 E.00156
G1 X142.087 Y140.803 E.00156
M204 S1000
G1 X141.911 Y141.631 F10800
M204 S2000
;WIDTH:0.449999
G1 F3000
G1 X130.501 Y153.041 E.42044
G1 X131.091 Y153.042 E.01537
G1 X141.911 Y142.222 E.3987
G1 X141.911 Y142.812 E.01537
G1 X131.682 Y153.042 E.37694
G1 X132.272 Y153.043 E.01537
G1 X141.911 Y143.403 E.3552
G1 X141.911 Y143.994 E.0154
G1 X132.862 Y153.043 E.33344
G1 X133.453 Y153.044 E.0154
G1 X141.911 Y144.585 E.31168
G1 X141.911 Y145.176 E.0154
G1 X134.036 Y153.051 E.29018
G1 X134.442 Y153.237 E.01164
G1 X141.911 Y145.767 E.27524
G1 X141.911 Y146.358 E.0154
G1 X134.718 Y153.551 E.26505
G1 X134.834 Y154.026 E.01274
G1 X141.911 Y146.949 E.26078
G1 X141.911 Y147.539 E.01537
G1 X134.834 Y154.617 E.26079
G1 X134.834 Y155.208 E.0154
G1 X141.911 Y148.13 E.26079
G1 X141.911 Y148.721 E.0154
G1 X134.834 Y155.799 E.26079
G1 X134.825 Y156.399 E.01564
G1 X141.911 Y149.312 E.26113
G1 X141.911 Y149.903 E.0154
G1 X134.862 Y156.953 E.25976
G1 X134.716 Y156.957 E.00381
;WIDTH:0.417538
G1 X134.571 Y156.962 E.00349
;WIDTH:0.385076
G1 X134.497 Y156.942 E.00169
G1 X134.517 Y157.016 E.00169
G1 X134.56 Y157.005 E.00098
M204 S1000
G1 X135.452 Y156.953 F10800
M204 S2000
;WIDTH:0.449999
G1 F3000
G1 X141.911 Y150.494 E.238
G1 X141.911 Y151.085 E.0154
G1 X136.043 Y156.953 E.21623
G1 X136.634 Y156.953 E.0154
M73 P74 R6
G1 X141.911 Y151.676 E.19445
G1 X141.911 Y152.266 E.01537
G1 X137.225 Y156.953 E.17269
G1 X137.816 Y156.953 E.0154
G1 X141.911 Y152.857 E.15091
G1 X141.911 Y153.448 E.0154
G1 X138.407 Y156.953 E.12914
G1 X138.998 Y156.953 E.0154
G1 X141.911 Y154.039 E.10736
G1 X141.911 Y154.63 E.0154
G1 X139.588 Y156.953 E.0856
G1 X140.05 Y157.162 E.01321
;WIDTH:0.385076
G1 X140.008 Y157.174 E.00096
G1 X139.988 Y157.1 E.00169
G1 X140.062 Y157.12 E.00169
;WIDTH:0.417538
G1 X140.12 Y157.036 E.00245
;WIDTH:0.449999
G1 X140.179 Y156.953 E.00265
G1 X141.911 Y155.221 E.06382
G1 X141.849 Y155.963 E.0194
;WIDTH:0.57533
G1 X141.849 Y156.89 E.0314
G1 X140.922 Y156.89 E.0314
G1 X141.701 Y156.111 E.03732
M204 S1000
;WIPE_START
G1 F8640
G1 X140.922 Y156.89 E-.25438
G1 X141.849 Y156.89 E-.21405
G1 X141.849 Y155.963 E-.21405
G1 X141.892 Y155.456 E-.11752
;WIPE_END
G1 Z3.15 F720
G1 X121.878 Y157.501 F10800
G1 Z2.75 F720
G1 E.8 F2100
M204 S2000
;TYPE:Internal infill
;WIDTH:0.45
G1 F3600
G1 X121.706 Y157.329 E.00634
M204 S1000
;WIPE_START
G1 F8640
G1 X121.878 Y157.501 E-.05617
;WIPE_END
G1 E-.74383 F2100
G1 Z3.15 F720
G1 X121.622 Y152.655 F10800
G1 Z2.75 F720
G1 E.8 F2100
M204 S2000
G1 F3600
G1 X121.622 Y150.155 E.06514
G1 X121.299 Y149.832 E.0119
G1 X121.299 Y148.6 E.0321
G1 X121.622 Y148.514 E.00871
G1 X121.622 Y146.014 E.06514
M204 S1000
;WIPE_START
G1 F8640
G1 X121.622 Y148.514 E-.57726
G1 X121.299 Y148.6 E-.07718
G1 X121.299 Y149.23 E-.14556
;WIPE_END
G1 Z3.15 F720
G1 X120.897 Y145.313 F10800
G1 Z2.75 F720
G1 E.8 F2100
M204 S2000
;TYPE:Solid infill
;WIDTH:0.41847
G1 F3000
G1 X120.897 Y153.049 E.18636
M204 S1000
;WIPE_START
G1 F8640
G1 X120.897 Y149.584 E-.8
;WIPE_END
G1 Z3.15 F720
G1 X121.576 Y141.033 F10800
G1 Z2.75 F720
G1 E.8 F2100
M204 S2000
;TYPE:Internal infill
;WIDTH:0.45
G1 F3600
G1 X121.785 Y140.255 E.02099
M204 S1000
;WIPE_START
G1 F8640
G1 X121.576 Y141.033 E-.18601
;WIPE_END
G1 E-.61399 F2100
G1 Z3.15 F720
; stop printing object pieds_clavier_cherry.stl id:1 copy 0
; printing object pieds_clavier_cherry.stl id:2 copy 0
G1 X131.852 Y108.749 F10800
G1 Z2.75 F720
G1 E.8 F2100
M204 S800
;TYPE:Perimeter
;WIDTH:0.449999
G1 F3000
G1 X131.797 Y108.678 E.00234
;WIDTH:0.497082
G1 X131.703 Y108.623 E.00316
;WIDTH:0.544164
G1 X131.609 Y108.568 E.00348
;WIDTH:0.591246
G1 X131.515 Y108.513 E.0038
;WIDTH:0.638328
G1 X131.421 Y108.458 E.00412
G1 X120.285 Y108.458 E.42095
G1 F2230.716
G1 X120.119 Y108.482 E.00634
;WIDTH:0.591245
G1 F2238.262
G1 X119.953 Y108.505 E.00584
;WIDTH:0.544163
G1 F2247.065
G1 X119.786 Y108.529 E.00539
;WIDTH:0.497081
G1 F2257.469
G1 X119.62 Y108.552 E.00486
;WIDTH:0.449999
G1 F1862.028
G1 X118.126 Y108.552 E.03893
G1 F1459.047
G1 X118.127 Y106.508 E.05326
G1 F1874.781
G1 X119.658 Y106.508 E.03989
G1 F2334.437
G1 X119.658 Y107.131 E.01623
G1 F2348.595
G1 X119.712 Y107.386 E.00679
G1 F2413.675
G1 X119.917 Y107.638 E.00846
;WIDTH:0.497081
G1 F2381.267
G1 X120.009 Y107.692 E.00309
;WIDTH:0.544163
G1 F2329.69
G1 X120.101 Y107.745 E.00339
;WIDTH:0.591245
G1 F2284.731
G1 X120.193 Y107.799 E.00372
;WIDTH:0.638327
G1 F2245.251
G1 X120.285 Y107.852 E.00401
G1 F3000
G1 X131.421 Y107.852 E.42094
G1 X131.591 Y107.829 E.00648
;WIDTH:0.591246
G1 X131.762 Y107.805 E.00602
;WIDTH:0.544164
G1 X131.933 Y107.781 E.00551
;WIDTH:0.497082
G1 X132.103 Y107.758 E.00497
;WIDTH:0.449999
G1 X139.835 Y107.758 E.20146
G1 X139.835 Y124.472 E.4355
G1 X132.215 Y124.472 E.19854
G1 X131.421 Y124.493 E.0207
;WIDTH:0.408245
G1 X120.285 Y124.493 E.26116
;WIDTH:0.41426
G1 F2681.883
G1 X120.18 Y124.499 E.00251
;WIDTH:0.449999
G1 F2499.345
G1 X119.825 Y124.673 E.0103
G1 F2375.405
G1 X119.664 Y125.014 E.00983
G1 F2332.288
G1 X119.658 Y125.722 E.01845
G1 F1868.431
G1 X118.127 Y125.722 E.03989
G1 F1457.121
G1 X118.126 Y124.138 E.04127
G1 F1845.869
G1 X119.592 Y124.138 E.0382
G1 F2467.103
G1 X120.285 Y124.117 E.01806
;WIDTH:0.408245
G1 F3000
G1 X131.421 Y124.117 E.26116
;WIDTH:0.41426
G1 X131.526 Y124.111 E.00251
;WIDTH:0.449999
G1 X131.922 Y123.887 E.01185
G1 X132.047 Y123.511 E.01032
G1 X132.047 Y121.179 E.06076
G1 X132.015 Y120.981 E.00523
G1 X131.912 Y120.79 E.00565
G1 X131.701 Y120.619 E.00708
G1 X131.421 Y120.552 E.0075
G1 X118.126 Y120.552 E.34641
G1 F1522.389
G1 X118.126 Y112.138 E.21923
G1 F3000
G1 X131.421 Y112.138 E.34641
G1 X131.619 Y112.106 E.00523
G1 X131.838 Y111.979 E.0066
G1 X132.004 Y111.74 E.00758
G1 X132.047 Y111.511 E.00607
G1 X132.047 Y109.179 E.06076
G1 X131.999 Y108.938 E.0064
G1 X131.889 Y108.796 E.00468
M204 S1000
G1 X131.562 Y109.043 F10800
M204 S800
;TYPE:External perimeter
G1 F2400
G1 X131.546 Y109.012 E.00091
G1 X131.421 Y108.97 E.00344
G1 F2399.995
G1 X118.427 Y108.97 E.33857
G1 F1441.766
G1 X117.708 Y108.97 E.01873
G1 F1385.683
G1 X117.709 Y106.09 E.07504
G1 F1724.834
G1 X120.076 Y106.09 E.06167
G1 F2080.131
G1 X120.076 Y107.131 E.02712
G1 X120.162 Y107.3 E.00494
G1 F2158.113
G1 X120.285 Y107.34 E.00337
G1 F2245.549
G1 X120.96 Y107.34 E.01759
G1 F2399.995
G1 X140.253 Y107.34 E.50269
G1 X140.253 Y108.015 E.01759
G1 F2400
G1 X140.253 Y124.215 E.4221
G1 F2399.995
G1 X140.253 Y124.89 E.01759
G1 X120.96 Y124.89 E.50269
G1 F2244.692
G1 X120.285 Y124.89 E.01759
G1 F2153.014
G1 X120.132 Y124.957 E.00435
G1 F2080.016
G1 X120.076 Y125.099 E.00398
G1 X120.076 Y126.14 E.02712
G1 F1721.018
G1 X117.709 Y126.14 E.06167
G1 F1383.342
G1 X117.708 Y123.72 E.06305
G1 F1439.747
M73 P74 R5
G1 X118.427 Y123.72 E.01873
G1 F2399.995
G1 X131.421 Y123.72 E.33857
G1 F2400
G1 X131.588 Y123.637 E.00486
G1 X131.63 Y123.511 E.00346
G1 X131.63 Y121.179 E.06076
G1 X131.562 Y121.025 E.00439
G1 X131.421 Y120.97 E.00394
G1 F2399.995
G1 X118.427 Y120.97 E.33857
G1 F1449.156
G1 X117.708 Y120.97 E.01873
G1 F1440.889
G1 X117.708 Y111.72 E.24102
G1 F1480.369
G1 X118.427 Y111.72 E.01873
G1 F2400
G1 X131.421 Y111.72 E.33857
G1 X131.56 Y111.667 E.00388
G1 X131.63 Y111.511 E.00446
G1 X131.63 Y109.179 E.06076
G1 X131.588 Y109.097 E.0024
M204 S1000
;WIPE_START
G1 F8640
G1 X131.562 Y109.043 E-.01384
G1 X131.546 Y109.012 E-.00806
G1 X131.421 Y108.97 E-.03045
G1 X128.183 Y108.97 E-.74765
;WIPE_END
G1 Z3.15 F720
G1 X132.481 Y108.113 F10800
G1 Z2.75 F720
G1 E.8 F2100
M204 S2000
;TYPE:Solid infill
G1 F3000
G1 X132.097 Y108.497 E.01415
;WIDTH:0.465506
G1 X131.789 Y108.165 E.01224
G1 X131.736 Y108.179 E.00148
G1 X131.722 Y108.231 E.00146
G1 X131.761 Y108.27 E.00149
G1 X131.813 Y108.256 E.00146
;WIDTH:0.449999
G1 X132.339 Y108.846 E.0206
G1 X133.072 Y108.113 E.02701
G1 X133.662 Y108.113 E.01537
G1 X132.402 Y109.374 E.04645
G1 X132.399 Y109.968 E.01548
G1 X134.253 Y108.113 E.06834
G1 X134.844 Y108.113 E.0154
G1 X132.396 Y110.562 E.09022
G1 X132.393 Y111.155 E.01545
G1 X135.435 Y108.113 E.11209
M204 S1000
;WIPE_START
G1 F8640
G1 X132.985 Y110.563 E-.8
;WIPE_END
G1 Z3.15 F720
G1 X119.739 Y112.54 F10800
G1 Z2.75 F720
G1 E.8 F2100
M204 S2000
;WIDTH:0.579008
G1 F3000
G1 X119.69 Y112.492 E.00234
G1 X119.624 Y112.509 E.00232
G1 X119.607 Y112.575 E.00232
G1 X119.655 Y112.624 E.00234
G1 X119.721 Y112.606 E.00233
;WIDTH:0.449999
G1 X119.608 Y113.304 E.01842
G1 X120.419 Y112.493 E.02988
G1 X121.01 Y112.493 E.0154
G1 X119.608 Y113.895 E.05166
G1 X119.608 Y114.486 E.0154
G1 X121.601 Y112.493 E.07344
G1 X122.192 Y112.493 E.0154
G1 X119.608 Y115.077 E.09522
G1 X119.608 Y115.668 E.0154
G1 X122.783 Y112.493 E.11699
G1 X123.374 Y112.493 E.0154
G1 X119.608 Y116.259 E.13877
G1 X119.608 Y116.849 E.01537
G1 X123.964 Y112.493 E.16051
G1 X124.555 Y112.493 E.0154
G1 X119.608 Y117.44 E.18229
G1 X119.608 Y118.031 E.0154
G1 X125.146 Y112.493 E.20407
G1 X125.737 Y112.493 E.0154
G1 X119.608 Y118.622 E.22584
G1 X119.608 Y119.213 E.0154
M73 P75 R5
G1 X126.328 Y112.493 E.24762
G1 X126.919 Y112.493 E.0154
G1 X119.608 Y119.804 E.2694
G1 X119.539 Y120.327 E.01375
;WIDTH:0.37219
G1 X119.498 Y120.338 E.0009
G1 X119.479 Y120.267 E.00156
G1 X119.55 Y120.286 E.00156
;WIDTH:0.411095
G1 X119.677 Y120.242 E.00318
;WIDTH:0.449999
G1 X119.804 Y120.199 E.00349
G1 X127.51 Y112.493 E.28395
G1 X128.101 Y112.493 E.0154
G1 X120.395 Y120.199 E.28395
G1 X120.985 Y120.2 E.01537
G1 X128.691 Y112.493 E.28397
G1 X129.282 Y112.493 E.0154
G1 X121.575 Y120.2 E.28399
G1 X122.166 Y120.201 E.0154
G1 X129.873 Y112.493 E.28401
G1 X130.464 Y112.493 E.0154
G1 X122.756 Y120.201 E.28403
G1 X123.346 Y120.202 E.01537
G1 X131.055 Y112.493 E.28406
G1 X131.687 Y112.452 E.0165
G1 X123.937 Y120.202 E.28557
M204 S1000
;WIPE_START
G1 F8640
G1 X126.387 Y117.752 E-.8
;WIPE_END
G1 Z3.15 F720
G1 X131.983 Y112.238 F10800
G1 Z2.75 F720
G1 E.8 F2100
M204 S2000
;WIDTH:0.37219
G1 F3000
G1 X132.149 Y112.073 E.00496
;WIDTH:0.411095
G1 X132.255 Y111.925 E.0043
;WIDTH:0.449999
G1 X132.362 Y111.777 E.00476
G1 X136.026 Y108.113 E.13501
G1 X136.818 Y107.924 E.02122
;WIDTH:0.37219
G1 X136.747 Y107.905 E.00156
G1 X136.766 Y107.976 E.00156
G1 X136.807 Y107.965 E.0009
;WIDTH:0.411095
G1 X136.712 Y108.039 E.00285
;WIDTH:0.449999
G1 X136.617 Y108.113 E.00314
G1 X124.527 Y120.203 E.4455
G1 X125.118 Y120.203 E.0154
G1 X137.208 Y108.113 E.4455
G1 X137.798 Y108.113 E.01537
G1 X125.708 Y120.204 E.44551
G1 X126.298 Y120.204 E.01537
G1 X138.389 Y108.113 E.44553
G1 X138.98 Y108.113 E.0154
G1 X126.889 Y120.205 E.44555
G1 X127.479 Y120.205 E.01537
G1 X139.562 Y108.106 E.44553
;WIDTH:0.411095
G1 X139.645 Y108.009 E.00302
;WIDTH:0.37219
G1 X139.603 Y108.02 E.00092
G1 X139.584 Y107.948 E.00158
G1 X139.656 Y107.968 E.00158
M204 S1000
G1 X139.48 Y108.795 F10800
M204 S2000
;WIDTH:0.449999
G1 F3000
G1 X128.069 Y120.206 E.42048
G1 X128.66 Y120.206 E.0154
G1 X139.48 Y109.386 E.3987
G1 X139.48 Y109.977 E.0154
G1 X129.25 Y120.207 E.37696
G1 X129.84 Y120.207 E.01537
G1 X139.48 Y110.568 E.3552
G1 X139.48 Y111.159 E.0154
G1 X130.431 Y120.208 E.33344
G1 X131.021 Y120.208 E.01537
G1 X139.48 Y111.749 E.3117
G1 X139.48 Y112.34 E.0154
G1 X131.605 Y120.216 E.2902
G1 X132.01 Y120.401 E.0116
G1 X139.48 Y112.931 E.27526
G1 X139.48 Y113.522 E.0154
G1 X132.286 Y120.716 E.26509
G1 X132.403 Y121.19 E.01272
G1 X139.48 Y114.113 E.26078
G1 X139.48 Y114.704 E.0154
G1 X132.403 Y121.781 E.26078
G1 X132.403 Y122.372 E.0154
G1 X139.48 Y115.295 E.26078
G1 X139.48 Y115.886 E.0154
G1 X132.403 Y122.963 E.26078
G1 X132.393 Y123.563 E.01564
G1 X139.48 Y116.476 E.26114
G1 X139.48 Y117.067 E.0154
G1 X132.43 Y124.117 E.25978
G1 X132.285 Y124.122 E.00378
;WIDTH:0.417538
G1 X132.14 Y124.126 E.00349
;WIDTH:0.385076
G1 X132.066 Y124.107 E.00168
G1 X132.086 Y124.18 E.00167
G1 X132.128 Y124.169 E.00096
M204 S1000
G1 X133.021 Y124.117 F10800
M204 S2000
;WIDTH:0.449999
G1 F3000
G1 X139.48 Y117.658 E.238
G1 X139.48 Y118.249 E.0154
G1 X133.612 Y124.117 E.21623
G1 X134.203 Y124.117 E.0154
G1 X139.48 Y118.84 E.19445
G1 X139.48 Y119.431 E.0154
G1 X134.794 Y124.117 E.17267
G1 X135.384 Y124.117 E.01537
G1 X139.48 Y120.022 E.15091
G1 X139.48 Y120.613 E.0154
G1 X135.975 Y124.117 E.12914
G1 X136.566 Y124.117 E.0154
G1 X139.48 Y121.203 E.10738
G1 X139.48 Y121.794 E.0154
G1 X137.157 Y124.117 E.0856
G1 X137.619 Y124.327 E.01322
;WIDTH:0.385076
G1 X137.576 Y124.338 E.00098
G1 X137.556 Y124.264 E.00169
G1 X137.63 Y124.284 E.00169
;WIDTH:0.417538
G1 X137.689 Y124.201 E.00245
;WIDTH:0.449999
G1 X137.748 Y124.117 E.00267
G1 X139.48 Y122.385 E.06382
G1 X139.417 Y123.127 E.0194
;WIDTH:0.57533
G1 X139.417 Y124.055 E.03143
G1 X138.49 Y124.055 E.0314
G1 X139.27 Y123.275 E.03736
M204 S1000
;WIPE_START
G1 F8640
G1 X138.49 Y124.055 E-.25471
G1 X139.417 Y124.055 E-.21405
G1 X139.417 Y123.127 E-.21428
G1 X139.46 Y122.622 E-.11696
;WIPE_END
G1 Z3.15 F720
G1 X119.447 Y124.666 F10800
G1 Z2.75 F720
G1 E.8 F2100
M204 S2000
;TYPE:Internal infill
;WIDTH:0.45
G1 F3600
G1 X119.274 Y124.493 E.00637
M204 S1000
;WIPE_START
G1 F8640
G1 X119.447 Y124.666 E-.05649
;WIPE_END
G1 E-.74351 F2100
G1 Z3.15 F720
G1 X119.19 Y119.819 F10800
G1 Z2.75 F720
G1 E.8 F2100
M204 S2000
G1 F3600
G1 X119.19 Y117.319 E.06514
G1 X118.867 Y116.996 E.0119
G1 X118.867 Y115.765 E.03207
G1 X119.19 Y115.678 E.00872
G1 X119.19 Y113.178 E.06514
M204 S1000
;WIPE_START
G1 F8640
G1 X119.19 Y115.678 E-.57726
G1 X118.867 Y115.765 E-.07724
G1 X118.867 Y116.395 E-.1455
;WIPE_END
G1 Z3.15 F720
G1 X118.465 Y112.477 F10800
G1 Z2.75 F720
G1 E.8 F2100
M204 S2000
;TYPE:Solid infill
;WIDTH:0.41847
G1 F3000
G1 X118.465 Y120.213 E.18636
M204 S1000
;WIPE_START
G1 F8640
G1 X118.465 Y116.748 E-.8
;WIPE_END
G1 Z3.15 F720
G1 X119.145 Y108.197 F10800
G1 Z2.75 F720
G1 E.8 F2100
M204 S2000
;TYPE:Internal infill
;WIDTH:0.45
G1 F3600
G1 X119.353 Y107.42 E.02096
M204 S1000
;WIPE_START
G1 F8640
G1 X119.145 Y108.197 E-.18573
;WIPE_END
G1 E-.61427 F2100
G1 Z3.15 F720
; stop printing object pieds_clavier_cherry.stl id:2 copy 0
; printing object pieds_clavier_cherry.stl id:0 copy 0
G1 X130.666 Y78.237 F10800
G1 Z2.75 F720
G1 E.8 F2100
M204 S800
;TYPE:Perimeter
;WIDTH:0.449999
G1 F3000
G1 X130.61 Y78.166 E.00236
;WIDTH:0.497082
G1 X130.516 Y78.111 E.00316
;WIDTH:0.544164
G1 X130.422 Y78.056 E.00348
;WIDTH:0.591246
G1 X130.328 Y78.001 E.0038
;WIDTH:0.638328
G1 X130.234 Y77.946 E.00412
G1 X119.099 Y77.946 E.42091
G1 F2230.716
M73 P76 R5
G1 X118.932 Y77.97 E.00638
;WIDTH:0.591245
G1 F2238.262
G1 X118.766 Y77.993 E.00584
;WIDTH:0.544163
G1 F2247.065
G1 X118.6 Y78.017 E.00536
;WIDTH:0.497081
G1 F2257.469
G1 X118.434 Y78.04 E.00486
;WIDTH:0.449999
G1 F1862.028
G1 X116.94 Y78.04 E.03893
G1 F1459.047
G1 X116.94 Y75.996 E.05326
G1 F1874.781
G1 X118.472 Y75.996 E.03992
G1 F2334.437
G1 X118.472 Y76.619 E.01623
G1 F2348.595
G1 X118.526 Y76.874 E.00679
G1 F2413.675
G1 X118.73 Y77.126 E.00845
;WIDTH:0.497081
G1 F2381.267
G1 X118.822 Y77.18 E.00309
;WIDTH:0.544163
G1 F2329.69
G1 X118.914 Y77.233 E.00339
;WIDTH:0.591245
G1 F2284.731
G1 X119.006 Y77.287 E.00372
;WIDTH:0.638327
G1 F2245.251
G1 X119.099 Y77.34 E.00405
G1 F3000
G1 X130.234 Y77.34 E.42091
G1 X130.405 Y77.317 E.00652
;WIDTH:0.591246
G1 X130.576 Y77.293 E.00602
;WIDTH:0.544164
G1 X130.746 Y77.27 E.00548
;WIDTH:0.497082
G1 X130.917 Y77.246 E.00501
;WIDTH:0.449999
G1 X138.649 Y77.246 E.20146
G1 X138.649 Y93.96 E.4355
G1 X131.028 Y93.96 E.19857
G1 X130.234 Y93.981 E.0207
;WIDTH:0.408245
G1 X119.099 Y93.981 E.26114
;WIDTH:0.41426
G1 F2681.883
G1 X118.993 Y93.987 E.00253
;WIDTH:0.449999
G1 F2499.345
G1 X118.639 Y94.161 E.01028
G1 F2375.405
G1 X118.478 Y94.503 E.00985
G1 F2332.288
G1 X118.472 Y95.21 E.01842
G1 F1868.431
G1 X116.94 Y95.21 E.03992
G1 F1457.121
G1 X116.94 Y93.626 E.04127
G1 F1845.869
G1 X118.405 Y93.626 E.03817
G1 F2467.103
G1 X119.099 Y93.605 E.01809
;WIDTH:0.408245
G1 F3000
G1 X130.234 Y93.605 E.26114
;WIDTH:0.41426
G1 X130.34 Y93.599 E.00253
;WIDTH:0.449999
G1 X130.736 Y93.375 E.01185
G1 X130.861 Y92.999 E.01032
G1 X130.861 Y90.667 E.06076
G1 X130.829 Y90.469 E.00523
G1 X130.725 Y90.278 E.00567
G1 X130.515 Y90.107 E.00706
G1 X130.234 Y90.04 E.00753
G1 X116.94 Y90.04 E.34638
G1 F1522.389
G1 X116.94 Y81.626 E.21923
G1 F3000
G1 X130.234 Y81.626 E.34638
G1 X130.433 Y81.594 E.00525
G1 X130.651 Y81.467 E.00657
G1 X130.818 Y81.228 E.0076
G1 X130.861 Y80.999 E.00607
G1 X130.861 Y78.667 E.06076
G1 X130.813 Y78.426 E.0064
G1 X130.702 Y78.284 E.0047
M204 S1000
G1 X130.375 Y78.531 F10800
M204 S800
;TYPE:External perimeter
G1 F2400
G1 X130.36 Y78.5 E.0009
G1 X130.234 Y78.458 E.00346
G1 F2399.995
G1 X117.241 Y78.458 E.33854
G1 F1441.766
G1 X116.522 Y78.458 E.01873
G1 F1385.683
G1 X116.523 Y75.578 E.07504
G1 F1724.834
G1 X118.889 Y75.578 E.06165
G1 F2080.131
G1 X118.89 Y76.619 E.02712
G1 X118.976 Y76.788 E.00494
G1 F2158.113
G1 X119.099 Y76.828 E.00337
G1 F2245.549
G1 X119.774 Y76.828 E.01759
G1 F2399.995
G1 X139.066 Y76.828 E.50267
G1 X139.066 Y77.503 E.01759
G1 F2400
G1 X139.066 Y93.703 E.4221
G1 F2399.995
G1 X139.066 Y94.378 E.01759
G1 X119.774 Y94.378 E.50267
G1 F2244.692
G1 X119.099 Y94.378 E.01759
G1 F2153.014
G1 X118.945 Y94.445 E.00438
G1 F2080.016
G1 X118.89 Y94.587 E.00397
G1 X118.889 Y95.628 E.02712
G1 F1721.018
G1 X116.523 Y95.628 E.06165
G1 F1383.342
G1 X116.522 Y93.208 E.06305
G1 F1439.747
G1 X117.241 Y93.208 E.01873
G1 F2399.995
G1 X130.234 Y93.208 E.33854
G1 F2400
G1 X130.401 Y93.125 E.00486
G1 X130.443 Y92.999 E.00346
G1 X130.443 Y90.667 E.06076
G1 X130.375 Y90.513 E.00439
G1 X130.234 Y90.458 E.00394
G1 F2399.995
G1 X117.241 Y90.458 E.33854
G1 F1449.156
G1 X116.522 Y90.458 E.01873
G1 F1440.889
G1 X116.522 Y81.208 E.24102
G1 F1480.369
G1 X117.241 Y81.208 E.01873
G1 F2400
G1 X130.234 Y81.208 E.33854
G1 X130.373 Y81.155 E.00388
G1 X130.443 Y80.999 E.00446
G1 X130.443 Y78.667 E.06076
G1 X130.402 Y78.585 E.00239
M204 S1000
;WIPE_START
G1 F8640
G1 X130.375 Y78.531 E-.01394
G1 X130.36 Y78.5 E-.00795
G1 X130.234 Y78.458 E-.03067
G1 X126.997 Y78.458 E-.74744
;WIPE_END
G1 Z3.15 F720
G1 X131.294 Y77.601 F10800
G1 Z2.75 F720
G1 E.8 F2100
M204 S2000
;TYPE:Solid infill
G1 F3000
G1 X130.91 Y77.985 E.01415
;WIDTH:0.465506
G1 X130.602 Y77.653 E.01224
G1 X130.55 Y77.667 E.00146
G1 X130.536 Y77.719 E.00146
G1 X130.574 Y77.758 E.00147
G1 X130.626 Y77.744 E.00146
;WIDTH:0.449999
G1 X131.152 Y78.334 E.0206
G1 X131.885 Y77.601 E.02701
G1 X132.476 Y77.601 E.0154
G1 X131.215 Y78.862 E.04647
G1 X131.212 Y79.456 E.01548
G1 X133.067 Y77.601 E.06835
G1 X133.658 Y77.601 E.0154
G1 X131.209 Y80.05 E.09024
G1 X131.206 Y80.644 E.01548
G1 X134.249 Y77.601 E.11213
M204 S1000
;WIPE_START
G1 F8640
G1 X131.799 Y80.051 E-.8
;WIPE_END
G1 Z3.15 F720
G1 X118.552 Y82.028 F10800
G1 Z2.75 F720
G1 E.8 F2100
M204 S2000
;WIDTH:0.579008
G1 F3000
G1 X118.504 Y81.98 E.00231
G1 X118.438 Y81.997 E.00232
G1 X118.42 Y82.063 E.00233
G1 X118.469 Y82.112 E.00236
G1 X118.535 Y82.094 E.00233
;WIDTH:0.449999
G1 X118.422 Y82.792 E.01842
G1 X119.233 Y81.981 E.02988
G1 X119.824 Y81.981 E.0154
G1 X118.422 Y83.383 E.05166
G1 X118.422 Y83.974 E.0154
G1 X120.415 Y81.981 E.07344
G1 X121.005 Y81.981 E.01537
G1 X118.422 Y84.565 E.0952
G1 X118.422 Y85.156 E.0154
G1 X121.596 Y81.981 E.11698
G1 X122.187 Y81.981 E.0154
G1 X118.422 Y85.747 E.13875
G1 X118.422 Y86.338 E.0154
G1 X122.778 Y81.981 E.16053
G1 X123.369 Y81.981 E.0154
G1 X118.422 Y86.928 E.18229
G1 X118.422 Y87.519 E.0154
G1 X123.96 Y81.981 E.20407
G1 X124.551 Y81.981 E.0154
G1 X118.422 Y88.11 E.22584
G1 X118.422 Y88.701 E.0154
G1 X125.142 Y81.981 E.24762
G1 X125.732 Y81.981 E.01537
G1 X118.422 Y89.292 E.26938
G1 X118.353 Y89.815 E.01375
;WIDTH:0.37219
G1 X118.312 Y89.826 E.0009
G1 X118.293 Y89.755 E.00156
G1 X118.364 Y89.774 E.00156
;WIDTH:0.411095
G1 X118.491 Y89.73 E.00318
;WIDTH:0.449999
G1 X118.618 Y89.687 E.00349
G1 X126.323 Y81.981 E.28393
G1 X126.914 Y81.981 E.0154
G1 X119.208 Y89.687 E.28395
G1 X119.799 Y89.688 E.0154
G1 X127.505 Y81.981 E.28397
G1 X128.096 Y81.981 E.0154
G1 X120.389 Y89.688 E.28399
G1 X120.979 Y89.689 E.01537
G1 X128.687 Y81.981 E.28403
G1 X129.278 Y81.981 E.0154
G1 X121.57 Y89.689 E.28403
G1 X122.16 Y89.69 E.01537
G1 X129.868 Y81.981 E.28405
G1 X130.501 Y81.94 E.01653
G1 X122.75 Y89.69 E.28559
M204 S1000
;WIPE_START
G1 F8640
G1 X125.2 Y87.24 E-.8
;WIPE_END
G1 Z3.15 F720
G1 X130.796 Y81.726 F10800
G1 Z2.75 F720
G1 E.8 F2100
M204 S2000
;WIDTH:0.37219
G1 F3000
G1 X130.962 Y81.561 E.00496
;WIDTH:0.411095
G1 X131.069 Y81.413 E.00432
;WIDTH:0.449999
G1 X131.175 Y81.265 E.00474
G1 X134.839 Y77.601 E.13501
G1 X135.632 Y77.412 E.02124
;WIDTH:0.37219
G1 X135.561 Y77.393 E.00156
G1 X135.58 Y77.464 E.00156
G1 X135.621 Y77.453 E.0009
;WIDTH:0.411095
G1 X135.526 Y77.527 E.00285
;WIDTH:0.449999
G1 X135.43 Y77.601 E.00316
G1 X123.341 Y89.691 E.44548
G1 X123.931 Y89.691 E.01537
G1 X136.021 Y77.601 E.4455
G1 X136.612 Y77.601 E.0154
G1 X124.521 Y89.692 E.44553
G1 X125.112 Y89.692 E.0154
M73 P77 R5
G1 X137.203 Y77.601 E.44553
G1 X137.794 Y77.601 E.0154
G1 X125.702 Y89.693 E.44557
G1 X126.293 Y89.693 E.0154
G1 X138.376 Y77.594 E.44553
;WIDTH:0.411095
G1 X138.458 Y77.497 E.003
;WIDTH:0.37219
G1 X138.417 Y77.508 E.0009
G1 X138.398 Y77.437 E.00156
G1 X138.469 Y77.456 E.00156
M204 S1000
G1 X138.293 Y78.283 F10800
M204 S2000
;WIDTH:0.449999
G1 F3000
G1 X126.883 Y89.694 E.42046
G1 X127.473 Y89.694 E.01537
G1 X138.293 Y78.874 E.3987
G1 X138.293 Y79.465 E.0154
G1 X128.064 Y89.695 E.37694
G1 X128.654 Y89.695 E.01537
G1 X138.293 Y80.056 E.35518
G1 X138.293 Y80.647 E.0154
G1 X129.244 Y89.696 E.33344
G1 X129.835 Y89.696 E.0154
G1 X138.293 Y81.238 E.31166
G1 X138.293 Y81.828 E.01537
G1 X130.418 Y89.704 E.2902
G1 X130.824 Y89.889 E.01163
G1 X138.293 Y82.419 E.27524
G1 X138.293 Y83.01 E.0154
G1 X131.1 Y90.204 E.26507
G1 X131.216 Y90.678 E.01271
G1 X138.293 Y83.601 E.26078
G1 X138.293 Y84.192 E.0154
G1 X131.216 Y91.269 E.26078
G1 X131.216 Y91.86 E.0154
G1 X138.293 Y84.783 E.26078
G1 X138.293 Y85.374 E.0154
G1 X131.216 Y92.451 E.26078
G1 X131.207 Y93.051 E.01564
G1 X138.293 Y85.964 E.26113
G1 X138.293 Y86.555 E.0154
G1 X131.244 Y93.605 E.25976
G1 X131.098 Y93.61 E.00381
;WIDTH:0.417538
G1 X130.953 Y93.614 E.00349
;WIDTH:0.385076
G1 X130.879 Y93.595 E.00168
G1 X130.899 Y93.668 E.00167
G1 X130.942 Y93.657 E.00098
M204 S1000
G1 X131.834 Y93.605 F10800
M204 S2000
;WIDTH:0.449999
G1 F3000
G1 X138.293 Y87.146 E.238
G1 X138.293 Y87.737 E.0154
G1 X132.425 Y93.605 E.21623
G1 X133.016 Y93.605 E.0154
G1 X138.293 Y88.328 E.19445
G1 X138.293 Y88.919 E.0154
G1 X133.607 Y93.605 E.17267
G1 X134.198 Y93.605 E.0154
G1 X138.293 Y89.51 E.15089
G1 X138.293 Y90.101 E.0154
G1 X134.789 Y93.605 E.12912
G1 X135.38 Y93.605 E.0154
G1 X138.293 Y90.691 E.10736
G1 X138.293 Y91.282 E.0154
G1 X135.971 Y93.605 E.08558
G1 X136.432 Y93.815 E.0132
;WIDTH:0.385076
G1 X136.39 Y93.826 E.00096
G1 X136.37 Y93.752 E.00169
G1 X136.444 Y93.772 E.00169
;WIDTH:0.417538
G1 X136.503 Y93.689 E.00245
;WIDTH:0.449999
G1 X136.561 Y93.605 E.00266
G1 X138.293 Y91.873 E.06382
G1 X138.231 Y92.615 E.0194
;WIDTH:0.57533
G1 X138.231 Y93.543 E.03143
G1 X137.304 Y93.543 E.0314
G1 X138.083 Y92.763 E.03734
M204 S1000
;WIPE_START
G1 F8640
G1 X137.304 Y93.543 E-.25454
G1 X138.231 Y93.543 E-.21405
G1 X138.231 Y92.615 E-.21428
G1 X138.274 Y92.11 E-.11713
;WIPE_END
G1 Z3.15 F720
G1 X118.26 Y94.154 F10800
G1 Z2.75 F720
G1 E.8 F2100
M204 S2000
;TYPE:Internal infill
;WIDTH:0.45
G1 F3600
G1 X118.088 Y93.981 E.00636
M204 S1000
;WIPE_START
G1 F8640
G1 X118.26 Y94.154 E-.05633
;WIPE_END
G1 E-.74367 F2100
G1 Z3.15 F720
G1 X118.004 Y89.307 F10800
G1 Z2.75 F720
G1 E.8 F2100
M204 S2000
G1 F3600
G1 X118.004 Y86.807 E.06514
G1 X117.681 Y86.484 E.0119
G1 X117.681 Y85.253 E.03207
G1 X118.004 Y85.166 E.00872
G1 X118.004 Y82.666 E.06514
M204 S1000
;WIPE_START
G1 F8640
G1 X118.004 Y85.166 E-.57726
G1 X117.681 Y85.253 E-.07724
G1 X117.681 Y85.883 E-.1455
;WIPE_END
G1 Z3.15 F720
G1 X117.279 Y81.965 F10800
G1 Z2.75 F720
G1 E.8 F2100
M204 S2000
;TYPE:Solid infill
;WIDTH:0.41847
G1 F3000
G1 X117.279 Y89.701 E.18636
M204 S1000
;WIPE_START
G1 F8640
G1 X117.279 Y86.237 E-.8
;WIPE_END
G1 Z3.15 F720
G1 X117.958 Y77.685 F10800
G1 Z2.75 F720
G1 E.8 F2100
M204 S2000
;TYPE:Internal infill
;WIDTH:0.45
G1 F3600
G1 X118.167 Y76.908 E.02096
M204 S1000
;LAYER_CHANGE
;Z:2.9
;HEIGHT:0.15
;BEFORE_LAYER_CHANGE
G92 E0.0
;2.9


;WIPE_START
G1 F8640
G1 X117.958 Y77.685 E-.18579
;WIPE_END
G1 E-.61421 F2100
G1 Z2.9 F720
;AFTER_LAYER_CHANGE
;2.9
G1 Z3.3
; stop printing object pieds_clavier_cherry.stl id:0 copy 0
; printing object pieds_clavier_cherry.stl id:1 copy 0
G1 X134.283 Y141.584 F10800
G1 Z2.9 F720
G1 E.8 F2100
M204 S800
;TYPE:Perimeter
;WIDTH:0.449999
G1 F3000
G1 X134.228 Y141.513 E.00234
;WIDTH:0.497082
G1 X134.134 Y141.458 E.00316
;WIDTH:0.544164
G1 X134.04 Y141.404 E.00346
;WIDTH:0.591246
G1 X133.946 Y141.349 E.0038
;WIDTH:0.638328
G1 X133.852 Y141.294 E.00412
G1 X122.744 Y141.294 E.41989
G1 F2414.421
G1 X122.574 Y141.317 E.00648
;WIDTH:0.591245
G1 F2420.178
G1 X122.403 Y141.341 E.00602
;WIDTH:0.544163
G1 F2426.894
G1 X122.233 Y141.364 E.00548
;WIDTH:0.497081
G1 F2434.831
G1 X122.062 Y141.388 E.00501
;WIDTH:0.449999
G1 F2119.696
G1 X120.529 Y141.388 E.03994
G1 F1665.554
G1 X120.531 Y139.344 E.05326
G1 F2133.714
G1 X122.117 Y139.344 E.04132
G1 F2501.294
G1 X122.117 Y139.967 E.01623
G1 F2511.147
G1 X122.166 Y140.209 E.00643
G1 F2559.643
G1 X122.369 Y140.469 E.00859
;WIDTH:0.497081
G1 F2533.037
G1 X122.462 Y140.523 E.00312
;WIDTH:0.544163
G1 F2492.46
G1 X122.556 Y140.578 E.00348
;WIDTH:0.591245
G1 F2457.038
G1 X122.65 Y140.633 E.0038
;WIDTH:0.638327
G1 F2425.898
G1 X122.744 Y140.688 E.00412
G1 F3000
G1 X133.852 Y140.688 E.41989
G1 X134.023 Y140.664 E.00653
;WIDTH:0.591246
G1 X134.194 Y140.641 E.00602
;WIDTH:0.544164
G1 X134.364 Y140.617 E.00548
;WIDTH:0.497082
G1 X134.535 Y140.594 E.005
;WIDTH:0.449999
G1 X141.993 Y140.594 E.19432
G1 X141.993 Y157.308 E.4355
G1 X134.646 Y157.308 E.19143
G1 X133.852 Y157.329 E.0207
;WIDTH:0.408245
G1 X122.744 Y157.329 E.2605
;WIDTH:0.41426
G1 F2767.514
G1 X122.639 Y157.335 E.00251
;WIDTH:0.449999
G1 F2626.222
G1 X122.279 Y157.514 E.01048
G1 F2530.085
G1 X122.117 Y157.934 E.01173
G1 F2497.743
G1 X122.117 Y158.558 E.01626
G1 F2127.482
G1 X120.531 Y158.558 E.04132
G1 F1655.92
G1 X120.529 Y156.974 E.04127
G1 F2107.222
G1 X122.04 Y156.974 E.03937
G1 F2602.636
G1 X122.744 Y156.953 E.01835
;WIDTH:0.408245
G1 F3000
G1 X133.852 Y156.953 E.2605
;WIDTH:0.41426
G1 X133.957 Y156.947 E.00251
;WIDTH:0.449999
G1 X134.354 Y156.723 E.01188
G1 X134.479 Y156.347 E.01032
G1 X134.479 Y154.015 E.06076
G1 X134.45 Y153.826 E.00498
G1 X134.34 Y153.622 E.00604
G1 X134.12 Y153.448 E.00731
G1 X133.852 Y153.388 E.00716
G1 X120.529 Y153.388 E.34714
G1 F1892.707
G1 X120.529 Y144.974 E.21923
G1 F3000
G1 X133.852 Y144.974 E.34714
G1 X134.041 Y144.945 E.00498
G1 X134.26 Y144.822 E.00654
G1 X134.438 Y144.57 E.00804
G1 X134.479 Y144.347 E.00591
G1 X134.479 Y142.015 E.06076
G1 X134.431 Y141.774 E.0064
G1 X134.32 Y141.632 E.0047
M204 S1000
G1 X133.993 Y141.879 F10800
M204 S800
;TYPE:External perimeter
G1 F2400
G1 X133.978 Y141.848 E.0009
G1 X133.852 Y141.806 E.00346
G1 F2399.995
G1 X120.814 Y141.806 E.33971
G1 F1561.702
G1 X120.111 Y141.806 E.01832
G1 F1475.683
G1 X120.113 Y138.926 E.07504
G1 F1880.14
G1 X122.535 Y138.926 E.06311
G1 F2184.131
G1 X122.535 Y139.967 E.02712
G1 X122.619 Y140.134 E.00487
G1 F2220.869
G1 X122.744 Y140.176 E.00344
G1 F2287.416
G1 X123.419 Y140.176 E.01759
G1 F2399.995
M73 P78 R5
G1 X142.41 Y140.176 E.49482
G1 X142.41 Y140.851 E.01759
G1 F2400
G1 X142.41 Y157.051 E.4221
G1 F2399.995
G1 X142.41 Y157.726 E.01759
G1 X123.419 Y157.726 E.49482
G1 F2286.63
G1 X122.744 Y157.726 E.01759
G1 F2216.824
G1 X122.589 Y157.794 E.00441
G1 F2184.068
G1 X122.535 Y157.935 E.00393
G1 X122.535 Y158.976 E.02712
G1 F1876.392
G1 X120.113 Y158.976 E.06311
G1 F1473.342
G1 X120.111 Y156.556 E.06305
G1 F1555.644
G1 X120.814 Y156.556 E.01832
G1 F2399.995
G1 X133.852 Y156.556 E.33971
G1 F2400
G1 X134.019 Y156.472 E.00487
G1 X134.061 Y156.347 E.00344
G1 X134.061 Y154.015 E.06076
G1 X133.99 Y153.858 E.00449
G1 X133.852 Y153.806 E.00384
G1 F2399.995
G1 X120.815 Y153.806 E.33969
G1 F1583.927
G1 X120.111 Y153.806 E.01834
G1 X120.111 Y153.102 E.01834
G1 F1592.668
G1 X120.111 Y144.556 E.22267
G1 F1677.225
G1 X120.815 Y144.556 E.01834
G1 F2400
G1 X133.852 Y144.556 E.33969
G1 X133.988 Y144.505 E.00378
G1 X134.061 Y144.347 E.00453
G1 X134.061 Y142.015 E.06076
G1 X134.02 Y141.932 E.00241
M204 S1000
;WIPE_START
G1 F8640
G1 X133.993 Y141.879 E-.01373
G1 X133.978 Y141.848 E-.00795
G1 X133.852 Y141.806 E-.03067
G1 X130.614 Y141.806 E-.74765
;WIPE_END
G1 Z3.3 F720
G1 X121.762 Y139.929 F10800
G1 Z2.9 F720
G1 E.8 F2100
M204 S2000
;TYPE:Internal infill
;WIDTH:0.45
G1 F3600
G1 X121.466 Y141.033 E.02978
M204 S1000
;WIPE_START
G1 F8640
G1 X121.762 Y139.929 E-.26392
;WIPE_END
G1 E-.53608 F2100
G1 Z3.3 F720
G1 X121.564 Y146.139 F10800
G1 Z2.9 F720
G1 E.8 F2100
M204 S2000
G1 F3600
G1 X121.564 Y148.639 E.06514
G1 X120.884 Y148.821 E.01834
G1 X120.884 Y149.267 E.01162
G1 X121.564 Y149.947 E.02506
G1 X121.564 Y152.447 E.06514
M204 S1000
G1 X122.029 Y152.903 F10800
M204 S2000
;TYPE:Solid infill
;WIDTH:0.57903
G1 F3000
G1 X121.98 Y152.952 E.00236
G1 X121.998 Y153.018 E.00233
G1 X122.064 Y153.035 E.00232
G1 X122.113 Y152.987 E.00234
G1 X122.095 Y152.921 E.00233
;WIDTH:0.449999
G1 X121.982 Y152.223 E.01842
G1 X122.794 Y153.034 E.0299
G1 X123.385 Y153.035 E.0154
G1 X121.982 Y151.632 E.0517
G1 X121.982 Y151.041 E.0154
G1 X123.976 Y153.035 E.07348
G1 X124.568 Y153.036 E.01543
G1 X121.982 Y150.45 E.09529
G1 X121.982 Y149.859 E.0154
G1 X125.159 Y153.036 E.11707
G1 X125.75 Y153.037 E.0154
G1 X121.982 Y149.268 E.13886
G1 X121.982 Y148.677 E.0154
G1 X126.342 Y153.037 E.16066
G1 X126.933 Y153.038 E.0154
G1 X121.982 Y148.087 E.18244
G1 X121.982 Y147.496 E.0154
G1 X127.524 Y153.038 E.20421
G1 X128.116 Y153.039 E.01543
G1 X121.982 Y146.905 E.22603
G1 X121.982 Y146.314 E.0154
G1 X128.707 Y153.039 E.24781
G1 X129.298 Y153.039 E.0154
G1 X121.982 Y145.723 E.26958
G1 X121.872 Y145.189 E.01421
;WIDTH:0.37219
G1 X121.853 Y145.26 E.00156
G1 X121.924 Y145.241 E.00156
G1 X121.913 Y145.2 E.0009
;WIDTH:0.411095
G1 X122.046 Y145.264 E.00349
;WIDTH:0.449999
G1 X122.178 Y145.329 E.00383
G1 X129.89 Y153.04 E.28416
G1 X130.481 Y153.04 E.0154
G1 X122.769 Y145.329 E.28416
G1 X123.36 Y145.329 E.0154
G1 X131.072 Y153.041 E.28417
G1 X131.664 Y153.041 E.01542
G1 X123.951 Y145.329 E.28419
G1 X124.542 Y145.329 E.0154
G1 X132.255 Y153.042 E.28421
G1 X132.846 Y153.042 E.0154
G1 X125.133 Y145.329 E.28421
G1 X125.724 Y145.329 E.0154
G1 X133.438 Y153.043 E.28425
M204 S1000
;WIPE_START
G1 F8640
G1 X130.988 Y150.593 E-.8
;WIPE_END
G1 Z3.3 F720
G1 X134.608 Y153.525 F10800
G1 Z2.9 F720
G1 E.8 F2100
M204 S2000
;WIDTH:0.37219
G1 F3000
G1 X134.333 Y153.244 E.00834
;WIDTH:0.411095
G1 X134.186 Y153.148 E.00415
;WIDTH:0.449999
G1 X134.038 Y153.052 E.0046
G1 X126.315 Y145.329 E.28458
M204 S1000
;WIPE_START
G1 F8640
G1 X128.765 Y147.779 E-.8
;WIPE_END
G1 Z3.3 F720
G1 X134.746 Y156.79 F10800
G1 Z2.9 F720
G1 E.8 F2100
M204 S2000
;WIDTH:0.631532
G1 F3000
G1 X134.693 Y156.843 E.0028
G1 X134.712 Y156.915 E.00278
G1 X134.784 Y156.934 E.00278
G1 X134.837 Y156.881 E.0028
G1 X134.818 Y156.809 E.00278
;WIDTH:0.449999
G1 X134.834 Y156.212 E.01556
G1 X135.65 Y157.021 E.02994
;WIDTH:0.411095
G1 X135.725 Y157.09 E.00241
;WIDTH:0.37219
G1 X135.705 Y157.161 E.00156
G1 X135.777 Y157.142 E.00158
G1 X135.766 Y157.101 E.0009
;WIDTH:0.449999
G1 X136.166 Y156.953 E.01111
G1 X134.834 Y155.621 E.04908
G1 X134.834 Y155.03 E.0154
G1 X136.757 Y156.953 E.07086
G1 X137.348 Y156.953 E.0154
G1 X134.834 Y154.439 E.09264
G1 X134.806 Y153.82 E.01614
G1 X137.939 Y156.953 E.11545
G1 X138.101 Y156.999 E.00439
;WIDTH:0.411095
G1 X138.264 Y157.045 E.004
;WIDTH:0.37219
G1 X138.275 Y157.086 E.0009
G1 X138.204 Y157.105 E.00156
G1 X138.223 Y157.034 E.00156
;WIDTH:0.449999
G1 X138.529 Y156.953 E.00825
G1 X126.905 Y145.329 E.42833
G1 X127.496 Y145.329 E.0154
G1 X139.12 Y156.953 E.42833
G1 X139.711 Y156.953 E.0154
G1 X128.087 Y145.329 E.42833
G1 X128.678 Y145.329 E.0154
G1 X140.302 Y156.953 E.42833
G1 X140.893 Y156.953 E.0154
G1 X129.269 Y145.329 E.42833
G1 X129.86 Y145.329 E.0154
G1 X141.484 Y156.953 E.42833
G1 X141.611 Y156.988 E.00343
;WIDTH:0.411095
G1 X141.737 Y157.023 E.00309
;WIDTH:0.37219
G1 X141.718 Y157.094 E.00156
G1 X141.789 Y157.075 E.00156
G1 X141.778 Y157.034 E.0009
;WIDTH:0.449999
G1 X141.638 Y156.516 E.01398
G1 X130.451 Y145.329 E.41222
G1 X131.042 Y145.329 E.0154
G1 X141.638 Y155.925 E.39045
G1 X141.638 Y155.334 E.0154
G1 X131.632 Y145.329 E.36869
G1 X132.223 Y145.329 E.0154
M73 P78 R4
G1 X141.638 Y154.743 E.34691
G1 X141.638 Y154.152 E.0154
G1 X132.814 Y145.329 E.32513
G1 X133.405 Y145.329 E.0154
G1 X141.638 Y153.561 E.30335
G1 X141.638 Y152.97 E.0154
G1 X133.978 Y145.311 E.28224
G1 X134.409 Y145.151 E.01198
G1 X141.638 Y152.38 E.26638
G1 X141.638 Y151.789 E.0154
M73 P79 R4
G1 X134.688 Y144.839 E.2561
G1 X134.831 Y144.391 E.01225
G1 X141.638 Y151.198 E.25083
G1 X141.638 Y150.607 E.0154
G1 X134.834 Y143.803 E.25072
G1 X134.834 Y143.213 E.01537
G1 X141.638 Y150.016 E.2507
G1 X141.638 Y149.425 E.0154
G1 X134.834 Y142.622 E.2507
M204 S1000
;WIPE_START
G1 F8640
G1 X137.284 Y145.072 E-.8
;WIPE_END
G1 Z3.3 F720
G1 X133.977 Y141.013 F10800
G1 Z2.9 F720
G1 E.8 F2100
M204 S2000
;WIDTH:0.37219
G1 F3000
G1 X134.355 Y141.347 E.0107
G1 X134.68 Y141.735 E.01073
;WIDTH:0.411095
G1 X134.757 Y141.883 E.00394
;WIDTH:0.449999
G1 X134.834 Y142.031 E.00435
G1 X141.638 Y148.834 E.2507
G1 X141.638 Y148.243 E.0154
G1 X134.389 Y140.994 E.26711
G1 X134.934 Y140.949 E.01425
G1 X141.638 Y147.653 E.24703
G1 X141.638 Y147.062 E.0154
G1 X135.525 Y140.949 E.22525
G1 X136.115 Y140.949 E.01537
G1 X141.638 Y146.471 E.2035
G1 X141.638 Y145.88 E.0154
G1 X136.706 Y140.949 E.18172
G1 X137.297 Y140.949 E.0154
G1 X141.638 Y145.289 E.15994
G1 X141.638 Y144.698 E.0154
G1 X137.888 Y140.949 E.13816
G1 X138.479 Y140.949 E.0154
G1 X141.638 Y144.107 E.11639
G1 X141.638 Y143.516 E.0154
G1 X139.07 Y140.949 E.09461
G1 X139.661 Y140.949 E.0154
G1 X141.638 Y142.926 E.07285
G1 X141.721 Y142.985 E.00265
;WIDTH:0.411095
G1 X141.805 Y143.045 E.00244
;WIDTH:0.37219
G1 X141.786 Y143.116 E.00156
G1 X141.857 Y143.097 E.00156
G1 X141.846 Y143.056 E.0009
M204 S1000
;WIPE_START
G1 F8640
G1 X141.857 Y143.097 E-.0098
G1 X141.786 Y143.116 E-.01697
G1 X141.805 Y143.045 E-.01697
G1 X141.721 Y142.985 E-.02384
G1 X141.638 Y142.926 E-.02351
G1 X139.661 Y140.949 E-.64558
G1 X139.387 Y140.949 E-.06333
;WIPE_END
G1 Z3.3 F720
G1 X140.399 Y141.096 F10800
G1 Z2.9 F720
G1 E.8 F2100
M204 S2000
;WIDTH:0.449999
G1 F3000
G1 X141.638 Y142.335 E.04566
G1 X141.638 Y140.949 E.03611
G1 X140.252 Y140.949 E.03611
M204 S1000
;WIPE_START
G1 F8640
G1 X141.638 Y140.949 E-.32003
G1 X141.638 Y142.335 E-.32003
G1 X141.148 Y141.845 E-.15994
;WIPE_END
G1 Z3.3 F720
G1 X121.944 Y157.417 F10800
G1 Z2.9 F720
G1 E.8 F2100
M204 S2000
;TYPE:Internal infill
;WIDTH:0.45
G1 F3600
G1 X121.856 Y157.329 E.00324
M204 S1000
;WIPE_START
G1 F8640
G1 X121.944 Y157.417 E-.02874
;WIPE_END
G1 E-.77126 F2100
G1 Z3.3 F720
; stop printing object pieds_clavier_cherry.stl id:1 copy 0
; printing object pieds_clavier_cherry.stl id:2 copy 0
G1 X131.852 Y108.749 F10800
G1 Z2.9 F720
G1 E.8 F2100
M204 S800
;TYPE:Perimeter
;WIDTH:0.449999
G1 F3000
G1 X131.797 Y108.678 E.00234
;WIDTH:0.497082
G1 X131.703 Y108.623 E.00316
;WIDTH:0.544164
G1 X131.609 Y108.568 E.00348
;WIDTH:0.591246
G1 X131.515 Y108.513 E.0038
;WIDTH:0.638328
G1 X131.421 Y108.458 E.00412
G1 X120.313 Y108.458 E.41989
G1 F2414.421
G1 X120.142 Y108.482 E.00653
;WIDTH:0.591245
G1 F2420.178
G1 X119.972 Y108.505 E.00598
;WIDTH:0.544163
G1 F2426.894
G1 X119.801 Y108.529 E.00551
;WIDTH:0.497081
G1 F2434.831
G1 X119.631 Y108.552 E.00497
;WIDTH:0.449999
G1 F2119.696
G1 X118.098 Y108.552 E.03994
G1 F1665.554
G1 X118.099 Y106.508 E.05326
G1 F2133.714
G1 X119.686 Y106.508 E.04135
G1 F2501.294
G1 X119.686 Y107.132 E.01626
G1 F2511.147
G1 X119.734 Y107.373 E.0064
G1 F2559.643
G1 X119.937 Y107.633 E.00859
;WIDTH:0.497081
G1 F2533.037
G1 X120.031 Y107.688 E.00316
;WIDTH:0.544163
G1 F2492.46
G1 X120.125 Y107.742 E.00346
;WIDTH:0.591245
G1 F2457.038
G1 X120.219 Y107.797 E.0038
;WIDTH:0.638327
G1 F2425.898
G1 X120.313 Y107.852 E.00412
G1 F3000
G1 X131.421 Y107.852 E.41989
G1 X131.591 Y107.829 E.00648
;WIDTH:0.591246
G1 X131.762 Y107.805 E.00602
;WIDTH:0.544164
G1 X131.933 Y107.781 E.00551
;WIDTH:0.497082
G1 X132.103 Y107.758 E.00497
;WIDTH:0.449999
G1 X139.561 Y107.758 E.19432
G1 X139.561 Y124.472 E.4355
G1 X132.215 Y124.472 E.19141
G1 X131.421 Y124.493 E.0207
;WIDTH:0.408245
G1 X120.313 Y124.493 E.2605
;WIDTH:0.41426
G1 F2767.514
G1 X120.207 Y124.499 E.00253
;WIDTH:0.449999
G1 F2626.222
G1 X119.848 Y124.678 E.01045
G1 F2530.085
G1 X119.686 Y125.099 E.01175
G1 F2497.743
G1 X119.686 Y125.722 E.01623
G1 F2127.482
G1 X118.099 Y125.722 E.04135
G1 F1655.92
G1 X118.098 Y124.138 E.04127
G1 F2107.222
G1 X119.608 Y124.138 E.03934
G1 F2602.636
G1 X120.313 Y124.117 E.01838
;WIDTH:0.408245
G1 F3000
G1 X131.421 Y124.117 E.2605
;WIDTH:0.41426
G1 X131.526 Y124.111 E.00251
;WIDTH:0.449999
G1 X131.922 Y123.887 E.01185
G1 X132.047 Y123.511 E.01032
G1 X132.047 Y121.179 E.06076
G1 X132.019 Y120.991 E.00495
G1 X131.909 Y120.786 E.00606
G1 X131.689 Y120.613 E.00729
G1 X131.421 Y120.552 E.00716
G1 X118.097 Y120.552 E.34717
G1 F1892.707
G1 X118.097 Y112.138 E.21923
G1 F3000
G1 X131.421 Y112.138 E.34717
G1 X131.609 Y112.109 E.00496
G1 X131.829 Y111.987 E.00655
G1 X132.006 Y111.734 E.00805
G1 X132.047 Y111.512 E.00588
G1 X132.047 Y109.179 E.06079
G1 X131.999 Y108.938 E.0064
G1 X131.889 Y108.796 E.00468
M204 S1000
G1 X131.562 Y109.043 F10800
M204 S800
;TYPE:External perimeter
G1 F2400
G1 X131.546 Y109.012 E.00091
G1 X131.421 Y108.97 E.00344
G1 F2399.995
G1 X118.383 Y108.97 E.33971
G1 F1561.702
G1 X117.68 Y108.97 E.01832
G1 F1475.683
G1 X117.682 Y106.09 E.07504
G1 F1880.14
G1 X120.103 Y106.09 E.06308
G1 F2184.131
G1 X120.104 Y107.131 E.02712
G1 X120.187 Y107.298 E.00486
G1 F2220.869
G1 X120.313 Y107.34 E.00346
G1 F2287.416
G1 X120.988 Y107.34 E.01759
G1 F2399.995
G1 X139.979 Y107.34 E.49482
G1 X139.979 Y108.015 E.01759
G1 F2400
G1 X139.979 Y124.215 E.4221
G1 F2399.995
G1 X139.979 Y124.89 E.01759
G1 X120.988 Y124.89 E.49482
G1 F2286.63
G1 X120.313 Y124.89 E.01759
G1 F2216.824
G1 X120.158 Y124.959 E.00442
G1 F2184.068
G1 X120.104 Y125.099 E.00391
G1 X120.103 Y126.14 E.02712
G1 F1876.392
G1 X117.682 Y126.14 E.06308
G1 F1473.342
G1 X117.68 Y123.72 E.06305
G1 F1555.644
G1 X118.383 Y123.72 E.01832
G1 F2399.995
G1 X131.421 Y123.72 E.33971
G1 F2400
G1 X131.588 Y123.637 E.00486
G1 X131.63 Y123.511 E.00346
G1 X131.63 Y121.179 E.06076
G1 X131.559 Y121.022 E.00449
G1 X131.421 Y120.97 E.00384
G1 F2399.995
G1 X118.383 Y120.97 E.33971
G1 F1583.927
G1 X117.679 Y120.97 E.01834
G1 X117.679 Y120.266 E.01834
G1 F1592.668
G1 X117.679 Y111.72 E.22267
G1 F1677.225
G1 X118.383 Y111.72 E.01834
G1 F2400
G1 X131.421 Y111.72 E.33971
G1 X131.557 Y111.67 E.00378
G1 X131.63 Y111.511 E.00456
G1 X131.63 Y109.179 E.06076
G1 X131.588 Y109.097 E.0024
M204 S1000
;WIPE_START
G1 F8640
G1 X131.562 Y109.043 E-.01384
G1 X131.546 Y109.012 E-.00806
G1 X131.421 Y108.97 E-.03045
G1 X128.183 Y108.97 E-.74765
;WIPE_END
G1 Z3.3 F720
G1 X119.331 Y107.093 F10800
G1 Z2.9 F720
G1 E.8 F2100
M204 S2000
;TYPE:Internal infill
;WIDTH:0.45
G1 F3600
G1 X119.035 Y108.197 E.02978
M204 S1000
;WIPE_START
G1 F8640
G1 X119.331 Y107.093 E-.26392
;WIPE_END
G1 E-.53608 F2100
G1 Z3.3 F720
G1 X119.133 Y113.303 F10800
G1 Z2.9 F720
G1 E.8 F2100
M204 S2000
G1 F3600
G1 X119.133 Y115.803 E.06514
G1 X118.452 Y115.986 E.01837
G1 X118.452 Y116.431 E.01159
G1 X119.133 Y117.111 E.02508
G1 X119.133 Y119.611 E.06514
M204 S1000
G1 X119.597 Y120.068 F10800
M204 S2000
;TYPE:Solid infill
;WIDTH:0.57903
G1 F3000
G1 X119.549 Y120.116 E.00231
G1 X119.567 Y120.182 E.00233
G1 X119.633 Y120.2 E.00233
G1 X119.681 Y120.151 E.00234
G1 X119.663 Y120.085 E.00233
;WIDTH:0.449999
G1 X119.551 Y119.387 E.01842
G1 X120.362 Y120.199 E.0299
G1 X120.954 Y120.199 E.01542
G1 X119.551 Y118.796 E.0517
G1 X119.551 Y118.205 E.0154
G1 X121.545 Y120.2 E.07349
G1 X122.136 Y120.2 E.0154
M73 P80 R4
G1 X119.551 Y117.614 E.09527
G1 X119.551 Y117.024 E.01537
G1 X122.728 Y120.201 E.11707
G1 X123.319 Y120.201 E.0154
G1 X119.551 Y116.433 E.13884
G1 X119.551 Y115.842 E.0154
G1 X123.91 Y120.202 E.16064
G1 X124.502 Y120.202 E.01542
G1 X119.551 Y115.251 E.18244
G1 X119.551 Y114.66 E.0154
G1 X125.093 Y120.202 E.20421
G1 X125.684 Y120.203 E.0154
G1 X119.551 Y114.069 E.22601
G1 X119.551 Y113.478 E.0154
G1 X126.276 Y120.203 E.24781
G1 X126.867 Y120.204 E.0154
G1 X119.551 Y112.888 E.26958
G1 X119.441 Y112.353 E.01423
;WIDTH:0.37219
G1 X119.422 Y112.424 E.00156
G1 X119.493 Y112.405 E.00156
G1 X119.482 Y112.364 E.0009
;WIDTH:0.411095
G1 X119.614 Y112.429 E.00348
;WIDTH:0.449999
G1 X119.747 Y112.493 E.00385
G1 X127.458 Y120.204 E.28414
G1 X128.049 Y120.205 E.0154
G1 X120.338 Y112.493 E.28416
G1 X120.929 Y112.493 E.0154
G1 X128.641 Y120.205 E.28417
G1 X129.232 Y120.206 E.0154
G1 X121.52 Y112.493 E.28419
G1 X122.11 Y112.493 E.01537
G1 X129.823 Y120.206 E.28421
G1 X130.415 Y120.207 E.01543
G1 X122.701 Y112.493 E.28425
G1 X123.292 Y112.493 E.0154
G1 X131.006 Y120.207 E.28425
M204 S1000
;WIPE_START
G1 F8640
G1 X128.556 Y117.757 E-.8
;WIPE_END
G1 Z3.3 F720
G1 X132.177 Y120.689 F10800
G1 Z2.9 F720
G1 E.8 F2100
M204 S2000
;WIDTH:0.37219
G1 F3000
G1 X131.902 Y120.409 E.00832
;WIDTH:0.411095
G1 X131.754 Y120.313 E.00417
;WIDTH:0.449999
G1 X131.606 Y120.217 E.0046
G1 X123.883 Y112.493 E.2846
M204 S1000
;WIPE_START
G1 F8640
G1 X126.333 Y114.943 E-.8
;WIPE_END
G1 Z3.3 F720
G1 X132.314 Y123.954 F10800
G1 Z2.9 F720
G1 E.8 F2100
M204 S2000
;WIDTH:0.631532
G1 F3000
G1 X132.261 Y124.007 E.0028
G1 X132.281 Y124.079 E.00279
G1 X132.353 Y124.099 E.00279
G1 X132.406 Y124.046 E.0028
G1 X132.387 Y123.973 E.00282
;WIDTH:0.449999
G1 X132.403 Y123.376 E.01556
G1 X133.218 Y124.186 E.02994
;WIDTH:0.411095
G1 X133.293 Y124.254 E.00239
;WIDTH:0.37219
G1 X133.274 Y124.326 E.00158
G1 X133.345 Y124.306 E.00156
G1 X133.334 Y124.265 E.0009
;WIDTH:0.449999
G1 X133.735 Y124.117 E.01114
G1 X132.403 Y122.785 E.04908
G1 X132.403 Y122.194 E.0154
G1 X134.325 Y124.117 E.07084
G1 X134.916 Y124.117 E.0154
G1 X132.403 Y121.604 E.0926
G1 X132.374 Y120.984 E.01617
G1 X135.507 Y124.117 E.11545
G1 X135.67 Y124.163 E.00441
;WIDTH:0.411095
G1 X135.833 Y124.209 E.004
;WIDTH:0.37219
G1 X135.844 Y124.251 E.00092
G1 X135.773 Y124.27 E.00156
G1 X135.792 Y124.198 E.00158
;WIDTH:0.449999
G1 X136.098 Y124.117 E.00825
G1 X124.474 Y112.493 E.42833
G1 X125.065 Y112.493 E.0154
G1 X136.689 Y124.117 E.42833
G1 X137.28 Y124.117 E.0154
G1 X125.656 Y112.493 E.42833
G1 X126.247 Y112.493 E.0154
G1 X137.871 Y124.117 E.42833
G1 X138.461 Y124.117 E.01537
G1 X126.837 Y112.493 E.42833
G1 X127.428 Y112.493 E.0154
G1 X139.052 Y124.117 E.42833
G1 X139.179 Y124.152 E.00343
;WIDTH:0.411095
G1 X139.306 Y124.187 E.00311
;WIDTH:0.37219
G1 X139.287 Y124.258 E.00156
G1 X139.358 Y124.239 E.00156
G1 X139.347 Y124.198 E.0009
;WIDTH:0.449999
G1 X139.206 Y123.68 E.01399
G1 X128.019 Y112.493 E.41222
G1 X128.61 Y112.493 E.0154
G1 X139.206 Y123.089 E.39045
G1 X139.206 Y122.498 E.0154
G1 X129.201 Y112.493 E.36867
G1 X129.792 Y112.493 E.0154
G1 X139.206 Y121.907 E.34689
G1 X139.206 Y121.316 E.0154
G1 X130.383 Y112.493 E.32511
G1 X130.974 Y112.493 E.0154
G1 X139.206 Y120.726 E.30335
G1 X139.206 Y120.135 E.0154
G1 X131.547 Y112.475 E.28224
G1 X131.978 Y112.315 E.01198
G1 X139.206 Y119.544 E.26636
G1 X139.206 Y118.953 E.0154
G1 X132.256 Y112.003 E.2561
G1 X132.399 Y111.555 E.01225
G1 X139.206 Y118.362 E.25083
G1 X139.206 Y117.771 E.0154
G1 X132.403 Y110.968 E.25068
G1 X132.403 Y110.377 E.0154
G1 X139.206 Y117.18 E.25068
G1 X139.206 Y116.59 E.01537
G1 X132.403 Y109.786 E.2507
M204 S1000
;WIPE_START
G1 F8640
G1 X134.853 Y112.236 E-.8
;WIPE_END
G1 Z3.3 F720
G1 X131.546 Y108.177 F10800
G1 Z2.9 F720
G1 E.8 F2100
M204 S2000
;WIDTH:0.37219
G1 F3000
G1 X131.924 Y108.511 E.0107
G1 X132.248 Y108.9 E.01073
;WIDTH:0.411095
G1 X132.325 Y109.048 E.00394
;WIDTH:0.449999
G1 X132.403 Y109.195 E.00434
G1 X139.206 Y115.999 E.2507
G1 X139.206 Y115.408 E.0154
G1 X131.957 Y108.159 E.26711
G1 X132.502 Y108.113 E.01425
G1 X139.206 Y114.817 E.24703
G1 X139.206 Y114.226 E.0154
G1 X133.093 Y108.113 E.22525
G1 X133.684 Y108.113 E.0154
G1 X139.206 Y113.635 E.20348
G1 X139.206 Y113.044 E.0154
G1 X134.275 Y108.113 E.1817
G1 X134.866 Y108.113 E.0154
G1 X139.206 Y112.453 E.15992
G1 X139.206 Y111.863 E.01537
G1 X135.457 Y108.113 E.13816
G1 X136.047 Y108.113 E.01537
G1 X139.206 Y111.272 E.1164
G1 X139.206 Y110.681 E.0154
G1 X136.638 Y108.113 E.09463
G1 X137.229 Y108.113 E.0154
G1 X139.206 Y110.09 E.07285
G1 X139.29 Y110.15 E.00269
;WIDTH:0.411095
G1 X139.373 Y110.209 E.00241
;WIDTH:0.37219
G1 X139.354 Y110.28 E.00156
G1 X139.425 Y110.261 E.00156
G1 X139.414 Y110.22 E.0009
M204 S1000
;WIPE_START
G1 F8640
G1 X139.425 Y110.261 E-.0098
G1 X139.354 Y110.28 E-.01697
G1 X139.373 Y110.209 E-.01697
G1 X139.29 Y110.15 E-.02351
G1 X139.206 Y110.09 E-.02384
G1 X137.229 Y108.113 E-.64558
G1 X136.955 Y108.113 E-.06333
;WIPE_END
G1 Z3.3 F720
G1 X137.968 Y108.261 F10800
G1 Z2.9 F720
G1 E.8 F2100
M204 S2000
;WIDTH:0.449999
G1 F3000
G1 X139.206 Y109.499 E.04562
G1 X139.206 Y108.113 E.03611
G1 X137.82 Y108.113 E.03611
M204 S1000
;WIPE_START
G1 F8640
G1 X139.206 Y108.113 E-.32003
G1 X139.206 Y109.499 E-.32003
G1 X138.716 Y109.009 E-.15994
;WIPE_END
G1 Z3.3 F720
G1 X119.513 Y124.582 F10800
G1 Z2.9 F720
G1 E.8 F2100
M73 P81 R4
M204 S2000
;TYPE:Internal infill
;WIDTH:0.45
G1 F3600
G1 X119.424 Y124.493 E.00328
M204 S1000
;WIPE_START
G1 F8640
G1 X119.513 Y124.582 E-.02906
;WIPE_END
G1 E-.77094 F2100
G1 Z3.3 F720
; stop printing object pieds_clavier_cherry.stl id:2 copy 0
; printing object pieds_clavier_cherry.stl id:0 copy 0
G1 X130.666 Y78.237 F10800
G1 Z2.9 F720
G1 E.8 F2100
M204 S800
;TYPE:Perimeter
;WIDTH:0.449999
G1 F3000
G1 X130.61 Y78.166 E.00236
;WIDTH:0.497082
G1 X130.516 Y78.111 E.00316
;WIDTH:0.544164
G1 X130.422 Y78.056 E.00348
;WIDTH:0.591246
G1 X130.328 Y78.001 E.0038
;WIDTH:0.638328
G1 X130.234 Y77.946 E.00412
G1 X119.126 Y77.946 E.41989
G1 F2414.421
G1 X118.956 Y77.97 E.00649
;WIDTH:0.591245
G1 F2420.178
G1 X118.785 Y77.993 E.00602
;WIDTH:0.544163
G1 F2426.894
G1 X118.615 Y78.017 E.00548
;WIDTH:0.497081
G1 F2434.831
G1 X118.445 Y78.04 E.00497
;WIDTH:0.449999
G1 F2119.696
G1 X116.911 Y78.04 E.03997
G1 F1665.554
G1 X116.913 Y75.996 E.05326
G1 F2133.714
G1 X118.499 Y75.996 E.04132
G1 F2501.294
G1 X118.499 Y76.62 E.01626
G1 F2511.147
G1 X118.548 Y76.861 E.00641
G1 F2559.643
G1 X118.751 Y77.121 E.00859
;WIDTH:0.497081
G1 F2533.037
G1 X118.844 Y77.176 E.00313
;WIDTH:0.544163
G1 F2492.46
G1 X118.938 Y77.231 E.00348
;WIDTH:0.591245
G1 F2457.038
G1 X119.032 Y77.285 E.00378
;WIDTH:0.638327
G1 F2425.898
G1 X119.126 Y77.34 E.00412
G1 F3000
G1 X130.234 Y77.34 E.41989
G1 X130.405 Y77.317 E.00652
;WIDTH:0.591246
G1 X130.576 Y77.293 E.00602
;WIDTH:0.544164
G1 X130.746 Y77.27 E.00548
;WIDTH:0.497082
G1 X130.917 Y77.246 E.00501
;WIDTH:0.449999
G1 X138.375 Y77.246 E.19432
G1 X138.375 Y93.96 E.4355
G1 X131.028 Y93.96 E.19143
G1 X130.234 Y93.981 E.0207
;WIDTH:0.408245
G1 X119.126 Y93.981 E.2605
;WIDTH:0.41426
G1 F2767.514
G1 X119.021 Y93.987 E.00251
;WIDTH:0.449999
G1 F2626.222
G1 X118.662 Y94.166 E.01045
G1 F2530.085
G1 X118.499 Y94.587 E.01176
G1 F2497.743
G1 X118.499 Y95.21 E.01623
G1 F2127.482
G1 X116.913 Y95.21 E.04132
G1 F1655.92
G1 X116.911 Y93.626 E.04127
G1 F2107.222
G1 X118.422 Y93.626 E.03937
G1 F2602.636
G1 X119.126 Y93.605 E.01835
;WIDTH:0.408245
G1 F3000
G1 X130.234 Y93.605 E.2605
;WIDTH:0.41426
G1 X130.34 Y93.599 E.00253
;WIDTH:0.449999
G1 X130.736 Y93.375 E.01185
G1 X130.861 Y92.999 E.01032
G1 X130.861 Y90.667 E.06076
G1 X130.832 Y90.479 E.00496
G1 X130.722 Y90.274 E.00606
G1 X130.502 Y90.101 E.00729
G1 X130.234 Y90.04 E.00716
G1 X116.911 Y90.04 E.34714
G1 F1892.707
G1 X116.911 Y81.626 E.21923
G1 F3000
G1 X130.234 Y81.626 E.34714
G1 X130.423 Y81.597 E.00498
G1 X130.642 Y81.475 E.00653
G1 X130.82 Y81.222 E.00806
G1 X130.861 Y81 E.00588
G1 X130.861 Y78.667 E.06079
G1 X130.813 Y78.426 E.0064
G1 X130.702 Y78.284 E.0047
M204 S1000
G1 X130.375 Y78.531 F10800
M204 S800
;TYPE:External perimeter
G1 F2400
G1 X130.36 Y78.5 E.0009
G1 X130.234 Y78.458 E.00346
G1 F2399.995
G1 X117.197 Y78.458 E.33969
G1 F1561.702
G1 X116.493 Y78.458 E.01834
G1 F1475.683
G1 X116.495 Y75.578 E.07504
G1 F1880.14
G1 X118.917 Y75.578 E.06311
G1 F2184.131
G1 X118.917 Y76.619 E.02712
G1 X119.001 Y76.786 E.00487
G1 F2220.869
G1 X119.126 Y76.828 E.00344
G1 F2287.416
G1 X119.801 Y76.828 E.01759
G1 F2399.995
G1 X138.793 Y76.828 E.49485
G1 X138.793 Y77.503 E.01759
G1 F2400
G1 X138.793 Y93.703 E.4221
G1 F2399.995
G1 X138.793 Y94.378 E.01759
G1 X119.801 Y94.378 E.49485
G1 F2286.63
G1 X119.126 Y94.378 E.01759
G1 F2216.824
G1 X118.971 Y94.447 E.00442
G1 F2184.068
G1 X118.917 Y94.587 E.00391
G1 X118.917 Y95.628 E.02712
G1 F1876.392
G1 X116.495 Y95.628 E.06311
G1 F1473.342
G1 X116.493 Y93.208 E.06305
G1 F1555.644
G1 X117.196 Y93.208 E.01832
G1 F2399.995
G1 X130.234 Y93.208 E.33971
G1 F2400
G1 X130.401 Y93.125 E.00486
G1 X130.443 Y92.999 E.00346
G1 X130.443 Y90.667 E.06076
G1 X130.372 Y90.51 E.00449
G1 X130.234 Y90.458 E.00384
G1 F2399.995
G1 X117.197 Y90.458 E.33969
G1 F1583.927
G1 X116.493 Y90.458 E.01834
G1 X116.493 Y89.754 E.01834
G1 F1592.668
G1 X116.493 Y81.208 E.22267
G1 F1677.225
G1 X117.197 Y81.208 E.01834
G1 F2400
G1 X130.234 Y81.208 E.33969
G1 X130.37 Y81.158 E.00378
G1 X130.443 Y81 E.00453
G1 X130.443 Y78.667 E.06079
G1 X130.402 Y78.585 E.00239
M204 S1000
;WIPE_START
G1 F8640
G1 X130.375 Y78.531 E-.01394
G1 X130.36 Y78.5 E-.00795
G1 X130.234 Y78.458 E-.03067
G1 X126.997 Y78.458 E-.74744
;WIPE_END
G1 Z3.3 F720
G1 X118.144 Y76.581 F10800
G1 Z2.9 F720
G1 E.8 F2100
M204 S2000
;TYPE:Internal infill
;WIDTH:0.45
G1 F3600
G1 X117.849 Y77.685 E.02977
M204 S1000
;WIPE_START
G1 F8640
G1 X118.144 Y76.581 E-.26386
;WIPE_END
G1 E-.53614 F2100
G1 Z3.3 F720
G1 X117.946 Y82.791 F10800
G1 Z2.9 F720
G1 E.8 F2100
M204 S2000
G1 F3600
G1 X117.946 Y85.291 E.06514
G1 X117.266 Y85.474 E.01835
G1 X117.266 Y85.919 E.01159
G1 X117.946 Y86.599 E.02506
G1 X117.946 Y89.099 E.06514
M204 S1000
G1 X118.411 Y89.556 F10800
M204 S2000
;TYPE:Solid infill
;WIDTH:0.57903
G1 F3000
G1 X118.363 Y89.604 E.00231
G1 X118.38 Y89.67 E.00232
G1 X118.446 Y89.688 E.00233
G1 X118.495 Y89.639 E.00236
G1 X118.477 Y89.573 E.00233
;WIDTH:0.449999
G1 X118.364 Y88.875 E.01842
G1 X119.176 Y89.687 E.02992
G1 X119.767 Y89.687 E.0154
G1 X118.364 Y88.284 E.0517
G1 X118.364 Y87.693 E.0154
G1 X120.358 Y89.688 E.07349
G1 X120.95 Y89.688 E.01542
G1 X118.364 Y87.103 E.09527
G1 X118.364 Y86.512 E.0154
G1 X121.541 Y89.689 E.11707
G1 X122.132 Y89.689 E.0154
G1 X118.364 Y85.921 E.13884
G1 X118.364 Y85.33 E.0154
G1 X122.724 Y89.69 E.16066
G1 X123.315 Y89.69 E.0154
G1 X118.364 Y84.739 E.18244
G1 X118.364 Y84.148 E.0154
G1 X123.906 Y89.691 E.20423
G1 X124.498 Y89.691 E.01542
G1 X118.364 Y83.557 E.22603
G1 X118.364 Y82.966 E.0154
G1 X125.089 Y89.691 E.24781
G1 X125.68 Y89.692 E.0154
G1 X118.364 Y82.376 E.26958
G1 X118.254 Y81.841 E.01423
;WIDTH:0.37219
G1 X118.235 Y81.913 E.00158
G1 X118.306 Y81.893 E.00156
G1 X118.295 Y81.852 E.0009
;WIDTH:0.411095
G1 X118.428 Y81.917 E.0035
;WIDTH:0.449999
G1 X118.561 Y81.981 E.00385
G1 X126.272 Y89.692 E.28414
G1 X126.863 Y89.693 E.0154
G1 X119.151 Y81.981 E.28417
G1 X119.742 Y81.981 E.0154
G1 X127.454 Y89.693 E.28417
G1 X128.046 Y89.694 E.01543
G1 X120.333 Y81.981 E.28421
G1 X120.924 Y81.981 E.0154
G1 X128.637 Y89.694 E.28421
G1 X129.228 Y89.695 E.0154
G1 X121.515 Y81.981 E.28423
G1 X122.106 Y81.981 E.0154
G1 X129.82 Y89.695 E.28425
M204 S1000
;WIPE_START
G1 F8640
G1 X127.37 Y87.245 E-.8
;WIPE_END
G1 Z3.3 F720
G1 X130.991 Y90.177 F10800
G1 Z2.9 F720
G1 E.8 F2100
M204 S2000
;WIDTH:0.37219
G1 F3000
G1 X130.715 Y89.897 E.00834
;WIDTH:0.411095
G1 X130.568 Y89.801 E.00415
;WIDTH:0.449999
G1 X130.42 Y89.705 E.0046
G1 X122.697 Y81.981 E.2846
M204 S1000
;WIPE_START
G1 F8640
G1 X125.147 Y84.431 E-.8
;WIPE_END
G1 Z3.3 F720
G1 X131.128 Y93.442 F10800
G1 Z2.9 F720
G1 E.8 F2100
M204 S2000
;WIDTH:0.631532
G1 F3000
G1 X131.075 Y93.495 E.0028
G1 X131.094 Y93.567 E.00278
G1 X131.167 Y93.587 E.00283
G1 X131.22 Y93.534 E.0028
G1 X131.2 Y93.461 E.00283
;WIDTH:0.449999
G1 X131.216 Y92.864 E.01556
G1 X132.032 Y93.674 E.02996
;WIDTH:0.411095
G1 X132.107 Y93.742 E.00239
;WIDTH:0.37219
G1 X132.088 Y93.814 E.00158
G1 X132.159 Y93.795 E.00156
G1 X132.148 Y93.753 E.00092
;WIDTH:0.449999
G1 X132.548 Y93.605 E.01111
G1 X131.216 Y92.273 E.04908
M73 P82 R4
G1 X131.216 Y91.682 E.0154
G1 X133.139 Y93.605 E.07086
G1 X133.73 Y93.605 E.0154
G1 X131.216 Y91.092 E.09262
G1 X131.188 Y90.472 E.01617
G1 X134.321 Y93.605 E.11545
G1 X134.483 Y93.651 E.00439
;WIDTH:0.411095
G1 X134.646 Y93.698 E.00401
;WIDTH:0.37219
G1 X134.657 Y93.739 E.0009
G1 X134.586 Y93.758 E.00156
G1 X134.605 Y93.687 E.00156
;WIDTH:0.449999
G1 X134.912 Y93.605 E.00828
G1 X123.288 Y81.981 E.42833
G1 X123.878 Y81.981 E.01537
G1 X135.502 Y93.605 E.42833
G1 X136.093 Y93.605 E.0154
G1 X124.469 Y81.981 E.42833
G1 X125.06 Y81.981 E.0154
G1 X136.684 Y93.605 E.42833
G1 X137.275 Y93.605 E.0154
G1 X125.651 Y81.981 E.42833
G1 X126.242 Y81.981 E.0154
G1 X137.866 Y93.605 E.42833
G1 X137.993 Y93.64 E.00343
;WIDTH:0.411095
G1 X138.119 Y93.675 E.00309
;WIDTH:0.37219
G1 X138.1 Y93.746 E.00156
G1 X138.172 Y93.727 E.00158
G1 X138.161 Y93.686 E.0009
;WIDTH:0.449999
G1 X138.02 Y93.168 E.01399
G1 X126.833 Y81.981 E.41222
G1 X127.424 Y81.981 E.0154
G1 X138.02 Y92.577 E.39045
G1 X138.02 Y91.986 E.0154
G1 X128.014 Y81.981 E.36869
G1 X128.605 Y81.981 E.0154
G1 X138.02 Y91.395 E.34691
G1 X138.02 Y90.805 E.01537
G1 X129.196 Y81.981 E.32515
G1 X129.787 Y81.981 E.0154
G1 X138.02 Y90.214 E.30337
G1 X138.02 Y89.623 E.0154
G1 X130.36 Y81.964 E.28224
G1 X130.791 Y81.803 E.01199
G1 X138.02 Y89.032 E.26638
G1 X138.02 Y88.441 E.0154
G1 X131.07 Y81.491 E.2561
G1 X131.213 Y81.043 E.01225
G1 X138.02 Y87.85 E.25083
G1 X138.02 Y87.259 E.0154
G1 X131.216 Y80.456 E.2507
G1 X131.216 Y79.865 E.0154
G1 X138.02 Y86.668 E.2507
G1 X138.02 Y86.078 E.01537
G1 X131.216 Y79.274 E.25072
M204 S1000
;WIPE_START
G1 F8640
G1 X133.666 Y81.724 E-.8
;WIPE_END
G1 Z3.3 F720
G1 X130.36 Y77.665 F10800
G1 Z2.9 F720
G1 E.8 F2100
M204 S2000
;WIDTH:0.37219
G1 F3000
G1 X130.737 Y77.999 E.01068
G1 X131.062 Y78.388 E.01075
;WIDTH:0.411095
G1 X131.139 Y78.536 E.00394
;WIDTH:0.449999
G1 X131.216 Y78.683 E.00432
G1 X138.02 Y85.487 E.25072
G1 X138.02 Y84.896 E.0154
G1 X130.771 Y77.647 E.26711
G1 X131.316 Y77.601 E.01425
G1 X138.02 Y84.305 E.24703
G1 X138.02 Y83.714 E.0154
G1 X131.907 Y77.601 E.22525
G1 X132.497 Y77.601 E.01537
G1 X138.02 Y83.123 E.2035
G1 X138.02 Y82.532 E.0154
G1 X133.088 Y77.601 E.18172
G1 X133.679 Y77.601 E.0154
G1 X138.02 Y81.941 E.15994
G1 X138.02 Y81.351 E.01537
G1 X134.27 Y77.601 E.13818
G1 X134.861 Y77.601 E.0154
G1 X138.02 Y80.76 E.1164
G1 X138.02 Y80.169 E.0154
G1 X135.452 Y77.601 E.09463
G1 X136.043 Y77.601 E.0154
G1 X138.02 Y79.578 E.07285
G1 X138.103 Y79.638 E.00267
;WIDTH:0.411095
G1 X138.187 Y79.697 E.00243
;WIDTH:0.37219
G1 X138.168 Y79.768 E.00156
G1 X138.239 Y79.749 E.00156
G1 X138.228 Y79.708 E.0009
M204 S1000
;WIPE_START
G1 F8640
G1 X138.239 Y79.749 E-.0098
G1 X138.168 Y79.768 E-.01697
G1 X138.187 Y79.697 E-.01697
G1 X138.103 Y79.638 E-.0237
G1 X138.02 Y79.578 E-.02365
G1 X136.043 Y77.601 E-.64558
G1 X135.769 Y77.601 E-.06333
;WIPE_END
G1 Z3.3 F720
G1 X136.781 Y77.749 F10800
G1 Z2.9 F720
G1 E.8 F2100
M204 S2000
;WIDTH:0.449999
G1 F3000
G1 X138.02 Y78.987 E.04564
G1 X138.02 Y77.601 E.03611
G1 X136.634 Y77.601 E.03611
M204 S1000
;WIPE_START
G1 F8640
G1 X138.02 Y77.601 E-.32003
G1 X138.02 Y78.987 E-.32003
G1 X137.53 Y78.497 E-.15994
;WIPE_END
G1 Z3.3 F720
G1 X118.326 Y94.07 F10800
G1 Z2.9 F720
G1 E.8 F2100
M204 S2000
;TYPE:Internal infill
;WIDTH:0.45
G1 F3600
G1 X118.238 Y93.981 E.00326
M204 S1000
;LAYER_CHANGE
;Z:3.05
;HEIGHT:0.15
;BEFORE_LAYER_CHANGE
G92 E0.0
;3.05


;WIPE_START
G1 F8640
G1 X118.326 Y94.07 E-.0289
;WIPE_END
G1 E-.7711 F2100
G1 Z3.05 F720
;AFTER_LAYER_CHANGE
;3.05
G1 Z3.45
; stop printing object pieds_clavier_cherry.stl id:0 copy 0
; printing object pieds_clavier_cherry.stl id:1 copy 0
G1 X134.283 Y141.584 F10800
G1 Z3.05 F720
G1 E.8 F2100
M204 S800
;TYPE:Perimeter
;WIDTH:0.449999
G1 F3000
G1 X134.228 Y141.513 E.00234
;WIDTH:0.497082
G1 X134.134 Y141.458 E.00316
;WIDTH:0.544164
G1 X134.04 Y141.404 E.00346
;WIDTH:0.591246
G1 X133.946 Y141.349 E.0038
;WIDTH:0.638328
G1 X133.852 Y141.294 E.00412
G1 X122.756 Y141.294 E.41943
G1 F2581.157
G1 X122.584 Y141.317 E.00656
;WIDTH:0.591245
G1 F2585.246
G1 X122.412 Y141.341 E.00605
;WIDTH:0.544163
G1 F2590.015
G1 X122.24 Y141.364 E.00554
;WIDTH:0.497081
G1 F2595.652
G1 X122.068 Y141.388 E.00503
;WIDTH:0.449999
G1 F2366.578
G1 X120.521 Y141.388 E.04031
G1 F2035.871
G1 X120.519 Y139.344 E.05326
G1 F2378.579
G1 X122.129 Y139.344 E.04195
G1 F2646.257
G1 X122.129 Y139.967 E.01623
G1 F2652.778
G1 X122.176 Y140.204 E.0063
G1 F2687.025
G1 X122.378 Y140.466 E.00862
;WIDTH:0.497081
G1 F2667.384
G1 X122.472 Y140.522 E.00317
;WIDTH:0.544163
G1 F2637.989
G1 X122.567 Y140.577 E.0035
;WIDTH:0.591245
G1 F2612.313
G1 X122.661 Y140.632 E.0038
;WIDTH:0.638327
G1 F2589.73
G1 X122.756 Y140.688 E.00417
G1 F3000
G1 X133.852 Y140.688 E.41943
G1 X134.023 Y140.664 E.00653
;WIDTH:0.591246
G1 X134.194 Y140.641 E.00602
;WIDTH:0.544164
G1 X134.364 Y140.617 E.00548
;WIDTH:0.497082
G1 X134.535 Y140.594 E.005
;WIDTH:0.449999
G1 X141.482 Y140.594 E.18101
G1 X141.482 Y157.308 E.4355
G1 X134.646 Y157.308 E.17812
G1 X133.852 Y157.329 E.0207
;WIDTH:0.408245
G1 X122.756 Y157.329 E.26022
;WIDTH:0.41426
G1 F2836.007
G1 X122.651 Y157.335 E.00251
;WIDTH:0.449999
G1 F2734.438
G1 X122.291 Y157.514 E.01048
G1 F2665.583
G1 X122.129 Y157.935 E.01175
G1 F2642.685
G1 X122.129 Y158.558 E.01623
G1 F2372.353
G1 X120.519 Y158.558 E.04195
G1 F2026.238
G1 X120.521 Y156.974 E.04127
G1 F2357.093
G1 X122.051 Y156.974 E.03987
G1 F2717.293
G1 X122.756 Y156.953 E.01838
;WIDTH:0.408245
G1 F3000
G1 X133.852 Y156.953 E.26022
;WIDTH:0.41426
G1 X133.957 Y156.947 E.00251
;WIDTH:0.449999
G1 X134.354 Y156.723 E.01188
G1 X134.479 Y156.347 E.01032
G1 X134.479 Y154.015 E.06076
G1 X134.425 Y153.76 E.00679
G1 X134.307 Y153.583 E.00554
G1 X134.095 Y153.437 E.00671
G1 X133.852 Y153.388 E.00646
G1 X120.522 Y153.388 E.34732
G1 F2263.024
G1 X120.522 Y144.974 E.21923
G1 F3000
G1 X133.852 Y144.974 E.34732
G1 X134.095 Y144.925 E.00646
G1 X134.313 Y144.771 E.00695
G1 X134.433 Y144.583 E.00581
G1 X134.479 Y144.347 E.00626
G1 X134.479 Y142.015 E.06076
G1 X134.431 Y141.774 E.0064
G1 X134.32 Y141.632 E.0047
M204 S1000
G1 X133.993 Y141.879 F10800
M204 S800
;TYPE:External perimeter
G1 F2400
G1 X133.978 Y141.848 E.0009
G1 X133.852 Y141.806 E.00346
G1 F2399.995
G1 X120.786 Y141.806 E.34044
G1 F1797.396
G1 X120.104 Y141.806 E.01777
G1 F1697.049
G1 X120.101 Y138.926 E.07504
G1 F2027.185
G1 X122.547 Y138.926 E.06373
G1 F2253.444
G1 X122.547 Y139.967 E.02712
G1 F2259.222
M73 P83 R4
G1 X122.63 Y140.133 E.00484
G1 F2273.435
G1 X122.756 Y140.176 E.00347
G1 F2320.963
G1 X123.431 Y140.176 E.01759
G1 F2399.995
G1 X141.9 Y140.176 E.48122
G1 X141.9 Y140.851 E.01759
G1 F2400
G1 X141.9 Y157.051 E.4221
G1 F2399.995
G1 X141.9 Y157.726 E.01759
G1 X123.431 Y157.726 E.48122
G1 F2320.152
G1 X122.756 Y157.726 E.01759
G1 F2270.213
G1 X122.601 Y157.794 E.00441
G1 F2255.754
G1 X122.547 Y157.935 E.00393
G1 F2251.964
G1 X122.547 Y158.976 E.02712
G1 F2023.456
G1 X120.101 Y158.976 E.06373
G1 F1690.026
G1 X120.104 Y156.556 E.06305
G1 F1791.356
G1 X120.786 Y156.556 E.01777
G1 F2399.995
G1 X133.852 Y156.556 E.34044
G1 F2400
M73 P83 R3
G1 X134.019 Y156.472 E.00487
G1 X134.061 Y156.347 E.00344
G1 X134.061 Y154.015 E.06076
G1 X134.004 Y153.871 E.00404
G1 X133.852 Y153.806 E.00431
G1 F2399.995
G1 X120.786 Y153.806 E.34044
G1 F1819.575
G1 X120.104 Y153.806 E.01777
G1 X120.104 Y153.124 E.01777
G1 F1862.668
G1 X120.104 Y144.556 E.22325
G1 F1912.389
G1 X120.786 Y144.556 E.01777
G1 F2400
G1 X133.852 Y144.556 E.34044
G1 X134.006 Y144.488 E.00439
G1 X134.061 Y144.347 E.00394
G1 X134.061 Y142.015 E.06076
G1 X134.02 Y141.932 E.00241
M204 S1000
;WIPE_START
G1 F8640
G1 X133.993 Y141.879 E-.01373
G1 X133.978 Y141.848 E-.00795
G1 X133.852 Y141.806 E-.03067
G1 X130.614 Y141.806 E-.74765
;WIPE_END
G1 Z3.45 F720
G1 X121.72 Y141.178 F10800
G1 Z3.05 F720
G1 E.8 F2100
M204 S2000
;TYPE:Top solid infill
;WIDTH:0.512284
G1 F2400
G1 X122.289 Y140.609 E.02409
M204 S1000
G1 X121.774 Y139.868 F10800
M204 S2000
;TYPE:Internal infill
;WIDTH:0.45
G1 F3600
G1 X121.774 Y139.699 E.0044
G1 X121.714 Y139.699 E.00156
G1 X121.639 Y139.98 E.00758
G1 X121.49 Y140.031 E.0041
G1 X121.49 Y140.534 E.01311
G1 X121.357 Y141.033 E.01346
G1 X120.876 Y141.033 E.01253
G1 X120.875 Y139.699 E.03476
G1 X121.505 Y139.699 E.01642
M204 S1000
;WIPE_START
G1 F8640
G1 X120.875 Y139.699 E-.14547
G1 X120.876 Y141.033 E-.30802
G1 X121.357 Y141.033 E-.11106
G1 X121.49 Y140.534 E-.11924
G1 X121.49 Y140.031 E-.11621
;WIPE_END
G1 Z3.45 F720
G1 X121.49 Y146.269 F10800
G1 Z3.05 F720
G1 E.8 F2100
M204 S2000
G1 F3600
G1 X121.49 Y148.769 E.06514
G1 X120.877 Y148.933 E.01653
G1 X120.877 Y149.11 E.00461
G1 X121.49 Y149.723 E.02259
G1 X121.49 Y152.223 E.06514
M204 S1000
;WIPE_START
G1 F8640
G1 X121.49 Y149.723 E-.57726
G1 X120.877 Y149.11 E-.20017
G1 X120.877 Y149.012 E-.02257
;WIPE_END
G1 Z3.45 F720
G1 X140.461 Y157.141 F10800
G1 Z3.05 F720
G1 E.8 F2100
M204 S2000
;TYPE:Top solid infill
;WIDTH:0.454204
G1 F2400
G1 X141.315 Y156.287 E.03179
M204 S1000
G1 X141.315 Y155.69 F10800
M204 S2000
G1 F2400
G1 X139.864 Y157.141 E.05401
M204 S1000
G1 X139.268 Y157.141 F10800
M204 S2000
G1 F2400
G1 X141.315 Y155.094 E.07619
M204 S1000
G1 X141.315 Y154.497 F10800
M204 S2000
G1 F2400
G1 X138.671 Y157.141 E.09841
M204 S1000
G1 X138.074 Y157.141 F10800
M204 S2000
G1 F2400
G1 X141.315 Y153.9 E.12063
M204 S1000
G1 X141.315 Y153.303 F10800
M204 S2000
G1 F2400
G1 X137.477 Y157.141 E.14285
M204 S1000
G1 X136.88 Y157.141 F10800
M204 S2000
G1 F2400
G1 X141.315 Y152.706 E.16507
M204 S1000
G1 X141.315 Y152.11 F10800
M204 S2000
G1 F2400
G1 X136.284 Y157.141 E.18725
M204 S1000
G1 X135.687 Y157.141 F10800
M204 S2000
G1 F2400
G1 X141.315 Y151.513 E.20947
M204 S1000
G1 X141.315 Y150.916 F10800
M204 S2000
G1 F2400
G1 X135.09 Y157.141 E.23169
M204 S1000
G1 X134.484 Y157.15 F10800
M204 S2000
G1 F2400
G1 X141.315 Y150.319 E.25424
M204 S1000
G1 X141.315 Y149.722 F10800
M204 S2000
G1 F2400
G1 X134.621 Y156.416 E.24915
M204 S1000
G1 X134.646 Y155.794 F10800
M204 S2000
G1 F2400
G1 X141.315 Y149.125 E.24821
M204 S1000
G1 X141.315 Y148.529 F10800
M204 S2000
G1 F2400
G1 X134.646 Y155.197 E.2482
M204 S1000
G1 X134.646 Y154.601 F10800
M204 S2000
G1 F2400
G1 X141.315 Y147.932 E.24821
M204 S1000
G1 X141.315 Y147.335 F10800
M204 S2000
G1 F2400
G1 X134.645 Y154.005 E.24825
M204 S1000
G1 X134.49 Y153.563 F10800
M204 S2000
G1 F2400
G1 X141.315 Y146.738 E.25402
M204 S1000
G1 X141.315 Y146.141 F10800
M204 S2000
G1 F2400
G1 X134.165 Y153.291 E.26612
M204 S1000
G1 X133.631 Y153.229 F10800
M204 S2000
G1 F2400
G1 X141.315 Y145.545 E.28599
M204 S1000
G1 X141.315 Y144.948 F10800
M204 S2000
G1 F2400
G1 X133.034 Y153.228 E.30819
M204 S1000
G1 X132.438 Y153.228 F10800
M204 S2000
G1 F2400
G1 X141.315 Y144.351 E.33039
M204 S1000
G1 X141.315 Y143.754 F10800
M204 S2000
G1 F2400
G1 X131.841 Y153.228 E.35261
M204 S1000
G1 X131.245 Y153.227 F10800
M204 S2000
G1 F2400
G1 X141.315 Y143.157 E.3748
M204 S1000
G1 X141.315 Y142.56 F10800
M204 S2000
G1 F2400
G1 X130.648 Y153.227 E.39702
M204 S1000
G1 X130.052 Y153.227 F10800
M204 S2000
G1 F2400
G1 X141.315 Y141.964 E.4192
M204 S1000
G1 X141.315 Y141.367 F10800
M204 S2000
G1 F2400
G1 X129.455 Y153.226 E.4414
M204 S1000
G1 X128.859 Y153.226 F10800
M204 S2000
G1 F2400
G1 X141.315 Y140.77 E.4636
M204 S1000
G1 X140.727 Y140.761 F10800
M204 S2000
G1 F2400
G1 X128.262 Y153.226 E.46394
M204 S1000
G1 X127.666 Y153.225 F10800
M204 S2000
G1 F2400
G1 X140.131 Y140.761 E.46392
M204 S1000
G1 X139.534 Y140.761 F10800
M204 S2000
G1 F2400
G1 X127.07 Y153.225 E.4639
M204 S1000
G1 X126.473 Y153.224 F10800
M204 S2000
G1 F2400
M73 P84 R3
G1 X138.937 Y140.761 E.46388
M204 S1000
G1 X138.34 Y140.761 F10800
M204 S2000
G1 F2400
G1 X134.634 Y144.467 E.13793
M204 S1000
G1 X134.646 Y143.858 F10800
M204 S2000
G1 F2400
G1 X137.743 Y140.761 E.11527
M204 S1000
G1 X137.146 Y140.761 F10800
M204 S2000
G1 F2400
G1 X134.646 Y143.261 E.09305
M204 S1000
G1 X134.646 Y142.664 F10800
M204 S2000
G1 F2400
G1 X136.55 Y140.761 E.07085
M204 S1000
G1 X135.953 Y140.761 F10800
M204 S2000
G1 F2400
G1 X134.646 Y142.067 E.04863
M204 S1000
G1 X134.506 Y141.61 F10800
M204 S2000
G1 F2400
G1 X135.356 Y140.761 E.03162
M204 S1000
G1 X134.759 Y140.761 F10800
M204 S2000
G1 F2400
G1 X134.218 Y141.302 E.02014
M204 S1000
;WIPE_START
G1 F8640
G1 X134.759 Y140.761 E-.17666
;WIPE_END
G1 E-.62334 F2100
G1 Z3.45 F720
G1 X133.978 Y145.123 F10800
G1 Z3.05 F720
G1 E.8 F2100
M204 S2000
G1 F2400
G1 X125.877 Y153.224 E.30151
M204 S1000
G1 X125.28 Y153.224 F10800
M204 S2000
G1 F2400
G1 X133.363 Y145.141 E.30084
M204 S1000
G1 X132.766 Y145.141 F10800
M204 S2000
G1 F2400
G1 X124.684 Y153.223 E.30081
M204 S1000
G1 X124.087 Y153.223 F10800
M204 S2000
G1 F2400
G1 X132.17 Y145.141 E.30082
M204 S1000
G1 X131.573 Y145.141 F10800
M204 S2000
G1 F2400
G1 X123.491 Y153.223 E.30081
M204 S1000
G1 X122.894 Y153.222 F10800
M204 S2000
G1 F2400
G1 X130.976 Y145.141 E.30079
M204 S1000
G1 X130.379 Y145.141 F10800
M204 S2000
G1 F2400
G1 X122.298 Y153.222 E.30077
M204 S1000
G1 X121.728 Y153.195 F10800
M204 S2000
G1 F2400
G1 X129.782 Y145.141 E.29976
M204 S1000
G1 X129.185 Y145.141 F10800
M204 S2000
G1 F2400
G1 X121.72 Y152.606 E.27784
M204 S1000
G1 X121.72 Y152.009 F10800
M204 S2000
G1 F2400
G1 X128.589 Y145.141 E.25564
M204 S1000
G1 X127.992 Y145.141 F10800
M204 S2000
G1 F2400
G1 X121.72 Y151.413 E.23344
M204 S1000
G1 X121.72 Y150.816 F10800
M204 S2000
G1 F2400
G1 X127.395 Y145.141 E.21122
M204 S1000
G1 X126.798 Y145.141 F10800
M204 S2000
G1 F2400
G1 X121.72 Y150.219 E.189
M204 S1000
G1 X121.72 Y149.622 F10800
M204 S2000
G1 F2400
G1 X126.201 Y145.141 E.16678
M204 S1000
G1 X125.605 Y145.141 F10800
M204 S2000
G1 F2400
G1 X121.72 Y149.025 E.14458
M204 S1000
G1 X121.72 Y148.429 F10800
M204 S2000
G1 F2400
G1 X125.008 Y145.141 E.12238
M204 S1000
G1 X124.411 Y145.141 F10800
M204 S2000
G1 F2400
G1 X121.72 Y147.832 E.10016
M204 S1000
G1 X121.72 Y147.235 F10800
M204 S2000
G1 F2400
G1 X123.814 Y145.141 E.07794
M204 S1000
G1 X123.217 Y145.141 F10800
M204 S2000
G1 F2400
G1 X121.72 Y146.638 E.05572
M204 S1000
G1 X121.72 Y146.041 F10800
M204 S2000
G1 F2400
G1 X122.62 Y145.141 E.0335
M204 S1000
;WIPE_START
G1 F8640
G1 X121.72 Y146.041 E-.29389
;WIPE_END
G1 E-.50611 F2100
G1 Z3.45 F720
; stop printing object pieds_clavier_cherry.stl id:1 copy 0
; printing object pieds_clavier_cherry.stl id:2 copy 0
G1 X131.852 Y108.749 F10800
G1 Z3.05 F720
G1 E.8 F2100
M204 S800
;TYPE:Perimeter
;WIDTH:0.449999
G1 F3000
G1 X131.797 Y108.678 E.00234
;WIDTH:0.497082
G1 X131.703 Y108.623 E.00316
;WIDTH:0.544164
G1 X131.609 Y108.568 E.00348
;WIDTH:0.591246
G1 X131.515 Y108.513 E.0038
;WIDTH:0.638328
G1 X131.421 Y108.458 E.00412
G1 X120.324 Y108.458 E.41947
G1 F2581.157
G1 X120.152 Y108.482 E.00656
;WIDTH:0.591245
G1 F2585.246
G1 X119.98 Y108.505 E.00605
;WIDTH:0.544163
G1 F2590.015
G1 X119.808 Y108.529 E.00554
;WIDTH:0.497081
G1 F2595.652
G1 X119.636 Y108.552 E.00503
;WIDTH:0.449999
G1 F2366.578
G1 X118.09 Y108.552 E.04028
G1 F2035.871
G1 X118.088 Y106.508 E.05326
G1 F2378.579
G1 X119.698 Y106.508 E.04195
G1 F2646.257
G1 X119.698 Y107.131 E.01623
G1 F2652.778
G1 X119.744 Y107.368 E.00629
G1 F2687.025
G1 X119.946 Y107.631 E.00864
;WIDTH:0.497081
G1 F2667.384
G1 X120.041 Y107.686 E.00318
;WIDTH:0.544163
G1 F2637.989
G1 X120.135 Y107.741 E.00348
;WIDTH:0.591245
G1 F2612.313
G1 X120.23 Y107.797 E.00384
;WIDTH:0.638327
G1 F2589.73
G1 X120.324 Y107.852 E.00412
G1 F3000
G1 X131.421 Y107.852 E.41947
G1 X131.591 Y107.829 E.00648
;WIDTH:0.591246
G1 X131.762 Y107.805 E.00602
;WIDTH:0.544164
G1 X131.933 Y107.781 E.00551
;WIDTH:0.497082
G1 X132.103 Y107.758 E.00497
;WIDTH:0.449999
G1 X139.05 Y107.758 E.18101
G1 X139.05 Y124.472 E.4355
G1 X132.215 Y124.472 E.17809
G1 X131.421 Y124.493 E.0207
;WIDTH:0.408245
G1 X120.324 Y124.493 E.26024
;WIDTH:0.41426
G1 F2836.007
G1 X120.219 Y124.499 E.00251
;WIDTH:0.449999
G1 F2734.438
G1 X119.86 Y124.678 E.01045
G1 F2665.583
G1 X119.698 Y125.099 E.01175
G1 F2642.685
G1 X119.698 Y125.722 E.01623
G1 F2372.353
G1 X118.088 Y125.722 E.04195
G1 F2026.238
G1 X118.09 Y124.138 E.04127
G1 F2357.093
G1 X119.62 Y124.138 E.03987
G1 F2717.293
G1 X120.324 Y124.117 E.01835
;WIDTH:0.408245
G1 F3000
G1 X131.421 Y124.117 E.26024
;WIDTH:0.41426
G1 X131.526 Y124.111 E.00251
;WIDTH:0.449999
G1 X131.922 Y123.887 E.01185
G1 X132.047 Y123.511 E.01032
G1 X132.047 Y121.179 E.06076
G1 X131.993 Y120.925 E.00677
G1 X131.875 Y120.748 E.00554
G1 X131.664 Y120.601 E.0067
G1 X131.421 Y120.552 E.00646
G1 X118.09 Y120.552 E.34735
G1 F2263.024
G1 X118.09 Y112.138 E.21923
G1 F3000
G1 X131.421 Y112.138 E.34735
G1 X131.664 Y112.089 E.00646
G1 X131.882 Y111.936 E.00694
G1 X132.001 Y111.747 E.00582
G1 X132.047 Y111.511 E.00626
G1 X132.047 Y109.179 E.06076
G1 X131.999 Y108.938 E.0064
G1 X131.889 Y108.796 E.00468
M204 S1000
G1 X131.562 Y109.043 F10800
M204 S800
;TYPE:External perimeter
G1 F2400
G1 X131.546 Y109.012 E.00091
G1 X131.421 Y108.97 E.00344
G1 F2399.995
G1 X118.354 Y108.97 E.34047
G1 F1797.396
G1 X117.672 Y108.97 E.01777
G1 F1697.049
G1 X117.67 Y106.09 E.07504
G1 F2027.185
G1 X120.115 Y106.09 E.06371
G1 F2253.444
G1 X120.116 Y107.131 E.02712
G1 F2259.222
G1 X120.198 Y107.298 E.00485
G1 F2273.435
G1 X120.324 Y107.34 E.00346
G1 F2320.963
G1 X120.999 Y107.34 E.01759
G1 F2399.995
G1 X139.468 Y107.34 E.48122
G1 X139.468 Y108.015 E.01759
G1 F2400
G1 X139.468 Y124.215 E.4221
G1 F2399.995
G1 X139.468 Y124.89 E.01759
G1 X120.999 Y124.89 E.48122
G1 F2320.152
G1 X120.324 Y124.89 E.01759
G1 F2270.213
G1 X120.17 Y124.959 E.0044
G1 F2255.754
G1 X120.116 Y125.099 E.00391
G1 F2251.964
G1 X120.115 Y126.14 E.02712
G1 F2023.456
G1 X117.67 Y126.14 E.06371
G1 F1690.026
G1 X117.672 Y123.72 E.06305
G1 F1791.356
G1 X118.354 Y123.72 E.01777
G1 F2399.995
G1 X131.421 Y123.72 E.34047
G1 F2400
G1 X131.588 Y123.637 E.00486
G1 X131.63 Y123.511 E.00346
G1 X131.63 Y121.179 E.06076
G1 X131.572 Y121.035 E.00404
G1 X131.421 Y120.97 E.00428
G1 F2399.995
G1 X118.354 Y120.97 E.34047
G1 F1819.575
G1 X117.672 Y120.97 E.01777
G1 X117.672 Y120.288 E.01777
G1 F1862.668
G1 X117.672 Y111.72 E.22325
G1 F1912.389
G1 X118.354 Y111.72 E.01777
G1 F2400
G1 X131.421 Y111.72 E.34047
G1 X131.574 Y111.653 E.00435
M73 P85 R3
G1 X131.63 Y111.511 E.00398
G1 X131.63 Y109.179 E.06076
G1 X131.588 Y109.097 E.0024
M204 S1000
;WIPE_START
G1 F8640
G1 X131.562 Y109.043 E-.01384
G1 X131.546 Y109.012 E-.00806
G1 X131.421 Y108.97 E-.03045
G1 X128.183 Y108.97 E-.74765
;WIPE_END
G1 Z3.45 F720
G1 X119.289 Y108.342 F10800
G1 Z3.05 F720
G1 E.8 F2100
M204 S2000
;TYPE:Top solid infill
;WIDTH:0.512284
G1 F2400
G1 X119.858 Y107.773 E.02409
M204 S1000
G1 X119.343 Y107.033 F10800
M204 S2000
;TYPE:Internal infill
;WIDTH:0.45
G1 F3600
G1 X119.343 Y106.863 E.00443
G1 X119.283 Y106.863 E.00156
G1 X119.207 Y107.145 E.00761
G1 X119.059 Y107.195 E.00407
G1 X119.059 Y107.698 E.01311
G1 X118.925 Y108.197 E.01346
G1 X118.444 Y108.197 E.01253
G1 X118.443 Y106.863 E.03476
G1 X119.074 Y106.863 E.01644
M204 S1000
;WIPE_START
G1 F8640
G1 X118.443 Y106.863 E-.1457
G1 X118.444 Y108.197 E-.30802
G1 X118.925 Y108.197 E-.11106
G1 X119.059 Y107.698 E-.1193
G1 X119.059 Y107.196 E-.11592
;WIPE_END
G1 Z3.45 F720
G1 X119.059 Y113.433 F10800
G1 Z3.05 F720
G1 E.8 F2100
M204 S2000
G1 F3600
G1 X119.059 Y115.933 E.06514
G1 X118.445 Y116.097 E.01656
G1 X118.445 Y116.274 E.00461
G1 X119.059 Y116.887 E.02261
G1 X119.059 Y119.387 E.06514
M204 S1000
;WIPE_START
G1 F8640
G1 X119.059 Y116.887 E-.57726
G1 X118.445 Y116.274 E-.20034
G1 X118.445 Y116.177 E-.0224
;WIPE_END
G1 Z3.45 F720
G1 X138.03 Y124.305 F10800
G1 Z3.05 F720
G1 E.8 F2100
M204 S2000
;TYPE:Top solid infill
;WIDTH:0.454204
G1 F2400
G1 X138.883 Y123.452 E.03175
M204 S1000
G1 X138.883 Y122.855 F10800
M204 S2000
G1 F2400
G1 X137.433 Y124.305 E.05397
M204 S1000
G1 X136.836 Y124.305 F10800
M204 S2000
G1 F2400
G1 X138.883 Y122.258 E.07619
M204 S1000
G1 X138.883 Y121.661 F10800
M204 S2000
G1 F2400
G1 X136.239 Y124.305 E.09841
M204 S1000
G1 X135.642 Y124.305 F10800
M204 S2000
G1 F2400
G1 X138.883 Y121.064 E.12063
M204 S1000
G1 X138.883 Y120.468 F10800
M204 S2000
G1 F2400
G1 X135.046 Y124.305 E.14281
M204 S1000
G1 X134.449 Y124.305 F10800
M204 S2000
G1 F2400
G1 X138.883 Y119.871 E.16503
M204 S1000
G1 X138.883 Y119.274 F10800
M204 S2000
G1 F2400
G1 X133.852 Y124.305 E.18725
M204 S1000
G1 X133.255 Y124.305 F10800
M204 S2000
G1 F2400
G1 X138.883 Y118.677 E.20947
M204 S1000
G1 X138.883 Y118.08 F10800
M204 S2000
G1 F2400
G1 X132.658 Y124.305 E.23169
M204 S1000
G1 X132.053 Y124.314 F10800
M204 S2000
G1 F2400
G1 X138.883 Y117.483 E.25423
M204 S1000
G1 X138.883 Y116.887 F10800
M204 S2000
G1 F2400
G1 X132.189 Y123.581 E.24915
M204 S1000
G1 X132.215 Y122.959 F10800
M204 S2000
G1 F2400
G1 X138.883 Y116.29 E.2482
M204 S1000
G1 X138.883 Y115.693 F10800
M204 S2000
G1 F2400
G1 X132.215 Y122.362 E.2482
M204 S1000
G1 X132.215 Y121.765 F10800
M204 S2000
G1 F2400
G1 X138.883 Y115.096 E.2482
M204 S1000
G1 X138.883 Y114.499 F10800
M204 S2000
G1 F2400
G1 X132.213 Y121.17 E.24827
M204 S1000
G1 X132.059 Y120.727 F10800
M204 S2000
G1 F2400
G1 X138.883 Y113.903 E.25398
M204 S1000
G1 X138.883 Y113.306 F10800
M204 S2000
G1 F2400
G1 X131.733 Y120.456 E.26612
M204 S1000
G1 X131.199 Y120.393 F10800
M204 S2000
G1 F2400
G1 X138.883 Y112.709 E.28599
M204 S1000
G1 X138.883 Y112.112 F10800
M204 S2000
G1 F2400
G1 X130.603 Y120.393 E.30819
M204 S1000
G1 X130.006 Y120.392 F10800
M204 S2000
G1 F2400
G1 X138.883 Y111.515 E.33039
M204 S1000
G1 X138.883 Y110.919 F10800
M204 S2000
G1 F2400
G1 X129.41 Y120.392 E.35258
M204 S1000
G1 X128.813 Y120.392 F10800
M204 S2000
G1 F2400
G1 X138.883 Y110.322 E.3748
M204 S1000
G1 X138.883 Y109.725 F10800
M204 S2000
G1 F2400
G1 X128.217 Y120.391 E.39698
M204 S1000
G1 X127.62 Y120.391 F10800
M204 S2000
G1 F2400
G1 X138.883 Y109.128 E.4192
M204 S1000
G1 X138.883 Y108.531 F10800
M204 S2000
G1 F2400
G1 X127.024 Y120.391 E.4414
M204 S1000
G1 X126.427 Y120.39 F10800
M204 S2000
G1 F2400
G1 X138.883 Y107.934 E.4636
M204 S1000
G1 X138.296 Y107.925 F10800
M204 S2000
G1 F2400
G1 X125.831 Y120.39 E.46394
M204 S1000
G1 X125.235 Y120.39 F10800
M204 S2000
G1 F2400
G1 X137.699 Y107.925 E.46392
M204 S1000
G1 X137.102 Y107.925 F10800
M204 S2000
G1 F2400
G1 X124.638 Y120.389 E.4639
M204 S1000
G1 X124.042 Y120.389 F10800
M204 S2000
G1 F2400
G1 X136.505 Y107.925 E.46388
M204 S1000
G1 X135.909 Y107.925 F10800
M204 S2000
G1 F2400
G1 X132.203 Y111.631 E.13793
M204 S1000
G1 X132.215 Y111.022 F10800
M204 S2000
G1 F2400
G1 X135.312 Y107.925 E.11527
M204 S1000
G1 X134.715 Y107.925 F10800
M204 S2000
G1 F2400
G1 X132.215 Y110.425 E.09305
M204 S1000
G1 X132.215 Y109.829 F10800
M204 S2000
G1 F2400
G1 X134.118 Y107.925 E.07085
M204 S1000
G1 X133.521 Y107.925 F10800
M204 S2000
G1 F2400
G1 X132.215 Y109.232 E.04863
M204 S1000
G1 X132.075 Y108.775 F10800
M204 S2000
G1 F2400
G1 X132.925 Y107.925 E.03164
M204 S1000
G1 X132.328 Y107.925 F10800
M204 S2000
G1 F2400
G1 X131.787 Y108.466 E.02014
M204 S1000
;WIPE_START
G1 F8640
G1 X132.328 Y107.925 E-.17666
;WIPE_END
G1 E-.62334 F2100
G1 Z3.45 F720
G1 X131.546 Y112.287 F10800
G1 Z3.05 F720
G1 E.8 F2100
M204 S2000
G1 F2400
G1 X123.445 Y120.388 E.30151
M204 S1000
G1 X122.849 Y120.388 F10800
M204 S2000
G1 F2400
G1 X130.932 Y112.305 E.30084
M204 S1000
G1 X130.335 Y112.305 F10800
M204 S2000
G1 F2400
G1 X122.252 Y120.388 E.30084
M204 S1000
G1 X121.656 Y120.387 F10800
M204 S2000
G1 F2400
G1 X129.738 Y112.305 E.30081
M204 S1000
G1 X129.141 Y112.305 F10800
M204 S2000
G1 F2400
G1 X121.059 Y120.387 E.30081
M204 S1000
G1 X120.463 Y120.387 F10800
M73 P86 R3
M204 S2000
G1 F2400
G1 X128.544 Y112.305 E.30079
M204 S1000
G1 X127.948 Y112.305 F10800
M204 S2000
G1 F2400
G1 X119.866 Y120.386 E.30079
M204 S1000
G1 X119.297 Y120.359 F10800
M204 S2000
G1 F2400
G1 X127.351 Y112.305 E.29976
M204 S1000
G1 X126.754 Y112.305 F10800
M204 S2000
G1 F2400
G1 X119.288 Y119.771 E.27788
M204 S1000
G1 X119.288 Y119.174 F10800
M204 S2000
G1 F2400
G1 X126.157 Y112.305 E.25566
M204 S1000
G1 X125.56 Y112.305 F10800
M204 S2000
G1 F2400
G1 X119.288 Y118.577 E.23344
M204 S1000
G1 X119.288 Y117.98 F10800
M204 S2000
G1 F2400
G1 X124.964 Y112.305 E.21124
M204 S1000
G1 X124.367 Y112.305 F10800
M204 S2000
G1 F2400
G1 X119.288 Y117.383 E.18902
M204 S1000
G1 X119.288 Y116.787 F10800
M204 S2000
G1 F2400
G1 X123.77 Y112.305 E.16682
M204 S1000
G1 X123.173 Y112.305 F10800
M204 S2000
G1 F2400
G1 X119.288 Y116.19 E.1446
M204 S1000
G1 X119.288 Y115.593 F10800
M204 S2000
G1 F2400
G1 X122.576 Y112.305 E.12238
M204 S1000
G1 X121.979 Y112.305 F10800
M204 S2000
G1 F2400
G1 X119.288 Y114.996 E.10016
M204 S1000
G1 X119.288 Y114.399 F10800
M204 S2000
G1 F2400
G1 X121.383 Y112.305 E.07796
M204 S1000
G1 X120.786 Y112.305 F10800
M204 S2000
G1 F2400
G1 X119.288 Y113.803 E.05575
M204 S1000
G1 X119.288 Y113.206 F10800
M204 S2000
G1 F2400
G1 X120.189 Y112.305 E.03353
M204 S1000
;WIPE_START
G1 F8640
G1 X119.288 Y113.206 E-.29422
;WIPE_END
G1 E-.50578 F2100
G1 Z3.45 F720
; stop printing object pieds_clavier_cherry.stl id:2 copy 0
; printing object pieds_clavier_cherry.stl id:0 copy 0
G1 X130.666 Y78.237 F10800
G1 Z3.05 F720
G1 E.8 F2100
M204 S800
;TYPE:Perimeter
;WIDTH:0.449999
G1 F3000
G1 X130.61 Y78.166 E.00236
;WIDTH:0.497082
G1 X130.516 Y78.111 E.00316
;WIDTH:0.544164
G1 X130.422 Y78.056 E.00348
;WIDTH:0.591246
G1 X130.328 Y78.001 E.0038
;WIDTH:0.638328
G1 X130.234 Y77.946 E.00412
G1 X119.138 Y77.946 E.41943
G1 F2581.157
G1 X118.966 Y77.97 E.00656
;WIDTH:0.591245
G1 F2585.246
G1 X118.794 Y77.993 E.00605
;WIDTH:0.544163
G1 F2590.015
G1 X118.622 Y78.017 E.00554
;WIDTH:0.497081
G1 F2595.652
G1 X118.45 Y78.04 E.00503
;WIDTH:0.449999
G1 F2366.578
G1 X116.903 Y78.04 E.04031
G1 F2035.871
G1 X116.901 Y75.996 E.05326
G1 F2378.579
G1 X118.511 Y75.996 E.04195
G1 F2646.257
G1 X118.511 Y76.619 E.01623
G1 F2652.778
G1 X118.558 Y76.856 E.0063
G1 F2687.025
G1 X118.76 Y77.119 E.00864
;WIDTH:0.497081
G1 F2667.384
G1 X118.854 Y77.174 E.00316
;WIDTH:0.544163
G1 F2637.989
G1 X118.949 Y77.229 E.0035
;WIDTH:0.591245
G1 F2612.313
G1 X119.043 Y77.285 E.00381
;WIDTH:0.638327
G1 F2589.73
G1 X119.138 Y77.34 E.00415
G1 F3000
G1 X130.234 Y77.34 E.41943
G1 X130.405 Y77.317 E.00652
;WIDTH:0.591246
G1 X130.576 Y77.293 E.00602
;WIDTH:0.544164
G1 X130.746 Y77.27 E.00548
;WIDTH:0.497082
G1 X130.917 Y77.246 E.00501
;WIDTH:0.449999
G1 X137.864 Y77.246 E.18101
G1 X137.864 Y93.96 E.4355
G1 X131.028 Y93.96 E.17812
G1 X130.234 Y93.981 E.0207
;WIDTH:0.408245
G1 X119.138 Y93.981 E.26022
;WIDTH:0.41426
G1 F2836.007
G1 X119.033 Y93.987 E.00251
;WIDTH:0.449999
G1 F2734.438
G1 X118.673 Y94.166 E.01048
G1 F2665.583
G1 X118.511 Y94.587 E.01175
G1 F2642.685
G1 X118.511 Y95.21 E.01623
G1 F2372.353
G1 X116.902 Y95.21 E.04192
G1 F2026.238
G1 X116.903 Y93.626 E.04127
G1 F2357.093
G1 X118.434 Y93.626 E.03989
G1 F2717.293
G1 X119.138 Y93.605 E.01835
;WIDTH:0.408245
G1 F3000
G1 X130.234 Y93.605 E.26022
;WIDTH:0.41426
G1 X130.34 Y93.599 E.00253
;WIDTH:0.449999
G1 X130.736 Y93.375 E.01185
G1 X130.861 Y92.999 E.01032
G1 X130.861 Y90.667 E.06076
G1 X130.807 Y90.413 E.00677
G1 X130.689 Y90.236 E.00554
G1 X130.477 Y90.09 E.00671
G1 X130.234 Y90.04 E.00646
G1 X116.904 Y90.04 E.34732
G1 F2263.024
G1 X116.904 Y81.626 E.21923
G1 F3000
G1 X130.234 Y81.626 E.34732
G1 X130.477 Y81.577 E.00646
G1 X130.695 Y81.424 E.00694
G1 X130.815 Y81.235 E.00583
G1 X130.861 Y80.999 E.00626
G1 X130.861 Y78.667 E.06076
G1 X130.813 Y78.426 E.0064
G1 X130.702 Y78.284 E.0047
M204 S1000
G1 X130.375 Y78.531 F10800
M204 S800
;TYPE:External perimeter
G1 F2400
G1 X130.36 Y78.5 E.0009
G1 X130.234 Y78.458 E.00346
G1 F2399.995
G1 X117.168 Y78.458 E.34044
G1 F1797.396
G1 X116.486 Y78.458 E.01777
G1 F1697.049
G1 X116.483 Y75.578 E.07504
G1 F2027.185
G1 X118.929 Y75.578 E.06373
G1 F2253.444
G1 X118.929 Y76.619 E.02712
G1 F2259.222
G1 X119.012 Y76.786 E.00486
G1 F2273.435
G1 X119.138 Y76.828 E.00346
G1 F2320.963
G1 X119.813 Y76.828 E.01759
G1 F2399.995
G1 X138.282 Y76.828 E.48122
G1 X138.282 Y77.503 E.01759
G1 F2400
G1 X138.282 Y93.703 E.4221
G1 F2399.995
G1 X138.282 Y94.378 E.01759
G1 X119.813 Y94.378 E.48122
G1 F2320.152
G1 X119.138 Y94.378 E.01759
G1 F2270.213
G1 X118.983 Y94.447 E.00442
G1 F2255.754
G1 X118.929 Y94.587 E.00391
G1 F2251.964
G1 X118.929 Y95.628 E.02712
G1 F2023.456
G1 X116.483 Y95.628 E.06373
G1 F1690.026
G1 X116.486 Y93.208 E.06305
G1 F1791.356
G1 X117.168 Y93.208 E.01777
G1 F2399.995
G1 X130.234 Y93.208 E.34044
G1 F2400
G1 X130.401 Y93.125 E.00486
G1 X130.443 Y92.999 E.00346
G1 X130.443 Y90.667 E.06076
G1 X130.386 Y90.523 E.00404
G1 X130.234 Y90.458 E.00431
G1 F2399.995
G1 X117.168 Y90.458 E.34044
G1 F1819.575
G1 X116.486 Y90.458 E.01777
G1 X116.486 Y89.776 E.01777
G1 F1862.668
G1 X116.486 Y81.208 E.22325
G1 F1912.389
G1 X117.168 Y81.208 E.01777
G1 F2400
G1 X130.234 Y81.208 E.34044
G1 X130.388 Y81.141 E.00438
G1 X130.443 Y80.999 E.00397
G1 X130.443 Y78.667 E.06076
G1 X130.402 Y78.585 E.00239
M204 S1000
;WIPE_START
G1 F8640
G1 X130.375 Y78.531 E-.01394
G1 X130.36 Y78.5 E-.00795
G1 X130.234 Y78.458 E-.03067
G1 X126.997 Y78.458 E-.74744
;WIPE_END
G1 Z3.45 F720
G1 X118.102 Y77.83 F10800
G1 Z3.05 F720
G1 E.8 F2100
M204 S2000
;TYPE:Top solid infill
;WIDTH:0.512284
G1 F2400
G1 X118.671 Y77.261 E.02409
M204 S1000
G1 X118.156 Y76.521 F10800
M204 S2000
;TYPE:Internal infill
;WIDTH:0.45
G1 F3600
G1 X118.156 Y76.351 E.00443
G1 X118.096 Y76.351 E.00156
G1 X118.021 Y76.633 E.0076
G1 X117.873 Y76.683 E.00407
G1 X117.872 Y77.186 E.01311
G1 X117.739 Y77.685 E.01346
G1 X117.258 Y77.685 E.01253
G1 X117.257 Y76.351 E.03476
G1 X117.887 Y76.351 E.01642
M204 S1000
;WIPE_START
G1 F8640
G1 X117.257 Y76.351 E-.14547
G1 X117.258 Y77.685 E-.30802
G1 X117.739 Y77.685 E-.11106
G1 X117.872 Y77.186 E-.11924
G1 X117.873 Y76.683 E-.11621
;WIPE_END
G1 Z3.45 F720
G1 X117.872 Y82.921 F10800
G1 Z3.05 F720
G1 E.8 F2100
M204 S2000
G1 F3600
G1 X117.872 Y85.421 E.06514
G1 X117.259 Y85.585 E.01653
G1 X117.259 Y85.762 E.00461
G1 X117.872 Y86.375 E.02259
G1 X117.872 Y88.875 E.06514
M204 S1000
;WIPE_START
G1 F8640
G1 X117.872 Y86.375 E-.57726
G1 X117.259 Y85.762 E-.20017
G1 X117.259 Y85.664 E-.02257
;WIPE_END
G1 Z3.45 F720
G1 X136.843 Y93.793 F10800
G1 Z3.05 F720
G1 E.8 F2100
M204 S2000
;TYPE:Top solid infill
;WIDTH:0.454204
G1 F2400
G1 X137.697 Y92.94 E.03177
M204 S1000
G1 X137.697 Y92.343 F10800
M204 S2000
G1 F2400
G1 X136.247 Y93.793 E.05397
M204 S1000
G1 X135.65 Y93.793 F10800
M204 S2000
G1 F2400
G1 X137.697 Y91.746 E.07619
M204 S1000
G1 X137.697 Y91.149 F10800
M204 S2000
G1 F2400
G1 X135.053 Y93.793 E.09841
M204 S1000
G1 X134.456 Y93.793 F10800
M204 S2000
G1 F2400
G1 X137.697 Y90.552 E.12063
M204 S1000
G1 X137.697 Y89.956 F10800
M204 S2000
G1 F2400
G1 X133.859 Y93.793 E.14283
M204 S1000
G1 X133.262 Y93.793 F10800
M204 S2000
G1 F2400
G1 X137.697 Y89.359 E.16505
M204 S1000
G1 X137.697 Y88.762 F10800
M204 S2000
G1 F2400
G1 X132.666 Y93.793 E.18725
M204 S1000
G1 X132.069 Y93.793 F10800
M73 P87 R3
M204 S2000
G1 F2400
G1 X137.697 Y88.165 E.20947
M204 S1000
G1 X137.697 Y87.568 F10800
M204 S2000
G1 F2400
G1 X131.472 Y93.793 E.23169
M204 S1000
G1 X130.866 Y93.802 F10800
M204 S2000
G1 F2400
G1 X137.697 Y86.972 E.25423
M204 S1000
G1 X137.697 Y86.375 F10800
M204 S2000
G1 F2400
G1 X131.003 Y93.069 E.24915
M204 S1000
G1 X131.028 Y92.447 F10800
M204 S2000
G1 F2400
G1 X137.697 Y85.778 E.24821
M204 S1000
G1 X137.697 Y85.181 F10800
M204 S2000
G1 F2400
G1 X131.028 Y91.85 E.24821
M204 S1000
G1 X131.028 Y91.253 F10800
M204 S2000
G1 F2400
G1 X137.697 Y84.584 E.24821
M204 S1000
G1 X137.697 Y83.987 F10800
M204 S2000
G1 F2400
G1 X131.027 Y90.658 E.24827
M204 S1000
G1 X130.872 Y90.215 F10800
M204 S2000
G1 F2400
G1 X137.697 Y83.391 E.254
M204 S1000
G1 X137.697 Y82.794 F10800
M204 S2000
G1 F2400
G1 X130.547 Y89.944 E.26612
M204 S1000
G1 X130.013 Y89.881 F10800
M204 S2000
G1 F2400
G1 X137.697 Y82.197 E.28599
M204 S1000
G1 X137.697 Y81.6 F10800
M204 S2000
G1 F2400
G1 X129.416 Y89.881 E.30821
M204 S1000
G1 X128.82 Y89.881 F10800
M204 S2000
G1 F2400
G1 X137.697 Y81.003 E.33041
M204 S1000
G1 X137.697 Y80.407 F10800
M204 S2000
G1 F2400
G1 X128.223 Y89.88 E.3526
M204 S1000
G1 X127.627 Y89.88 F10800
M204 S2000
G1 F2400
G1 X137.697 Y79.81 E.3748
M204 S1000
G1 X137.697 Y79.213 F10800
M204 S2000
G1 F2400
G1 X127.03 Y89.879 E.397
M204 S1000
G1 X126.434 Y89.879 F10800
M204 S2000
G1 F2400
G1 X137.697 Y78.616 E.4192
M204 S1000
G1 X137.697 Y78.019 F10800
M73 P87 R2
M204 S2000
G1 F2400
G1 X125.837 Y89.879 E.44142
M204 S1000
G1 X125.241 Y89.878 F10800
M204 S2000
G1 F2400
G1 X137.697 Y77.422 E.4636
M204 S1000
G1 X137.109 Y77.413 F10800
M204 S2000
G1 F2400
G1 X124.645 Y89.878 E.46392
M204 S1000
G1 X124.048 Y89.878 F10800
M204 S2000
G1 F2400
G1 X136.513 Y77.413 E.46394
M204 S1000
G1 X135.916 Y77.413 F10800
M204 S2000
G1 F2400
G1 X123.452 Y89.877 E.4639
M204 S1000
G1 X122.855 Y89.877 F10800
M204 S2000
G1 F2400
G1 X135.319 Y77.413 E.4639
M204 S1000
G1 X134.722 Y77.413 F10800
M204 S2000
G1 F2400
G1 X131.016 Y81.119 E.13793
M204 S1000
G1 X131.028 Y80.51 F10800
M204 S2000
G1 F2400
G1 X134.125 Y77.413 E.11527
M204 S1000
G1 X133.529 Y77.413 F10800
M204 S2000
G1 F2400
G1 X131.028 Y79.913 E.09307
M204 S1000
G1 X131.028 Y79.317 F10800
M204 S2000
G1 F2400
G1 X132.932 Y77.413 E.07087
M204 S1000
G1 X132.335 Y77.413 F10800
M204 S2000
G1 F2400
G1 X131.028 Y78.72 E.04865
M204 S1000
G1 X130.888 Y78.263 F10800
M204 S2000
G1 F2400
G1 X131.738 Y77.413 E.03164
M204 S1000
G1 X131.141 Y77.413 F10800
M204 S2000
G1 F2400
G1 X130.6 Y77.954 E.02014
M204 S1000
;WIPE_START
G1 F8640
G1 X131.141 Y77.413 E-.17666
;WIPE_END
G1 E-.62334 F2100
G1 Z3.45 F720
G1 X130.36 Y81.776 F10800
G1 Z3.05 F720
G1 E.8 F2100
M204 S2000
G1 F2400
G1 X122.259 Y89.876 E.30149
M204 S1000
G1 X121.662 Y89.876 F10800
M204 S2000
G1 F2400
G1 X129.745 Y81.793 E.30084
M204 S1000
G1 X129.148 Y81.793 F10800
M204 S2000
G1 F2400
G1 X121.066 Y89.876 E.30082
M204 S1000
G1 X120.469 Y89.875 F10800
M204 S2000
G1 F2400
G1 X128.552 Y81.793 E.30082
M204 S1000
G1 X127.955 Y81.793 F10800
M204 S2000
G1 F2400
G1 X119.873 Y89.875 E.30081
M204 S1000
G1 X119.276 Y89.875 F10800
M204 S2000
G1 F2400
G1 X127.358 Y81.793 E.30081
M204 S1000
G1 X126.761 Y81.793 F10800
M204 S2000
G1 F2400
G1 X118.68 Y89.874 E.30077
M204 S1000
G1 X118.11 Y89.847 F10800
M204 S2000
G1 F2400
G1 X126.164 Y81.793 E.29976
M204 S1000
G1 X125.568 Y81.793 F10800
M204 S2000
G1 F2400
G1 X118.102 Y89.259 E.27788
M204 S1000
G1 X118.102 Y88.662 F10800
M204 S2000
G1 F2400
G1 X124.971 Y81.793 E.25566
M204 S1000
G1 X124.374 Y81.793 F10800
M204 S2000
G1 F2400
G1 X118.102 Y88.065 E.23344
M204 S1000
G1 X118.102 Y87.468 F10800
M204 S2000
G1 F2400
G1 X123.777 Y81.793 E.21122
M204 S1000
G1 X123.18 Y81.793 F10800
M204 S2000
G1 F2400
G1 X118.102 Y86.871 E.189
M204 S1000
G1 X118.102 Y86.275 F10800
M204 S2000
G1 F2400
G1 X122.583 Y81.793 E.1668
M204 S1000
G1 X121.987 Y81.793 F10800
M204 S2000
G1 F2400
G1 X118.102 Y85.678 E.1446
M204 S1000
G1 X118.102 Y85.081 F10800
M204 S2000
G1 F2400
G1 X121.39 Y81.793 E.12238
M204 S1000
G1 X120.793 Y81.793 F10800
M204 S2000
G1 F2400
G1 X118.102 Y84.484 E.10016
M204 S1000
G1 X118.102 Y83.887 F10800
M204 S2000
G1 F2400
G1 X120.196 Y81.793 E.07794
M204 S1000
G1 X119.599 Y81.793 F10800
M204 S2000
G1 F2400
G1 X118.102 Y83.291 E.05574
M204 S1000
G1 X118.102 Y82.694 F10800
M73 P88 R2
M204 S2000
G1 F2400
G1 X119.003 Y81.793 E.03353
M204 S1000
;LAYER_CHANGE
;Z:3.2
;HEIGHT:0.15
;BEFORE_LAYER_CHANGE
G92 E0.0
;3.2


;WIPE_START
G1 F8640
G1 X118.102 Y82.694 E-.29422
;WIPE_END
G1 E-.50578 F2100
G1 Z3.2 F720
;AFTER_LAYER_CHANGE
;3.2
G1 Z3.6
; stop printing object pieds_clavier_cherry.stl id:0 copy 0
; printing object pieds_clavier_cherry.stl id:1 copy 0
G1 X122.121 Y141.388 F10800
G1 Z3.2 F720
G1 E.8 F2100
M204 S800
;TYPE:Perimeter
;WIDTH:0.449999
G1 F1500
G1 X120.526 Y141.388 E.04156
G1 X120.527 Y139.344 E.05326
G1 X122.121 Y139.344 E.04153
G1 X122.121 Y141.328 E.05169
M204 S1000
G1 X122.539 Y141.806 F10800
M204 S800
;TYPE:External perimeter
G1 F1500
G1 X120.108 Y141.806 E.06334
G1 X120.109 Y138.926 E.07504
G1 X122.539 Y138.926 E.06332
G1 X122.539 Y141.746 E.07348
M204 S1000
;WIPE_START
G1 F8640
G1 X122.539 Y141.806 E-.01385
G1 X120.108 Y141.806 E-.56132
G1 X120.108 Y140.832 E-.22483
;WIPE_END
G1 Z3.6 F720
G1 X121.247 Y141.033 F10800
G1 Z3.2 F720
G1 E.8 F2100
M204 S2000
;TYPE:Internal infill
;WIDTH:0.45
G1 F3600
G1 X121.604 Y139.699 E.03598
M204 S1000
;WIPE_START
G1 F8640
G1 X121.247 Y141.033 E-.31886
;WIPE_END
G1 E-.48114 F2100
G1 Z3.6 F720
G1 X122.121 Y144.974 F10800
G1 Z3.2 F720
G1 E.8 F2100
M204 S800
;TYPE:Perimeter
;WIDTH:0.449999
G1 F1500
G1 X122.121 Y153.388 E.21923
G1 X120.525 Y153.388 E.04158
G1 X120.525 Y144.974 E.21923
G1 X122.061 Y144.974 E.04002
M204 S1000
G1 X122.539 Y144.556 F10800
M204 S800
;TYPE:External perimeter
G1 F1500
G1 X122.539 Y145.231 E.01759
G1 X122.539 Y153.131 E.20584
G1 X122.539 Y153.806 E.01759
G1 X120.107 Y153.806 E.06337
G1 X120.107 Y153.131 E.01759
G1 X120.107 Y145.231 E.20584
G1 X120.107 Y144.556 E.01759
G1 X122.479 Y144.556 E.0618
M204 S1000
;WIPE_START
G1 F8640
G1 X122.539 Y144.556 E-.01385
G1 X122.539 Y145.231 E-.15586
G1 X122.539 Y147.961 E-.63029
;WIPE_END
G1 Z3.6 F720
G1 X121.766 Y146.304 F10800
G1 Z3.2 F720
G1 E.8 F2100
M204 S2000
;TYPE:Internal infill
;WIDTH:0.45
G1 F3600
G1 X121.766 Y148.804 E.06514
G1 X121.259 Y148.94 E.01368
G1 X121.259 Y149.341 E.01045
G1 X121.766 Y149.849 E.0187
G1 X121.766 Y152.349 E.06514
M204 S1000
;WIPE_START
G1 F8640
G1 X121.766 Y149.849 E-.57726
G1 X121.259 Y149.341 E-.16572
G1 X121.259 Y149.094 E-.05702
;WIPE_END
G1 Z3.6 F720
G1 X120.861 Y153.053 F10800
G1 Z3.2 F720
G1 E.8 F2100
M204 S2000
;TYPE:Solid infill
;WIDTH:0.410568
G1 F3000
G1 X120.861 Y145.309 E.18273
M204 S1000
;WIPE_START
G1 F8640
G1 X120.861 Y148.773 E-.8
;WIPE_END
G1 Z3.6 F720
G1 X122.121 Y156.974 F10800
G1 Z3.2 F720
G1 E.8 F2100
M204 S800
;TYPE:Perimeter
;WIDTH:0.449999
G1 F1500
G1 X122.121 Y158.558 E.04127
G1 X120.527 Y158.558 E.04153
G1 X120.526 Y156.974 E.04127
G1 X122.061 Y156.974 E.04
M204 S1000
G1 X122.539 Y156.556 F10800
M204 S800
;TYPE:External perimeter
G1 F1500
G1 X122.539 Y158.976 E.06305
G1 X120.109 Y158.976 E.06332
G1 X120.108 Y156.556 E.06305
G1 X122.479 Y156.556 E.06178
M204 S1000
;WIPE_START
G1 F8640
G1 X122.539 Y156.556 E-.01385
G1 X122.539 Y158.976 E-.55878
G1 X121.554 Y158.976 E-.22737
;WIPE_END
G1 Z3.6 F720
; stop printing object pieds_clavier_cherry.stl id:1 copy 0
; printing object pieds_clavier_cherry.stl id:2 copy 0
G1 X119.689 Y108.552 F10800
G1 Z3.2 F720
G1 E.8 F2100
M204 S800
;TYPE:Perimeter
G1 F1500
G1 X118.094 Y108.552 E.04156
G1 X118.095 Y106.508 E.05326
G1 X119.689 Y106.508 E.04153
G1 X119.689 Y108.492 E.05169
M204 S1000
G1 X120.107 Y108.97 F10800
M204 S800
;TYPE:External perimeter
G1 F1500
G1 X117.676 Y108.97 E.06334
G1 X117.678 Y106.09 E.07504
G1 X120.107 Y106.09 E.06329
G1 X120.107 Y108.91 E.07348
M204 S1000
;WIPE_START
G1 F8640
G1 X120.107 Y108.97 E-.01385
G1 X117.676 Y108.97 E-.56132
G1 X117.677 Y107.996 E-.22483
;WIPE_END
G1 Z3.6 F720
G1 X118.815 Y108.197 F10800
G1 Z3.2 F720
G1 E.8 F2100
M204 S2000
;TYPE:Internal infill
;WIDTH:0.45
G1 F3600
G1 X119.173 Y106.863 E.03599
M204 S1000
;WIPE_START
G1 F8640
G1 X118.815 Y108.197 E-.31892
;WIPE_END
G1 E-.48108 F2100
G1 Z3.6 F720
G1 X119.689 Y112.138 F10800
G1 Z3.2 F720
G1 E.8 F2100
M204 S800
;TYPE:Perimeter
;WIDTH:0.449999
G1 F1500
G1 X119.689 Y120.552 E.21923
G1 X118.094 Y120.552 E.04156
G1 X118.094 Y112.138 E.21923
G1 X119.629 Y112.138 E.04
M204 S1000
G1 X120.107 Y111.72 F10800
M204 S800
;TYPE:External perimeter
G1 F1500
G1 X120.107 Y112.395 E.01759
G1 X120.107 Y120.295 E.20584
G1 X120.107 Y120.97 E.01759
G1 X117.676 Y120.97 E.06334
G1 X117.676 Y120.295 E.01759
G1 X117.676 Y112.395 E.20584
G1 X117.676 Y111.72 E.01759
G1 X120.047 Y111.72 E.06178
M204 S1000
;WIPE_START
G1 F8640
G1 X120.107 Y111.72 E-.01385
G1 X120.107 Y112.395 E-.15586
G1 X120.107 Y115.125 E-.63029
;WIPE_END
G1 Z3.6 F720
G1 X119.334 Y113.469 F10800
G1 Z3.2 F720
G1 E.8 F2100
M204 S2000
;TYPE:Internal infill
;WIDTH:0.45
G1 F3600
G1 X119.334 Y115.969 E.06514
G1 X118.827 Y116.105 E.01368
G1 X118.827 Y116.506 E.01045
G1 X119.334 Y117.013 E.01868
G1 X119.334 Y119.513 E.06514
M204 S1000
;WIPE_START
G1 F8640
G1 X119.334 Y117.013 E-.57726
G1 X118.827 Y116.506 E-.16556
G1 X118.827 Y116.258 E-.05718
;WIPE_END
G1 Z3.6 F720
G1 X118.429 Y120.217 F10800
G1 Z3.2 F720
G1 E.8 F2100
M204 S2000
;TYPE:Solid infill
;WIDTH:0.410568
G1 F3000
G1 X118.429 Y112.473 E.18273
M204 S1000
;WIPE_START
G1 F8640
G1 X118.429 Y115.938 E-.8
;WIPE_END
G1 Z3.6 F720
G1 X119.689 Y124.138 F10800
G1 Z3.2 F720
G1 E.8 F2100
M204 S800
;TYPE:Perimeter
;WIDTH:0.449999
G1 F1500
G1 X119.689 Y125.722 E.04127
G1 X118.095 Y125.722 E.04153
G1 X118.094 Y124.138 E.04127
G1 X119.629 Y124.138 E.04
M204 S1000
G1 X120.107 Y123.72 F10800
M204 S800
;TYPE:External perimeter
G1 F1500
G1 X120.107 Y126.14 E.06305
G1 X117.678 Y126.14 E.06329
G1 X117.676 Y123.72 E.06305
G1 X120.047 Y123.72 E.06178
M204 S1000
;WIPE_START
G1 F8640
G1 X120.107 Y123.72 E-.01385
G1 X120.107 Y126.14 E-.55878
G1 X119.122 Y126.14 E-.22737
;WIPE_END
G1 Z3.6 F720
; stop printing object pieds_clavier_cherry.stl id:2 copy 0
; printing object pieds_clavier_cherry.stl id:0 copy 0
G1 X118.503 Y78.04 F10800
G1 Z3.2 F720
G1 E.8 F2100
M204 S800
;TYPE:Perimeter
G1 F1500
G1 X116.908 Y78.04 E.04156
G1 X116.909 Y75.996 E.05326
G1 X118.503 Y75.996 E.04153
G1 X118.503 Y77.98 E.05169
M204 S1000
G1 X118.921 Y78.458 F10800
M204 S800
;TYPE:External perimeter
G1 F1500
M73 P89 R2
G1 X116.49 Y78.458 E.06334
G1 X116.491 Y75.578 E.07504
G1 X118.921 Y75.578 E.06332
G1 X118.921 Y78.398 E.07348
M204 S1000
;WIPE_START
G1 F8640
G1 X118.921 Y78.458 E-.01385
G1 X116.49 Y78.458 E-.56132
G1 X116.49 Y77.484 E-.22483
;WIPE_END
G1 Z3.6 F720
G1 X117.629 Y77.685 F10800
G1 Z3.2 F720
G1 E.8 F2100
M204 S2000
;TYPE:Internal infill
;WIDTH:0.45
G1 F3600
G1 X117.986 Y76.351 E.03598
M204 S1000
;WIPE_START
G1 F8640
G1 X117.629 Y77.685 E-.31886
;WIPE_END
G1 E-.48114 F2100
G1 Z3.6 F720
G1 X118.503 Y81.626 F10800
G1 Z3.2 F720
G1 E.8 F2100
M204 S800
;TYPE:Perimeter
;WIDTH:0.449999
G1 F1500
G1 X118.503 Y90.04 E.21923
G1 X116.907 Y90.04 E.04158
G1 X116.907 Y81.626 E.21923
G1 X118.443 Y81.626 E.04002
M204 S1000
G1 X118.921 Y81.208 F10800
M204 S800
;TYPE:External perimeter
G1 F1500
G1 X118.921 Y81.883 E.01759
G1 X118.921 Y89.783 E.20584
G1 X118.921 Y90.458 E.01759
G1 X116.489 Y90.458 E.06337
G1 X116.489 Y89.783 E.01759
G1 X116.489 Y81.883 E.20584
G1 X116.489 Y81.208 E.01759
G1 X118.861 Y81.208 E.0618
M204 S1000
;WIPE_START
G1 F8640
G1 X118.921 Y81.208 E-.01385
G1 X118.921 Y81.883 E-.15586
G1 X118.921 Y84.613 E-.63029
;WIPE_END
G1 Z3.6 F720
G1 X118.148 Y82.957 F10800
G1 Z3.2 F720
G1 E.8 F2100
M204 S2000
;TYPE:Internal infill
;WIDTH:0.45
G1 F3600
G1 X118.148 Y85.457 E.06514
G1 X117.641 Y85.593 E.01368
G1 X117.641 Y85.994 E.01045
G1 X118.148 Y86.501 E.01868
G1 X118.148 Y89.001 E.06514
M204 S1000
;WIPE_START
G1 F8640
G1 X118.148 Y86.501 E-.57726
G1 X117.641 Y85.994 E-.16556
G1 X117.641 Y85.746 E-.05718
;WIPE_END
G1 Z3.6 F720
G1 X117.243 Y89.705 F10800
G1 Z3.2 F720
G1 E.8 F2100
M204 S2000
;TYPE:Solid infill
;WIDTH:0.410568
G1 F3000
G1 X117.243 Y81.961 E.18273
M204 S1000
;WIPE_START
G1 F8640
G1 X117.243 Y85.426 E-.8
;WIPE_END
G1 Z3.6 F720
G1 X118.503 Y93.626 F10800
G1 Z3.2 F720
G1 E.8 F2100
M204 S800
;TYPE:Perimeter
;WIDTH:0.449999
G1 F1500
G1 X118.503 Y95.21 E.04127
G1 X116.909 Y95.21 E.04153
G1 X116.908 Y93.626 E.04127
G1 X118.443 Y93.626 E.04
M204 S1000
G1 X118.921 Y93.208 F10800
M204 S800
;TYPE:External perimeter
G1 F1500
G1 X118.921 Y95.628 E.06305
G1 X116.491 Y95.628 E.06332
G1 X116.49 Y93.208 E.06305
G1 X118.861 Y93.208 E.06178
M204 S1000
;LAYER_CHANGE
;Z:3.35
;HEIGHT:0.15
;BEFORE_LAYER_CHANGE
G92 E0.0
;3.35


;WIPE_START
G1 F8640
G1 X118.921 Y93.208 E-.01385
G1 X118.921 Y95.628 E-.55878
G1 X117.936 Y95.628 E-.22737
;WIPE_END
G1 Z3.35 F720
;AFTER_LAYER_CHANGE
;3.35
G1 Z3.75
; stop printing object pieds_clavier_cherry.stl id:0 copy 0
; printing object pieds_clavier_cherry.stl id:1 copy 0
G1 X122.102 Y141.388 F10800
G1 Z3.35 F720
G1 E.8 F2100
M204 S800
;TYPE:Perimeter
G1 F1500
G1 X120.546 Y141.388 E.04054
G1 X120.546 Y139.344 E.05326
G1 X122.102 Y139.344 E.04054
G1 X122.102 Y141.328 E.05169
M204 S1000
G1 X122.52 Y141.806 F10800
M204 S800
;TYPE:External perimeter
G1 F1500
G1 X120.128 Y141.806 E.06233
G1 X120.128 Y138.926 E.07504
G1 X122.52 Y138.926 E.06233
G1 X122.52 Y141.746 E.07348
M204 S1000
;WIPE_START
G1 F8640
G1 X122.52 Y141.806 E-.01385
G1 X120.128 Y141.806 E-.55232
G1 X120.128 Y140.793 E-.23383
;WIPE_END
G1 Z3.75 F720
G1 X121.538 Y139.699 F10800
G1 Z3.35 F720
G1 E.8 F2100
M204 S2000
;TYPE:Solid infill
G1 F3000
G1 X120.901 Y139.699 E.0166
G1 X120.901 Y141.033 E.03476
G1 X121.747 Y141.033 E.02204
G1 X121.747 Y139.699 E.03476
G1 X121.324 Y140.122 E.01559
;WIDTH:0.460516
G1 X121.324 Y140.61 E.01304
M204 S1000
;WIPE_START
G1 F8640
G1 X121.324 Y140.122 E-.11268
G1 X121.747 Y139.699 E-.13813
G1 X121.747 Y141.033 E-.30802
G1 X120.901 Y141.033 E-.19534
G1 X120.901 Y140.834 E-.04583
;WIPE_END
G1 Z3.75 F720
G1 X122.102 Y144.974 F10800
G1 Z3.35 F720
G1 E.8 F2100
M204 S800
;TYPE:Perimeter
;WIDTH:0.449999
G1 F1500
G1 X122.102 Y153.388 E.21923
G1 X120.546 Y153.388 E.04054
G1 X120.546 Y144.974 E.21923
G1 X122.042 Y144.974 E.03898
M204 S1000
G1 X122.52 Y144.556 F10800
M204 S800
;TYPE:External perimeter
G1 F1500
G1 X122.52 Y145.231 E.01759
G1 X122.52 Y153.131 E.20584
G1 X122.52 Y153.806 E.01759
G1 X120.128 Y153.806 E.06233
G1 X120.128 Y153.131 E.01759
G1 X120.128 Y145.231 E.20584
G1 X120.128 Y144.556 E.01759
G1 X122.46 Y144.556 E.06076
M204 S1000
;WIPE_START
G1 F8640
G1 X122.52 Y144.556 E-.01385
G1 X122.52 Y145.231 E-.15586
G1 X122.52 Y147.961 E-.63029
;WIPE_END
G1 Z3.75 F720
G1 X120.901 Y145.329 F10800
G1 Z3.35 F720
G1 E.8 F2100
M204 S2000
;TYPE:Solid infill
G1 F3000
G1 X121.747 Y145.329 E.02204
G1 X121.747 Y153.033 E.20073
G1 X120.901 Y153.033 E.02204
G1 X120.901 Y145.538 E.19529
G1 X121.324 Y145.752 E.01235
;WIDTH:0.46046
G1 X121.324 Y152.61 E.18316
M204 S1000
;WIPE_START
G1 F8640
G1 X121.324 Y149.145 E-.8
;WIPE_END
G1 Z3.75 F720
G1 X122.102 Y156.974 F10800
G1 Z3.35 F720
G1 E.8 F2100
M204 S800
;TYPE:Perimeter
;WIDTH:0.449999
G1 F1500
G1 X122.102 Y158.558 E.04127
G1 X120.546 Y158.558 E.04054
G1 X120.546 Y156.974 E.04127
G1 X122.042 Y156.974 E.03898
M204 S1000
G1 X122.52 Y156.556 F10800
M204 S800
;TYPE:External perimeter
G1 F1500
G1 X122.52 Y158.976 E.06305
G1 X120.128 Y158.976 E.06233
G1 X120.128 Y156.556 E.06305
G1 X122.46 Y156.556 E.06076
M204 S1000
;WIPE_START
G1 F8640
G1 X122.52 Y156.556 E-.01385
G1 X122.52 Y158.976 E-.55878
G1 X121.535 Y158.976 E-.22737
;WIPE_END
G1 Z3.75 F720
G1 X120.901 Y157.329 F10800
G1 Z3.35 F720
G1 E.8 F2100
M204 S2000
;TYPE:Solid infill
G1 F3000
G1 X121.747 Y157.329 E.02204
G1 X121.747 Y158.203 E.02277
G1 X120.901 Y158.203 E.02204
G1 X120.901 Y157.538 E.01733
M204 S1000
;WIPE_START
G1 F8640
G1 X120.901 Y158.203 E-.15355
G1 X121.747 Y158.203 E-.19534
G1 X121.747 Y157.329 E-.20181
G1 X120.901 Y157.329 E-.19534
;WIPE_END
G1 E-.05396 F2100
G1 Z3.75 F720
; stop printing object pieds_clavier_cherry.stl id:1 copy 0
; printing object pieds_clavier_cherry.stl id:2 copy 0
G1 X119.671 Y108.552 F10800
G1 Z3.35 F720
G1 E.8 F2100
M204 S800
;TYPE:Perimeter
G1 F1500
G1 X118.114 Y108.552 E.04057
G1 X118.114 Y106.508 E.05326
G1 X119.671 Y106.508 E.04057
G1 X119.671 Y108.492 E.05169
M204 S1000
G1 X120.088 Y108.97 F10800
M204 S800
;TYPE:External perimeter
G1 F1500
G1 X117.696 Y108.97 E.06233
G1 X117.696 Y106.09 E.07504
G1 X120.088 Y106.09 E.06233
G1 X120.088 Y108.91 E.07348
M204 S1000
;WIPE_START
G1 F8640
G1 X120.088 Y108.97 E-.01385
G1 X117.696 Y108.97 E-.55232
G1 X117.696 Y107.957 E-.23383
;WIPE_END
G1 Z3.75 F720
M73 P90 R2
G1 X119.107 Y106.863 F10800
G1 Z3.35 F720
G1 E.8 F2100
M204 S2000
;TYPE:Solid infill
G1 F3000
G1 X118.469 Y106.863 E.01662
G1 X118.469 Y108.197 E.03476
G1 X119.315 Y108.197 E.02204
G1 X119.316 Y106.863 E.03476
G1 X118.892 Y107.286 E.01561
;WIDTH:0.460516
G1 X118.892 Y107.774 E.01304
M204 S1000
;WIPE_START
G1 F8640
G1 X118.892 Y107.286 E-.11268
G1 X119.316 Y106.863 E-.13829
G1 X119.315 Y108.197 E-.30802
G1 X118.469 Y108.197 E-.19534
G1 X118.469 Y107.999 E-.04567
;WIPE_END
G1 Z3.75 F720
G1 X119.671 Y112.138 F10800
G1 Z3.35 F720
G1 E.8 F2100
M204 S800
;TYPE:Perimeter
;WIDTH:0.449999
G1 F1500
G1 X119.671 Y120.552 E.21923
G1 X118.114 Y120.552 E.04057
G1 X118.114 Y112.138 E.21923
G1 X119.611 Y112.138 E.03901
M204 S1000
G1 X120.088 Y111.72 F10800
M204 S800
;TYPE:External perimeter
G1 F1500
G1 X120.088 Y112.395 E.01759
G1 X120.088 Y120.295 E.20584
G1 X120.088 Y120.97 E.01759
G1 X117.696 Y120.97 E.06233
G1 X117.696 Y120.295 E.01759
G1 X117.696 Y112.395 E.20584
G1 X117.696 Y111.72 E.01759
G1 X120.028 Y111.72 E.06076
M204 S1000
;WIPE_START
G1 F8640
G1 X120.088 Y111.72 E-.01385
G1 X120.088 Y112.395 E-.15586
G1 X120.088 Y115.125 E-.63029
;WIPE_END
G1 Z3.75 F720
G1 X118.469 Y112.493 F10800
G1 Z3.35 F720
G1 E.8 F2100
M204 S2000
;TYPE:Solid infill
G1 F3000
G1 X119.315 Y112.493 E.02204
G1 X119.315 Y120.197 E.20073
G1 X118.469 Y120.197 E.02204
G1 X118.469 Y112.702 E.19529
G1 X118.892 Y112.916 E.01235
;WIDTH:0.46046
G1 X118.892 Y119.774 E.18316
M204 S1000
;WIPE_START
G1 F8640
G1 X118.892 Y116.309 E-.8
;WIPE_END
G1 Z3.75 F720
G1 X119.671 Y124.138 F10800
G1 Z3.35 F720
G1 E.8 F2100
M204 S800
;TYPE:Perimeter
;WIDTH:0.449999
G1 F1500
G1 X119.671 Y125.722 E.04127
G1 X118.114 Y125.722 E.04057
G1 X118.114 Y124.138 E.04127
G1 X119.611 Y124.138 E.03901
M204 S1000
G1 X120.088 Y123.72 F10800
M204 S800
;TYPE:External perimeter
G1 F1500
G1 X120.088 Y126.14 E.06305
G1 X117.696 Y126.14 E.06233
G1 X117.696 Y123.72 E.06305
G1 X120.028 Y123.72 E.06076
M204 S1000
;WIPE_START
G1 F8640
G1 X120.088 Y123.72 E-.01385
G1 X120.088 Y126.14 E-.55878
G1 X119.103 Y126.14 E-.22737
;WIPE_END
G1 Z3.75 F720
G1 X118.469 Y124.493 F10800
G1 Z3.35 F720
G1 E.8 F2100
M204 S2000
;TYPE:Solid infill
G1 F3000
G1 X119.315 Y124.493 E.02204
G1 X119.315 Y125.367 E.02277
G1 X118.469 Y125.367 E.02204
G1 X118.469 Y124.702 E.01733
M204 S1000
;WIPE_START
G1 F8640
G1 X118.469 Y125.367 E-.15355
G1 X119.315 Y125.367 E-.19534
G1 X119.315 Y124.493 E-.20181
G1 X118.469 Y124.493 E-.19534
;WIPE_END
G1 E-.05396 F2100
G1 Z3.75 F720
; stop printing object pieds_clavier_cherry.stl id:2 copy 0
; printing object pieds_clavier_cherry.stl id:0 copy 0
G1 X118.484 Y78.04 F10800
G1 Z3.35 F720
G1 E.8 F2100
M204 S800
;TYPE:Perimeter
G1 F1500
G1 X116.928 Y78.04 E.04054
G1 X116.928 Y75.996 E.05326
G1 X118.484 Y75.996 E.04054
G1 X118.484 Y77.98 E.05169
M204 S1000
G1 X118.902 Y78.458 F10800
M204 S800
;TYPE:External perimeter
G1 F1500
G1 X116.51 Y78.458 E.06233
G1 X116.51 Y75.578 E.07504
G1 X118.902 Y75.578 E.06233
G1 X118.902 Y78.398 E.07348
M204 S1000
;WIPE_START
G1 F8640
G1 X118.902 Y78.458 E-.01385
G1 X116.51 Y78.458 E-.55232
G1 X116.51 Y77.445 E-.23383
;WIPE_END
G1 Z3.75 F720
G1 X117.92 Y76.351 F10800
G1 Z3.35 F720
G1 E.8 F2100
M204 S2000
;TYPE:Solid infill
G1 F3000
G1 X117.283 Y76.351 E.0166
G1 X117.283 Y77.685 E.03476
G1 X118.129 Y77.685 E.02204
G1 X118.129 Y76.351 E.03476
G1 X117.706 Y76.774 E.01559
;WIDTH:0.460516
G1 X117.706 Y77.262 E.01304
M204 S1000
;WIPE_START
G1 F8640
G1 X117.706 Y76.774 E-.11268
G1 X118.129 Y76.351 E-.13813
G1 X118.129 Y77.685 E-.30802
G1 X117.283 Y77.685 E-.19534
G1 X117.283 Y77.487 E-.04583
;WIPE_END
G1 Z3.75 F720
G1 X118.484 Y81.626 F10800
G1 Z3.35 F720
G1 E.8 F2100
M204 S800
;TYPE:Perimeter
;WIDTH:0.449999
G1 F1500
G1 X118.484 Y90.04 E.21923
G1 X116.928 Y90.04 E.04054
G1 X116.928 Y81.626 E.21923
G1 X118.424 Y81.626 E.03898
M204 S1000
G1 X118.902 Y81.208 F10800
M204 S800
;TYPE:External perimeter
G1 F1500
G1 X118.902 Y81.883 E.01759
G1 X118.902 Y89.783 E.20584
G1 X118.902 Y90.458 E.01759
G1 X116.51 Y90.458 E.06233
G1 X116.51 Y89.783 E.01759
G1 X116.51 Y81.883 E.20584
G1 X116.51 Y81.208 E.01759
G1 X118.842 Y81.208 E.06076
M204 S1000
;WIPE_START
G1 F8640
G1 X118.902 Y81.208 E-.01385
G1 X118.902 Y81.883 E-.15586
G1 X118.902 Y84.613 E-.63029
;WIPE_END
G1 Z3.75 F720
G1 X117.283 Y81.981 F10800
G1 Z3.35 F720
G1 E.8 F2100
M204 S2000
;TYPE:Solid infill
G1 F3000
G1 X118.129 Y81.981 E.02204
G1 X118.129 Y89.685 E.20073
G1 X117.283 Y89.685 E.02204
G1 X117.283 Y82.19 E.19529
G1 X117.706 Y82.404 E.01235
;WIDTH:0.46046
G1 X117.706 Y89.262 E.18316
M204 S1000
;WIPE_START
G1 F8640
G1 X117.706 Y85.797 E-.8
;WIPE_END
G1 Z3.75 F720
G1 X118.484 Y93.626 F10800
G1 Z3.35 F720
G1 E.8 F2100
M204 S800
;TYPE:Perimeter
;WIDTH:0.449999
G1 F1500
G1 X118.484 Y95.21 E.04127
G1 X116.928 Y95.21 E.04054
G1 X116.928 Y93.626 E.04127
G1 X118.424 Y93.626 E.03898
M204 S1000
G1 X118.902 Y93.208 F10800
M204 S800
;TYPE:External perimeter
G1 F1500
G1 X118.902 Y95.628 E.06305
G1 X116.51 Y95.628 E.06233
G1 X116.51 Y93.208 E.06305
G1 X118.842 Y93.208 E.06076
M204 S1000
;WIPE_START
G1 F8640
G1 X118.902 Y93.208 E-.01385
G1 X118.902 Y95.628 E-.55878
G1 X117.917 Y95.628 E-.22737
;WIPE_END
G1 Z3.75 F720
G1 X117.283 Y93.981 F10800
G1 Z3.35 F720
G1 E.8 F2100
M204 S2000
;TYPE:Solid infill
G1 F3000
G1 X118.129 Y93.981 E.02204
G1 X118.129 Y94.855 E.02277
G1 X117.283 Y94.855 E.02204
G1 X117.283 Y94.19 E.01733
M204 S1000
;LAYER_CHANGE
;Z:3.5
;HEIGHT:0.15
;BEFORE_LAYER_CHANGE
G92 E0.0
;3.5


;WIPE_START
G1 F8640
G1 X117.283 Y94.855 E-.15355
G1 X118.129 Y94.855 E-.19534
G1 X118.129 Y93.981 E-.20181
G1 X117.283 Y93.981 E-.19534
;WIPE_END
G1 E-.05396 F2100
G1 Z3.5 F720
;AFTER_LAYER_CHANGE
;3.5
G1 Z3.9
; stop printing object pieds_clavier_cherry.stl id:0 copy 0
; printing object pieds_clavier_cherry.stl id:1 copy 0
G1 X122.065 Y141.388 F10800
G1 Z3.5 F720
G1 E.8 F2100
M204 S800
;TYPE:Perimeter
G1 F1500
G1 X120.585 Y141.388 E.03856
G1 X120.584 Y139.344 E.05326
G1 X122.064 Y139.344 E.03856
G1 X122.065 Y141.328 E.05169
M204 S1000
G1 X122.482 Y141.806 F10800
M204 S800
;TYPE:External perimeter
G1 F1500
G1 X120.168 Y141.806 E.06029
G1 X120.166 Y138.926 E.07504
G1 X122.482 Y138.926 E.06035
G1 X122.482 Y141.746 E.07348
M204 S1000
;WIPE_START
G1 F8640
G1 X122.482 Y141.806 E-.01385
G1 X120.168 Y141.806 E-.53431
G1 X120.167 Y140.715 E-.25184
;WIPE_END
G1 Z3.9 F720
G1 X120.939 Y139.908 F10800
M73 P91 R2
G1 Z3.5 F720
G1 E.8 F2100
M204 S2000
;TYPE:Solid infill
G1 F3000
G1 X120.94 Y141.033 E.02931
G1 X121.709 Y141.033 E.02004
G1 X121.709 Y139.699 E.03476
G1 X120.939 Y139.699 E.02006
G1 X121.324 Y140.084 E.01419
;WIDTH:0.38408
G1 X121.325 Y140.648 E.01238
M204 S1000
;WIPE_START
G1 F8640
G1 X121.324 Y140.084 E-.13023
G1 X120.939 Y139.699 E-.12572
G1 X121.709 Y139.699 E-.1778
G1 X121.709 Y141.033 E-.30802
G1 X121.457 Y141.033 E-.05823
;WIPE_END
G1 Z3.9 F720
G1 X122.065 Y144.974 F10800
G1 Z3.5 F720
G1 E.8 F2100
M204 S800
;TYPE:Perimeter
;WIDTH:0.449999
G1 F1500
G1 X122.065 Y153.388 E.21923
G1 X120.585 Y153.388 E.03856
G1 X120.585 Y144.974 E.21923
G1 X122.005 Y144.974 E.037
M204 S1000
G1 X122.482 Y144.556 F10800
M204 S800
;TYPE:External perimeter
G1 F1500
G1 X122.482 Y145.231 E.01759
G1 X122.482 Y153.131 E.20584
G1 X122.482 Y153.806 E.01759
G1 X120.168 Y153.806 E.06029
G1 X120.168 Y153.131 E.01759
G1 X120.168 Y145.231 E.20584
G1 X120.168 Y144.556 E.01759
G1 X122.422 Y144.556 E.05873
M204 S1000
;WIPE_START
G1 F8640
G1 X122.482 Y144.556 E-.01385
G1 X122.482 Y145.231 E-.15586
G1 X122.482 Y147.961 E-.63029
;WIPE_END
G1 Z3.9 F720
G1 X120.941 Y153.033 F10800
G1 Z3.5 F720
G1 E.8 F2100
M204 S2000
;TYPE:Solid infill
G1 F3000
G1 X120.941 Y145.329 E.20073
G1 X121.71 Y145.329 E.02004
G1 X121.71 Y153.033 E.20073
G1 X121.149 Y153.033 E.01462
G1 X121.325 Y152.648 E.01103
;WIDTH:0.383368
G1 X121.325 Y145.713 E.15188
M204 S1000
;WIPE_START
G1 F8640
G1 X121.325 Y149.178 E-.8
;WIPE_END
G1 Z3.9 F720
G1 X122.065 Y156.974 F10800
G1 Z3.5 F720
G1 E.8 F2100
M204 S800
;TYPE:Perimeter
;WIDTH:0.449999
G1 F1500
G1 X122.064 Y158.558 E.04127
G1 X120.584 Y158.558 E.03856
G1 X120.585 Y156.974 E.04127
G1 X122.005 Y156.974 E.037
M204 S1000
G1 X122.482 Y156.556 F10800
M204 S800
;TYPE:External perimeter
G1 F1500
G1 X122.482 Y158.976 E.06305
G1 X120.166 Y158.976 E.06035
G1 X120.168 Y156.556 E.06305
G1 X122.422 Y156.556 E.05873
M204 S1000
;WIPE_START
G1 F8640
G1 X122.482 Y156.556 E-.01385
G1 X122.482 Y158.976 E-.55878
G1 X121.497 Y158.976 E-.22737
;WIPE_END
G1 Z3.9 F720
G1 X120.939 Y158.203 F10800
G1 Z3.5 F720
G1 E.8 F2100
M204 S2000
;TYPE:Solid infill
G1 F3000
G1 X120.94 Y157.329 E.02277
G1 X121.709 Y157.329 E.02004
G1 X121.709 Y158.203 E.02277
G1 X121.148 Y158.203 E.01462
M204 S1000
;WIPE_START
G1 F8640
G1 X121.709 Y158.203 E-.12954
G1 X121.709 Y157.329 E-.20181
G1 X120.94 Y157.329 E-.17756
G1 X120.939 Y158.203 E-.20181
;WIPE_END
G1 E-.08928 F2100
G1 Z3.9 F720
; stop printing object pieds_clavier_cherry.stl id:1 copy 0
; printing object pieds_clavier_cherry.stl id:2 copy 0
G1 X119.633 Y108.552 F10800
G1 Z3.5 F720
G1 E.8 F2100
M204 S800
;TYPE:Perimeter
G1 F1500
G1 X118.154 Y108.552 E.03854
G1 X118.153 Y106.508 E.05326
G1 X119.633 Y106.508 E.03856
G1 X119.633 Y108.492 E.05169
M204 S1000
G1 X120.051 Y108.97 F10800
M204 S800
;TYPE:External perimeter
G1 F1500
G1 X117.736 Y108.97 E.06032
G1 X117.735 Y106.09 E.07504
G1 X120.051 Y106.09 E.06035
G1 X120.051 Y108.91 E.07348
M204 S1000
;WIPE_START
G1 F8640
G1 X120.051 Y108.97 E-.01385
G1 X117.736 Y108.97 E-.53454
G1 X117.735 Y107.88 E-.25161
;WIPE_END
G1 Z3.9 F720
G1 X118.508 Y107.072 F10800
G1 Z3.5 F720
G1 E.8 F2100
M204 S2000
;TYPE:Solid infill
G1 F3000
G1 X118.509 Y108.197 E.02931
G1 X119.278 Y108.197 E.02004
G1 X119.278 Y106.863 E.03476
G1 X118.508 Y106.863 E.02006
G1 X118.893 Y107.248 E.01419
;WIDTH:0.38408
G1 X118.893 Y107.813 E.0124
M204 S1000
;WIPE_START
G1 F8640
G1 X118.893 Y107.248 E-.13046
G1 X118.508 Y106.863 E-.12572
G1 X119.278 Y106.863 E-.1778
G1 X119.278 Y108.197 E-.30802
G1 X119.027 Y108.197 E-.058
;WIPE_END
G1 Z3.9 F720
G1 X119.633 Y112.138 F10800
G1 Z3.5 F720
G1 E.8 F2100
M204 S800
;TYPE:Perimeter
;WIDTH:0.449999
G1 F1500
G1 X119.633 Y120.552 E.21923
G1 X118.154 Y120.552 E.03854
G1 X118.154 Y112.138 E.21923
G1 X119.573 Y112.138 E.03697
M73 P91 R1
M204 S1000
G1 X120.051 Y111.72 F10800
M204 S800
;TYPE:External perimeter
G1 F1500
G1 X120.051 Y112.395 E.01759
G1 X120.051 Y120.295 E.20584
G1 X120.051 Y120.97 E.01759
G1 X117.736 Y120.97 E.06032
G1 X117.736 Y120.295 E.01759
G1 X117.736 Y112.395 E.20584
G1 X117.736 Y111.72 E.01759
G1 X119.991 Y111.72 E.05876
M204 S1000
;WIPE_START
G1 F8640
G1 X120.051 Y111.72 E-.01385
G1 X120.051 Y112.395 E-.15586
G1 X120.051 Y115.125 E-.63029
;WIPE_END
G1 Z3.9 F720
G1 X118.509 Y120.197 F10800
G1 Z3.5 F720
G1 E.8 F2100
M204 S2000
;TYPE:Solid infill
G1 F3000
G1 X118.509 Y112.493 E.20073
G1 X119.278 Y112.493 E.02004
G1 X119.278 Y120.197 E.20073
G1 X118.718 Y120.197 E.01459
G1 X118.894 Y119.813 E.01101
;WIDTH:0.383368
G1 X118.894 Y112.878 E.15188
M204 S1000
;WIPE_START
G1 F8640
G1 X118.894 Y116.343 E-.8
;WIPE_END
G1 Z3.9 F720
G1 X119.633 Y124.138 F10800
G1 Z3.5 F720
G1 E.8 F2100
M204 S800
;TYPE:Perimeter
;WIDTH:0.449999
G1 F1500
G1 X119.633 Y125.722 E.04127
G1 X118.153 Y125.722 E.03856
G1 X118.154 Y124.138 E.04127
G1 X119.573 Y124.138 E.03697
M204 S1000
G1 X120.051 Y123.72 F10800
M204 S800
;TYPE:External perimeter
G1 F1500
G1 X120.051 Y126.14 E.06305
G1 X117.735 Y126.14 E.06035
G1 X117.736 Y123.72 E.06305
G1 X119.991 Y123.72 E.05876
M204 S1000
;WIPE_START
G1 F8640
G1 X120.051 Y123.72 E-.01385
G1 X120.051 Y126.14 E-.55878
G1 X119.066 Y126.14 E-.22737
;WIPE_END
G1 Z3.9 F720
G1 X118.508 Y125.367 F10800
G1 Z3.5 F720
G1 E.8 F2100
M204 S2000
;TYPE:Solid infill
G1 F3000
G1 X118.508 Y124.493 E.02277
G1 X119.278 Y124.493 E.02006
G1 X119.278 Y125.367 E.02277
G1 X118.717 Y125.367 E.01462
M204 S1000
;WIPE_START
G1 F8640
G1 X119.278 Y125.367 E-.12954
G1 X119.278 Y124.493 E-.20181
G1 X118.508 Y124.493 E-.1778
G1 X118.508 Y125.367 E-.20181
;WIPE_END
G1 E-.08904 F2100
G1 Z3.9 F720
; stop printing object pieds_clavier_cherry.stl id:2 copy 0
; printing object pieds_clavier_cherry.stl id:0 copy 0
G1 X118.447 Y78.04 F10800
G1 Z3.5 F720
G1 E.8 F2100
M204 S800
;TYPE:Perimeter
G1 F1500
G1 X116.967 Y78.04 E.03856
G1 X116.966 Y75.996 E.05326
G1 X118.446 Y75.996 E.03856
G1 X118.447 Y77.98 E.05169
M204 S1000
G1 X118.865 Y78.458 F10800
M204 S800
;TYPE:External perimeter
G1 F1500
G1 X116.55 Y78.458 E.06032
G1 X116.548 Y75.578 E.07504
G1 X118.864 Y75.578 E.06035
G1 X118.865 Y78.398 E.07348
M204 S1000
;WIPE_START
G1 F8640
G1 X118.865 Y78.458 E-.01385
G1 X116.55 Y78.458 E-.53454
G1 X116.549 Y77.368 E-.25161
;WIPE_END
G1 Z3.9 F720
G1 X117.322 Y76.56 F10800
G1 Z3.5 F720
G1 E.8 F2100
M204 S2000
;TYPE:Solid infill
G1 F3000
M73 P92 R1
G1 X117.322 Y77.685 E.02931
G1 X118.091 Y77.685 E.02004
G1 X118.091 Y76.351 E.03476
G1 X117.321 Y76.351 E.02006
G1 X117.706 Y76.736 E.01419
;WIDTH:0.38408
G1 X117.707 Y77.301 E.0124
M204 S1000
;WIPE_START
G1 F8640
G1 X117.706 Y76.736 E-.13046
G1 X117.321 Y76.351 E-.12572
G1 X118.091 Y76.351 E-.1778
G1 X118.091 Y77.685 E-.30802
G1 X117.84 Y77.685 E-.058
;WIPE_END
G1 Z3.9 F720
G1 X118.447 Y81.626 F10800
G1 Z3.5 F720
G1 E.8 F2100
M204 S800
;TYPE:Perimeter
;WIDTH:0.449999
G1 F1500
G1 X118.447 Y90.04 E.21923
G1 X116.968 Y90.04 E.03854
G1 X116.968 Y81.626 E.21923
G1 X118.387 Y81.626 E.03697
M204 S1000
G1 X118.865 Y81.208 F10800
M204 S800
;TYPE:External perimeter
G1 F1500
G1 X118.865 Y81.883 E.01759
G1 X118.865 Y89.783 E.20584
G1 X118.865 Y90.458 E.01759
G1 X116.55 Y90.458 E.06032
G1 X116.55 Y89.783 E.01759
G1 X116.55 Y81.883 E.20584
G1 X116.55 Y81.208 E.01759
G1 X118.805 Y81.208 E.05876
M204 S1000
;WIPE_START
G1 F8640
G1 X118.865 Y81.208 E-.01385
G1 X118.865 Y81.883 E-.15586
G1 X118.865 Y84.613 E-.63029
;WIPE_END
G1 Z3.9 F720
G1 X117.323 Y89.685 F10800
G1 Z3.5 F720
G1 E.8 F2100
M204 S2000
;TYPE:Solid infill
G1 F3000
G1 X117.323 Y81.981 E.20073
G1 X118.092 Y81.981 E.02004
G1 X118.092 Y89.685 E.20073
G1 X117.532 Y89.685 E.01459
G1 X117.707 Y89.301 E.011
;WIDTH:0.383368
G1 X117.707 Y82.366 E.15188
M204 S1000
;WIPE_START
G1 F8640
G1 X117.707 Y85.831 E-.8
;WIPE_END
G1 Z3.9 F720
G1 X118.447 Y93.626 F10800
G1 Z3.5 F720
G1 E.8 F2100
M204 S800
;TYPE:Perimeter
;WIDTH:0.449999
G1 F1500
G1 X118.446 Y95.21 E.04127
G1 X116.966 Y95.21 E.03856
G1 X116.967 Y93.626 E.04127
G1 X118.387 Y93.626 E.037
M204 S1000
G1 X118.865 Y93.208 F10800
M204 S800
;TYPE:External perimeter
G1 F1500
G1 X118.864 Y95.628 E.06305
G1 X116.548 Y95.628 E.06035
G1 X116.55 Y93.208 E.06305
G1 X118.805 Y93.208 E.05876
M204 S1000
;WIPE_START
G1 F8640
G1 X118.865 Y93.208 E-.01385
G1 X118.864 Y95.628 E-.55878
G1 X117.879 Y95.628 E-.22737
;WIPE_END
G1 Z3.9 F720
G1 X117.322 Y94.855 F10800
G1 Z3.5 F720
G1 E.8 F2100
M204 S2000
;TYPE:Solid infill
G1 F3000
G1 X117.322 Y93.981 E.02277
G1 X118.091 Y93.981 E.02004
G1 X118.091 Y94.855 E.02277
G1 X117.53 Y94.855 E.01462
M204 S1000
;LAYER_CHANGE
;Z:3.65
;HEIGHT:0.15
;BEFORE_LAYER_CHANGE
G92 E0.0
;3.65


;WIPE_START
G1 F8640
G1 X118.091 Y94.855 E-.12954
G1 X118.091 Y93.981 E-.20181
G1 X117.322 Y93.981 E-.17756
G1 X117.322 Y94.855 E-.20181
;WIPE_END
G1 E-.08928 F2100
G1 Z3.65 F720
;AFTER_LAYER_CHANGE
;3.65
G1 Z4.05
; stop printing object pieds_clavier_cherry.stl id:0 copy 0
; printing object pieds_clavier_cherry.stl id:1 copy 0
G1 X122.007 Y141.388 F10800
G1 Z3.65 F720
G1 E.8 F2100
M204 S800
;TYPE:Perimeter
G1 F1500
G1 X120.639 Y141.388 E.03564
G1 X120.641 Y139.344 E.05326
G1 X122.007 Y139.344 E.03559
G1 X122.007 Y141.328 E.05169
M204 S1000
G1 X122.425 Y141.806 F10800
M204 S800
;TYPE:External perimeter
G1 F1500
G1 X120.221 Y141.806 E.05743
G1 X120.223 Y138.926 E.07504
G1 X122.425 Y138.926 E.05737
G1 X122.425 Y141.746 E.07348
M204 S1000
;WIPE_START
G1 F8640
G1 X122.425 Y141.806 E-.01385
G1 X120.221 Y141.806 E-.50891
G1 X120.222 Y140.605 E-.27724
;WIPE_END
G1 Z4.05 F720
G1 X121.592 Y139.758 F10800
G1 Z3.65 F720
G1 E.8 F2100
M204 S2000
;TYPE:Solid infill
;WIDTH:0.569638
G1 F3000
G1 X121.592 Y140.973 E.04072
G1 X121.054 Y140.973 E.01803
G1 X121.055 Y139.758 E.04072
;WIDTH:0.569388
G1 X121.383 Y139.758 E.01099
M204 S1000
;WIPE_START
G1 F8640
G1 X121.055 Y139.758 E-.07574
G1 X121.054 Y140.973 E-.28055
G1 X121.592 Y140.973 E-.12423
G1 X121.592 Y139.758 E-.28055
;WIPE_END
G1 E-.03893 F2100
G1 Z4.05 F720
G1 X122.007 Y144.974 F10800
G1 Z3.65 F720
G1 E.8 F2100
M204 S800
;TYPE:Perimeter
;WIDTH:0.449999
G1 F1500
G1 X122.007 Y153.388 E.21923
G1 X120.639 Y153.388 E.03564
G1 X120.639 Y144.974 E.21923
G1 X121.947 Y144.974 E.03408
M204 S1000
G1 X122.425 Y144.556 F10800
M204 S800
;TYPE:External perimeter
G1 F1500
G1 X122.425 Y145.231 E.01759
G1 X122.425 Y153.131 E.20584
G1 X122.425 Y153.806 E.01759
G1 X120.221 Y153.806 E.05743
G1 X120.221 Y153.131 E.01759
G1 X120.221 Y145.231 E.20584
G1 X120.221 Y144.556 E.01759
G1 X122.365 Y144.556 E.05586
M204 S1000
;WIPE_START
G1 F8640
G1 X122.425 Y144.556 E-.01385
G1 X122.425 Y145.231 E-.15586
G1 X122.425 Y147.961 E-.63029
;WIPE_END
G1 Z4.05 F720
G1 X121.054 Y145.389 F10800
G1 Z3.65 F720
G1 E.8 F2100
M204 S2000
;TYPE:Solid infill
;WIDTH:0.570127
G1 F3000
G1 X121.592 Y145.389 E.01805
G1 X121.592 Y152.973 E.25442
G1 X121.054 Y152.973 E.01805
G1 X121.054 Y145.598 E.24741
M204 S1000
;WIPE_START
G1 F8640
G1 X121.054 Y149.063 E-.8
;WIPE_END
G1 Z4.05 F720
G1 X122.007 Y156.974 F10800
G1 Z3.65 F720
G1 E.8 F2100
M204 S800
;TYPE:Perimeter
;WIDTH:0.449999
G1 F1500
G1 X122.007 Y158.558 E.04127
G1 X120.641 Y158.558 E.03559
G1 X120.639 Y156.974 E.04127
G1 X121.947 Y156.974 E.03408
M204 S1000
G1 X122.425 Y156.556 F10800
M204 S800
;TYPE:External perimeter
G1 F1500
G1 X122.425 Y158.976 E.06305
G1 X120.223 Y158.976 E.05737
G1 X120.221 Y156.556 E.06305
G1 X122.365 Y156.556 E.05586
M204 S1000
;WIPE_START
G1 F8640
G1 X122.425 Y156.556 E-.01385
G1 X122.425 Y158.976 E-.55878
G1 X121.44 Y158.976 E-.22737
;WIPE_END
G1 Z4.05 F720
G1 X121.054 Y157.389 F10800
G1 Z3.65 F720
G1 E.8 F2100
M204 S2000
;TYPE:Solid infill
;WIDTH:0.56956
G1 F3000
G1 X121.592 Y157.389 E.01803
G1 X121.592 Y158.143 E.02527
G1 X121.055 Y158.143 E.018
G1 X121.055 Y157.597 E.0183
M204 S1000
;WIPE_START
G1 F8640
G1 X121.055 Y158.143 E-.12607
G1 X121.592 Y158.143 E-.12399
G1 X121.592 Y157.389 E-.1741
G1 X121.054 Y157.389 E-.12423
;WIPE_END
G1 E-.25161 F2100
G1 Z4.05 F720
; stop printing object pieds_clavier_cherry.stl id:1 copy 0
; printing object pieds_clavier_cherry.stl id:2 copy 0
G1 X119.576 Y108.552 F10800
G1 Z3.65 F720
G1 E.8 F2100
M204 S800
;TYPE:Perimeter
;WIDTH:0.449999
G1 F1500
G1 X118.208 Y108.552 E.03564
G1 X118.209 Y106.508 E.05326
G1 X119.575 Y106.508 E.03559
G1 X119.576 Y108.492 E.05169
M204 S1000
G1 X119.993 Y108.97 F10800
M204 S800
;TYPE:External perimeter
G1 F1500
G1 X117.79 Y108.97 E.0574
G1 X117.792 Y106.09 E.07504
G1 X119.993 Y106.09 E.05735
G1 X119.993 Y108.91 E.07348
M204 S1000
;WIPE_START
G1 F8640
G1 X119.993 Y108.97 E-.01385
G1 X117.79 Y108.97 E-.50868
G1 X117.791 Y107.768 E-.27747
;WIPE_END
G1 Z4.05 F720
G1 X119.161 Y106.923 F10800
G1 Z3.65 F720
G1 E.8 F2100
M204 S2000
;TYPE:Solid infill
;WIDTH:0.569638
G1 F3000
G1 X119.161 Y108.137 E.04069
G1 X118.623 Y108.137 E.01803
G1 X118.624 Y106.923 E.04069
;WIDTH:0.569388
G1 X118.952 Y106.923 E.01099
M204 S1000
;WIPE_START
G1 F8640
G1 X118.624 Y106.923 E-.07574
G1 X118.623 Y108.137 E-.28032
G1 X119.161 Y108.137 E-.12423
G1 X119.161 Y106.923 E-.28032
;WIPE_END
G1 E-.03939 F2100
G1 Z4.05 F720
G1 X119.576 Y112.138 F10800
G1 Z3.65 F720
M73 P93 R1
G1 E.8 F2100
M204 S800
;TYPE:Perimeter
;WIDTH:0.449999
G1 F1500
G1 X119.576 Y120.552 E.21923
G1 X118.207 Y120.552 E.03567
G1 X118.207 Y112.138 E.21923
G1 X119.516 Y112.138 E.03411
M204 S1000
G1 X119.993 Y111.72 F10800
M204 S800
;TYPE:External perimeter
G1 F1500
G1 X119.993 Y112.395 E.01759
G1 X119.993 Y120.295 E.20584
G1 X119.993 Y120.97 E.01759
G1 X117.789 Y120.97 E.05743
G1 X117.789 Y120.295 E.01759
G1 X117.789 Y112.395 E.20584
G1 X117.789 Y111.72 E.01759
G1 X119.933 Y111.72 E.05586
M204 S1000
;WIPE_START
G1 F8640
G1 X119.993 Y111.72 E-.01385
G1 X119.993 Y112.395 E-.15586
G1 X119.993 Y115.125 E-.63029
;WIPE_END
G1 Z4.05 F720
G1 X118.622 Y112.553 F10800
G1 Z3.65 F720
G1 E.8 F2100
M204 S2000
;TYPE:Solid infill
;WIDTH:0.570127
G1 F3000
G1 X119.16 Y112.553 E.01805
G1 X119.16 Y120.137 E.25442
G1 X118.622 Y120.137 E.01805
G1 X118.622 Y112.762 E.24741
M204 S1000
;WIPE_START
G1 F8640
G1 X118.622 Y116.227 E-.8
;WIPE_END
G1 Z4.05 F720
G1 X119.576 Y124.138 F10800
G1 Z3.65 F720
G1 E.8 F2100
M204 S800
;TYPE:Perimeter
;WIDTH:0.449999
G1 F1500
G1 X119.575 Y125.722 E.04127
G1 X118.209 Y125.722 E.03559
G1 X118.208 Y124.138 E.04127
G1 X119.516 Y124.138 E.03408
M204 S1000
G1 X119.993 Y123.72 F10800
M204 S800
;TYPE:External perimeter
G1 F1500
G1 X119.993 Y126.14 E.06305
G1 X117.792 Y126.14 E.05735
G1 X117.79 Y123.72 E.06305
G1 X119.933 Y123.72 E.05584
M204 S1000
;WIPE_START
G1 F8640
G1 X119.993 Y123.72 E-.01385
G1 X119.993 Y126.14 E-.55878
G1 X119.008 Y126.14 E-.22737
;WIPE_END
G1 Z4.05 F720
G1 X118.623 Y124.553 F10800
G1 Z3.65 F720
G1 E.8 F2100
M204 S2000
;TYPE:Solid infill
;WIDTH:0.56956
G1 F3000
G1 X119.161 Y124.553 E.01803
G1 X119.161 Y125.307 E.02527
G1 X118.624 Y125.307 E.018
G1 X118.623 Y124.762 E.01826
M204 S1000
;WIPE_START
G1 F8640
G1 X118.624 Y125.307 E-.12584
G1 X119.161 Y125.307 E-.12399
G1 X119.161 Y124.553 E-.1741
G1 X118.623 Y124.553 E-.12423
;WIPE_END
G1 E-.25184 F2100
G1 Z4.05 F720
; stop printing object pieds_clavier_cherry.stl id:2 copy 0
; printing object pieds_clavier_cherry.stl id:0 copy 0
G1 X118.389 Y78.04 F10800
G1 Z3.65 F720
G1 E.8 F2100
M204 S800
;TYPE:Perimeter
;WIDTH:0.449999
G1 F1500
G1 X117.021 Y78.04 E.03564
G1 X117.023 Y75.996 E.05326
G1 X118.389 Y75.996 E.03559
G1 X118.389 Y77.98 E.05169
M204 S1000
G1 X118.807 Y78.458 F10800
M204 S800
;TYPE:External perimeter
G1 F1500
G1 X116.603 Y78.458 E.05743
G1 X116.605 Y75.578 E.07504
G1 X118.807 Y75.578 E.05737
G1 X118.807 Y78.398 E.07348
M204 S1000
;WIPE_START
G1 F8640
G1 X118.807 Y78.458 E-.01385
G1 X116.603 Y78.458 E-.50891
G1 X116.604 Y77.257 E-.27724
;WIPE_END
G1 Z4.05 F720
G1 X117.974 Y76.411 F10800
G1 Z3.65 F720
G1 E.8 F2100
M204 S2000
;TYPE:Solid infill
;WIDTH:0.569638
G1 F3000
G1 X117.974 Y77.625 E.04069
G1 X117.436 Y77.625 E.01803
G1 X117.437 Y76.411 E.04069
;WIDTH:0.569388
G1 X117.765 Y76.411 E.01099
M204 S1000
;WIPE_START
G1 F8640
G1 X117.437 Y76.411 E-.07574
G1 X117.436 Y77.625 E-.28032
G1 X117.974 Y77.625 E-.12423
G1 X117.974 Y76.411 E-.28032
;WIPE_END
G1 E-.03939 F2100
G1 Z4.05 F720
G1 X118.389 Y81.626 F10800
G1 Z3.65 F720
G1 E.8 F2100
M204 S800
;TYPE:Perimeter
;WIDTH:0.449999
G1 F1500
G1 X118.389 Y90.04 E.21923
G1 X117.021 Y90.04 E.03564
G1 X117.021 Y81.626 E.21923
G1 X118.329 Y81.626 E.03408
M204 S1000
G1 X118.807 Y81.208 F10800
M204 S800
;TYPE:External perimeter
G1 F1500
G1 X118.807 Y81.883 E.01759
G1 X118.807 Y89.783 E.20584
G1 X118.807 Y90.458 E.01759
G1 X116.603 Y90.458 E.05743
G1 X116.603 Y89.783 E.01759
G1 X116.603 Y81.883 E.20584
G1 X116.603 Y81.208 E.01759
G1 X118.747 Y81.208 E.05586
M204 S1000
;WIPE_START
G1 F8640
G1 X118.807 Y81.208 E-.01385
G1 X118.807 Y81.883 E-.15586
G1 X118.807 Y84.613 E-.63029
;WIPE_END
G1 Z4.05 F720
G1 X117.436 Y82.041 F10800
G1 Z3.65 F720
G1 E.8 F2100
M204 S2000
;TYPE:Solid infill
;WIDTH:0.570127
G1 F3000
G1 X117.974 Y82.041 E.01805
G1 X117.974 Y89.625 E.25442
G1 X117.436 Y89.625 E.01805
G1 X117.436 Y82.25 E.24741
M204 S1000
;WIPE_START
G1 F8640
G1 X117.436 Y85.715 E-.8
;WIPE_END
G1 Z4.05 F720
G1 X118.389 Y93.626 F10800
G1 Z3.65 F720
G1 E.8 F2100
M204 S800
;TYPE:Perimeter
;WIDTH:0.449999
G1 F1500
G1 X118.389 Y95.21 E.04127
G1 X117.023 Y95.21 E.03559
G1 X117.021 Y93.626 E.04127
G1 X118.329 Y93.626 E.03408
M204 S1000
G1 X118.807 Y93.208 F10800
M204 S800
;TYPE:External perimeter
G1 F1500
G1 X118.807 Y95.628 E.06305
G1 X116.605 Y95.628 E.05737
G1 X116.603 Y93.208 E.06305
G1 X118.747 Y93.208 E.05586
M204 S1000
;WIPE_START
G1 F8640
G1 X118.807 Y93.208 E-.01385
G1 X118.807 Y95.628 E-.55878
G1 X117.822 Y95.628 E-.22737
;WIPE_END
G1 Z4.05 F720
G1 X117.437 Y94.041 F10800
G1 Z3.65 F720
G1 E.8 F2100
M204 S2000
;TYPE:Solid infill
;WIDTH:0.56956
G1 F3000
G1 X117.974 Y94.041 E.018
G1 X117.974 Y94.795 E.02527
G1 X117.437 Y94.795 E.018
G1 X117.437 Y94.25 E.01826
M204 S1000
;LAYER_CHANGE
;Z:3.8
;HEIGHT:0.15
;BEFORE_LAYER_CHANGE
G92 E0.0
;3.8


;WIPE_START
G1 F8640
G1 X117.437 Y94.795 E-.12584
G1 X117.974 Y94.795 E-.12399
G1 X117.974 Y94.041 E-.1741
G1 X117.437 Y94.041 E-.12399
;WIPE_END
G1 E-.25208 F2100
G1 Z3.8 F720
;AFTER_LAYER_CHANGE
;3.8
G1 Z4.2
; stop printing object pieds_clavier_cherry.stl id:0 copy 0
; printing object pieds_clavier_cherry.stl id:1 copy 0
G1 X121.933 Y141.388 F10800
G1 Z3.8 F720
G1 E.8 F2100
M204 S800
;TYPE:Perimeter
;WIDTH:0.449999
G1 F1500
G1 X120.713 Y141.388 E.03179
G1 X120.714 Y139.344 E.05326
G1 X121.933 Y139.344 E.03176
G1 X121.933 Y141.328 E.05169
M204 S1000
G1 X122.351 Y141.806 F10800
M204 S800
;TYPE:External perimeter
G1 F1500
G1 X120.295 Y141.806 E.05357
G1 X120.296 Y138.926 E.07504
G1 X122.351 Y138.926 E.05354
G1 X122.351 Y141.746 E.07348
M204 S1000
;WIPE_START
G1 F8640
G1 X122.351 Y141.806 E-.01385
G1 X120.295 Y141.806 E-.47474
G1 X120.296 Y140.457 E-.31141
;WIPE_END
G1 Z4.2 F720
G1 X121.092 Y141.01 F10800
G1 Z3.8 F720
G1 E.8 F2100
M204 S2000
;TYPE:Solid infill
;WIDTH:0.495784
G1 F3000
G1 X121.092 Y139.722 E.03724
G1 X121.555 Y139.722 E.01339
G1 X121.555 Y141.01 E.03724
G1 X121.3 Y141.01 E.00737
M204 S1000
;WIPE_START
G1 F8640
G1 X121.555 Y141.01 E-.05888
G1 X121.555 Y139.722 E-.2974
G1 X121.092 Y139.722 E-.10691
G1 X121.092 Y141.01 E-.2974
;WIPE_END
G1 E-.03941 F2100
G1 Z4.2 F720
G1 X121.933 Y144.974 F10800
G1 Z3.8 F720
G1 E.8 F2100
M204 S800
;TYPE:Perimeter
;WIDTH:0.449999
G1 F1500
G1 X121.933 Y153.388 E.21923
G1 X120.713 Y153.388 E.03179
G1 X120.713 Y144.974 E.21923
G1 X121.873 Y144.974 E.03022
M73 P94 R1
M204 S1000
G1 X122.351 Y144.556 F10800
M204 S800
;TYPE:External perimeter
G1 F1500
G1 X122.351 Y145.231 E.01759
G1 X122.351 Y153.131 E.20584
G1 X122.351 Y153.806 E.01759
G1 X120.295 Y153.806 E.05357
G1 X120.295 Y153.131 E.01759
G1 X120.295 Y145.231 E.20584
G1 X120.295 Y144.556 E.01759
G1 X122.291 Y144.556 E.05201
M204 S1000
;WIPE_START
G1 F8640
G1 X122.351 Y144.556 E-.01385
G1 X122.351 Y145.231 E-.15586
G1 X122.351 Y147.961 E-.63029
;WIPE_END
G1 Z4.2 F720
G1 X121.091 Y145.352 F10800
G1 Z3.8 F720
G1 E.8 F2100
M204 S2000
;TYPE:Solid infill
;WIDTH:0.49588
G1 F3000
G1 X121.555 Y145.352 E.01342
G1 X121.555 Y153.01 E.22145
G1 X121.091 Y153.01 E.01342
G1 X121.091 Y145.561 E.2154
M204 S1000
;WIPE_START
G1 F8640
G1 X121.091 Y149.026 E-.8
;WIPE_END
G1 Z4.2 F720
G1 X121.933 Y156.974 F10800
G1 Z3.8 F720
G1 E.8 F2100
M204 S800
;TYPE:Perimeter
;WIDTH:0.449999
G1 F1500
G1 X121.933 Y158.558 E.04127
G1 X120.714 Y158.558 E.03176
G1 X120.713 Y156.974 E.04127
G1 X121.873 Y156.974 E.03022
M204 S1000
G1 X122.351 Y156.556 F10800
M204 S800
;TYPE:External perimeter
G1 F1500
G1 X122.351 Y158.976 E.06305
G1 X120.296 Y158.976 E.05354
G1 X120.295 Y156.556 E.06305
G1 X122.291 Y156.556 E.05201
M204 S1000
;WIPE_START
G1 F8640
G1 X122.351 Y156.556 E-.01385
G1 X122.351 Y158.976 E-.55878
G1 X121.367 Y158.976 E-.22737
;WIPE_END
G1 Z4.2 F720
G1 X121.092 Y157.352 F10800
G1 Z3.8 F720
G1 E.8 F2100
M204 S2000
;TYPE:Solid infill
;WIDTH:0.495766
G1 F3000
G1 X121.555 Y157.352 E.01339
G1 X121.555 Y158.18 E.02394
G1 X121.092 Y158.18 E.01339
G1 X121.092 Y157.561 E.0179
M204 S1000
;WIPE_START
G1 F8640
G1 X121.092 Y158.18 E-.14293
G1 X121.555 Y158.18 E-.10691
G1 X121.555 Y157.352 E-.19119
G1 X121.092 Y157.352 E-.10691
;WIPE_END
G1 E-.25206 F2100
G1 Z4.2 F720
; stop printing object pieds_clavier_cherry.stl id:1 copy 0
; printing object pieds_clavier_cherry.stl id:2 copy 0
G1 X119.502 Y108.552 F10800
G1 Z3.8 F720
G1 E.8 F2100
M204 S800
;TYPE:Perimeter
;WIDTH:0.449999
G1 F1500
G1 X118.282 Y108.552 E.03179
G1 X118.283 Y106.508 E.05326
G1 X119.502 Y106.508 E.03176
G1 X119.502 Y108.492 E.05169
M204 S1000
G1 X119.919 Y108.97 F10800
M204 S800
;TYPE:External perimeter
G1 F1500
G1 X117.864 Y108.97 E.05354
G1 X117.865 Y106.09 E.07504
G1 X119.92 Y106.09 E.05354
G1 X119.919 Y108.91 E.07348
M204 S1000
;WIPE_START
G1 F8640
G1 X119.919 Y108.97 E-.01385
G1 X117.864 Y108.97 E-.47451
G1 X117.864 Y107.62 E-.31164
;WIPE_END
G1 Z4.2 F720
G1 X118.66 Y108.174 F10800
G1 Z3.8 F720
G1 E.8 F2100
M204 S2000
;TYPE:Solid infill
;WIDTH:0.495784
G1 F3000
G1 X118.66 Y106.886 E.03724
G1 X119.124 Y106.886 E.01341
G1 X119.124 Y108.174 E.03724
G1 X118.869 Y108.174 E.00737
M204 S1000
;WIPE_START
G1 F8640
G1 X119.124 Y108.174 E-.05888
G1 X119.124 Y106.886 E-.2974
G1 X118.66 Y106.886 E-.10714
G1 X118.66 Y108.174 E-.2974
;WIPE_END
G1 E-.03918 F2100
G1 Z4.2 F720
G1 X119.501 Y112.138 F10800
G1 Z3.8 F720
G1 E.8 F2100
M204 S800
;TYPE:Perimeter
;WIDTH:0.449999
G1 F1500
G1 X119.501 Y120.552 E.21923
G1 X118.282 Y120.552 E.03176
G1 X118.282 Y112.138 E.21923
G1 X119.441 Y112.138 E.0302
M204 S1000
G1 X119.919 Y111.72 F10800
M204 S800
;TYPE:External perimeter
G1 F1500
G1 X119.919 Y112.395 E.01759
G1 X119.919 Y120.295 E.20584
G1 X119.919 Y120.97 E.01759
G1 X117.864 Y120.97 E.05354
G1 X117.864 Y120.295 E.01759
G1 X117.864 Y112.395 E.20584
G1 X117.864 Y111.72 E.01759
G1 X119.859 Y111.72 E.05198
M204 S1000
;WIPE_START
G1 F8640
G1 X119.919 Y111.72 E-.01385
G1 X119.919 Y112.395 E-.15586
G1 X119.919 Y115.125 E-.63029
;WIPE_END
G1 Z4.2 F720
G1 X118.66 Y112.516 F10800
G1 Z3.8 F720
G1 E.8 F2100
M204 S2000
;TYPE:Solid infill
;WIDTH:0.49588
G1 F3000
G1 X119.123 Y112.516 E.01339
G1 X119.123 Y120.174 E.22145
G1 X118.66 Y120.174 E.01339
G1 X118.66 Y112.725 E.2154
M204 S1000
;WIPE_START
G1 F8640
G1 X118.66 Y116.19 E-.8
;WIPE_END
G1 Z4.2 F720
G1 X119.502 Y124.138 F10800
G1 Z3.8 F720
G1 E.8 F2100
M204 S800
;TYPE:Perimeter
;WIDTH:0.449999
G1 F1500
G1 X119.502 Y125.722 E.04127
G1 X118.283 Y125.722 E.03176
G1 X118.282 Y124.138 E.04127
G1 X119.442 Y124.138 E.03022
M204 S1000
G1 X119.919 Y123.72 F10800
M204 S800
;TYPE:External perimeter
G1 F1500
G1 X119.92 Y126.14 E.06305
G1 X117.865 Y126.14 E.05354
G1 X117.864 Y123.72 E.06305
G1 X119.859 Y123.72 E.05198
M204 S1000
;WIPE_START
G1 F8640
G1 X119.919 Y123.72 E-.01385
G1 X119.92 Y126.14 E-.55878
G1 X118.935 Y126.14 E-.22737
;WIPE_END
G1 Z4.2 F720
G1 X118.66 Y124.516 F10800
G1 Z3.8 F720
G1 E.8 F2100
M204 S2000
;TYPE:Solid infill
;WIDTH:0.495766
G1 F3000
G1 X119.124 Y124.516 E.01341
G1 X119.124 Y125.344 E.02394
G1 X118.66 Y125.344 E.01341
G1 X118.66 Y124.725 E.0179
M204 S1000
;WIPE_START
G1 F8640
G1 X118.66 Y125.344 E-.14293
G1 X119.124 Y125.344 E-.10714
G1 X119.124 Y124.516 E-.19119
G1 X118.66 Y124.516 E-.10714
;WIPE_END
G1 E-.2516 F2100
G1 Z4.2 F720
; stop printing object pieds_clavier_cherry.stl id:2 copy 0
; printing object pieds_clavier_cherry.stl id:0 copy 0
G1 X118.315 Y78.04 F10800
G1 Z3.8 F720
G1 E.8 F2100
M204 S800
;TYPE:Perimeter
;WIDTH:0.449999
G1 F1500
G1 X117.095 Y78.04 E.03179
G1 X117.096 Y75.996 E.05326
G1 X118.316 Y75.996 E.03179
G1 X118.315 Y77.98 E.05169
M204 S1000
G1 X118.733 Y78.458 F10800
M204 S800
;TYPE:External perimeter
G1 F1500
G1 X116.677 Y78.458 E.05357
G1 X116.679 Y75.578 E.07504
G1 X118.733 Y75.578 E.05352
G1 X118.733 Y78.398 E.07348
M204 S1000
;WIPE_START
G1 F8640
G1 X118.733 Y78.458 E-.01385
G1 X116.677 Y78.458 E-.47474
G1 X116.678 Y77.109 E-.31141
;WIPE_END
G1 Z4.2 F720
G1 X117.474 Y77.662 F10800
G1 Z3.8 F720
G1 E.8 F2100
M204 S2000
;TYPE:Solid infill
;WIDTH:0.495784
G1 F3000
G1 X117.474 Y76.374 E.03724
G1 X117.938 Y76.374 E.01341
G1 X117.937 Y77.662 E.03724
G1 X117.682 Y77.662 E.00737
M204 S1000
;WIPE_START
G1 F8640
G1 X117.937 Y77.662 E-.05888
G1 X117.938 Y76.374 E-.2974
G1 X117.474 Y76.374 E-.10714
G1 X117.474 Y77.662 E-.2974
;WIPE_END
G1 E-.03918 F2100
G1 Z4.2 F720
G1 X118.315 Y81.626 F10800
G1 Z3.8 F720
G1 E.8 F2100
M204 S800
;TYPE:Perimeter
;WIDTH:0.449999
G1 F1500
G1 X118.315 Y90.04 E.21923
G1 X117.095 Y90.04 E.03179
G1 X117.095 Y81.626 E.21923
G1 X118.255 Y81.626 E.03022
M204 S1000
G1 X118.733 Y81.208 F10800
M204 S800
;TYPE:External perimeter
G1 F1500
G1 X118.733 Y81.883 E.01759
G1 X118.733 Y89.783 E.20584
G1 X118.733 Y90.458 E.01759
G1 X116.677 Y90.458 E.05357
G1 X116.677 Y89.783 E.01759
G1 X116.677 Y81.883 E.20584
G1 X116.677 Y81.208 E.01759
G1 X118.673 Y81.208 E.05201
M204 S1000
;WIPE_START
G1 F8640
G1 X118.733 Y81.208 E-.01385
G1 X118.733 Y81.883 E-.15586
M73 P95 R1
G1 X118.733 Y84.613 E-.63029
;WIPE_END
G1 Z4.2 F720
G1 X117.473 Y82.004 F10800
G1 Z3.8 F720
G1 E.8 F2100
M204 S2000
;TYPE:Solid infill
;WIDTH:0.49588
G1 F3000
G1 X117.937 Y82.004 E.01342
G1 X117.937 Y89.662 E.22145
G1 X117.473 Y89.662 E.01342
G1 X117.473 Y82.213 E.2154
M204 S1000
;WIPE_START
G1 F8640
G1 X117.473 Y85.678 E-.8
;WIPE_END
G1 Z4.2 F720
G1 X118.315 Y93.626 F10800
G1 Z3.8 F720
G1 E.8 F2100
M204 S800
;TYPE:Perimeter
;WIDTH:0.449999
G1 F1500
G1 X118.316 Y95.21 E.04127
G1 X117.096 Y95.21 E.03179
G1 X117.095 Y93.626 E.04127
G1 X118.255 Y93.626 E.03022
M204 S1000
G1 X118.733 Y93.208 F10800
M204 S800
;TYPE:External perimeter
G1 F1500
G1 X118.733 Y95.628 E.06305
G1 X116.678 Y95.628 E.05354
G1 X116.677 Y93.208 E.06305
G1 X118.673 Y93.208 E.05201
M204 S1000
;WIPE_START
G1 F8640
G1 X118.733 Y93.208 E-.01385
G1 X118.733 Y95.628 E-.55878
G1 X117.749 Y95.628 E-.22737
;WIPE_END
G1 Z4.2 F720
G1 X117.474 Y94.004 F10800
G1 Z3.8 F720
G1 E.8 F2100
M204 S2000
;TYPE:Solid infill
;WIDTH:0.495766
G1 F3000
G1 X117.937 Y94.004 E.01339
G1 X117.937 Y94.832 E.02394
G1 X117.474 Y94.832 E.01339
G1 X117.474 Y94.213 E.0179
M204 S1000
;LAYER_CHANGE
;Z:3.95
;HEIGHT:0.15
;BEFORE_LAYER_CHANGE
G92 E0.0
;3.95


;WIPE_START
G1 F8640
G1 X117.474 Y94.832 E-.14293
G1 X117.937 Y94.832 E-.10691
G1 X117.937 Y94.004 E-.19119
G1 X117.474 Y94.004 E-.10691
;WIPE_END
G1 E-.25206 F2100
G1 Z3.95 F720
;AFTER_LAYER_CHANGE
;3.95
G1 Z4.35
; stop printing object pieds_clavier_cherry.stl id:0 copy 0
; printing object pieds_clavier_cherry.stl id:1 copy 0
G1 X121.837 Y141.388 F10800
G1 Z3.95 F720
G1 E.8 F2100
M204 S800
;TYPE:Perimeter
;WIDTH:0.449999
G1 F1500
G1 X120.815 Y141.388 E.02663
G1 X120.813 Y139.344 E.05326
G1 X121.836 Y139.344 E.02666
G1 X121.837 Y141.328 E.05169
M204 S1000
G1 X122.255 Y141.806 F10800
M204 S800
;TYPE:External perimeter
G1 F1500
G1 X120.398 Y141.806 E.04839
G1 X120.395 Y138.926 E.07504
G1 X122.254 Y138.926 E.04844
G1 X122.255 Y141.746 E.07348
M204 S1000
;WIPE_START
G1 F8640
G1 X122.255 Y141.806 E-.01385
G1 X120.398 Y141.806 E-.42879
G1 X120.396 Y140.258 E-.35736
;WIPE_END
G1 Z4.35 F720
G1 X121.142 Y139.672 F10800
G1 Z3.95 F720
G1 E.8 F2100
M204 S2000
;TYPE:Solid infill
;WIDTH:0.397255
G1 F3000
G1 X121.507 Y139.672 E.00831
G1 X121.508 Y141.059 E.03158
;WIDTH:0.396938
G1 X121.143 Y141.059 E.0083
;WIDTH:0.397207
G1 X121.142 Y139.881 E.02682
M204 S1000
;WIPE_START
G1 F8640
G1 X121.143 Y141.059 E-.272
G1 X121.508 Y141.059 E-.08428
G1 X121.507 Y139.672 E-.32026
G1 X121.142 Y139.672 E-.08428
;WIPE_END
G1 E-.03918 F2100
G1 Z4.35 F720
G1 X121.837 Y144.974 F10800
G1 Z3.95 F720
G1 E.8 F2100
M204 S800
;TYPE:Perimeter
;WIDTH:0.449999
G1 F1500
G1 X121.837 Y153.388 E.21923
G1 X120.816 Y153.388 E.0266
G1 X120.816 Y144.974 E.21923
G1 X121.777 Y144.974 E.02504
M204 S1000
G1 X122.255 Y144.556 F10800
M204 S800
;TYPE:External perimeter
G1 F1500
G1 X122.255 Y145.231 E.01759
G1 X122.255 Y153.131 E.20584
G1 X122.255 Y153.806 E.01759
G1 X120.398 Y153.806 E.04839
G1 X120.398 Y153.131 E.01759
G1 X120.398 Y145.231 E.20584
G1 X120.398 Y144.556 E.01759
G1 X122.195 Y144.556 E.04682
M204 S1000
;WIPE_START
G1 F8640
G1 X122.255 Y144.556 E-.01385
G1 X122.255 Y145.231 E-.15586
G1 X122.255 Y147.961 E-.63029
;WIPE_END
G1 Z4.35 F720
G1 X121.144 Y145.302 F10800
G1 Z3.95 F720
G1 E.8 F2100
M204 S2000
;TYPE:Solid infill
;WIDTH:0.396576
G1 F3000
G1 X121.509 Y145.302 E.00829
G1 X121.509 Y153.06 E.17629
G1 X121.144 Y153.06 E.00829
G1 X121.144 Y145.511 E.17154
M204 S1000
;WIPE_START
G1 F8640
G1 X121.144 Y148.975 E-.8
;WIPE_END
G1 Z4.35 F720
G1 X121.837 Y156.974 F10800
G1 Z3.95 F720
G1 E.8 F2100
M204 S800
;TYPE:Perimeter
;WIDTH:0.449999
G1 F1500
G1 X121.836 Y158.558 E.04127
G1 X120.813 Y158.558 E.02666
G1 X120.815 Y156.974 E.04127
G1 X121.777 Y156.974 E.02507
M204 S1000
G1 X122.255 Y156.556 F10800
M204 S800
;TYPE:External perimeter
G1 F1500
G1 X122.254 Y158.976 E.06305
G1 X120.395 Y158.976 E.04844
G1 X120.398 Y156.556 E.06305
G1 X122.195 Y156.556 E.04682
M204 S1000
;WIPE_START
G1 F8640
G1 X122.255 Y156.556 E-.01385
G1 X122.254 Y158.976 E-.55878
G1 X121.269 Y158.976 E-.22737
;WIPE_END
G1 Z4.35 F720
G1 X121.508 Y157.302 F10800
G1 Z3.95 F720
G1 E.8 F2100
M204 S2000
;TYPE:Solid infill
;WIDTH:0.397197
G1 F3000
G1 X121.507 Y158.229 E.0211
G1 X121.142 Y158.229 E.00831
G1 X121.143 Y157.302 E.0211
;WIDTH:0.396997
G1 X121.299 Y157.302 E.00355
M204 S1000
;WIPE_START
G1 F8640
G1 X121.143 Y157.302 E-.03602
G1 X121.142 Y158.229 E-.21405
G1 X121.507 Y158.229 E-.08428
G1 X121.508 Y157.302 E-.21405
;WIPE_END
G1 E-.2516 F2100
G1 Z4.35 F720
; stop printing object pieds_clavier_cherry.stl id:1 copy 0
; printing object pieds_clavier_cherry.stl id:2 copy 0
G1 X119.405 Y108.552 F10800
G1 Z3.95 F720
G1 E.8 F2100
M204 S800
;TYPE:Perimeter
;WIDTH:0.449999
G1 F1500
G1 X118.384 Y108.552 E.0266
G1 X118.382 Y106.508 E.05326
G1 X119.404 Y106.508 E.02663
G1 X119.405 Y108.492 E.05169
M204 S1000
G1 X119.823 Y108.97 F10800
M204 S800
;TYPE:External perimeter
G1 F1500
G1 X117.966 Y108.97 E.04839
G1 X117.963 Y106.09 E.07504
G1 X119.822 Y106.09 E.04844
G1 X119.823 Y108.91 E.07348
M204 S1000
;WIPE_START
G1 F8640
G1 X119.823 Y108.97 E-.01385
G1 X117.966 Y108.97 E-.42879
G1 X117.965 Y107.422 E-.35736
;WIPE_END
G1 Z4.35 F720
G1 X118.711 Y106.837 F10800
G1 Z3.95 F720
G1 E.8 F2100
M204 S2000
;TYPE:Solid infill
;WIDTH:0.397255
G1 F3000
G1 X119.076 Y106.837 E.00831
G1 X119.077 Y108.224 E.03158
;WIDTH:0.396938
G1 X118.712 Y108.224 E.0083
;WIDTH:0.397207
G1 X118.711 Y107.046 E.02682
M204 S1000
;WIPE_START
G1 F8640
G1 X118.712 Y108.224 E-.272
G1 X119.077 Y108.224 E-.08428
G1 X119.076 Y106.837 E-.32026
G1 X118.711 Y106.837 E-.08428
;WIPE_END
G1 E-.03918 F2100
G1 Z4.35 F720
G1 X119.406 Y112.138 F10800
G1 Z3.95 F720
G1 E.8 F2100
M204 S800
;TYPE:Perimeter
;WIDTH:0.449999
G1 F1500
G1 X119.406 Y120.552 E.21923
G1 X118.384 Y120.552 E.02663
M73 P95 R0
G1 X118.384 Y112.138 E.21923
G1 X119.346 Y112.138 E.02507
M204 S1000
G1 X119.823 Y111.72 F10800
M204 S800
;TYPE:External perimeter
G1 F1500
G1 X119.823 Y112.395 E.01759
G1 X119.823 Y120.295 E.20584
G1 X119.823 Y120.97 E.01759
G1 X117.967 Y120.97 E.04836
G1 X117.967 Y120.295 E.01759
G1 X117.967 Y112.395 E.20584
G1 X117.967 Y111.72 E.01759
G1 X119.763 Y111.72 E.0468
M204 S1000
;WIPE_START
G1 F8640
G1 X119.823 Y111.72 E-.01385
G1 X119.823 Y112.395 E-.15586
G1 X119.823 Y115.125 E-.63029
;WIPE_END
G1 Z4.35 F720
G1 X118.713 Y112.466 F10800
G1 Z3.95 F720
G1 E.8 F2100
M204 S2000
;TYPE:Solid infill
;WIDTH:0.396576
G1 F3000
G1 X119.077 Y112.466 E.00827
G1 X119.077 Y120.224 E.17629
G1 X118.713 Y120.224 E.00827
G1 X118.713 Y112.675 E.17154
M204 S1000
;WIPE_START
G1 F8640
G1 X118.713 Y116.14 E-.8
;WIPE_END
G1 Z4.35 F720
G1 X119.405 Y124.138 F10800
G1 Z3.95 F720
G1 E.8 F2100
M204 S800
;TYPE:Perimeter
;WIDTH:0.449999
G1 F1500
G1 X119.404 Y125.722 E.04127
G1 X118.382 Y125.722 E.02663
M73 P96 R0
G1 X118.384 Y124.138 E.04127
G1 X119.345 Y124.138 E.02504
M204 S1000
G1 X119.823 Y123.72 F10800
M204 S800
;TYPE:External perimeter
G1 F1500
G1 X119.822 Y126.14 E.06305
G1 X117.963 Y126.14 E.04844
G1 X117.966 Y123.72 E.06305
G1 X119.763 Y123.72 E.04682
M204 S1000
;WIPE_START
G1 F8640
G1 X119.823 Y123.72 E-.01385
G1 X119.822 Y126.14 E-.55878
G1 X118.837 Y126.14 E-.22737
;WIPE_END
G1 Z4.35 F720
G1 X119.076 Y124.467 F10800
G1 Z3.95 F720
G1 E.8 F2100
M204 S2000
;TYPE:Solid infill
;WIDTH:0.397197
G1 F3000
G1 X119.076 Y125.394 E.0211
G1 X118.711 Y125.394 E.00831
G1 X118.712 Y124.467 E.0211
;WIDTH:0.396997
G1 X118.868 Y124.467 E.00355
M204 S1000
;WIPE_START
G1 F8640
G1 X118.712 Y124.467 E-.03602
G1 X118.711 Y125.394 E-.21405
G1 X119.076 Y125.394 E-.08428
G1 X119.076 Y124.467 E-.21405
;WIPE_END
G1 E-.2516 F2100
G1 Z4.35 F720
; stop printing object pieds_clavier_cherry.stl id:2 copy 0
; printing object pieds_clavier_cherry.stl id:0 copy 0
G1 X118.219 Y78.04 F10800
G1 Z3.95 F720
G1 E.8 F2100
M204 S800
;TYPE:Perimeter
;WIDTH:0.449999
G1 F1500
G1 X117.197 Y78.04 E.02663
G1 X117.195 Y75.996 E.05326
G1 X118.218 Y75.996 E.02666
G1 X118.219 Y77.98 E.05169
M204 S1000
G1 X118.637 Y78.458 F10800
M204 S800
;TYPE:External perimeter
G1 F1500
G1 X116.78 Y78.458 E.04839
G1 X116.777 Y75.578 E.07504
G1 X118.636 Y75.578 E.04844
G1 X118.637 Y78.398 E.07348
M204 S1000
;WIPE_START
G1 F8640
G1 X118.637 Y78.458 E-.01385
G1 X116.78 Y78.458 E-.42879
G1 X116.778 Y76.91 E-.35736
;WIPE_END
G1 Z4.35 F720
G1 X117.524 Y76.325 F10800
G1 Z3.95 F720
G1 E.8 F2100
M204 S2000
;TYPE:Solid infill
;WIDTH:0.397255
G1 F3000
G1 X117.889 Y76.325 E.00831
G1 X117.89 Y77.712 E.03158
;WIDTH:0.396938
G1 X117.526 Y77.712 E.00828
;WIDTH:0.397207
G1 X117.524 Y76.534 E.02682
M204 S1000
;WIPE_START
G1 F8640
G1 X117.526 Y77.712 E-.272
G1 X117.89 Y77.712 E-.08405
G1 X117.889 Y76.325 E-.32026
G1 X117.524 Y76.325 E-.08428
;WIPE_END
G1 E-.03941 F2100
G1 Z4.35 F720
G1 X118.219 Y81.626 F10800
G1 Z3.95 F720
G1 E.8 F2100
M204 S800
;TYPE:Perimeter
;WIDTH:0.449999
G1 F1500
G1 X118.219 Y90.04 E.21923
G1 X117.198 Y90.04 E.0266
G1 X117.198 Y81.626 E.21923
G1 X118.159 Y81.626 E.02504
M204 S1000
G1 X118.637 Y81.208 F10800
M204 S800
;TYPE:External perimeter
G1 F1500
G1 X118.637 Y81.883 E.01759
G1 X118.637 Y89.783 E.20584
G1 X118.637 Y90.458 E.01759
G1 X116.78 Y90.458 E.04839
G1 X116.78 Y89.783 E.01759
G1 X116.78 Y81.883 E.20584
G1 X116.78 Y81.208 E.01759
G1 X118.577 Y81.208 E.04682
M204 S1000
;WIPE_START
G1 F8640
G1 X118.637 Y81.208 E-.01385
G1 X118.637 Y81.883 E-.15586
G1 X118.637 Y84.613 E-.63029
;WIPE_END
G1 Z4.35 F720
G1 X117.526 Y81.954 F10800
G1 Z3.95 F720
G1 E.8 F2100
M204 S2000
;TYPE:Solid infill
;WIDTH:0.396576
G1 F3000
G1 X117.891 Y81.954 E.00829
G1 X117.891 Y89.712 E.17629
G1 X117.526 Y89.712 E.00829
G1 X117.526 Y82.163 E.17154
M204 S1000
;WIPE_START
G1 F8640
G1 X117.526 Y85.628 E-.8
;WIPE_END
G1 Z4.35 F720
G1 X118.219 Y93.626 F10800
G1 Z3.95 F720
G1 E.8 F2100
M204 S800
;TYPE:Perimeter
;WIDTH:0.449999
G1 F1500
G1 X118.218 Y95.21 E.04127
G1 X117.195 Y95.21 E.02666
G1 X117.197 Y93.626 E.04127
G1 X118.159 Y93.626 E.02507
M204 S1000
G1 X118.637 Y93.208 F10800
M204 S800
;TYPE:External perimeter
G1 F1500
G1 X118.636 Y95.628 E.06305
G1 X116.777 Y95.628 E.04844
G1 X116.78 Y93.208 E.06305
G1 X118.577 Y93.208 E.04682
M204 S1000
;WIPE_START
G1 F8640
G1 X118.637 Y93.208 E-.01385
G1 X118.636 Y95.628 E-.55878
G1 X117.651 Y95.628 E-.22737
;WIPE_END
G1 Z4.35 F720
G1 X117.89 Y93.955 F10800
G1 Z3.95 F720
G1 E.8 F2100
M204 S2000
;TYPE:Solid infill
;WIDTH:0.397197
G1 F3000
G1 X117.889 Y94.882 E.0211
G1 X117.524 Y94.882 E.00831
G1 X117.525 Y93.955 E.0211
;WIDTH:0.396997
G1 X117.681 Y93.955 E.00355
M204 S1000
;LAYER_CHANGE
;Z:4.1
;HEIGHT:0.15
;BEFORE_LAYER_CHANGE
G92 E0.0
;4.1


;WIPE_START
G1 F8640
G1 X117.525 Y93.955 E-.03602
G1 X117.524 Y94.882 E-.21405
G1 X117.889 Y94.882 E-.08428
G1 X117.89 Y93.955 E-.21405
;WIPE_END
G1 E-.2516 F2100
G1 Z4.1 F720
;AFTER_LAYER_CHANGE
;4.1
G1 Z4.5
; stop printing object pieds_clavier_cherry.stl id:0 copy 0
; printing object pieds_clavier_cherry.stl id:1 copy 0
G1 X121.618 Y141.304 F10800
G1 Z4.1 F720
G1 E.8 F2100
M204 S800
;TYPE:Perimeter
;WIDTH:0.618794
G1 F1181
G1 X121.032 Y141.304 E.02144
G1 X121.031 Y139.428 E.06863
G1 X121.618 Y139.428 E.02147
G1 X121.618 Y139.721 E.01072
G1 X121.618 Y141.244 E.05571
M204 S1000
G1 X122.121 Y141.806 F10800
M204 S800
;TYPE:External perimeter
;WIDTH:0.449999
G1 F1181
G1 X120.53 Y141.806 E.04145
G1 X120.529 Y138.926 E.07504
G1 X122.12 Y138.926 E.04145
G1 X122.121 Y141.746 E.07348
M204 S1000
;WIPE_START
G1 F8640
G1 X122.121 Y141.806 E-.01385
G1 X120.53 Y141.806 E-.36737
G1 X120.529 Y139.992 E-.41878
;WIPE_END
G1 Z4.5 F720
G1 X121.619 Y145.058 F10800
G1 Z4.1 F720
G1 E.8 F2100
M204 S800
;TYPE:Perimeter
;WIDTH:0.618714
G1 F1181
G1 X121.619 Y153.304 E.30162
G1 X121.032 Y153.304 E.02147
G1 X121.032 Y145.058 E.30162
G1 X121.559 Y145.058 E.01928
M204 S1000
G1 X122.121 Y144.556 F10800
M204 S800
;TYPE:External perimeter
;WIDTH:0.449999
G1 F1181
G1 X122.121 Y145.231 E.01759
G1 X122.121 Y153.131 E.20584
G1 X122.121 Y153.806 E.01759
G1 X120.53 Y153.806 E.04145
G1 X120.53 Y153.131 E.01759
G1 X120.53 Y145.231 E.20584
G1 X120.53 Y144.556 E.01759
G1 X122.061 Y144.556 E.03989
M204 S1000
;WIPE_START
G1 F8640
G1 X122.121 Y144.556 E-.01385
G1 X122.121 Y145.231 E-.15586
G1 X122.121 Y147.961 E-.63029
;WIPE_END
G1 Z4.5 F720
G1 X121.618 Y157.058 F10800
G1 Z4.1 F720
G1 E.8 F2100
M204 S800
;TYPE:Perimeter
;WIDTH:0.618789
G1 F1181
G1 X121.618 Y157.351 E.01072
G1 X121.618 Y158.474 E.04108
G1 X121.031 Y158.474 E.02147
G1 X121.032 Y157.058 E.0518
G1 X121.558 Y157.058 E.01924
M204 S1000
G1 X122.121 Y156.556 F10800
M204 S800
;TYPE:External perimeter
;WIDTH:0.449999
G1 F1181
G1 X122.12 Y158.976 E.06305
G1 X120.529 Y158.976 E.04145
G1 X120.53 Y156.556 E.06305
G1 X122.061 Y156.556 E.03989
M204 S1000
;WIPE_START
G1 F8640
G1 X122.121 Y156.556 E-.01385
G1 X122.12 Y158.976 E-.55878
G1 X121.135 Y158.976 E-.22737
;WIPE_END
G1 Z4.5 F720
; stop printing object pieds_clavier_cherry.stl id:1 copy 0
; printing object pieds_clavier_cherry.stl id:2 copy 0
G1 X119.187 Y108.468 F10800
G1 Z4.1 F720
G1 E.8 F2100
M204 S800
;TYPE:Perimeter
;WIDTH:0.618794
G1 F1181
G1 X118.6 Y108.468 E.02147
G1 X118.6 Y106.592 E.06863
G1 X119.186 Y106.592 E.02144
G1 X119.186 Y106.885 E.01072
G1 X119.187 Y108.408 E.05571
M204 S1000
G1 X119.689 Y108.97 F10800
M204 S800
;TYPE:External perimeter
;WIDTH:0.449999
G1 F1181
G1 X118.099 Y108.97 E.04143
G1 X118.097 Y106.09 E.07504
G1 X119.688 Y106.09 E.04145
G1 X119.689 Y108.91 E.07348
M204 S1000
;WIPE_START
G1 F8640
M73 P97 R0
G1 X119.689 Y108.97 E-.01385
G1 X118.099 Y108.97 E-.36714
G1 X118.098 Y107.155 E-.41901
;WIPE_END
G1 Z4.5 F720
G1 X119.187 Y112.222 F10800
G1 Z4.1 F720
G1 E.8 F2100
M204 S800
;TYPE:Perimeter
;WIDTH:0.618714
G1 F1181
G1 X119.187 Y120.468 E.30162
G1 X118.601 Y120.468 E.02143
G1 X118.601 Y112.222 E.30162
G1 X119.127 Y112.222 E.01924
M204 S1000
G1 X119.689 Y111.72 F10800
M204 S800
;TYPE:External perimeter
;WIDTH:0.449999
G1 F1181
G1 X119.689 Y112.395 E.01759
G1 X119.689 Y120.295 E.20584
G1 X119.689 Y120.97 E.01759
G1 X118.099 Y120.97 E.04143
G1 X118.099 Y120.295 E.01759
G1 X118.099 Y112.395 E.20584
G1 X118.099 Y111.72 E.01759
G1 X119.629 Y111.72 E.03987
M204 S1000
;WIPE_START
G1 F8640
G1 X119.689 Y111.72 E-.01385
G1 X119.689 Y112.395 E-.15586
G1 X119.689 Y115.125 E-.63029
;WIPE_END
G1 Z4.5 F720
G1 X119.187 Y124.222 F10800
G1 Z4.1 F720
G1 E.8 F2100
M204 S800
;TYPE:Perimeter
;WIDTH:0.618789
G1 F1181
G1 X119.187 Y124.516 E.01076
G1 X119.186 Y125.638 E.04104
G1 X118.6 Y125.638 E.02144
G1 X118.6 Y124.222 E.0518
G1 X119.127 Y124.222 E.01928
M204 S1000
G1 X119.689 Y123.72 F10800
M204 S800
;TYPE:External perimeter
;WIDTH:0.449999
G1 F1181
G1 X119.688 Y126.14 E.06305
G1 X118.097 Y126.14 E.04145
G1 X118.098 Y123.72 E.06305
G1 X119.629 Y123.72 E.03989
M204 S1000
;WIPE_START
G1 F8640
G1 X119.689 Y123.72 E-.01385
G1 X119.688 Y126.14 E-.55878
G1 X118.703 Y126.14 E-.22737
;WIPE_END
G1 Z4.5 F720
; stop printing object pieds_clavier_cherry.stl id:2 copy 0
; printing object pieds_clavier_cherry.stl id:0 copy 0
G1 X118.001 Y77.956 F10800
G1 Z4.1 F720
G1 E.8 F2100
M204 S800
;TYPE:Perimeter
;WIDTH:0.618794
G1 F1181
G1 X117.414 Y77.956 E.02147
G1 X117.413 Y76.08 E.06863
G1 X118 Y76.08 E.02147
G1 X118 Y76.374 E.01076
G1 X118.001 Y77.896 E.05568
M204 S1000
G1 X118.503 Y78.458 F10800
M204 S800
;TYPE:External perimeter
;WIDTH:0.449999
G1 F1181
G1 X116.912 Y78.458 E.04145
G1 X116.911 Y75.578 E.07504
G1 X118.502 Y75.578 E.04145
G1 X118.503 Y78.398 E.07348
M204 S1000
;WIPE_START
G1 F8640
G1 X118.503 Y78.458 E-.01385
G1 X116.912 Y78.458 E-.36737
G1 X116.911 Y76.644 E-.41878
;WIPE_END
G1 Z4.5 F720
G1 X118.001 Y81.71 F10800
G1 Z4.1 F720
G1 E.8 F2100
M204 S800
;TYPE:Perimeter
;WIDTH:0.618714
G1 F1181
G1 X118.001 Y89.956 E.30162
G1 X117.414 Y89.956 E.02147
G1 X117.414 Y81.71 E.30162
G1 X117.941 Y81.71 E.01928
M204 S1000
G1 X118.503 Y81.208 F10800
M204 S800
;TYPE:External perimeter
;WIDTH:0.449999
G1 F1181
G1 X118.503 Y81.883 E.01759
G1 X118.503 Y89.783 E.20584
G1 X118.503 Y90.458 E.01759
G1 X116.912 Y90.458 E.04145
G1 X116.912 Y89.783 E.01759
G1 X116.912 Y81.883 E.20584
G1 X116.912 Y81.208 E.01759
G1 X118.443 Y81.208 E.03989
M204 S1000
;WIPE_START
G1 F8640
G1 X118.503 Y81.208 E-.01385
G1 X118.503 Y81.883 E-.15586
G1 X118.503 Y84.613 E-.63029
;WIPE_END
G1 Z4.5 F720
G1 X118 Y93.71 F10800
G1 Z4.1 F720
G1 E.8 F2100
M204 S800
;TYPE:Perimeter
;WIDTH:0.618789
G1 F1181
G1 X118 Y94.004 E.01076
G1 X118 Y95.126 E.04104
G1 X117.413 Y95.126 E.02147
G1 X117.414 Y93.71 E.0518
G1 X117.94 Y93.71 E.01924
M204 S1000
G1 X118.503 Y93.208 F10800
M204 S800
;TYPE:External perimeter
;WIDTH:0.449999
G1 F1181
G1 X118.502 Y95.628 E.06305
G1 X116.911 Y95.628 E.04145
G1 X116.912 Y93.208 E.06305
G1 X118.443 Y93.208 E.03989
M204 S1000
;LAYER_CHANGE
;Z:4.25
;HEIGHT:0.15
;BEFORE_LAYER_CHANGE
G92 E0.0
;4.25


;WIPE_START
G1 F8640
G1 X118.503 Y93.208 E-.01385
G1 X118.502 Y95.628 E-.55878
G1 X117.517 Y95.628 E-.22737
;WIPE_END
G1 Z4.25 F720
;AFTER_LAYER_CHANGE
;4.25
G1 Z4.65
; stop printing object pieds_clavier_cherry.stl id:0 copy 0
; printing object pieds_clavier_cherry.stl id:1 copy 0
G1 X121.53 Y141.392 F10800
G1 Z4.25 F720
G1 E.8 F2100
M204 S800
;TYPE:Perimeter
;WIDTH:0.441476
G1 F1141
G1 X121.121 Y141.392 E.01044
G1 X121.12 Y139.339 E.0524
G1 X121.529 Y139.339 E.01044
G1 X121.529 Y139.544 E.00523
G1 X121.53 Y141.332 E.04564
M204 S1000
G1 X121.944 Y141.806 F10800
M204 S800
;TYPE:External perimeter
;WIDTH:0.449999
G1 F1141
G1 X120.707 Y141.806 E.03223
G1 X120.706 Y138.926 E.07504
G1 X121.942 Y138.926 E.0322
G1 X121.944 Y141.746 E.07348
M204 S1000
;WIPE_START
G1 F8640
G1 X121.944 Y141.806 E-.01385
G1 X120.707 Y141.806 E-.28563
G1 X120.706 Y139.638 E-.50052
;WIPE_END
G1 Z4.65 F720
G1 X121.53 Y144.969 F10800
G1 Z4.25 F720
G1 E.8 F2100
M204 S800
;TYPE:Perimeter
;WIDTH:0.441513
G1 F1141
G1 X121.53 Y153.392 E.21501
G1 X121.121 Y153.392 E.01044
G1 X121.121 Y144.969 E.21501
G1 X121.47 Y144.969 E.00891
M204 S1000
G1 X121.944 Y144.556 F10800
M204 S800
;TYPE:External perimeter
;WIDTH:0.449999
G1 F1141
G1 X121.944 Y145.231 E.01759
G1 X121.944 Y153.131 E.20584
G1 X121.944 Y153.806 E.01759
G1 X120.708 Y153.806 E.0322
G1 X120.708 Y153.131 E.01759
G1 X120.708 Y145.231 E.20584
G1 X120.708 Y144.556 E.01759
G1 X121.884 Y144.556 E.03064
M204 S1000
;WIPE_START
G1 F8640
G1 X121.944 Y144.556 E-.01385
G1 X121.944 Y145.231 E-.15586
G1 X121.944 Y147.961 E-.63029
;WIPE_END
G1 Z4.65 F720
G1 X121.53 Y156.969 F10800
G1 Z4.25 F720
G1 E.8 F2100
M204 S800
;TYPE:Perimeter
;WIDTH:0.44147
G1 F1141
G1 X121.53 Y157.174 E.00523
G1 X121.529 Y158.562 E.03543
G1 X121.12 Y158.562 E.01044
G1 X121.121 Y156.969 E.04066
G1 X121.47 Y156.969 E.00891
M204 S1000
G1 X121.944 Y156.556 F10800
M204 S800
;TYPE:External perimeter
;WIDTH:0.449999
G1 F1141
G1 X121.942 Y158.976 E.06305
G1 X120.706 Y158.976 E.0322
G1 X120.707 Y156.556 E.06305
G1 X121.884 Y156.556 E.03067
M204 S1000
;WIPE_START
G1 F8640
G1 X121.944 Y156.556 E-.01385
G1 X121.942 Y158.976 E-.55878
G1 X120.957 Y158.976 E-.22737
M73 P98 R0
;WIPE_END
G1 Z4.65 F720
; stop printing object pieds_clavier_cherry.stl id:1 copy 0
; printing object pieds_clavier_cherry.stl id:2 copy 0
G1 X119.099 Y108.557 F10800
G1 Z4.25 F720
G1 E.8 F2100
M204 S800
;TYPE:Perimeter
;WIDTH:0.441476
G1 F1141
G1 X118.689 Y108.557 E.01046
G1 X118.688 Y106.504 E.0524
G1 X119.097 Y106.504 E.01044
G1 X119.098 Y106.708 E.00521
G1 X119.099 Y108.497 E.04566
M204 S1000
G1 X119.512 Y108.97 F10800
M204 S800
;TYPE:External perimeter
;WIDTH:0.449999
G1 F1141
G1 X118.276 Y108.97 E.0322
G1 X118.275 Y106.09 E.07504
G1 X119.511 Y106.09 E.0322
G1 X119.512 Y108.91 E.07348
M204 S1000
;WIPE_START
G1 F8640
G1 X119.512 Y108.97 E-.01385
G1 X118.276 Y108.97 E-.2854
G1 X118.275 Y106.801 E-.50075
;WIPE_END
G1 Z4.65 F720
G1 X119.099 Y112.134 F10800
G1 Z4.25 F720
G1 E.8 F2100
M204 S800
;TYPE:Perimeter
;WIDTH:0.441513
G1 F1141
G1 X119.099 Y120.557 E.21501
G1 X118.69 Y120.557 E.01044
G1 X118.69 Y112.134 E.21501
G1 X119.039 Y112.134 E.00891
M204 S1000
G1 X119.512 Y111.72 F10800
M204 S800
;TYPE:External perimeter
;WIDTH:0.449999
G1 F1141
G1 X119.512 Y112.395 E.01759
G1 X119.512 Y120.295 E.20584
G1 X119.512 Y120.97 E.01759
G1 X118.276 Y120.97 E.0322
G1 X118.276 Y120.295 E.01759
G1 X118.276 Y112.395 E.20584
G1 X118.276 Y111.72 E.01759
G1 X119.452 Y111.72 E.03064
M204 S1000
;WIPE_START
G1 F8640
G1 X119.512 Y111.72 E-.01385
G1 X119.512 Y112.395 E-.15586
G1 X119.512 Y115.125 E-.63029
;WIPE_END
G1 Z4.65 F720
G1 X119.099 Y124.134 F10800
G1 Z4.25 F720
G1 E.8 F2100
M204 S800
;TYPE:Perimeter
;WIDTH:0.44147
G1 F1141
G1 X119.098 Y124.339 E.00523
G1 X119.097 Y125.727 E.03543
G1 X118.688 Y125.727 E.01044
G1 X118.689 Y124.134 E.04066
G1 X119.039 Y124.134 E.00893
M204 S1000
G1 X119.512 Y123.72 F10800
M204 S800
;TYPE:External perimeter
;WIDTH:0.449999
G1 F1141
G1 X119.511 Y126.14 E.06305
G1 X118.275 Y126.14 E.0322
G1 X118.276 Y123.72 E.06305
G1 X119.452 Y123.72 E.03064
M204 S1000
;WIPE_START
G1 F8640
G1 X119.512 Y123.72 E-.01385
G1 X119.511 Y126.14 E-.55878
G1 X118.526 Y126.14 E-.22737
;WIPE_END
G1 Z4.65 F720
; stop printing object pieds_clavier_cherry.stl id:2 copy 0
; printing object pieds_clavier_cherry.stl id:0 copy 0
G1 X117.912 Y78.045 F10800
G1 Z4.25 F720
G1 E.8 F2100
M204 S800
;TYPE:Perimeter
;WIDTH:0.441476
G1 F1141
G1 X117.503 Y78.045 E.01044
G1 X117.502 Y75.992 E.0524
G1 X117.911 Y75.992 E.01044
G1 X117.911 Y76.196 E.00521
G1 X117.912 Y77.985 E.04566
M204 S1000
G1 X118.326 Y78.458 F10800
M204 S800
;TYPE:External perimeter
;WIDTH:0.449999
G1 F1141
G1 X117.089 Y78.458 E.03223
G1 X117.088 Y75.578 E.07504
G1 X118.324 Y75.578 E.0322
G1 X118.326 Y78.398 E.07348
M204 S1000
;WIPE_START
G1 F8640
G1 X118.326 Y78.458 E-.01385
G1 X117.089 Y78.458 E-.28563
G1 X117.088 Y76.29 E-.50052
;WIPE_END
G1 Z4.65 F720
G1 X117.912 Y81.622 F10800
G1 Z4.25 F720
G1 E.8 F2100
M204 S800
;TYPE:Perimeter
;WIDTH:0.441513
G1 F1141
G1 X117.912 Y90.045 E.21501
G1 X117.503 Y90.045 E.01044
G1 X117.503 Y81.622 E.21501
G1 X117.852 Y81.622 E.00891
M204 S1000
G1 X118.326 Y81.208 F10800
M204 S800
;TYPE:External perimeter
;WIDTH:0.449999
G1 F1141
G1 X118.326 Y81.883 E.01759
G1 X118.326 Y89.783 E.20584
G1 X118.326 Y90.458 E.01759
G1 X117.09 Y90.458 E.0322
G1 X117.09 Y89.783 E.01759
G1 X117.09 Y81.883 E.20584
G1 X117.09 Y81.208 E.01759
G1 X118.266 Y81.208 E.03064
M204 S1000
;WIPE_START
G1 F8640
G1 X118.326 Y81.208 E-.01385
G1 X118.326 Y81.883 E-.15586
G1 X118.326 Y84.613 E-.63029
;WIPE_END
G1 Z4.65 F720
G1 X117.912 Y93.622 F10800
G1 Z4.25 F720
G1 E.8 F2100
M204 S800
;TYPE:Perimeter
;WIDTH:0.44147
G1 F1141
G1 X117.912 Y93.827 E.00523
G1 X117.911 Y95.215 E.03543
G1 X117.502 Y95.215 E.01044
G1 X117.503 Y93.622 E.04066
G1 X117.852 Y93.622 E.00891
M204 S1000
G1 X118.326 Y93.208 F10800
M204 S800
;TYPE:External perimeter
;WIDTH:0.449999
G1 F1141
G1 X118.324 Y95.628 E.06305
G1 X117.088 Y95.628 E.0322
G1 X117.089 Y93.208 E.06305
G1 X118.266 Y93.208 E.03067
M204 S1000
;LAYER_CHANGE
;Z:4.4
;HEIGHT:0.15
;BEFORE_LAYER_CHANGE
G92 E0.0
;4.4


;WIPE_START
G1 F8640
G1 X118.326 Y93.208 E-.01385
G1 X118.324 Y95.628 E-.55878
G1 X117.339 Y95.628 E-.22737
;WIPE_END
G1 Z4.4 F720
;AFTER_LAYER_CHANGE
;4.4
G1 Z4.8
; stop printing object pieds_clavier_cherry.stl id:0 copy 0
; printing object pieds_clavier_cherry.stl id:1 copy 0
G1 X121.609 Y141.731 F10800
G1 Z4.4 F720
G1 E.8 F2100
M204 S800
;WIDTH:0.599687
G1 F900
G1 X121.042 Y141.731 E.02007
G1 X121.042 Y141.448 E.01002
;WIDTH:0.602983
G1 X121.039 Y139.288 E.07689
G1 X121.038 Y139.002 E.01018
G1 X121.61 Y139.002 E.02036
G1 X121.61 Y139.288 E.01018
G1 X121.609 Y141.448 E.07689
;WIDTH:0.599687
G1 X121.609 Y141.671 E.00789
M204 S1000
;WIPE_START
G1 F8640
G1 X121.609 Y141.731 E-.01385
G1 X121.042 Y141.731 E-.13092
G1 X121.042 Y141.448 E-.06535
G1 X121.039 Y139.288 E-.49875
G1 X121.038 Y139.002 E-.06604
G1 X121.147 Y139.002 E-.02509
;WIPE_END
G1 Z4.8 F720
G1 X121.609 Y144.63 F10800
G1 Z4.4 F720
G1 E.8 F2100
M204 S800
;WIDTH:0.598792
G1 F900
G1 X121.609 Y145.528 E.03173
G1 X121.609 Y152.833 E.25812
G1 X121.609 Y153.731 E.03173
G1 X121.042 Y153.731 E.02003
G1 X121.042 Y152.833 E.03173
G1 X121.042 Y145.528 E.25812
G1 X121.042 Y144.63 E.03173
G1 X121.549 Y144.63 E.01791
M204 S1000
;WIPE_START
G1 F8640
G1 X121.609 Y144.63 E-.01385
G1 X121.609 Y145.528 E-.20735
G1 X121.609 Y148.035 E-.5788
;WIPE_END
G1 Z4.8 F720
G1 X121.609 Y156.631 F10800
G1 Z4.4 F720
G1 E.8 F2100
M204 S800
;WIDTH:0.599831
G1 F900
G1 X121.609 Y156.914 E.01002
;WIDTH:0.602842
G1 X121.61 Y158.614 E.0605
G1 X121.61 Y158.899 E.01014
G1 X121.038 Y158.899 E.02036
G1 X121.039 Y158.613 E.01018
G1 X121.041 Y156.914 E.06046
;WIDTH:0.599831
G1 X121.042 Y156.631 E.01002
G1 X121.549 Y156.631 E.01795
M204 S1000
;WIPE_START
G1 F8640
G1 X121.609 Y156.631 E-.01385
G1 X121.609 Y156.914 E-.06535
G1 X121.61 Y158.614 E-.39253
G1 X121.61 Y158.899 E-.06581
G1 X121.038 Y158.899 E-.13208
G1 X121.039 Y158.613 E-.06604
G1 X121.039 Y158.334 E-.06434
;WIPE_END
G1 Z4.8 F720
; stop printing object pieds_clavier_cherry.stl id:1 copy 0
; printing object pieds_clavier_cherry.stl id:2 copy 0
G1 X119.177 Y108.895 F10800
G1 Z4.4 F720
M73 P99 R0
G1 E.8 F2100
M204 S800
;WIDTH:0.599687
G1 F900
G1 X118.611 Y108.895 E.02003
G1 X118.61 Y108.612 E.01002
;WIDTH:0.602983
G1 X118.607 Y106.453 E.07685
G1 X118.607 Y106.167 E.01018
G1 X119.178 Y106.167 E.02033
G1 X119.178 Y106.452 E.01014
G1 X119.178 Y108.612 E.07689
;WIDTH:0.599687
G1 X119.177 Y108.835 E.00789
M204 S1000
;WIPE_START
G1 F8640
G1 X119.177 Y108.895 E-.01385
G1 X118.611 Y108.895 E-.13069
G1 X118.61 Y108.612 E-.06535
G1 X118.607 Y106.453 E-.49852
G1 X118.607 Y106.167 E-.06604
G1 X118.718 Y106.167 E-.02555
;WIPE_END
G1 Z4.8 F720
G1 X119.177 Y111.795 F10800
G1 Z4.4 F720
G1 E.8 F2100
M204 S800
;WIDTH:0.598792
G1 F900
G1 X119.177 Y112.693 E.03173
G1 X119.177 Y119.998 E.25812
G1 X119.177 Y120.896 E.03173
G1 X118.611 Y120.896 E.02
G1 X118.611 Y119.998 E.03173
G1 X118.611 Y112.693 E.25812
G1 X118.611 Y111.795 E.03173
G1 X119.117 Y111.795 E.01788
M204 S1000
;WIPE_START
G1 F8640
G1 X119.177 Y111.795 E-.01385
G1 X119.177 Y112.693 E-.20735
G1 X119.177 Y115.2 E-.5788
;WIPE_END
G1 Z4.8 F720
G1 X119.177 Y123.795 F10800
G1 Z4.4 F720
G1 E.8 F2100
M204 S800
;WIDTH:0.599831
G1 F900
G1 X119.178 Y124.079 E.01005
;WIDTH:0.602842
G1 X119.178 Y125.778 E.06046
G1 X119.178 Y126.064 E.01018
G1 X118.607 Y126.064 E.02032
G1 X118.607 Y125.778 E.01018
G1 X118.61 Y124.078 E.0605
;WIDTH:0.599831
G1 X118.611 Y123.795 E.01002
G1 X119.117 Y123.795 E.01791
M204 S1000
;WIPE_START
G1 F8640
G1 X119.177 Y123.795 E-.01385
G1 X119.178 Y124.079 E-.06558
G1 X119.178 Y125.778 E-.3923
G1 X119.178 Y126.064 E-.06604
G1 X118.607 Y126.064 E-.13185
G1 X118.607 Y125.778 E-.06604
G1 X118.607 Y125.499 E-.06434
;WIPE_END
G1 Z4.8 F720
; stop printing object pieds_clavier_cherry.stl id:2 copy 0
; printing object pieds_clavier_cherry.stl id:0 copy 0
G1 X117.991 Y78.383 F10800
G1 Z4.4 F720
G1 E.8 F2100
M204 S800
;WIDTH:0.599687
G1 F900
G1 X117.424 Y78.383 E.02007
G1 X117.424 Y78.1 E.01002
;WIDTH:0.602983
G1 X117.421 Y75.941 E.07685
G1 X117.42 Y75.655 E.01018
G1 X117.992 Y75.655 E.02036
G1 X117.992 Y75.94 E.01014
G1 X117.991 Y78.1 E.07689
;WIDTH:0.599687
G1 X117.991 Y78.323 E.00789
M204 S1000
;WIPE_START
G1 F8640
G1 X117.991 Y78.383 E-.01385
G1 X117.424 Y78.383 E-.13092
G1 X117.424 Y78.1 E-.06535
G1 X117.421 Y75.941 E-.49852
G1 X117.42 Y75.655 E-.06604
G1 X117.53 Y75.655 E-.02532
;WIPE_END
G1 Z4.8 F720
G1 X117.991 Y81.283 F10800
G1 Z4.4 F720
G1 E.8 F2100
M204 S800
;WIDTH:0.598792
G1 F900
G1 X117.991 Y82.181 E.03173
G1 X117.991 Y89.486 E.25812
G1 X117.991 Y90.384 E.03173
G1 X117.424 Y90.384 E.02003
G1 X117.424 Y89.486 E.03173
G1 X117.424 Y82.181 E.25812
G1 X117.424 Y81.283 E.03173
G1 X117.931 Y81.283 E.01791
M204 S1000
;WIPE_START
G1 F8640
G1 X117.991 Y81.283 E-.01385
G1 X117.991 Y82.181 E-.20735
G1 X117.991 Y84.688 E-.5788
;WIPE_END
G1 Z4.8 F720
G1 X117.991 Y93.283 F10800
G1 Z4.4 F720
G1 E.8 F2100
M204 S800
;WIDTH:0.599831
G1 F900
G1 X117.991 Y93.567 E.01005
;WIDTH:0.602842
G1 X117.992 Y95.266 E.06046
G1 X117.992 Y95.552 E.01018
G1 X117.42 Y95.552 E.02036
G1 X117.421 Y95.266 E.01018
G1 X117.424 Y93.566 E.0605
;WIDTH:0.599831
G1 X117.424 Y93.283 E.01002
G1 X117.931 Y93.283 E.01795
M204 S1000
; stop printing object pieds_clavier_cherry.stl id:0 copy 0
;WIPE_START
G1 F8640;_WIPE
G1 X117.991 Y93.283 E-.01385
G1 X117.991 Y93.567 E-.06558
G1 X117.992 Y95.266 E-.3923
G1 X117.992 Y95.552 E-.06604
G1 X117.42 Y95.552 E-.13208
G1 X117.421 Y95.266 E-.06604
G1 X117.421 Y94.988 E-.06411
;WIPE_END
M107
;TYPE:Custom
; Filament-specific end gcode
G1 Z5.4 F720 ; Move print head up
G1 X0 Y200 F3600 ; park
G1 Z53.4 F720 ; Move print head further up
G4 ; wait
M104 S0 ; turn off temperature
M140 S0 ; turn off heatbed
M107 ; turn off fan
M900 K0 ; reset LA
M84 ; disable motors
M73 P100 R0
; objects_info = {"objects":[{"name":"pieds_clavier_cherry.stl id:0 copy 0","polygon":[[119.156,76.603],[140.206,76.603],[140.206,94.603],[119.156,94.603],[119.156,95.853],[116.256,95.853],[116.258,92.983],[130.218,92.983],[130.218,90.683],[116.258,90.683],[116.258,80.983],[130.218,80.983],[130.218,78.683],[116.258,78.683],[116.256,75.353],[119.156,75.353]]},{"name":"pieds_clavier_cherry.stl id:2 copy 0","polygon":[[120.342,107.115],[141.392,107.115],[141.392,125.115],[120.342,125.115],[120.342,126.365],[117.442,126.365],[117.445,123.495],[131.405,123.495],[131.405,121.195],[117.445,121.195],[117.445,111.495],[131.405,111.495],[131.405,109.195],[117.445,109.195],[117.442,105.865],[120.342,105.865]]},{"name":"pieds_clavier_cherry.stl id:1 copy 0","polygon":[[122.774,139.951],[143.824,139.951],[143.824,157.951],[122.774,157.951],[122.774,159.201],[119.874,159.201],[119.876,156.331],[133.836,156.331],[133.836,154.031],[119.876,154.031],[119.876,144.331],[133.836,144.331],[133.836,142.031],[119.876,142.031],[119.874,138.701],[122.774,138.701]]}]}
; filament used [mm] = 1197.31
; filament used [cm3] = 2.88
; filament used [g] = 3.57
; filament cost = 0.10
; total filament used [g] = 3.57
; total filament cost = 0.10
; total filament used for wipe tower [g] = 0.00
; estimated printing time (normal mode) = 23m 40s
; estimated first layer printing time (normal mode) = 2m 32s

; prusaslicer_config = begin
; arc_fitting = disabled
; autoemit_temperature_commands = 1
; automatic_extrusion_widths = 0
; automatic_infill_combination = 0
; automatic_infill_combination_max_layer_height = 100%
; avoid_crossing_curled_overhangs = 0
; avoid_crossing_perimeters = 0
; avoid_crossing_perimeters_max_detour = 0
; bed_custom_model = 
; bed_custom_texture = 
; bed_shape = 0x0,250x0,250x210,0x210
; bed_temperature = 60
; bed_temperature_extruder = 0
; before_layer_gcode = ;BEFORE_LAYER_CHANGE\nG92 E0.0\n;[layer_z]\n\n
; between_objects_gcode = 
; binary_gcode = 0
; bottom_fill_pattern = monotonic
; bottom_solid_layers = 5
; bottom_solid_min_thickness = 0.5
; bridge_acceleration = 1000
; bridge_angle = 0
; bridge_fan_speed = 100
; bridge_flow_ratio = 1
; bridge_speed = 25
; brim_separation = 0.1
; brim_type = outer_only
; brim_width = 0
; chamber_minimal_temperature = 0
; chamber_temperature = 0
; color_change_gcode = M600\nG1 E0.3 F1500 ; prime after color change
; colorprint_heights = 
; compatible_printers_condition_cummulative = "printer_notes=~/.*PRINTER_VENDOR_PRUSA3D.*/ and printer_notes=~/.*PRINTER_MODEL_MK2[^.].*/ and nozzle_diameter[0]==0.4";"nozzle_diameter[0]!=0.8 and printer_notes!~/.*PG.*/ and printer_notes!~/.*MINIIS.*/ and printer_model!=\"MK3.5\" and ! (printer_notes=~/.*PRINTER_VENDOR_PRUSA3D.*/ and printer_notes=~/.*PRINTER_MODEL_MK(2.5|3).*/ and single_extruder_multi_material)"
; complete_objects = 0
; cooling = 1
; cooling_perimeter_transition_distance = 0
; cooling_slowdown_logic = uniform_cooling
; cooling_tube_length = 5
; cooling_tube_retraction = 91.5
; custom_parameters_filament = ""
; custom_parameters_print = 
; custom_parameters_printer = 
; default_acceleration = 1000
; default_filament_profile = "Prusament PLA"
; default_print_profile = 0.15mm OPTIMAL
; deretract_speed = 0
; disable_fan_first_layers = 1
; dont_support_bridges = 0
; draft_shield = disabled
; duplicate_distance = 6
; elefant_foot_compensation = 0.2
; enable_dynamic_fan_speeds = 0
; enable_dynamic_overhang_speeds = 1
; end_filament_gcode = "; Filament-specific end gcode"
; end_gcode = {if layer_z < max_print_height}G1 Z{z_offset+min(max_layer_z+1, max_print_height)} F720 ; Move print head up{endif}\nG1 X0 Y200 F3600 ; park\n{if layer_z < max_print_height}G1 Z{z_offset+min(max_layer_z+49, max_print_height)} F720 ; Move print head further up{endif}\nG4 ; wait\nM104 S0 ; turn off temperature\nM140 S0 ; turn off heatbed\nM107 ; turn off fan\nM900 K0 ; reset LA\nM84 ; disable motors
; ensure_vertical_shell_thickness = enabled
; external_perimeter_acceleration = 0
; external_perimeter_extrusion_width = 0.45
; external_perimeter_speed = 40
; external_perimeters_first = 0
; extra_loading_move = -2
; extra_perimeters = 0
; extra_perimeters_on_overhangs = 0
; extruder_clearance_height = 20
; extruder_clearance_radius = 45
; extruder_colour = ""
; extruder_offset = 0x0
; extrusion_axis = E
; extrusion_multiplier = 1
; extrusion_width = 0.45
; fan_always_on = 1
; fan_below_layer_time = 100
; filament_abrasive = 0
; filament_colour = #FF8000
; filament_cooling_final_speed = 3.4
; filament_cooling_initial_speed = 2.2
; filament_cooling_moves = 4
; filament_cost = 27.99
; filament_density = 1.24
; filament_deretract_speed = nil
; filament_diameter = 1.75
; filament_infill_max_crossing_speed = 0
; filament_infill_max_speed = 0
; filament_load_time = 0
; filament_loading_speed = 28
; filament_loading_speed_start = 3
; filament_max_volumetric_speed = 15
; filament_minimal_purge_on_wipe_tower = 15
; filament_multitool_ramming = 0
; filament_multitool_ramming_flow = 10
; filament_multitool_ramming_volume = 10
; filament_notes = ""
; filament_purge_multiplier = 100%
; filament_ramming_parameters = "120 100 6.6 6.8 7.2 7.6 7.9 8.2 8.7 9.4 9.9 10.0| 0.05 6.6 0.45 6.8 0.95 7.8 1.45 8.3 1.95 9.7 2.45 10 2.95 7.6 3.45 7.6 3.95 7.6 4.45 7.6 4.95 7.6"
; filament_retract_before_travel = nil
; filament_retract_before_wipe = nil
; filament_retract_layer_change = nil
; filament_retract_length = nil
; filament_retract_length_toolchange = nil
; filament_retract_lift = nil
; filament_retract_lift_above = nil
; filament_retract_lift_below = nil
; filament_retract_restart_extra = nil
; filament_retract_restart_extra_toolchange = nil
; filament_retract_speed = nil
; filament_seam_gap_distance = nil
; filament_settings_id = "Prusament PLA"
; filament_shrinkage_compensation_xy = 0%
; filament_shrinkage_compensation_z = 0%
; filament_soluble = 0
; filament_spool_weight = 193
; filament_stamping_distance = 0
; filament_stamping_loading_speed = 20
; filament_toolchange_delay = 0
; filament_travel_lift_before_obstacle = nil
; filament_travel_max_lift = nil
; filament_travel_ramping_lift = nil
; filament_travel_slope = nil
; filament_type = PLA
; filament_unload_time = 0
; filament_unloading_speed = 90
; filament_unloading_speed_start = 100
; filament_vendor = Prusa Polymers
; filament_wipe = nil
; fill_angle = 45
; fill_density = 25%
; fill_pattern = cubic
; first_layer_acceleration = 800
; first_layer_acceleration_over_raft = 0
; first_layer_bed_temperature = 60
; first_layer_extrusion_width = 0.42
; first_layer_height = 0.2
; first_layer_infill_speed = 0
; first_layer_speed = 20
; first_layer_speed_over_raft = 30
; first_layer_temperature = 215
; full_fan_speed_layer = 4
; fuzzy_skin = none
; fuzzy_skin_point_dist = 0.8
; fuzzy_skin_thickness = 0.3
; gap_fill_enabled = 1
; gap_fill_speed = 40
; gcode_comments = 0
; gcode_flavor = marlin
; gcode_label_objects = octoprint
; gcode_resolution = 0.0125
; gcode_substitutions = 
; high_current_on_filament_swap = 0
; host_type = prusalink
; idle_temperature = nil
; infill_acceleration = 2000
; infill_anchor = 2.5
; infill_anchor_max = 12
; infill_every_layers = 1
; infill_extruder = 1
; infill_extrusion_width = 0.45
; infill_first = 0
; infill_overlap = 15%
; infill_speed = 60
; interface_shells = 0
; interlocking_beam = 0
; interlocking_beam_layer_count = 2
; interlocking_beam_width = 0.8
; interlocking_boundary_avoidance = 2
; interlocking_depth = 2
; interlocking_orientation = 22.5
; ironing = 0
; ironing_flowrate = 15%
; ironing_spacing = 0.1
; ironing_speed = 15
; ironing_type = top
; layer_gcode = ;AFTER_LAYER_CHANGE\n;[layer_z]
; layer_height = 0.15
; machine_limits_usage = emit_to_gcode
; machine_max_acceleration_e = 10000
; machine_max_acceleration_extruding = 2000
; machine_max_acceleration_retracting = 1500
; machine_max_acceleration_travel = 1500,1250
; machine_max_acceleration_x = 9000
; machine_max_acceleration_y = 9000
; machine_max_acceleration_z = 500
; machine_max_feedrate_e = 120
; machine_max_feedrate_x = 500
; machine_max_feedrate_y = 500
; machine_max_feedrate_z = 12
; machine_max_jerk_e = 2.5
; machine_max_jerk_x = 10
; machine_max_jerk_y = 10
; machine_max_jerk_z = 0.2
; machine_min_extruding_rate = 0
; machine_min_travel_rate = 0
; max_fan_speed = 100
; max_layer_height = 0.25
; max_print_height = 200
; max_print_speed = 100
; max_volumetric_extrusion_rate_slope_negative = 0
; max_volumetric_extrusion_rate_slope_positive = 0
; max_volumetric_speed = 0
; min_bead_width = 85%
; min_fan_speed = 100
; min_feature_size = 25%
; min_layer_height = 0.07
; min_print_speed = 15
; min_skirt_length = 4
; mmu_segmented_region_interlocking_depth = 0
; mmu_segmented_region_max_width = 0
; multimaterial_purging = 140
; notes = 
; nozzle_diameter = 0.4
; nozzle_high_flow = 0
; only_one_perimeter_first_layer = 0
; only_retract_when_crossing_perimeters = 0
; ooze_prevention = 0
; output_filename_format = {input_filename_base}_{layer_height}mm_{printing_filament_types}_{printer_model}_{print_time}.gcode
; over_bridge_speed = 0
; overhang_fan_speed_0 = 0
; overhang_fan_speed_1 = 0
; overhang_fan_speed_2 = 0
; overhang_fan_speed_3 = 0
; overhang_speed_0 = 15
; overhang_speed_1 = 15
; overhang_speed_2 = 20
; overhang_speed_3 = 25
; overhangs = 1
; parking_pos_retraction = 92
; pause_print_gcode = M601
; perimeter_acceleration = 800
; perimeter_extruder = 1
; perimeter_extrusion_width = 0.45
; perimeter_generator = arachne
; perimeter_speed = 50
; perimeters = 2
; physical_printer_settings_id = 
; post_process = 
; prefer_clockwise_movements = 0
; print_settings_id = 0.15mm OPTIMAL
; printer_model = MK2S
; printer_notes = Don't remove the following keywords! These keywords are used in the "compatible printer" condition of the print and filament profiles to link the particular print and filament profiles to this printer profile.\nPRINTER_VENDOR_PRUSA3D\nPRINTER_MODEL_MK2\n
; printer_settings_id = Original Prusa i3 MK2S
; printer_technology = FFF
; printer_variant = 0.4
; printer_vendor = 
; profile_vendor = Prusa Research
; profile_version = 2.3.5
; raft_contact_distance = 0.2
; raft_expansion = 1.5
; raft_first_layer_density = 90%
; raft_first_layer_expansion = 3
; raft_layers = 0
; remaining_times = 1
; resolution = 0
; retract_before_travel = 1
; retract_before_wipe = 0%
; retract_layer_change = 1
; retract_length = 0.8
; retract_length_toolchange = 4
; retract_lift = 0.4
; retract_lift_above = 0
; retract_lift_below = 199
; retract_restart_extra = 0
; retract_restart_extra_toolchange = 0
; retract_speed = 35
; scarf_seam_entire_loop = 0
; scarf_seam_length = 20
; scarf_seam_max_segment_length = 1
; scarf_seam_on_inner_perimeters = 0
; scarf_seam_only_on_smooth = 1
; scarf_seam_placement = nowhere
; scarf_seam_start_height = 0%
; seam_gap_distance = 15%
; seam_position = aligned
; silent_mode = 0
; single_extruder_multi_material = 0
; single_extruder_multi_material_priming = 1
; skirt_distance = 2
; skirt_height = 3
; skirts = 1
; slice_closing_radius = 0.049
; slicing_mode = regular
; slowdown_below_layer_time = 12
; small_perimeter_speed = 25
; solid_infill_acceleration = 0
; solid_infill_below_area = 0
; solid_infill_every_layers = 0
; solid_infill_extruder = 1
; solid_infill_extrusion_width = 0.45
; solid_infill_speed = 50
; spiral_vase = 0
; staggered_inner_seams = 0
; standby_temperature_delta = -5
; start_filament_gcode = "{if printer_notes!~/.*(MK3.5|MINIIS).*/}\nM900 K{if printer_notes=~/.*PRINTER_MODEL_MINI.*/ and nozzle_diameter[0]==0.6}0.12{elsif printer_notes=~/.*PRINTER_MODEL_MINI.*/ and nozzle_diameter[0]==0.8}0.06{elsif printer_notes=~/.*PRINTER_MODEL_MINI.*/}0.2{elsif nozzle_diameter[0]==0.8}0.01{elsif nozzle_diameter[0]==0.6}0.04{else}0.05{endif} ; Filament gcode LA 1.5\n{if printer_notes=~/.*PRINTER_MODEL_MINI.*/};{elsif printer_notes=~/.*PRINTER_HAS_BOWDEN.*/}M900 K200{elsif nozzle_diameter[0]==0.6}M900 K18{elsif nozzle_diameter[0]==0.8};{else}M900 K30{endif} ; Filament gcode LA 1.0\n{endif}\n\n{if printer_notes=~/.*MINIIS.*/}\nM572 S{if nozzle_diameter[0]==0.6}0.17{elsif nozzle_diameter[0]==0.8}0.12{elsif nozzle_diameter[0]==0.4}0.27{elsif nozzle_diameter[0]==0.25}0.85{else}0{endif}\n{endif}\n\n{if printer_notes=~/.*MK3.5.*/}\nM572 S{if nozzle_diameter[0]==0.4}0.035{elsif nozzle_diameter[0]==0.5}0.025{elsif nozzle_diameter[0]==0.6}0.02{elsif nozzle_diameter[0]==0.8}0.014{elsif nozzle_diameter[0]==0.25}0.12{elsif nozzle_diameter[0]==0.3}0.08{else}0{endif} ; Filament gcode\n{endif}"
; start_gcode = M862.3 P "[printer_model]" ; printer model check\nM862.1 P[nozzle_diameter] ; nozzle diameter check\nM115 U3.2.3 ; tell printer latest fw version\nG90 ; use absolute coordinates\nM83 ; extruder relative mode\nM204 S[machine_max_acceleration_extruding] T[machine_max_acceleration_retracting] ; MK2 firmware only supports the old M204 format\nM104 S[first_layer_temperature] ; set extruder temp\nM140 S[first_layer_bed_temperature] ; set bed temp\nM190 S[first_layer_bed_temperature] ; wait for bed temp\nM109 S[first_layer_temperature] ; wait for extruder temp\nG28 W ; home all without mesh bed level\nG80 ; mesh bed leveling\nG1 Z0.2 F720\nG1 Y-2 F1000 ; go outside print area\nG92 E0\nG1 X60 E9 F1000 ; intro line\nG1 X100 E12.5 F1000 ; intro line\nG92 E0
; support_material = 0
; support_material_angle = 0
; support_material_auto = 1
; support_material_bottom_contact_distance = 0
; support_material_bottom_interface_layers = 0
; support_material_buildplate_only = 0
; support_material_closing_radius = 2
; support_material_contact_distance = 0.2
; support_material_enforce_layers = 0
; support_material_extruder = 0
; support_material_extrusion_width = 0.35
; support_material_interface_contact_loops = 0
; support_material_interface_extruder = 0
; support_material_interface_layers = 2
; support_material_interface_pattern = rectilinear
; support_material_interface_spacing = 0.2
; support_material_interface_speed = 80%
; support_material_pattern = rectilinear
; support_material_spacing = 2
; support_material_speed = 50
; support_material_style = grid
; support_material_synchronize_layers = 0
; support_material_threshold = 50
; support_material_with_sheath = 0
; support_material_xy_spacing = 60%
; support_tree_angle = 40
; support_tree_angle_slow = 30
; support_tree_branch_diameter = 2
; support_tree_branch_diameter_angle = 3
; support_tree_branch_diameter_double_wall = 3
; support_tree_branch_distance = 1
; support_tree_tip_diameter = 0.8
; support_tree_top_rate = 30%
; temperature = 215
; template_custom_gcode = 
; thick_bridges = 0
; thin_walls = 0
; thumbnails = 
; thumbnails_format = PNG
; toolchange_gcode = 
; top_fill_pattern = monotoniclines
; top_infill_extrusion_width = 0.45
; top_one_perimeter_type = none
; top_solid_infill_acceleration = 0
; top_solid_infill_speed = 40
; top_solid_layers = 6
; top_solid_min_thickness = 0.7
; travel_acceleration = 0
; travel_lift_before_obstacle = 0
; travel_max_lift = 0
; travel_ramping_lift = 0
; travel_short_distance_acceleration = 0
; travel_slope = 0
; travel_speed = 180
; travel_speed_z = 12
; use_firmware_retraction = 0
; use_relative_e_distances = 1
; use_volumetric_e = 0
; variable_layer_height = 1
; wall_distribution_count = 1
; wall_transition_angle = 10
; wall_transition_filter_deviation = 25%
; wall_transition_length = 100%
; wipe = 1
; wipe_into_infill = 0
; wipe_into_objects = 0
; wipe_tower = 1
; wipe_tower_acceleration = 0
; wipe_tower_bridging = 10
; wipe_tower_brim_width = 2
; wipe_tower_cone_angle = 0
; wipe_tower_extra_flow = 100%
; wipe_tower_extra_spacing = 100%
; wipe_tower_extruder = 0
; wipe_tower_no_sparse_layers = 0
; wipe_tower_width = 60
; wiping_volumes_matrix = 0
; wiping_volumes_use_custom_matrix = 0
; xy_size_compensation = 0
; z_offset = 0
; prusaslicer_config = end
M84 ; disable motors
